drug_code,pharm_form_code,pharmaceutical_form,status,drug_identification_number
"97647","150","TABLET (IMMEDIATE RELEASE)","REMOVED","02486245"
"100497","137","CAPSULE (DELAYED-RELEASE)","ADDED","02515563"
"75943","141","CAPSULE (EXTENDED-RELEASE)","ADDED","02273977"
"75715","141","CAPSULE (EXTENDED RELEASE)","REMOVED","02271605"
"60603","141","CAPSULE (EXTENDED-RELEASE)","ADDED","02237282"
"75214","141","CAPSULE (EXTENDED RELEASE)","REMOVED","02266725"
"106777","132","TABLET (ORALLY DISINTEGRATING)","REMOVED","02565137"
"83022","141","CAPSULE (EXTENDED-RELEASE)","ADDED","02344742"
"42902","1","METERED-DOSE AEROSOL","REMOVED","02188783"
"78468","141","CAPSULE (EXTENDED RELEASE)","REMOVED","02299291"
"82431","132","TABLET (ORALLY DISINTEGRATING)","REMOVED","02338645"
"100051","132","TABLET (ORALLY-DISINTEGRATING)","ADDED","02511290"
"98919","172","CAPSULE (IMMEDIATE- AND DELAYED-RELEASE)","ADDED","02499452"
"95345","167","FILM (SOLUBLE)","ADDED","02465256"
"83808","132","TABLET (ORALLY DISINTEGRATING)","REMOVED","02352842"
"77644","141","CAPSULE (EXTENDED-RELEASE)","ADDED","02291045"
"15572","160","PATCH (EXTENDED RELEASE)","REMOVED","02046156"
"93261","137","CAPSULE (DELAYED-RELEASE)","ADDED","02447037"
"100305","132","TABLET (ORALLY DISINTEGRATING)","REMOVED","02513854"
"82358","132","TABLET (ORALLY DISINTEGRATING)","REMOVED","02337932"
"97214","137","CAPSULE (DELAYED-RELEASE)","ADDED","02481960"
"66954","132","TABLET (ORALLY-DISINTEGRATING)","ADDED","02243087"
"93924","141","CAPSULE (EXTENDED-RELEASE)","ADDED","02452839"
"81738","141","CAPSULE (EXTENDED-RELEASE)","ADDED","02331683"
"93420","132","TABLET (ORALLY-DISINTEGRATING)","ADDED","02448505"
"100050","132","TABLET (ORALLY-DISINTEGRATING)","ADDED","02511282"
"84560","132","TABLET (ORALLY-DISINTEGRATING)","ADDED","02360632"
"106259","141","CAPSULE (EXTENDED-RELEASE)","ADDED","02559439"
"92157","118","POWDER FOR SUSPENSION (SUSTAINED-RELEASE","ADDED","02437260"
"92473","141","CAPSULE (EXTENDED RELEASE)","REMOVED","02440369"
"86505","137","CAPSULE (DELAYED-RELEASE)","ADDED","02379163"
"98637","137","CAPSULE (DELAYED-RELEASE)","ADDED","02496518"
"63321","118","POWDER FOR SUSPENSION (SUSTAINED-RELEASE","ADDED","02239834"
"81180","162","AEROSOL (METERED-DOSE)","ADDED","02326450"
"101822","137","CAPSULE (DELAYED-RELEASE)","ADDED","02529025"
"77109","162","AEROSOL (METERED-DOSE)","ADDED","02285592"
"88467","150","TABLET (IMMEDIATE-RELEASE)","ADDED","02399822"
"106262","141","CAPSULE (EXTENDED RELEASE)","REMOVED","02559463"
"71971","132","TABLET (ORALLY-DISINTEGRATING)","ADDED","02247704"
"93733","137","CAPSULE (DELAYED-RELEASE)","ADDED","02451085"
"101781","141","CAPSULE (EXTENDED RELEASE)","REMOVED","02528606"
"95621","153","POWDER (METERED-DOSE)","ADDED","02467895"
"95621","153","POWDER (METERED DOSE)","REMOVED","02467895"
"86005","132","TABLET (ORALLY DISINTEGRATING)","REMOVED","02374730"
"67244","141","CAPSULE (EXTENDED-RELEASE)","ADDED","02243339"
"82540","132","TABLET (ORALLY-DISINTEGRATING)","ADDED","02339838"
"86281","173","TABLET (IMMEDIATE- AND EXTENDED-RELEASE)","ADDED","02377195"
"102569","141","CAPSULE (EXTENDED RELEASE)","REMOVED","02536978"
"92093","132","TABLET (ORALLY DISINTEGRATING)","REMOVED","02436604"
"99190","167","FILM (SOLUBLE)","ADDED","02502321"
"100498","137","CAPSULE (DELAYED-RELEASE)","ADDED","02515571"
"77645","141","CAPSULE (EXTENDED RELEASE)","REMOVED","02291053"
"88470","150","TABLET (IMMEDIATE RELEASE)","REMOVED","02399857"
"92876","141","CAPSULE (EXTENDED RELEASE)","REMOVED","02443961"
"90117","141","CAPSULE (EXTENDED RELEASE)","REMOVED","02416573"
"94522","158","SPRAY, METERED DOSE","REMOVED","02458179"
"100630","150","TABLET (IMMEDIATE RELEASE)","REMOVED","02516969"
"11227","160","PATCH (EXTENDED RELEASE)","REMOVED","01911910"
"82804","132","TABLET (ORALLY DISINTEGRATING)","REMOVED","02342553"
"68600","141","CAPSULE (EXTENDED-RELEASE)","ADDED","02244613"
"107208","5","CAPSULE","ADDED","02569884"
"104461","155","SOLUTION (EXTENDED RELEASE)","REMOVED","02555883"
"97783","132","TABLET (ORALLY DISINTEGRATING)","REMOVED","02487683"
"92701","132","TABLET (ORALLY-DISINTEGRATING)","ADDED","02442671"
"63341","173","TABLET (IMMEDIATE- AND EXTENDED-RELEASE)","ADDED","02239853"
"91297","158","SPRAY, METERED DOSE","REMOVED","02428504"
"77920","137","CAPSULE (DELAYED-RELEASE)","ADDED","02293838"
"77978","132","TABLET (ORALLY DISINTEGRATING)","REMOVED","02294435"
"91490","132","TABLET (ORALLY-DISINTEGRATING)","ADDED","02430444"
"14543","141","CAPSULE (EXTENDED RELEASE)","REMOVED","02019930"
"94019","137","CAPSULE (DELAYED RELEASE)","REMOVED","02453630"
"95355","141","CAPSULE (EXTENDED-RELEASE)","ADDED","02465353"
"72577","118","POWDER FOR SUSPENSION, SUSTAINED-RELEASE","REMOVED","02248240"
"93082","141","CAPSULE (EXTENDED RELEASE)","REMOVED","02445549"
"84676","170","TABLET (IMMEDIATE AND DELAYED-RELEASE)","REMOVED","02361701"
"75716","141","CAPSULE (EXTENDED RELEASE)","REMOVED","02271613"
"87561","150","TABLET (IMMEDIATE RELEASE)","REMOVED","02390159"
"85755","132","TABLET (ORALLY-DISINTEGRATING)","ADDED","02372436"
"16724","160","PATCH (EXTENDED-RELEASE)","ADDED","02046164"
"75582","150","TABLET (IMMEDIATE-RELEASE)","ADDED","02270447"
"94437","141","CAPSULE (EXTENDED RELEASE)","REMOVED","02457318"
"85112","137","CAPSULE (DELAYED RELEASE)","REMOVED","02366274"
"82913","132","TABLET (ORALLY-DISINTEGRATING)","ADDED","02343703"
"86591","141","CAPSULE (EXTENDED RELEASE)","REMOVED","02380072"
"78960","141","CAPSULE (EXTENDED-RELEASE)","ADDED","02304317"
"94795","158","SPRAY (METERED-DOSE)","ADDED","02460513"
"16724","160","PATCH (EXTENDED RELEASE)","REMOVED","02046164"
"85578","141","CAPSULE (EXTENDED RELEASE)","REMOVED","02370654"
"86509","132","TABLET (ORALLY-DISINTEGRATING)","ADDED","02379201"
"78468","141","CAPSULE (EXTENDED-RELEASE)","ADDED","02299291"
"104201","188","CAPSULE (DELAYED AND EXTENDED RELEASE)","REMOVED","02553058"
"91737","137","CAPSULE (DELAYED-RELEASE)","ADDED","02433001"
"76618","137","CAPSULE (DELAYED-RELEASE)","ADDED","02280523"
"94438","141","CAPSULE (EXTENDED-RELEASE)","ADDED","02457326"
"96747","141","CAPSULE (EXTENDED RELEASE)","REMOVED","02476622"
"93138","132","TABLET (ORALLY DISINTEGRATING)","REMOVED","02446111"
"77643","141","CAPSULE (EXTENDED RELEASE)","REMOVED","02291037"
"90407","132","TABLET (ORALLY-DISINTEGRATING)","ADDED","02419440"
"77623","155","SOLUTION (EXTENDED RELEASE)","REMOVED","02290812"
"82535","132","TABLET (ORALLY-DISINTEGRATING)","ADDED","02339811"
"106259","141","CAPSULE (EXTENDED RELEASE)","REMOVED","02559439"
"92155","118","POWDER FOR SUSPENSION (SUSTAINED-RELEASE","ADDED","02437252"
"98957","164","SPRAY, BAG-ON-VALVE","REMOVED","02499851"
"94436","141","CAPSULE (EXTENDED RELEASE)","REMOVED","02457296"
"99225","137","CAPSULE (DELAYED RELEASE)","REMOVED","02502704"
"92759","141","CAPSULE (EXTENDED RELEASE)","REMOVED","02443031"
"101782","141","CAPSULE (EXTENDED RELEASE)","REMOVED","02528614"
"46618","137","CAPSULE (DELAYED RELEASE)","REMOVED","02016788"
"99321","118","POWDER FOR SUSPENSION (SUSTAINED-RELEASE","ADDED","02503778"
"87561","150","TABLET (IMMEDIATE-RELEASE)","ADDED","02390159"
"92357","150","TABLET (IMMEDIATE RELEASE)","REMOVED","02439190"
"89878","132","TABLET (ORALLY-DISINTEGRATING)","ADDED","02414112"
"89214","160","PATCH (EXTENDED-RELEASE)","ADDED","02407450"
"92357","150","TABLET (IMMEDIATE-RELEASE)","ADDED","02439190"
"87504","132","TABLET (ORALLY DISINTEGRATING)","REMOVED","02389533"
"102499","132","TABLET (ORALLY-DISINTEGRATING)","ADDED","02536196"
"92130","132","TABLET (ORALLY-DISINTEGRATING)","ADDED","02436981"
"97521","141","CAPSULE (EXTENDED-RELEASE)","ADDED","02484935"
"70039","141","CAPSULE (EXTENDED RELEASE)","REMOVED","02245919"
"88209","150","TABLET (IMMEDIATE RELEASE)","REMOVED","02397099"
"93925","141","CAPSULE (EXTENDED-RELEASE)","ADDED","02452847"
"96640","150","TABLET (IMMEDIATE-RELEASE)","ADDED","02476002"
"87006","137","CAPSULE (DELAYED-RELEASE)","ADDED","02384329"
"82550","137","CAPSULE (DELAYED-RELEASE)","ADDED","02339927"
"62842","132","TABLET (ORALLY-DISINTEGRATING)","ADDED","02239373"
"84278","137","CAPSULE (DELAYED-RELEASE)","ADDED","02357682"
"100629","150","TABLET (IMMEDIATE RELEASE)","REMOVED","02516950"
"106261","141","CAPSULE (EXTENDED RELEASE)","REMOVED","02559455"
"92980","132","TABLET (ORALLY DISINTEGRATING)","REMOVED","02444682"
"98530","141","CAPSULE (EXTENDED-RELEASE)","ADDED","02495384"
"18874","162","AEROSOL (METERED-DOSE)","ADDED","02172712"
"89918","132","TABLET (ORALLY-DISINTEGRATING)","ADDED","02414554"
"70499","160","PATCH (EXTENDED RELEASE)","REMOVED","02246340"
"75213","141","CAPSULE (EXTENDED-RELEASE)","ADDED","02266717"
"104501","132","TABLET (ORALLY DISINTEGRATING)","REMOVED","02556316"
"87859","132","TABLET (ORALLY DISINTEGRATING)","REMOVED","02393360"
"97647","150","TABLET (IMMEDIATE-RELEASE)","ADDED","02486245"
"87560","150","TABLET (IMMEDIATE-RELEASE)","ADDED","02390140"
"94752","161","CAPSULE (IMMEDIATE-RELEASE)","ADDED","02460238"
"92476","141","CAPSULE (EXTENDED-RELEASE)","ADDED","02440393"
"107217","85","TABLET","ADDED","02569973"
"98999","167","FILM (SOLUBLE)","ADDED","02500299"
"100738","162","AEROSOL, METERED DOSE","REMOVED","02518058"
"95932","181","CAPSULE (CONTROLLED-RELEASE)","ADDED","02470349"
"92877","141","CAPSULE (EXTENDED-RELEASE)","ADDED","02443988"
"100180","137","CAPSULE (DELAYED RELEASE)","REMOVED","02512513"
"90746","137","CAPSULE (DELAYED-RELEASE)","ADDED","02422808"
"88124","132","TABLET (ORALLY DISINTEGRATING)","REMOVED","02396181"
"43481","1","METERED-DOSE AEROSOL","REMOVED","02228300"
"78518","132","TABLET (ORALLY-DISINTEGRATING)","ADDED","02299836"
"43067","160","PATCH (EXTENDED-RELEASE)","ADDED","02213370"
"87675","141","CAPSULE (EXTENDED RELEASE)","REMOVED","02391406"
"94082","132","TABLET (ORALLY-DISINTEGRATING)","ADDED","02454300"
"87860","132","TABLET (ORALLY DISINTEGRATING)","REMOVED","02393379"
"83588","167","FILM, SOLUBLE","REMOVED","02350688"
"96121","150","TABLET (IMMEDIATE RELEASE)","REMOVED","02471973"
"98479","137","CAPSULE (DELAYED RELEASE)","REMOVED","02494817"
"87676","141","CAPSULE (EXTENDED RELEASE)","REMOVED","02391414"
"79345","141","CAPSULE (EXTENDED-RELEASE)","ADDED","02307774"
"61885","158","SPRAY, METERED DOSE","REMOVED","02238465"
"97348","155","SOLUTION (EXTENDED RELEASE)","REMOVED","02483084"
"43067","160","PATCH (EXTENDED RELEASE)","REMOVED","02213370"
"78175","137","CAPSULE (DELAYED RELEASE)","REMOVED","02296438"
"87460","132","TABLET (ORALLY DISINTEGRATING)","REMOVED","02389088"
"103001","167","FILM, SOLUBLE","REMOVED","02541378"
"18516","137","CAPSULE (DELAYED RELEASE)","REMOVED","02165511"
"103027","152","POWDER (EXTENDED RELEASE)","REMOVED","02541637"
"90981","141","CAPSULE (EXTENDED RELEASE)","REMOVED","02425157"
"107256","85","TABLET","ADDED","02570416"
"17102","141","CAPSULE (EXTENDED RELEASE)","REMOVED","02097273"
"88209","150","TABLET (IMMEDIATE-RELEASE)","ADDED","02397099"
"18877","141","CAPSULE (EXTENDED RELEASE)","REMOVED","02177757"
"94673","161","CAPSULE (IMMEDIATE-RELEASE)","ADDED","02459477"
"77446","141","CAPSULE (EXTENDED-RELEASE)","ADDED","02289075"
"17125","141","CAPSULE (EXTENDED RELEASE)","REMOVED","02097249"
"77981","132","TABLET (ORALLY-DISINTEGRATING)","ADDED","02294478"
"50460","141","CAPSULE (EXTENDED-RELEASE)","ADDED","02231152"
"87340","150","TABLET (IMMEDIATE RELEASE)","REMOVED","02387824"
"85575","141","CAPSULE (EXTENDED RELEASE)","REMOVED","02370611"
"100547","141","CAPSULE (EXTENDED RELEASE)","REMOVED","02516136"
"82540","132","TABLET (ORALLY DISINTEGRATING)","REMOVED","02339838"
"86852","132","TABLET (ORALLY DISINTEGRATING)","REMOVED","02382709"
"89021","132","TABLET (ORALLY DISINTEGRATING)","REMOVED","02405415"
"76286","141","CAPSULE (EXTENDED RELEASE)","REMOVED","02277212"
"65795","171","CAPSULE (IMMEDIATE- AND EXTENDED-RELEASE","ADDED","02242119"
"107252","85","TABLET","ADDED","02570378"
"92757","141","CAPSULE (EXTENDED RELEASE)","REMOVED","02443015"
"92336","137","CAPSULE (DELAYED-RELEASE)","ADDED","02438992"
"94801","158","SPRAY, METERED DOSE","REMOVED","02460580"
"83588","167","FILM (SOLUBLE)","ADDED","02350688"
"80676","132","TABLET (ORALLY DISINTEGRATING)","REMOVED","02321378"
"81320","132","TABLET (ORALLY-DISINTEGRATING)","ADDED","02327791"
"106333","141","CAPSULE (EXTENDED RELEASE)","REMOVED","02560259"
"85397","137","CAPSULE (DELAYED RELEASE)","REMOVED","02369028"
"81738","141","CAPSULE (EXTENDED RELEASE)","REMOVED","02331683"
"106722","170","TABLET (IMMEDIATE- AND DELAYED-RELEASE)","ADDED","02564521"
"99716","137","CAPSULE (DELAYED RELEASE)","REMOVED","02507765"
"101246","137","CAPSULE (DELAYED RELEASE)","REMOVED","02523353"
"98543","171","CAPSULE (IMMEDIATE AND EXTENDED RELEASE)","REMOVED","02495538"
"87138","137","CAPSULE (DELAYED RELEASE)","REMOVED","02385767"
"95284","137","CAPSULE (DELAYED-RELEASE)","ADDED","02464713"
"89767","150","TABLET (IMMEDIATE RELEASE)","REMOVED","02412985"
"78470","141","CAPSULE (EXTENDED-RELEASE)","ADDED","02299313"
"88332","141","CAPSULE (EXTENDED-RELEASE)","ADDED","02398370"
"98527","137","CAPSULE (DELAYED RELEASE)","REMOVED","02495341"
"75484","132","TABLET (ORALLY DISINTEGRATING)","REMOVED","02269465"
"90143","161","CAPSULE (IMMEDIATE-RELEASE)","ADDED","02416824"
"107201","85","TABLET","ADDED","02569809"
"89132","132","TABLET (ORALLY DISINTEGRATING)","REMOVED","02406632"
"92980","132","TABLET (ORALLY-DISINTEGRATING)","ADDED","02444682"
"97782","132","TABLET (ORALLY DISINTEGRATING)","REMOVED","02487675"
"91391","137","CAPSULE (DELAYED RELEASE)","REMOVED","02429454"
"77713","132","TABLET (ORALLY-DISINTEGRATING)","ADDED","02291770"
"88909","162","AEROSOL, METERED DOSE","REMOVED","02404311"
"93277","150","TABLET (IMMEDIATE-RELEASE)","ADDED","02447207"
"76282","141","CAPSULE (EXTENDED RELEASE)","REMOVED","02277174"
"87007","137","CAPSULE (DELAYED-RELEASE)","ADDED","02384337"
"95931","181","CAPSULE (CONTROLLED-RELEASE)","ADDED","02470330"
"97974","141","CAPSULE (EXTENDED RELEASE)","REMOVED","02489678"
"103765","132","TABLET (ORALLY-DISINTEGRATING)","ADDED","02548828"
"92475","141","CAPSULE (EXTENDED RELEASE)","REMOVED","02440385"
"73999","141","CAPSULE (EXTENDED RELEASE)","REMOVED","02254832"
"82910","132","TABLET (ORALLY-DISINTEGRATING)","ADDED","02343665"
"98093","137","CAPSULE (DELAYED RELEASE)","REMOVED","02490897"
"96567","137","CAPSULE (DELAYED RELEASE)","REMOVED","02475308"
"81616","150","TABLET (IMMEDIATE-RELEASE)","ADDED","02330423"
"93433","118","POWDER FOR SUSPENSION (SUSTAINED-RELEASE","ADDED","02448610"
"100546","141","CAPSULE (EXTENDED RELEASE)","REMOVED","02516128"
"42846","141","CAPSULE (EXTENDED RELEASE)","REMOVED","02184435"
"87757","141","CAPSULE (EXTENDED-RELEASE)","ADDED","02392291"
"88210","150","TABLET (IMMEDIATE-RELEASE)","ADDED","02397102"
"61088","132","TABLET (ORALLY-DISINTEGRATING)","ADDED","02237734"
"99908","132","TABLET (ORALLY DISINTEGRATING)","REMOVED","02509814"
"92396","153","POWDER (METERED DOSE)","REMOVED","02439530"
"88898","141","CAPSULE (EXTENDED RELEASE)","REMOVED","02404192"
"94833","141","CAPSULE (EXTENDED-RELEASE)","ADDED","02460858"
"85266","137","CAPSULE (DELAYED RELEASE)","REMOVED","02367823"
"90104","173","TABLET (IMMEDIATE- AND EXTENDED-RELEASE)","ADDED","02416433"
"78854","132","TABLET (ORALLY-DISINTEGRATING)","ADDED","02303213"
"96474","153","POWDER (METERED DOSE)","REMOVED","02474611"
"102568","141","CAPSULE (EXTENDED-RELEASE)","ADDED","02536951"
"89814","132","TABLET (ORALLY-DISINTEGRATING)","ADDED","02413485"
"103859","150","TABLET (IMMEDIATE RELEASE)","REMOVED","02549786"
"85814","141","CAPSULE (EXTENDED-RELEASE)","ADDED","02373017"
"88840","137","CAPSULE (DELAYED RELEASE)","REMOVED","02403617"
"100312","141","CAPSULE (EXTENDED-RELEASE)","ADDED","02513927"
"93446","132","TABLET (ORALLY DISINTEGRATING)","REMOVED","02448742"
"95358","141","CAPSULE (EXTENDED-RELEASE)","ADDED","02465396"
"80246","141","CAPSULE (EXTENDED RELEASE)","REMOVED","02316978"
"92321","132","TABLET (ORALLY-DISINTEGRATING)","ADDED","02438836"
"90542","141","CAPSULE (EXTENDED-RELEASE)","ADDED","02420821"
"10116","160","PATCH (EXTENDED-RELEASE)","ADDED","00852384"
"81070","141","CAPSULE (EXTENDED-RELEASE)","ADDED","02325306"
"103869","132","TABLET (ORALLY-DISINTEGRATING)","ADDED","02549875"
"92433","137","CAPSULE (DELAYED RELEASE)","REMOVED","02439948"
"100852","132","TABLET (ORALLY-DISINTEGRATING)","ADDED","02519240"
"96637","150","TABLET (IMMEDIATE-RELEASE)","ADDED","02475979"
"107187","85","TABLET","ADDED","02569647"
"92399","132","TABLET (ORALLY-DISINTEGRATING)","ADDED","02439573"
"97096","118","POWDER FOR SUSPENSION (SUSTAINED-RELEASE","ADDED","02480433"
"92098","137","CAPSULE (DELAYED RELEASE)","REMOVED","02436655"
"63507","118","POWDER FOR SUSPENSION, SUSTAINED-RELEASE","REMOVED","02240000"
"93826","158","SPRAY, METERED DOSE","REMOVED","02451905"
"87179","137","CAPSULE (DELAYED-RELEASE)","ADDED","02386216"
"92131","132","TABLET (ORALLY-DISINTEGRATING)","ADDED","02437007"
"77646","141","CAPSULE (EXTENDED-RELEASE)","ADDED","02291061"
"67245","141","CAPSULE (EXTENDED RELEASE)","REMOVED","02243340"
"106997","141","CAPSULE (EXTENDED RELEASE)","REMOVED","02567563"
"73182","141","CAPSULE (EXTENDED-RELEASE)","ADDED","02248813"
"87179","137","CAPSULE (DELAYED RELEASE)","REMOVED","02386216"
"46020","158","SPRAY, METERED DOSE","REMOVED","01901532"
"62841","132","TABLET (ORALLY DISINTEGRATING)","REMOVED","02239372"
"75582","150","TABLET (IMMEDIATE RELEASE)","REMOVED","02270447"
"63321","118","POWDER FOR SUSPENSION, SUSTAINED-RELEASE","REMOVED","02239834"
"100831","132","TABLET (ORALLY DISINTEGRATING)","REMOVED","02519038"
"85567","141","CAPSULE (EXTENDED RELEASE)","REMOVED","02370522"
"91903","173","TABLET (IMMEDIATE- AND EXTENDED-RELEASE)","ADDED","02434725"
"86305","141","CAPSULE (EXTENDED-RELEASE)","ADDED","02377357"
"82061","165","VAGINAL TABLET, EFFERVESCENT","REMOVED","02334992"
"90543","141","CAPSULE (EXTENDED-RELEASE)","ADDED","02420848"
"94272","158","SPRAY (METERED-DOSE)","ADDED","02455870"
"92322","132","TABLET (ORALLY DISINTEGRATING)","REMOVED","02438844"
"90818","132","TABLET (ORALLY DISINTEGRATING)","REMOVED","02423464"
"85559","132","TABLET (ORALLY-DISINTEGRATING)","ADDED","02370433"
"97750","132","TABLET (ORALLY DISINTEGRATING)","REMOVED","02487330"
"102517","137","CAPSULE (DELAYED RELEASE)","REMOVED","02536390"
"91294","132","TABLET (ORALLY DISINTEGRATING)","REMOVED","02428474"
"107270","85","TABLET","ADDED","02570564"
"77445","141","CAPSULE (EXTENDED-RELEASE)","ADDED","02289067"
"92366","141","CAPSULE (EXTENDED-RELEASE)","ADDED","02439271"
"103270","167","FILM (SOLUBLE)","ADDED","02544172"
"85266","137","CAPSULE (DELAYED-RELEASE)","ADDED","02367823"
"100309","141","CAPSULE (EXTENDED RELEASE)","REMOVED","02513897"
"91739","137","CAPSULE (DELAYED RELEASE)","REMOVED","02433028"
"86893","132","TABLET (ORALLY DISINTEGRATING)","REMOVED","02383160"
"9892","137","CAPSULE (DELAYED-RELEASE)","ADDED","00821373"
"77715","132","TABLET (ORALLY-DISINTEGRATING)","ADDED","02291797"
"89782","141","CAPSULE (EXTENDED RELEASE)","REMOVED","02413140"
"89879","132","TABLET (ORALLY DISINTEGRATING)","REMOVED","02414120"
"66953","132","TABLET (ORALLY-DISINTEGRATING)","ADDED","02243086"
"84341","132","TABLET (ORALLY-DISINTEGRATING)","ADDED","02358352"
"78581","148","GRANULES FOR SUSPENSION, DELAYED RELEASE","REMOVED","02300524"
"100738","162","AEROSOL (METERED-DOSE)","ADDED","02518058"
"90039","132","TABLET (ORALLY DISINTEGRATING)","REMOVED","02415798"
"86593","141","CAPSULE (EXTENDED RELEASE)","REMOVED","02380099"
"60600","141","CAPSULE (EXTENDED-RELEASE)","ADDED","02237279"
"85907","141","CAPSULE (EXTENDED-RELEASE)","ADDED","02373866"
"92052","132","TABLET (ORALLY DISINTEGRATING)","REMOVED","02436183"
"80626","137","CAPSULE (DELAYED RELEASE)","REMOVED","02320851"
"96702","132","TABLET (ORALLY DISINTEGRATING)","REMOVED","02476088"
"92323","132","TABLET (ORALLY DISINTEGRATING)","REMOVED","02438852"
"80245","141","CAPSULE (EXTENDED RELEASE)","REMOVED","02316951"
"91439","118","POWDER FOR SUSPENSION, SUSTAINED-RELEASE","REMOVED","02429977"
"87674","141","CAPSULE (EXTENDED-RELEASE)","ADDED","02391392"
"100548","141","CAPSULE (EXTENDED-RELEASE)","ADDED","02516144"
"102567","141","CAPSULE (EXTENDED RELEASE)","REMOVED","02536943"
"93138","132","TABLET (ORALLY-DISINTEGRATING)","ADDED","02446111"
"92701","132","TABLET (ORALLY DISINTEGRATING)","REMOVED","02442671"
"94591","132","TABLET (ORALLY DISINTEGRATING)","REMOVED","02458764"
"48922","118","POWDER FOR SUSPENSION (SUSTAINED-RELEASE","ADDED","02230248"
"87546","167","FILM, SOLUBLE","REMOVED","02389991"
"104202","188","CAPSULE (DELAYED- AND EXTENDED-RELEASE)","ADDED","02553066"
"98533","141","CAPSULE (EXTENDED-RELEASE)","ADDED","02495414"
"16123","141","CAPSULE (EXTENDED-RELEASE)","ADDED","02042258"
"93278","150","TABLET (IMMEDIATE-RELEASE)","ADDED","02447215"
"106996","141","CAPSULE (EXTENDED RELEASE)","REMOVED","02567555"
"92333","137","CAPSULE (DELAYED RELEASE)","REMOVED","02438968"
"88469","150","TABLET (IMMEDIATE RELEASE)","REMOVED","02399849"
"13302","137","CAPSULE (DELAYED RELEASE)","REMOVED","01985205"
"93081","141","CAPSULE (EXTENDED-RELEASE)","ADDED","02445530"
"107254","85","TABLET","ADDED","02570394"
"92979","132","TABLET (ORALLY DISINTEGRATING)","REMOVED","02444674"
"93127","141","CAPSULE (EXTENDED-RELEASE)","ADDED","02446006"
"85255","132","TABLET (ORALLY DISINTEGRATING)","REMOVED","02367696"
"98250","132","TABLET (ORALLY DISINTEGRATING)","REMOVED","02492490"
"16124","141","CAPSULE (EXTENDED-RELEASE)","ADDED","02042266"
"78175","137","CAPSULE (DELAYED-RELEASE)","ADDED","02296438"
"78682","137","CAPSULE (DELAYED-RELEASE)","ADDED","02301490"
"92477","141","CAPSULE (EXTENDED-RELEASE)","ADDED","02440407"
"17780","141","CAPSULE (EXTENDED RELEASE)","REMOVED","02042231"
"103113","162","AEROSOL (METERED-DOSE)","ADDED","02542587"
"92157","118","POWDER FOR SUSPENSION, SUSTAINED-RELEASE","REMOVED","02437260"
"106505","141","CAPSULE (EXTENDED-RELEASE)","ADDED","02562154"
"90377","141","CAPSULE (EXTENDED RELEASE)","REMOVED","02419246"
"73179","141","CAPSULE (EXTENDED RELEASE)","REMOVED","02248810"
"88468","150","TABLET (IMMEDIATE RELEASE)","REMOVED","02399830"
"81288","132","TABLET (ORALLY-DISINTEGRATING)","ADDED","02327562"
"72648","158","SPRAY (METERED-DOSE)","ADDED","02248307"
"93080","141","CAPSULE (EXTENDED RELEASE)","REMOVED","02445522"
"17254","141","CAPSULE (EXTENDED-RELEASE)","ADDED","02097257"
"81736","141","CAPSULE (EXTENDED RELEASE)","REMOVED","02331667"
"10667","153","POWDER (METERED-DOSE)","ADDED","00852074"
"99320","118","POWDER FOR SUSPENSION, SUSTAINED-RELEASE","REMOVED","02503751"
"80246","141","CAPSULE (EXTENDED-RELEASE)","ADDED","02316978"
"73178","141","CAPSULE (EXTENDED RELEASE)","REMOVED","02248809"
"98997","167","FILM, SOLUBLE","REMOVED","02500272"
"3088","134","SOLUTION","ADDED","00392618"
"93445","132","TABLET (ORALLY DISINTEGRATING)","REMOVED","02448734"
"106426","137","CAPSULE (DELAYED RELEASE)","REMOVED","02561271"
"85583","132","TABLET (ORALLY-DISINTEGRATING)","ADDED","02370700"
"96015","171","CAPSULE (IMMEDIATE AND EXTENDED RELEASE)","REMOVED","02471051"
"99770","164","SPRAY (BAG-ON-VALVE)","ADDED","02508338"
"98999","167","FILM, SOLUBLE","REMOVED","02500299"
"76055","141","CAPSULE (EXTENDED RELEASE)","REMOVED","02275031"
"67244","141","CAPSULE (EXTENDED RELEASE)","REMOVED","02243339"
"102573","141","CAPSULE (EXTENDED-RELEASE)","ADDED","02537028"
"103000","167","FILM (SOLUBLE)","ADDED","02541351"
"76902","155","SOLUTION (EXTENDED-RELEASE)","ADDED","02283417"
"98190","141","CAPSULE (EXTENDED-RELEASE)","ADDED","02491893"
"81291","132","TABLET (ORALLY DISINTEGRATING)","REMOVED","02327597"
"92367","141","CAPSULE (EXTENDED-RELEASE)","ADDED","02439298"
"94294","161","CAPSULE (IMMEDIATE-RELEASE)","ADDED","02456095"
"104200","188","CAPSULE (DELAYED- AND EXTENDED-RELEASE)","ADDED","02553031"
"99000","167","FILM, SOLUBLE","REMOVED","02500302"
"85741","137","CAPSULE (DELAYED-RELEASE)","ADDED","02372274"
"100312","141","CAPSULE (EXTENDED RELEASE)","REMOVED","02513927"
"91490","132","TABLET (ORALLY DISINTEGRATING)","REMOVED","02430444"
"81318","132","TABLET (ORALLY DISINTEGRATING)","REMOVED","02327775"
"101516","155","SOLUTION (EXTENDED RELEASE)","REMOVED","02526034"
"103512","141","CAPSULE (EXTENDED RELEASE)","REMOVED","02546434"
"103113","1","METERED-DOSE AEROSOL","REMOVED","02542587"
"106776","132","TABLET (ORALLY DISINTEGRATING)","REMOVED","02565129"
"98367","132","TABLET (ORALLY-DISINTEGRATING)","ADDED","02493675"
"106285","141","CAPSULE (EXTENDED RELEASE)","REMOVED","02559722"
"17254","141","CAPSULE (EXTENDED RELEASE)","REMOVED","02097257"
"87101","137","CAPSULE (DELAYED RELEASE)","REMOVED","02385384"
"78682","137","CAPSULE (DELAYED RELEASE)","REMOVED","02301490"
"106090","162","AEROSOL, METERED DOSE","REMOVED","02557592"
"93433","118","POWDER FOR SUSPENSION, SUSTAINED-RELEASE","REMOVED","02448610"
"99191","167","FILM (SOLUBLE)","ADDED","02502348"
"78944","160","PATCH (EXTENDED-RELEASE)","ADDED","02304139"
"87312","132","TABLET (ORALLY-DISINTEGRATING)","ADDED","02387514"
"96746","141","CAPSULE (EXTENDED-RELEASE)","ADDED","02476614"
"89783","141","CAPSULE (EXTENDED-RELEASE)","ADDED","02413159"
"101819","137","CAPSULE (DELAYED RELEASE)","REMOVED","02528991"
"92263","137","CAPSULE (DELAYED RELEASE)","REMOVED","02438267"
"91493","132","TABLET (ORALLY-DISINTEGRATING)","ADDED","02430479"
"85230","141","CAPSULE (EXTENDED-RELEASE)","ADDED","02367459"
"87154","141","CAPSULE (EXTENDED RELEASE)","REMOVED","02385937"
"88170","132","TABLET (ORALLY DISINTEGRATING)","REMOVED","02396661"
"90376","141","CAPSULE (EXTENDED-RELEASE)","ADDED","02419238"
"86005","132","TABLET (ORALLY-DISINTEGRATING)","ADDED","02374730"
"98193","141","CAPSULE (EXTENDED-RELEASE)","ADDED","02491923"
"96640","150","TABLET (IMMEDIATE RELEASE)","REMOVED","02476002"
"89879","132","TABLET (ORALLY-DISINTEGRATING)","ADDED","02414120"
"73997","141","CAPSULE (EXTENDED-RELEASE)","ADDED","02254816"
"65841","141","CAPSULE (EXTENDED RELEASE)","REMOVED","02242163"
"79592","141","CAPSULE (EXTENDED-RELEASE)","ADDED","02310279"
"97525","141","CAPSULE (EXTENDED RELEASE)","REMOVED","02484978"
"93992","137","CAPSULE (DELAYED RELEASE)","REMOVED","02453371"
"98531","141","CAPSULE (EXTENDED RELEASE)","REMOVED","02495392"
"78472","141","CAPSULE (EXTENDED-RELEASE)","ADDED","02299348"
"95327","132","TABLET (ORALLY-DISINTEGRATING)","ADDED","02465086"
"97372","132","TABLET (ORALLY-DISINTEGRATING)","ADDED","02483289"
"103024","186","TABLET (CHEWABLE, EXTENDED-RELEASE)","REMOVED","02541602"
"107207","126","POWDER FOR SUSPENSION","ADDED","02569876"
"89440","153","POWDER (METERED-DOSE)","ADDED","02409720"
"100589","141","CAPSULE (EXTENDED-RELEASE)","ADDED","02516543"
"99515","137","CAPSULE (DELAYED-RELEASE)","ADDED","02505770"
"92434","137","CAPSULE (DELAYED RELEASE)","REMOVED","02439956"
"52048","1","METERED-DOSE AEROSOL","REMOVED","02232570"
"87562","150","TABLET (IMMEDIATE-RELEASE)","ADDED","02390167"
"92348","137","CAPSULE (DELAYED-RELEASE)","ADDED","02439115"
"92536","141","CAPSULE (EXTENDED-RELEASE)","ADDED","02441004"
"68258","162","AEROSOL (METERED-DOSE)","ADDED","02244291"
"91723","173","TABLET (IMMEDIATE AND EXTENDED RELEASE)","REMOVED","02432854"
"72899","132","TABLET (ORALLY DISINTEGRATING)","REMOVED","02248544"
"74093","118","POWDER FOR SUSPENSION (SUSTAINED-RELEASE","ADDED","02255758"
"107230","134","SOLUTION","ADDED","02570122"
"71974","132","TABLET (ORALLY DISINTEGRATING)","REMOVED","02247706"
"107225","85","TABLET","ADDED","02570076"
"84502","141","CAPSULE (EXTENDED-RELEASE)","ADDED","02360047"
"44013","118","POWDER FOR SUSPENSION (SUSTAINED-RELEASE","ADDED","02148722"
"101197","137","CAPSULE (DELAYED RELEASE)","REMOVED","02522888"
"91312","158","SPRAY, METERED DOSE","REMOVED","02428679"
"79598","141","CAPSULE (EXTENDED-RELEASE)","ADDED","02310333"
"93823","141","CAPSULE (EXTENDED RELEASE)","REMOVED","02451867"
"106753","141","CAPSULE (EXTENDED-RELEASE)","ADDED","02564874"
"73997","141","CAPSULE (EXTENDED RELEASE)","REMOVED","02254816"
"94831","141","CAPSULE (EXTENDED-RELEASE)","ADDED","02460823"
"61948","137","CAPSULE (DELAYED-RELEASE)","ADDED","02238525"
"80136","155","SOLUTION (EXTENDED RELEASE)","REMOVED","02315858"
"85514","132","TABLET (ORALLY DISINTEGRATING)","REMOVED","02370115"
"101784","141","CAPSULE (EXTENDED RELEASE)","REMOVED","02528630"
"86006","132","TABLET (ORALLY-DISINTEGRATING)","ADDED","02374749"
"103879","150","TABLET (IMMEDIATE-RELEASE)","ADDED","02549980"
"94801","158","SPRAY (METERED-DOSE)","ADDED","02460580"
"102518","137","CAPSULE (DELAYED-RELEASE)","ADDED","02536404"
"79597","141","CAPSULE (EXTENDED RELEASE)","REMOVED","02310325"
"11226","160","PATCH (EXTENDED RELEASE)","REMOVED","01911929"
"77645","141","CAPSULE (EXTENDED-RELEASE)","ADDED","02291053"
"76056","141","CAPSULE (EXTENDED-RELEASE)","ADDED","02275058"
"87341","150","TABLET (IMMEDIATE-RELEASE)","ADDED","02387832"
"92051","132","TABLET (ORALLY-DISINTEGRATING)","ADDED","02436175"
"60603","141","CAPSULE (EXTENDED RELEASE)","REMOVED","02237282"
"81518","137","CAPSULE (DELAYED-RELEASE)","ADDED","02329433"
"92759","141","CAPSULE (EXTENDED-RELEASE)","ADDED","02443031"
"86409","150","TABLET (IMMEDIATE RELEASE)","REMOVED","02378272"
"84926","137","CAPSULE (DELAYED-RELEASE)","ADDED","02364352"
"83023","141","CAPSULE (EXTENDED-RELEASE)","ADDED","02344750"
"81616","150","TABLET (IMMEDIATE RELEASE)","REMOVED","02330423"
"3891","137","CAPSULE (DELAYED-RELEASE)","ADDED","00502790"
"95625","153","POWDER (METERED-DOSE)","ADDED","02467909"
"94295","161","CAPSULE (IMMEDIATE RELEASE)","REMOVED","02456109"
"66956","132","TABLET (ORALLY-DISINTEGRATING)","ADDED","02243089"
"95052","118","POWDER FOR SUSPENSION (SUSTAINED-RELEASE","ADDED","02462699"
"101781","141","CAPSULE (EXTENDED-RELEASE)","ADDED","02528606"
"85567","141","CAPSULE (EXTENDED-RELEASE)","ADDED","02370522"
"92093","132","TABLET (ORALLY-DISINTEGRATING)","ADDED","02436604"
"95283","137","CAPSULE (DELAYED RELEASE)","REMOVED","02464705"
"68260","1","METERED-DOSE AEROSOL","REMOVED","02244293"
"83712","132","TABLET (ORALLY DISINTEGRATING)","REMOVED","02351889"
"83024","141","CAPSULE (EXTENDED RELEASE)","REMOVED","02344769"
"83823","132","TABLET (ORALLY-DISINTEGRATING)","ADDED","02353008"
"92202","158","SPRAY (METERED-DOSE)","ADDED","02437635"
"72225","173","TABLET (IMMEDIATE AND EXTENDED RELEASE)","REMOVED","02247916"
"106752","141","CAPSULE (EXTENDED-RELEASE)","ADDED","02564866"
"79307","132","TABLET (ORALLY DISINTEGRATING)","REMOVED","02307391"
"77981","132","TABLET (ORALLY DISINTEGRATING)","REMOVED","02294478"
"88171","132","TABLET (ORALLY-DISINTEGRATING)","ADDED","02396688"
"84500","141","CAPSULE (EXTENDED RELEASE)","REMOVED","02360020"
"102572","141","CAPSULE (EXTENDED-RELEASE)","ADDED","02537001"
"86375","141","CAPSULE (EXTENDED-RELEASE)","ADDED","02377969"
"84681","162","AEROSOL (METERED-DOSE)","ADDED","02361760"
"62793","118","POWDER FOR SUSPENSION (SUSTAINED-RELEASE","ADDED","02239324"
"17253","141","CAPSULE (EXTENDED RELEASE)","REMOVED","02097265"
"89677","141","CAPSULE (EXTENDED-RELEASE)","ADDED","02412209"
"76380","152","POWDER (EXTENDED-RELEASE)","ADDED","02278219"
"83404","137","CAPSULE (DELAYED-RELEASE)","ADDED","02348691"
"37164","158","SPRAY (METERED-DOSE)","ADDED","02218607"
"86006","132","TABLET (ORALLY DISINTEGRATING)","REMOVED","02374749"
"100871","132","TABLET (ORALLY DISINTEGRATING)","REMOVED","02519445"
"96751","141","CAPSULE (EXTENDED-RELEASE)","ADDED","02476665"
"98529","141","CAPSULE (EXTENDED-RELEASE)","ADDED","02495376"
"73180","141","CAPSULE (EXTENDED-RELEASE)","ADDED","02248811"
"107178","109","TABLET (DELAYED-RELEASE)","ADDED","02569558"
"91803","137","CAPSULE (DELAYED-RELEASE)","ADDED","02433672"
"89502","137","CAPSULE (DELAYED-RELEASE)","ADDED","02410370"
"94753","161","CAPSULE (IMMEDIATE-RELEASE)","ADDED","02460246"
"98997","167","FILM (SOLUBLE)","ADDED","02500272"
"62842","132","TABLET (ORALLY DISINTEGRATING)","REMOVED","02239373"
"92813","170","TABLET (IMMEDIATE AND DELAYED-RELEASE)","REMOVED","02443449"
"102574","141","CAPSULE (EXTENDED-RELEASE)","ADDED","02537036"
"11227","160","PATCH (EXTENDED-RELEASE)","ADDED","01911910"
"96752","141","CAPSULE (EXTENDED RELEASE)","REMOVED","02476673"
"90542","141","CAPSULE (EXTENDED RELEASE)","REMOVED","02420821"
"79170","158","SPRAY, METERED DOSE","REMOVED","02306158"
"106348","132","TABLET (ORALLY DISINTEGRATING)","REMOVED","02560410"
"72898","132","TABLET (ORALLY DISINTEGRATING)","REMOVED","02248543"
"101515","155","SOLUTION (EXTENDED RELEASE)","REMOVED","02526026"
"14543","141","CAPSULE (EXTENDED-RELEASE)","ADDED","02019930"
"93279","150","TABLET (IMMEDIATE-RELEASE)","ADDED","02447223"
"97222","132","TABLET (ORALLY DISINTEGRATING)","REMOVED","02481731"
"92156","118","POWDER FOR SUSPENSION, SUSTAINED-RELEASE","REMOVED","02437279"
"107255","85","TABLET","ADDED","02570408"
"18515","137","CAPSULE (DELAYED-RELEASE)","ADDED","02165503"
"94428","137","CAPSULE (DELAYED RELEASE)","REMOVED","02457202"
"98995","167","FILM (SOLUBLE)","ADDED","02500264"
"94375","137","CAPSULE (DELAYED-RELEASE)","ADDED","02456761"
"82803","132","TABLET (ORALLY-DISINTEGRATING)","ADDED","02342545"
"87699","132","TABLET (ORALLY DISINTEGRATING)","REMOVED","02391678"
"94435","141","CAPSULE (EXTENDED-RELEASE)","ADDED","02457288"
"104499","118","POWDER FOR SUSPENSION, SUSTAINED-RELEASE","REMOVED","02556294"
"18878","141","CAPSULE (EXTENDED RELEASE)","REMOVED","02177749"
"106911","158","SPRAY, METERED DOSE","REMOVED","02566613"
"99126","150","TABLET (IMMEDIATE RELEASE)","REMOVED","02501643"
"67246","141","CAPSULE (EXTENDED-RELEASE)","ADDED","02243341"
"82431","132","TABLET (ORALLY-DISINTEGRATING)","ADDED","02338645"
"79596","141","CAPSULE (EXTENDED-RELEASE)","ADDED","02310317"
"93831","137","CAPSULE (DELAYED RELEASE)","REMOVED","02451913"
"96255","137","CAPSULE (DELAYED-RELEASE)","ADDED","02473216"
"90692","137","CAPSULE (DELAYED-RELEASE)","ADDED","02422212"
"83998","169","GRANULES FOR SUSPENSION (EXTENDED-RELEAS","ADDED","02354802"
"99712","137","CAPSULE (DELAYED RELEASE)","REMOVED","02507722"
"95343","167","FILM, SOLUBLE","REMOVED","02465221"
"107218","85","TABLET","ADDED","02569981"
"88036","137","CAPSULE (DELAYED RELEASE)","REMOVED","02395258"
"95930","181","CAPSULE (CONTROLLED RELEASE)","REMOVED","02470322"
"95625","153","POWDER (METERED DOSE)","REMOVED","02467909"
"69062","137","CAPSULE (DELAYED RELEASE)","REMOVED","02245058"
"102928","132","TABLET (ORALLY-DISINTEGRATING)","ADDED","02540592"
"69137","162","AEROSOL (METERED-DOSE)","ADDED","02245127"
"100309","141","CAPSULE (EXTENDED-RELEASE)","ADDED","02513897"
"96748","141","CAPSULE (EXTENDED RELEASE)","REMOVED","02476630"
"87313","132","TABLET (ORALLY DISINTEGRATING)","REMOVED","02387522"
"99292","137","CAPSULE (DELAYED-RELEASE)","ADDED","02503441"
"89876","132","TABLET (ORALLY DISINTEGRATING)","REMOVED","02414090"
"76549","132","TABLET (ORALLY DISINTEGRATING)","REMOVED","02279916"
"83708","141","CAPSULE (EXTENDED-RELEASE)","ADDED","02351846"
"103513","141","CAPSULE (EXTENDED RELEASE)","REMOVED","02546442"
"95933","181","CAPSULE (CONTROLLED RELEASE)","REMOVED","02470357"
"73182","141","CAPSULE (EXTENDED RELEASE)","REMOVED","02248813"
"85738","137","CAPSULE (DELAYED RELEASE)","REMOVED","02372258"
"50462","141","CAPSULE (EXTENDED-RELEASE)","ADDED","02231155"
"68600","141","CAPSULE (EXTENDED RELEASE)","REMOVED","02244613"
"106347","132","TABLET (ORALLY-DISINTEGRATING)","ADDED","02560402"
"83820","132","TABLET (ORALLY DISINTEGRATING)","REMOVED","02352974"
"76279","141","CAPSULE (EXTENDED RELEASE)","REMOVED","02277131"
"97222","132","TABLET (ORALLY-DISINTEGRATING)","ADDED","02481731"
"95359","141","CAPSULE (EXTENDED RELEASE)","REMOVED","02465418"
"107015","118","POWDER FOR SUSPENSION, SUSTAINED-RELEASE","REMOVED","02567776"
"89917","132","TABLET (ORALLY DISINTEGRATING)","REMOVED","02414546"
"61948","137","CAPSULE (DELAYED RELEASE)","REMOVED","02238525"
"97213","137","CAPSULE (DELAYED-RELEASE)","ADDED","02481952"
"76280","141","CAPSULE (EXTENDED RELEASE)","REMOVED","02277158"
"88952","132","TABLET (ORALLY DISINTEGRATING)","REMOVED","02404729"
"97526","141","CAPSULE (EXTENDED-RELEASE)","ADDED","02484986"
"76547","132","TABLET (ORALLY DISINTEGRATING)","REMOVED","02279894"
"92403","132","TABLET (ORALLY DISINTEGRATING)","REMOVED","02439638"
"78516","132","TABLET (ORALLY DISINTEGRATING)","REMOVED","02299801"
"81615","150","TABLET (IMMEDIATE RELEASE)","REMOVED","02330415"
"95349","167","FILM, SOLUBLE","REMOVED","02465299"
"101780","141","CAPSULE (EXTENDED-RELEASE)","ADDED","02528592"
"76900","155","SOLUTION (EXTENDED RELEASE)","REMOVED","02283395"
"95284","137","CAPSULE (DELAYED RELEASE)","REMOVED","02464713"
"107189","85","TABLET","ADDED","02569663"
"70039","141","CAPSULE (EXTENDED-RELEASE)","ADDED","02245919"
"106423","137","CAPSULE (DELAYED-RELEASE)","ADDED","02561247"
"83905","137","CAPSULE (DELAYED-RELEASE)","ADDED","02353849"
"75717","141","CAPSULE (EXTENDED-RELEASE)","ADDED","02271621"
"91729","158","SPRAY (METERED-DOSE)","ADDED","02432889"
"87563","150","TABLET (IMMEDIATE RELEASE)","REMOVED","02390175"
"86604","132","TABLET (ORALLY-DISINTEGRATING)","ADDED","02380226"
"94983","137","CAPSULE (DELAYED-RELEASE)","ADDED","02462095"
"76285","141","CAPSULE (EXTENDED-RELEASE)","ADDED","02277204"
"87273","132","TABLET (ORALLY-DISINTEGRATING)","ADDED","02387158"
"92333","137","CAPSULE (DELAYED-RELEASE)","ADDED","02438968"
"100628","150","TABLET (IMMEDIATE-RELEASE)","ADDED","02516942"
"87153","141","CAPSULE (EXTENDED RELEASE)","REMOVED","02385929"
"94674","161","CAPSULE (IMMEDIATE-RELEASE)","ADDED","02459485"
"99192","167","FILM, SOLUBLE","REMOVED","02502356"
"82198","158","SPRAY (METERED-DOSE)","ADDED","02336405"
"106285","141","CAPSULE (EXTENDED-RELEASE)","ADDED","02559722"
"106997","141","CAPSULE (EXTENDED-RELEASE)","ADDED","02567563"
"82061","165","VAGINAL TABLET (EFFERVESCENT)","ADDED","02334992"
"81739","141","CAPSULE (EXTENDED RELEASE)","REMOVED","02331691"
"81319","132","TABLET (ORALLY DISINTEGRATING)","REMOVED","02327783"
"97784","132","TABLET (ORALLY DISINTEGRATING)","REMOVED","02487691"
"92362","141","CAPSULE (EXTENDED-RELEASE)","ADDED","02439239"
"106261","141","CAPSULE (EXTENDED-RELEASE)","ADDED","02559455"
"98478","137","CAPSULE (DELAYED RELEASE)","REMOVED","02494809"
"75718","141","CAPSULE (EXTENDED RELEASE)","REMOVED","02271648"
"95348","167","FILM (SOLUBLE)","ADDED","02465280"
"92535","141","CAPSULE (EXTENDED-RELEASE)","ADDED","02440997"
"97649","150","TABLET (IMMEDIATE-RELEASE)","ADDED","02486261"
"106348","132","TABLET (ORALLY-DISINTEGRATING)","ADDED","02560410"
"87340","150","TABLET (IMMEDIATE-RELEASE)","ADDED","02387824"
"83988","141","CAPSULE (EXTENDED-RELEASE)","ADDED","02354713"
"93022","118","POWDER FOR SUSPENSION (SUSTAINED-RELEASE","ADDED","02445018"
"82541","132","TABLET (ORALLY-DISINTEGRATING)","ADDED","02339846"
"94437","141","CAPSULE (EXTENDED-RELEASE)","ADDED","02457318"
"82589","132","TABLET (ORALLY-DISINTEGRATING)","ADDED","02340313"
"78581","148","GRANULES FOR SUSPENSION (DELAYED-RELEASE","ADDED","02300524"
"83822","132","TABLET (ORALLY DISINTEGRATING)","REMOVED","02352990"
"101952","158","SPRAY (METERED-DOSE)","ADDED","02530341"
"104459","155","SOLUTION (EXTENDED-RELEASE)","ADDED","02555867"
"77053","132","TABLET (ORALLY DISINTEGRATING)","REMOVED","02285002"
"51375","158","SPRAY, METERED DOSE","REMOVED","02231923"
"87758","141","CAPSULE (EXTENDED RELEASE)","REMOVED","02392305"
"64595","158","SPRAY, METERED DOSE","REMOVED","02241003"
"95983","137","CAPSULE (DELAYED RELEASE)","REMOVED","02470780"
"68259","162","AEROSOL (METERED-DOSE)","ADDED","02244292"
"85714","171","CAPSULE (IMMEDIATE- AND EXTENDED-RELEASE","ADDED","02372010"
"107240","85","TABLET","ADDED","02570246"
"93446","132","TABLET (ORALLY-DISINTEGRATING)","ADDED","02448742"
"88211","150","TABLET (IMMEDIATE RELEASE)","REMOVED","02397110"
"67245","141","CAPSULE (EXTENDED-RELEASE)","ADDED","02243340"
"88212","150","TABLET (IMMEDIATE-RELEASE)","ADDED","02397129"
"94272","158","SPRAY, METERED DOSE","REMOVED","02455870"
"72898","132","TABLET (ORALLY-DISINTEGRATING)","ADDED","02248543"
"88909","162","AEROSOL (METERED-DOSE)","ADDED","02404311"
"3378","134","SOLUTION","ADDED","00399736"
"83989","141","CAPSULE (EXTENDED-RELEASE)","ADDED","02354721"
"87314","132","TABLET (ORALLY DISINTEGRATING)","REMOVED","02387530"
"16579","141","CAPSULE (EXTENDED RELEASE)","REMOVED","02042274"
"77980","132","TABLET (ORALLY-DISINTEGRATING)","ADDED","02294451"
"3088","34","LIQUID","REMOVED","00392618"
"76282","141","CAPSULE (EXTENDED-RELEASE)","ADDED","02277174"
"3378","34","LIQUID","REMOVED","00399736"
"65976","155","SOLUTION (EXTENDED-RELEASE)","ADDED","02242276"
"9513","137","CAPSULE (DELAYED-RELEASE)","ADDED","00789437"
"9823","137","CAPSULE (DELAYED RELEASE)","REMOVED","00846503"
"50458","141","CAPSULE (EXTENDED RELEASE)","REMOVED","02231150"
"63646","150","TABLET (IMMEDIATE-RELEASE)","ADDED","02240132"
"96467","161","CAPSULE (IMMEDIATE-RELEASE)","ADDED","02474514"
"75347","132","TABLET (ORALLY-DISINTEGRATING)","ADDED","02268086"
"88256","132","TABLET (ORALLY DISINTEGRATING)","REMOVED","02397625"
"102942","137","CAPSULE (DELAYED RELEASE)","REMOVED","02540754"
"102606","132","TABLET (ORALLY DISINTEGRATING)","REMOVED","02537346"
"106815","141","CAPSULE (EXTENDED-RELEASE)","ADDED","02565560"
"77112","162","AEROSOL, METERED DOSE","REMOVED","02285614"
"91294","132","TABLET (ORALLY-DISINTEGRATING)","ADDED","02428474"
"92534","141","CAPSULE (EXTENDED-RELEASE)","ADDED","02440989"
"86128","172","CAPSULE (IMMEDIATE- AND DELAYED-RELEASE)","ADDED","02375885"
"93128","141","CAPSULE (EXTENDED RELEASE)","REMOVED","02446014"
"102607","132","TABLET (ORALLY-DISINTEGRATING)","ADDED","02537354"
"86591","141","CAPSULE (EXTENDED-RELEASE)","ADDED","02380072"
"79347","141","CAPSULE (EXTENDED RELEASE)","REMOVED","02307790"
"87311","132","TABLET (ORALLY DISINTEGRATING)","REMOVED","02387506"
"96749","141","CAPSULE (EXTENDED-RELEASE)","ADDED","02476649"
"89022","132","TABLET (ORALLY DISINTEGRATING)","REMOVED","02405423"
"78472","141","CAPSULE (EXTENDED RELEASE)","REMOVED","02299348"
"88953","132","TABLET (ORALLY DISINTEGRATING)","REMOVED","02404737"
"85816","141","CAPSULE (EXTENDED-RELEASE)","ADDED","02373033"
"18877","141","CAPSULE (EXTENDED-RELEASE)","ADDED","02177757"
"82506","141","CAPSULE (EXTENDED RELEASE)","REMOVED","02339447"
"100364","164","SPRAY, BAG-ON-VALVE","REMOVED","02514451"
"93902","137","CAPSULE (DELAYED-RELEASE)","ADDED","02452650"
"78471","141","CAPSULE (EXTENDED RELEASE)","REMOVED","02299321"
"93732","137","CAPSULE (DELAYED RELEASE)","REMOVED","02451077"
"103857","150","TABLET (IMMEDIATE-RELEASE)","ADDED","02549751"
"107213","134","SOLUTION","ADDED","02569930"
"98957","164","SPRAY (BAG-ON-VALVE)","ADDED","02499851"
"103879","150","TABLET (IMMEDIATE RELEASE)","REMOVED","02549980"
"92879","141","CAPSULE (EXTENDED RELEASE)","REMOVED","02444003"
"88036","137","CAPSULE (DELAYED-RELEASE)","ADDED","02395258"
"90544","141","CAPSULE (EXTENDED-RELEASE)","ADDED","02420856"
"106264","141","CAPSULE (EXTENDED RELEASE)","REMOVED","02559498"
"95928","181","CAPSULE (CONTROLLED RELEASE)","REMOVED","02470306"
"72897","132","TABLET (ORALLY DISINTEGRATING)","REMOVED","02248542"
"83351","132","TABLET (ORALLY-DISINTEGRATING)","ADDED","02348179"
"85265","137","CAPSULE (DELAYED-RELEASE)","ADDED","02367815"
"104201","188","CAPSULE (DELAYED- AND EXTENDED-RELEASE)","ADDED","02553058"
"106776","132","TABLET (ORALLY-DISINTEGRATING)","ADDED","02565129"
"89939","137","CAPSULE (DELAYED-RELEASE)","ADDED","02414767"
"93128","141","CAPSULE (EXTENDED-RELEASE)","ADDED","02446014"
"99190","167","FILM, SOLUBLE","REMOVED","02502321"
"85231","141","CAPSULE (EXTENDED-RELEASE)","ADDED","02367467"
"65700","1","METERED-DOSE AEROSOL","REMOVED","02242029"
"99907","132","TABLET (ORALLY-DISINTEGRATING)","ADDED","02509806"
"50460","141","CAPSULE (EXTENDED RELEASE)","REMOVED","02231152"
"106722","170","TABLET (IMMEDIATE AND DELAYED-RELEASE)","REMOVED","02564521"
"50459","141","CAPSULE (EXTENDED-RELEASE)","ADDED","02231151"
"75428","118","POWDER FOR SUSPENSION, SUSTAINED-RELEASE","REMOVED","02268892"
"79593","141","CAPSULE (EXTENDED RELEASE)","REMOVED","02310287"
"106507","141","CAPSULE (EXTENDED-RELEASE)","ADDED","02562170"
"87871","132","TABLET (ORALLY DISINTEGRATING)","REMOVED","02393492"
"27081","137","CAPSULE (DELAYED-RELEASE)","ADDED","02045834"
"94783","158","SPRAY (METERED-DOSE)","ADDED","02460475"
"89134","132","TABLET (ORALLY-DISINTEGRATING)","ADDED","02406659"
"85816","141","CAPSULE (EXTENDED RELEASE)","REMOVED","02373033"
"80677","132","TABLET (ORALLY DISINTEGRATING)","REMOVED","02321386"
"18515","137","CAPSULE (DELAYED RELEASE)","REMOVED","02165503"
"97525","141","CAPSULE (EXTENDED-RELEASE)","ADDED","02484978"
"107204","134","SOLUTION","ADDED","02569833"
"93447","132","TABLET (ORALLY-DISINTEGRATING)","ADDED","02448750"
"93078","141","CAPSULE (EXTENDED RELEASE)","REMOVED","02445506"
"101207","141","CAPSULE (EXTENDED-RELEASE)","ADDED","02522993"
"92094","132","TABLET (ORALLY DISINTEGRATING)","REMOVED","02436612"
"87870","132","TABLET (ORALLY DISINTEGRATING)","REMOVED","02393484"
"50799","141","CAPSULE (EXTENDED RELEASE)","REMOVED","02231475"
"75944","141","CAPSULE (EXTENDED RELEASE)","REMOVED","02273985"
"83709","141","CAPSULE (EXTENDED-RELEASE)","ADDED","02351854"
"86583","132","TABLET (ORALLY DISINTEGRATING)","REMOVED","02379988"
"89818","132","TABLET (ORALLY DISINTEGRATING)","REMOVED","02413523"
"103318","118","POWDER FOR SUSPENSION, SUSTAINED-RELEASE","REMOVED","02544601"
"92139","137","CAPSULE (DELAYED-RELEASE)","ADDED","02437082"
"101067","141","CAPSULE (EXTENDED RELEASE)","REMOVED","02521482"
"100023","1","METERED-DOSE AEROSOL","REMOVED","02510987"
"98191","141","CAPSULE (EXTENDED-RELEASE)","ADDED","02491907"
"87461","132","TABLET (ORALLY-DISINTEGRATING)","ADDED","02389096"
"94058","161","CAPSULE (IMMEDIATE-RELEASE)","ADDED","02454068"
"87545","167","FILM (SOLUBLE)","ADDED","02389983"
"97095","118","POWDER FOR SUSPENSION, SUSTAINED-RELEASE","REMOVED","02480425"
"94983","137","CAPSULE (DELAYED RELEASE)","REMOVED","02462095"
"96639","150","TABLET (IMMEDIATE-RELEASE)","ADDED","02475995"
"92986","137","CAPSULE (DELAYED RELEASE)","REMOVED","02444712"
"50798","141","CAPSULE (EXTENDED-RELEASE)","ADDED","02231474"
"106814","141","CAPSULE (EXTENDED RELEASE)","REMOVED","02565552"
"93080","141","CAPSULE (EXTENDED-RELEASE)","ADDED","02445522"
"77444","141","CAPSULE (EXTENDED-RELEASE)","ADDED","02289059"
"86855","132","TABLET (ORALLY DISINTEGRATING)","REMOVED","02382733"
"87339","150","TABLET (IMMEDIATE-RELEASE)","ADDED","02387816"
"77982","132","TABLET (ORALLY DISINTEGRATING)","REMOVED","02294486"
"98998","167","FILM (SOLUBLE)","ADDED","02500280"
"90867","132","TABLET (ORALLY-DISINTEGRATING)","ADDED","02423944"
"83822","132","TABLET (ORALLY-DISINTEGRATING)","ADDED","02352990"
"77979","132","TABLET (ORALLY-DISINTEGRATING)","ADDED","02294443"
"71973","132","TABLET (ORALLY-DISINTEGRATING)","ADDED","02247705"
"82912","132","TABLET (ORALLY-DISINTEGRATING)","ADDED","02343681"
"87138","137","CAPSULE (DELAYED-RELEASE)","ADDED","02385767"
"68259","1","METERED-DOSE AEROSOL","REMOVED","02244292"
"94020","137","CAPSULE (DELAYED-RELEASE)","ADDED","02453649"
"93993","137","CAPSULE (DELAYED RELEASE)","REMOVED","02453398"
"103270","167","FILM, SOLUBLE","REMOVED","02544172"
"96122","150","TABLET (IMMEDIATE RELEASE)","REMOVED","02471981"
"80674","132","TABLET (ORALLY-DISINTEGRATING)","ADDED","02321343"
"71950","162","AEROSOL (METERED-DOSE)","ADDED","02247686"
"90040","132","TABLET (ORALLY-DISINTEGRATING)","ADDED","02415801"
"79313","132","TABLET (ORALLY-DISINTEGRATING)","ADDED","02307464"
"89917","132","TABLET (ORALLY-DISINTEGRATING)","ADDED","02414546"
"93824","141","CAPSULE (EXTENDED-RELEASE)","ADDED","02451875"
"100074","158","SPRAY (METERED-DOSE)","ADDED","02511568"
"94575","170","TABLET (IMMEDIATE- AND DELAYED-RELEASE)","ADDED","02458608"
"103024","186","TABLET (CHEWABLE EXTENDED-RELEASE)","ADDED","02541602"
"94294","161","CAPSULE (IMMEDIATE RELEASE)","REMOVED","02456095"
"100300","137","CAPSULE (DELAYED RELEASE)","REMOVED","02513781"
"90414","132","TABLET (ORALLY DISINTEGRATING)","REMOVED","02419513"
"106732","164","SPRAY, BAG-ON-VALVE","REMOVED","02564637"
"75215","141","CAPSULE (EXTENDED RELEASE)","REMOVED","02266733"
"106422","137","CAPSULE (DELAYED-RELEASE)","ADDED","02561239"
"106258","141","CAPSULE (EXTENDED-RELEASE)","ADDED","02559420"
"93824","141","CAPSULE (EXTENDED RELEASE)","REMOVED","02451875"
"92131","132","TABLET (ORALLY DISINTEGRATING)","REMOVED","02437007"
"92400","132","TABLET (ORALLY DISINTEGRATING)","REMOVED","02439581"
"95928","181","CAPSULE (CONTROLLED-RELEASE)","ADDED","02470306"
"82358","132","TABLET (ORALLY-DISINTEGRATING)","ADDED","02337932"
"98192","141","CAPSULE (EXTENDED RELEASE)","REMOVED","02491915"
"74601","173","TABLET (IMMEDIATE- AND EXTENDED-RELEASE)","ADDED","02260557"
"99264","1","METERED-DOSE AEROSOL","REMOVED","02503131"
"83024","141","CAPSULE (EXTENDED-RELEASE)","ADDED","02344769"
"87128","137","CAPSULE (DELAYED RELEASE)","REMOVED","02385651"
"92434","137","CAPSULE (DELAYED-RELEASE)","ADDED","02439956"
"101205","141","CAPSULE (EXTENDED-RELEASE)","ADDED","02522977"
"81740","141","CAPSULE (EXTENDED-RELEASE)","ADDED","02331705"
"67243","141","CAPSULE (EXTENDED RELEASE)","REMOVED","02243338"
"89876","132","TABLET (ORALLY-DISINTEGRATING)","ADDED","02414090"
"92474","141","CAPSULE (EXTENDED RELEASE)","REMOVED","02440377"
"92536","141","CAPSULE (EXTENDED RELEASE)","REMOVED","02441004"
"73177","141","CAPSULE (EXTENDED RELEASE)","REMOVED","02248808"
"96039","141","CAPSULE (EXTENDED-RELEASE)","ADDED","02471280"
"78469","141","CAPSULE (EXTENDED-RELEASE)","ADDED","02299305"
"72576","118","POWDER FOR SUSPENSION (SUSTAINED-RELEASE","ADDED","02248239"
"89133","132","TABLET (ORALLY-DISINTEGRATING)","ADDED","02406640"
"9823","137","CAPSULE (DELAYED-RELEASE)","ADDED","00846503"
"73384","118","POWDER FOR SUSPENSION, SUSTAINED-RELEASE","REMOVED","02248999"
"76054","141","CAPSULE (EXTENDED RELEASE)","REMOVED","02275023"
"102942","137","CAPSULE (DELAYED-RELEASE)","ADDED","02540754"
"97947","132","TABLET (ORALLY DISINTEGRATING)","REMOVED","02489384"
"94575","170","TABLET (IMMEDIATE AND DELAYED-RELEASE)","REMOVED","02458608"
"100546","141","CAPSULE (EXTENDED-RELEASE)","ADDED","02516128"
"77983","132","TABLET (ORALLY DISINTEGRATING)","REMOVED","02294494"
"101205","141","CAPSULE (EXTENDED RELEASE)","REMOVED","02522977"
"89021","132","TABLET (ORALLY-DISINTEGRATING)","ADDED","02405415"
"80584","161","CAPSULE (IMMEDIATE RELEASE)","REMOVED","02320428"
"82505","141","CAPSULE (EXTENDED RELEASE)","REMOVED","02339439"
"91391","137","CAPSULE (DELAYED-RELEASE)","ADDED","02429454"
"75347","132","TABLET (ORALLY DISINTEGRATING)","REMOVED","02268086"
"14240","158","SPRAY (METERED-DOSE)","ADDED","02003767"
"81619","150","TABLET (IMMEDIATE RELEASE)","REMOVED","02330466"
"78470","141","CAPSULE (EXTENDED RELEASE)","REMOVED","02299313"
"92363","141","CAPSULE (EXTENDED RELEASE)","REMOVED","02439247"
"85232","141","CAPSULE (EXTENDED RELEASE)","REMOVED","02367475"
"104351","132","TABLET (ORALLY-DISINTEGRATING)","ADDED","02554682"
"88747","137","CAPSULE (DELAYED-RELEASE)","ADDED","02402629"
"87338","150","TABLET (IMMEDIATE-RELEASE)","ADDED","02387808"
"84797","132","TABLET (ORALLY DISINTEGRATING)","REMOVED","02362996"
"100840","158","SPRAY (METERED-DOSE)","ADDED","02519127"
"73178","141","CAPSULE (EXTENDED-RELEASE)","ADDED","02248809"
"94640","161","CAPSULE (IMMEDIATE RELEASE)","REMOVED","02459213"
"100549","141","CAPSULE (EXTENDED-RELEASE)","ADDED","02516152"
"83591","167","FILM, SOLUBLE","REMOVED","02350726"
"88468","150","TABLET (IMMEDIATE-RELEASE)","ADDED","02399830"
"106263","141","CAPSULE (EXTENDED-RELEASE)","ADDED","02559471"
"82487","141","CAPSULE (EXTENDED RELEASE)","REMOVED","02339269"
"92128","132","TABLET (ORALLY-DISINTEGRATING)","ADDED","02436965"
"88897","141","CAPSULE (EXTENDED RELEASE)","REMOVED","02404184"
"94427","137","CAPSULE (DELAYED RELEASE)","REMOVED","02457199"
"100311","141","CAPSULE (EXTENDED-RELEASE)","ADDED","02513919"
"96122","150","TABLET (IMMEDIATE-RELEASE)","ADDED","02471981"
"103027","152","POWDER (EXTENDED-RELEASE)","ADDED","02541637"
"92364","141","CAPSULE (EXTENDED RELEASE)","REMOVED","02439255"
"14542","141","CAPSULE (EXTENDED RELEASE)","REMOVED","02019957"
"89215","160","PATCH (EXTENDED RELEASE)","REMOVED","02407469"
"87674","141","CAPSULE (EXTENDED RELEASE)","REMOVED","02391392"
"79025","132","TABLET (ORALLY DISINTEGRATING)","REMOVED","02304988"
"75717","141","CAPSULE (EXTENDED RELEASE)","REMOVED","02271621"
"17125","141","CAPSULE (EXTENDED-RELEASE)","ADDED","02097249"
"97526","141","CAPSULE (EXTENDED RELEASE)","REMOVED","02484986"
"92362","141","CAPSULE (EXTENDED RELEASE)","REMOVED","02439239"
"17253","141","CAPSULE (EXTENDED-RELEASE)","ADDED","02097265"
"86509","132","TABLET (ORALLY DISINTEGRATING)","REMOVED","02379201"
"92156","118","POWDER FOR SUSPENSION (SUSTAINED-RELEASE","ADDED","02437279"
"18516","137","CAPSULE (DELAYED-RELEASE)","ADDED","02165511"
"82369","150","TABLET (IMMEDIATE-RELEASE)","ADDED","02338041"
"96749","141","CAPSULE (EXTENDED RELEASE)","REMOVED","02476649"
"76056","141","CAPSULE (EXTENDED RELEASE)","REMOVED","02275058"
"81290","132","TABLET (ORALLY DISINTEGRATING)","REMOVED","02327589"
"102418","132","TABLET (ORALLY DISINTEGRATING)","REMOVED","02535327"
"94427","137","CAPSULE (DELAYED-RELEASE)","ADDED","02457199"
"86306","141","CAPSULE (EXTENDED RELEASE)","REMOVED","02377365"
"36179","137","CAPSULE (DELAYED-RELEASE)","ADDED","02200104"
"88950","132","TABLET (ORALLY-DISINTEGRATING)","ADDED","02404702"
"93445","132","TABLET (ORALLY-DISINTEGRATING)","ADDED","02448734"
"85576","141","CAPSULE (EXTENDED RELEASE)","REMOVED","02370638"
"84014","137","CAPSULE (DELAYED-RELEASE)","ADDED","02354950"
"80582","161","CAPSULE (IMMEDIATE-RELEASE)","ADDED","02320398"
"104498","118","POWDER FOR SUSPENSION, SUSTAINED-RELEASE","REMOVED","02556286"
"83905","137","CAPSULE (DELAYED RELEASE)","REMOVED","02353849"
"92094","132","TABLET (ORALLY-DISINTEGRATING)","ADDED","02436612"
"9514","137","CAPSULE (DELAYED RELEASE)","REMOVED","00789445"
"99125","150","TABLET (IMMEDIATE-RELEASE)","ADDED","02501635"
"102955","158","SPRAY (METERED-DOSE)","ADDED","02540886"
"42847","141","CAPSULE (EXTENDED-RELEASE)","ADDED","02184443"
"106777","132","TABLET (ORALLY-DISINTEGRATING)","ADDED","02565137"
"94832","141","CAPSULE (EXTENDED RELEASE)","REMOVED","02460831"
"88746","137","CAPSULE (DELAYED RELEASE)","REMOVED","02402610"
"83351","132","TABLET (ORALLY DISINTEGRATING)","REMOVED","02348179"
"88255","132","TABLET (ORALLY DISINTEGRATING)","REMOVED","02397617"
"95357","141","CAPSULE (EXTENDED RELEASE)","REMOVED","02465388"
"92474","141","CAPSULE (EXTENDED-RELEASE)","ADDED","02440377"
"96283","164","SPRAY, BAG-ON-VALVE","REMOVED","02473429"
"92400","132","TABLET (ORALLY-DISINTEGRATING)","ADDED","02439581"
"16124","141","CAPSULE (EXTENDED RELEASE)","REMOVED","02042266"
"89817","132","TABLET (ORALLY DISINTEGRATING)","REMOVED","02413515"
"76054","141","CAPSULE (EXTENDED-RELEASE)","ADDED","02275023"
"8174","160","PATCH (EXTENDED RELEASE)","REMOVED","00756857"
"50338","141","CAPSULE (EXTENDED RELEASE)","REMOVED","02231057"
"80245","141","CAPSULE (EXTENDED-RELEASE)","ADDED","02316951"
"83991","137","CAPSULE (DELAYED-RELEASE)","ADDED","02354756"
"78471","141","CAPSULE (EXTENDED-RELEASE)","ADDED","02299321"
"101514","155","SOLUTION (EXTENDED-RELEASE)","ADDED","02526018"
"61885","158","SPRAY (METERED-DOSE)","ADDED","02238465"
"93997","161","CAPSULE (IMMEDIATE RELEASE)","REMOVED","02453428"
"106723","170","TABLET (IMMEDIATE AND DELAYED-RELEASE)","REMOVED","02564548"
"79315","132","TABLET (ORALLY-DISINTEGRATING)","ADDED","02307480"
"77054","132","TABLET (ORALLY DISINTEGRATING)","REMOVED","02285010"
"90747","137","CAPSULE (DELAYED RELEASE)","REMOVED","02422816"
"96637","150","TABLET (IMMEDIATE RELEASE)","REMOVED","02475979"
"90983","141","CAPSULE (EXTENDED-RELEASE)","ADDED","02425173"
"79306","132","TABLET (ORALLY DISINTEGRATING)","REMOVED","02307383"
"94800","158","SPRAY, METERED DOSE","REMOVED","02460572"
"88470","150","TABLET (IMMEDIATE-RELEASE)","ADDED","02399857"
"92880","141","CAPSULE (EXTENDED RELEASE)","REMOVED","02444011"
"83352","132","TABLET (ORALLY-DISINTEGRATING)","ADDED","02348187"
"102417","132","TABLET (ORALLY DISINTEGRATING)","REMOVED","02535319"
"3042","134","SOLUTION","ADDED","00392561"
"96120","150","TABLET (IMMEDIATE RELEASE)","REMOVED","02471965"
"103205","132","TABLET (ORALLY-DISINTEGRATING)","ADDED","02543605"
"70038","141","CAPSULE (EXTENDED RELEASE)","REMOVED","02245918"
"103764","132","TABLET (ORALLY DISINTEGRATING)","REMOVED","02548801"
"86854","132","TABLET (ORALLY-DISINTEGRATING)","ADDED","02382725"
"75944","141","CAPSULE (EXTENDED-RELEASE)","ADDED","02273985"
"91297","158","SPRAY (METERED-DOSE)","ADDED","02428504"
"88977","158","SPRAY (METERED-DOSE)","ADDED","02404931"
"90104","173","TABLET (IMMEDIATE AND EXTENDED RELEASE)","REMOVED","02416433"
"66955","132","TABLET (ORALLY DISINTEGRATING)","REMOVED","02243088"
"88315","150","TABLET (IMMEDIATE RELEASE)","REMOVED","02398214"
"84558","132","TABLET (ORALLY DISINTEGRATING)","REMOVED","02360616"
"91491","132","TABLET (ORALLY-DISINTEGRATING)","ADDED","02430452"
"79594","141","CAPSULE (EXTENDED-RELEASE)","ADDED","02310295"
"79598","141","CAPSULE (EXTENDED RELEASE)","REMOVED","02310333"
"89768","150","TABLET (IMMEDIATE-RELEASE)","ADDED","02412993"
"88316","150","TABLET (IMMEDIATE RELEASE)","REMOVED","02398222"
"14144","150","TABLET (IMMEDIATE RELEASE)","REMOVED","02014211"
"43827","137","CAPSULE (DELAYED-RELEASE)","ADDED","02119579"
"89769","150","TABLET (IMMEDIATE RELEASE)","REMOVED","02413000"
"70041","141","CAPSULE (EXTENDED RELEASE)","REMOVED","02245921"
"76284","141","CAPSULE (EXTENDED-RELEASE)","ADDED","02277190"
"83904","137","CAPSULE (DELAYED-RELEASE)","ADDED","02353830"
"92986","137","CAPSULE (DELAYED-RELEASE)","ADDED","02444712"
"77111","162","AEROSOL, METERED DOSE","REMOVED","02285606"
"104349","132","TABLET (ORALLY-DISINTEGRATING)","ADDED","02554666"
"92002","137","CAPSULE (DELAYED RELEASE)","REMOVED","02435683"
"100300","137","CAPSULE (DELAYED-RELEASE)","ADDED","02513781"
"78377","118","POWDER FOR SUSPENSION, SUSTAINED-RELEASE","REMOVED","02298465"
"81321","132","TABLET (ORALLY DISINTEGRATING)","REMOVED","02327805"
"82432","132","TABLET (ORALLY DISINTEGRATING)","REMOVED","02338653"
"75157","158","SPRAY (METERED-DOSE)","ADDED","02266121"
"104461","155","SOLUTION (EXTENDED-RELEASE)","ADDED","02555883"
"94591","132","TABLET (ORALLY-DISINTEGRATING)","ADDED","02458764"
"102570","141","CAPSULE (EXTENDED-RELEASE)","ADDED","02536986"
"81074","141","CAPSULE (EXTENDED-RELEASE)","ADDED","02325349"
"80244","141","CAPSULE (EXTENDED RELEASE)","REMOVED","02316943"
"75581","150","TABLET (IMMEDIATE-RELEASE)","ADDED","02270439"
"75716","141","CAPSULE (EXTENDED-RELEASE)","ADDED","02271613"
"88746","137","CAPSULE (DELAYED-RELEASE)","ADDED","02402610"
"93997","161","CAPSULE (IMMEDIATE-RELEASE)","ADDED","02453428"
"106262","141","CAPSULE (EXTENDED-RELEASE)","ADDED","02559463"
"107017","118","POWDER FOR SUSPENSION, SUSTAINED-RELEASE","REMOVED","02567792"
"88171","132","TABLET (ORALLY DISINTEGRATING)","REMOVED","02396688"
"98528","137","CAPSULE (DELAYED-RELEASE)","ADDED","02495368"
"92367","141","CAPSULE (EXTENDED RELEASE)","REMOVED","02439298"
"84502","141","CAPSULE (EXTENDED RELEASE)","REMOVED","02360047"
"82485","141","CAPSULE (EXTENDED-RELEASE)","ADDED","02339242"
"107184","85","TABLET","ADDED","02569612"
"76281","141","CAPSULE (EXTENDED RELEASE)","REMOVED","02277166"
"92316","132","TABLET (ORALLY DISINTEGRATING)","REMOVED","02438763"
"42848","141","CAPSULE (EXTENDED RELEASE)","REMOVED","02184451"
"94984","137","CAPSULE (DELAYED RELEASE)","REMOVED","02462109"
"77982","132","TABLET (ORALLY-DISINTEGRATING)","ADDED","02294486"
"100313","141","CAPSULE (EXTENDED-RELEASE)","ADDED","02513935"
"18778","155","SOLUTION (EXTENDED RELEASE)","REMOVED","02171899"
"89022","132","TABLET (ORALLY-DISINTEGRATING)","ADDED","02405423"
"14742","160","PATCH (EXTENDED-RELEASE)","ADDED","02011271"
"100498","137","CAPSULE (DELAYED RELEASE)","REMOVED","02515571"
"106335","141","CAPSULE (EXTENDED RELEASE)","REMOVED","02560275"
"103515","141","CAPSULE (EXTENDED-RELEASE)","ADDED","02546469"
"92002","137","CAPSULE (DELAYED-RELEASE)","ADDED","02435683"
"65795","171","CAPSULE (IMMEDIATE AND EXTENDED RELEASE)","REMOVED","02242119"
"93276","150","TABLET (IMMEDIATE-RELEASE)","ADDED","02447193"
"85577","141","CAPSULE (EXTENDED-RELEASE)","ADDED","02370646"
"97519","141","CAPSULE (EXTENDED RELEASE)","REMOVED","02484919"
"96476","153","POWDER (METERED DOSE)","REMOVED","02474646"
"85254","132","TABLET (ORALLY DISINTEGRATING)","REMOVED","02367688"
"106257","141","CAPSULE (EXTENDED-RELEASE)","ADDED","02559412"
"73998","141","CAPSULE (EXTENDED-RELEASE)","ADDED","02254824"
"106347","132","TABLET (ORALLY DISINTEGRATING)","REMOVED","02560402"
"104203","188","CAPSULE (DELAYED- AND EXTENDED-RELEASE)","ADDED","02553074"
"102418","132","TABLET (ORALLY-DISINTEGRATING)","ADDED","02535327"
"96748","141","CAPSULE (EXTENDED-RELEASE)","ADDED","02476630"
"107194","53","GRANULES","ADDED","02569736"
"83350","132","TABLET (ORALLY-DISINTEGRATING)","ADDED","02348160"
"100540","137","CAPSULE (DELAYED RELEASE)","REMOVED","02516047"
"73996","141","CAPSULE (EXTENDED-RELEASE)","ADDED","02254808"
"104203","188","CAPSULE (DELAYED AND EXTENDED RELEASE)","REMOVED","02553074"
"99322","118","POWDER FOR SUSPENSION, SUSTAINED-RELEASE","REMOVED","02503786"
"81618","150","TABLET (IMMEDIATE-RELEASE)","ADDED","02330458"
"92433","137","CAPSULE (DELAYED-RELEASE)","ADDED","02439948"
"99263","1","METERED-DOSE AEROSOL","REMOVED","02503123"
"92480","137","CAPSULE (DELAYED-RELEASE)","ADDED","02440431"
"78899","158","SPRAY (METERED-DOSE)","ADDED","02303671"
"87460","132","TABLET (ORALLY-DISINTEGRATING)","ADDED","02389088"
"97989","137","CAPSULE (DELAYED RELEASE)","REMOVED","02489813"
"88315","150","TABLET (IMMEDIATE-RELEASE)","ADDED","02398214"
"100628","150","TABLET (IMMEDIATE RELEASE)","REMOVED","02516942"
"94436","141","CAPSULE (EXTENDED-RELEASE)","ADDED","02457296"
"100872","132","TABLET (ORALLY DISINTEGRATING)","REMOVED","02519453"
"99908","132","TABLET (ORALLY-DISINTEGRATING)","ADDED","02509814"
"84676","170","TABLET (IMMEDIATE- AND DELAYED-RELEASE)","ADDED","02361701"
"91122","137","CAPSULE (DELAYED-RELEASE)","ADDED","02426641"
"78181","141","CAPSULE (EXTENDED-RELEASE)","ADDED","02296489"
"91121","137","CAPSULE (DELAYED RELEASE)","REMOVED","02426633"
"88170","132","TABLET (ORALLY-DISINTEGRATING)","ADDED","02396661"
"93037","148","GRANULES FOR SUSPENSION (DELAYED-RELEASE","ADDED","02445158"
"78945","160","PATCH (EXTENDED-RELEASE)","ADDED","02304147"
"44014","118","POWDER FOR SUSPENSION, SUSTAINED-RELEASE","REMOVED","02148730"
"87341","150","TABLET (IMMEDIATE RELEASE)","REMOVED","02387832"
"92478","141","CAPSULE (EXTENDED-RELEASE)","ADDED","02440415"
"98527","137","CAPSULE (DELAYED-RELEASE)","ADDED","02495341"
"37164","158","SPRAY, METERED DOSE","REMOVED","02218607"
"83709","141","CAPSULE (EXTENDED RELEASE)","REMOVED","02351854"
"14502","141","CAPSULE (EXTENDED-RELEASE)","ADDED","02019949"
"75214","141","CAPSULE (EXTENDED-RELEASE)","ADDED","02266725"
"96283","164","SPRAY (BAG-ON-VALVE)","ADDED","02473429"
"77054","132","TABLET (ORALLY-DISINTEGRATING)","ADDED","02285010"
"101332","132","TABLET (ORALLY-DISINTEGRATING)","ADDED","02524287"
"91180","141","CAPSULE (EXTENDED-RELEASE)","ADDED","02427273"
"101066","141","CAPSULE (EXTENDED RELEASE)","REMOVED","02521474"
"90545","118","POWDER FOR SUSPENSION (SUSTAINED-RELEASE","ADDED","02420864"
"9858","160","PATCH (EXTENDED-RELEASE)","ADDED","00584223"
"93023","118","POWDER FOR SUSPENSION (SUSTAINED-RELEASE","ADDED","02445026"
"46020","158","SPRAY (METERED-DOSE)","ADDED","01901532"
"50796","141","CAPSULE (EXTENDED RELEASE)","REMOVED","02231472"
"97648","150","TABLET (IMMEDIATE RELEASE)","REMOVED","02486253"
"90447","162","AEROSOL (METERED-DOSE)","ADDED","02419858"
"79306","132","TABLET (ORALLY-DISINTEGRATING)","ADDED","02307383"
"87757","141","CAPSULE (EXTENDED RELEASE)","REMOVED","02392291"
"91312","158","SPRAY (METERED-DOSE)","ADDED","02428679"
"82535","132","TABLET (ORALLY DISINTEGRATING)","REMOVED","02339811"
"107264","85","TABLET","ADDED","02570491"
"87273","132","TABLET (ORALLY DISINTEGRATING)","REMOVED","02387158"
"107248","5","CAPSULE","ADDED","02570327"
"93280","150","TABLET (IMMEDIATE-RELEASE)","ADDED","02447258"
"102033","158","SPRAY, METERED DOSE","REMOVED","02531186"
"49895","158","SPRAY, METERED DOSE","REMOVED","02230648"
"96040","141","CAPSULE (EXTENDED RELEASE)","REMOVED","02471299"
"103514","141","CAPSULE (EXTENDED RELEASE)","REMOVED","02546450"
"95931","181","CAPSULE (CONTROLLED RELEASE)","REMOVED","02470330"
"85565","141","CAPSULE (EXTENDED-RELEASE)","ADDED","02370506"
"98192","141","CAPSULE (EXTENDED-RELEASE)","ADDED","02491915"
"96746","141","CAPSULE (EXTENDED RELEASE)","REMOVED","02476614"
"88255","132","TABLET (ORALLY-DISINTEGRATING)","ADDED","02397617"
"90414","132","TABLET (ORALLY-DISINTEGRATING)","ADDED","02419513"
"85575","141","CAPSULE (EXTENDED-RELEASE)","ADDED","02370611"
"92365","141","CAPSULE (EXTENDED RELEASE)","REMOVED","02439263"
"102501","132","TABLET (ORALLY-DISINTEGRATING)","ADDED","02536226"
"98047","137","CAPSULE (DELAYED RELEASE)","REMOVED","02490412"
"98047","137","CAPSULE (DELAYED-RELEASE)","ADDED","02490412"
"107253","85","TABLET","ADDED","02570386"
"50458","141","CAPSULE (EXTENDED-RELEASE)","ADDED","02231150"
"104347","132","TABLET (ORALLY-DISINTEGRATING)","ADDED","02554631"
"83022","141","CAPSULE (EXTENDED RELEASE)","REMOVED","02344742"
"92879","141","CAPSULE (EXTENDED-RELEASE)","ADDED","02444003"
"94082","132","TABLET (ORALLY DISINTEGRATING)","REMOVED","02454300"
"107191","85","TABLET","ADDED","02569698"
"92741","132","TABLET (ORALLY-DISINTEGRATING)","ADDED","02442906"
"75483","132","TABLET (ORALLY-DISINTEGRATING)","ADDED","02269457"
"104202","188","CAPSULE (DELAYED AND EXTENDED RELEASE)","REMOVED","02553066"
"8175","160","PATCH (EXTENDED-RELEASE)","ADDED","00756792"
"11226","160","PATCH (EXTENDED-RELEASE)","ADDED","01911929"
"90544","141","CAPSULE (EXTENDED RELEASE)","REMOVED","02420856"
"99712","137","CAPSULE (DELAYED-RELEASE)","ADDED","02507722"
"107241","85","TABLET","ADDED","02570254"
"92363","141","CAPSULE (EXTENDED-RELEASE)","ADDED","02439247"
"106593","141","CAPSULE (EXTENDED RELEASE)","REMOVED","02563126"
"92645","132","TABLET (ORALLY-DISINTEGRATING)","ADDED","02442094"
"87139","137","CAPSULE (DELAYED-RELEASE)","ADDED","02385775"
"92741","132","TABLET (ORALLY DISINTEGRATING)","REMOVED","02442906"
"107179","109","TABLET (DELAYED-RELEASE)","ADDED","02569566"
"85906","141","CAPSULE (EXTENDED-RELEASE)","ADDED","02373858"
"73669","173","TABLET (IMMEDIATE AND EXTENDED RELEASE)","REMOVED","02251787"
"81290","132","TABLET (ORALLY-DISINTEGRATING)","ADDED","02327589"
"63646","150","TABLET (IMMEDIATE RELEASE)","REMOVED","02240132"
"94833","141","CAPSULE (EXTENDED RELEASE)","REMOVED","02460858"
"94755","141","CAPSULE (EXTENDED-RELEASE)","ADDED","02460262"
"94673","161","CAPSULE (IMMEDIATE RELEASE)","REMOVED","02459477"
"10666","153","POWDER (METERED DOSE)","REMOVED","00851752"
"89440","153","POWDER (METERED DOSE)","REMOVED","02409720"
"91691","137","CAPSULE (DELAYED RELEASE)","REMOVED","02432447"
"97782","132","TABLET (ORALLY-DISINTEGRATING)","ADDED","02487675"
"11225","160","PATCH (EXTENDED RELEASE)","REMOVED","01911902"
"77052","132","TABLET (ORALLY DISINTEGRATING)","REMOVED","02284995"
"72648","158","SPRAY, METERED DOSE","REMOVED","02248307"
"89814","132","TABLET (ORALLY DISINTEGRATING)","REMOVED","02413485"
"100541","137","CAPSULE (DELAYED RELEASE)","REMOVED","02516055"
"74093","118","POWDER FOR SUSPENSION, SUSTAINED-RELEASE","REMOVED","02255758"
"99721","118","POWDER FOR SUSPENSION (SUSTAINED-RELEASE","ADDED","02507838"
"95357","141","CAPSULE (EXTENDED-RELEASE)","ADDED","02465388"
"73998","141","CAPSULE (EXTENDED RELEASE)","REMOVED","02254824"
"84014","137","CAPSULE (DELAYED RELEASE)","REMOVED","02354950"
"107247","59","SHAMPOO","ADDED","02570319"
"66190","158","SPRAY, METERED DOSE","REMOVED","02242465"
"96747","141","CAPSULE (EXTENDED-RELEASE)","ADDED","02476622"
"89131","132","TABLET (ORALLY DISINTEGRATING)","REMOVED","02406624"
"99126","150","TABLET (IMMEDIATE-RELEASE)","ADDED","02501643"
"103514","141","CAPSULE (EXTENDED-RELEASE)","ADDED","02546450"
"93993","137","CAPSULE (DELAYED-RELEASE)","ADDED","02453398"
"92129","132","TABLET (ORALLY-DISINTEGRATING)","ADDED","02436973"
"89940","137","CAPSULE (DELAYED-RELEASE)","ADDED","02414775"
"90545","118","POWDER FOR SUSPENSION, SUSTAINED-RELEASE","REMOVED","02420864"
"89766","150","TABLET (IMMEDIATE RELEASE)","REMOVED","02412977"
"87859","132","TABLET (ORALLY-DISINTEGRATING)","ADDED","02393360"
"106753","141","CAPSULE (EXTENDED RELEASE)","REMOVED","02564874"
"89768","150","TABLET (IMMEDIATE RELEASE)","REMOVED","02412993"
"92202","158","SPRAY, METERED DOSE","REMOVED","02437635"
"107190","85","TABLET","ADDED","02569671"
"83806","132","TABLET (ORALLY-DISINTEGRATING)","ADDED","02352826"
"81180","1","METERED-DOSE AEROSOL","REMOVED","02326450"
"97348","155","SOLUTION (EXTENDED-RELEASE)","ADDED","02483084"
"89644","137","CAPSULE (DELAYED-RELEASE)","ADDED","02411857"
"92348","137","CAPSULE (DELAYED RELEASE)","REMOVED","02439115"
"98530","141","CAPSULE (EXTENDED RELEASE)","REMOVED","02495384"
"100436","132","TABLET (ORALLY DISINTEGRATING)","REMOVED","02514966"
"97975","141","CAPSULE (EXTENDED RELEASE)","REMOVED","02489686"
"101819","137","CAPSULE (DELAYED-RELEASE)","ADDED","02528991"
"91723","173","TABLET (IMMEDIATE- AND EXTENDED-RELEASE)","ADDED","02432854"
"102573","141","CAPSULE (EXTENDED RELEASE)","REMOVED","02537028"
"14565","158","SPRAY (METERED-DOSE)","ADDED","01950541"
"44013","118","POWDER FOR SUSPENSION, SUSTAINED-RELEASE","REMOVED","02148722"
"80244","141","CAPSULE (EXTENDED-RELEASE)","ADDED","02316943"
"78852","132","TABLET (ORALLY DISINTEGRATING)","REMOVED","02303191"
"94752","161","CAPSULE (IMMEDIATE RELEASE)","REMOVED","02460238"
"88747","137","CAPSULE (DELAYED RELEASE)","REMOVED","02402629"
"100851","132","TABLET (ORALLY DISINTEGRATING)","REMOVED","02519232"
"90983","141","CAPSULE (EXTENDED RELEASE)","REMOVED","02425173"
"78853","132","TABLET (ORALLY-DISINTEGRATING)","ADDED","02303205"
"93129","141","CAPSULE (EXTENDED RELEASE)","REMOVED","02446022"
"94640","161","CAPSULE (IMMEDIATE-RELEASE)","ADDED","02459213"
"106750","141","CAPSULE (EXTENDED-RELEASE)","ADDED","02564831"
"62792","118","POWDER FOR SUSPENSION, SUSTAINED-RELEASE","REMOVED","02239323"
"77446","141","CAPSULE (EXTENDED RELEASE)","REMOVED","02289075"
"85513","132","TABLET (ORALLY DISINTEGRATING)","REMOVED","02370107"
"81736","141","CAPSULE (EXTENDED-RELEASE)","ADDED","02331667"
"82912","132","TABLET (ORALLY DISINTEGRATING)","REMOVED","02343681"
"104199","188","CAPSULE (DELAYED AND EXTENDED RELEASE)","REMOVED","02553023"
"99514","137","CAPSULE (DELAYED RELEASE)","REMOVED","02505762"
"86592","141","CAPSULE (EXTENDED RELEASE)","REMOVED","02380080"
"83820","132","TABLET (ORALLY-DISINTEGRATING)","ADDED","02352974"
"27081","137","CAPSULE (DELAYED RELEASE)","REMOVED","02045834"
"87767","132","TABLET (ORALLY DISINTEGRATING)","REMOVED","02392399"
"102500","132","TABLET (ORALLY DISINTEGRATING)","REMOVED","02536218"
"9858","160","PATCH (EXTENDED RELEASE)","REMOVED","00584223"
"81289","132","TABLET (ORALLY DISINTEGRATING)","REMOVED","02327570"
"92335","137","CAPSULE (DELAYED RELEASE)","REMOVED","02438984"
"88953","132","TABLET (ORALLY-DISINTEGRATING)","ADDED","02404737"
"94830","141","CAPSULE (EXTENDED-RELEASE)","ADDED","02460815"
"50799","141","CAPSULE (EXTENDED-RELEASE)","ADDED","02231475"
"83707","141","CAPSULE (EXTENDED RELEASE)","REMOVED","02351838"
"85559","132","TABLET (ORALLY DISINTEGRATING)","REMOVED","02370433"
"71973","132","TABLET (ORALLY DISINTEGRATING)","REMOVED","02247705"
"84500","141","CAPSULE (EXTENDED-RELEASE)","ADDED","02360020"
"94826","141","CAPSULE (EXTENDED-RELEASE)","ADDED","02460777"
"94828","141","CAPSULE (EXTENDED-RELEASE)","ADDED","02460793"
"19807","158","SPRAY, METERED DOSE","REMOVED","02213834"
"85230","141","CAPSULE (EXTENDED RELEASE)","REMOVED","02367459"
"96567","137","CAPSULE (DELAYED-RELEASE)","ADDED","02475308"
"78854","132","TABLET (ORALLY DISINTEGRATING)","REMOVED","02303213"
"101514","155","SOLUTION (EXTENDED RELEASE)","REMOVED","02526018"
"98479","137","CAPSULE (DELAYED-RELEASE)","ADDED","02494817"
"95347","167","FILM (SOLUBLE)","ADDED","02465272"
"99310","164","SPRAY, BAG-ON-VALVE","REMOVED","02503654"
"87127","137","CAPSULE (DELAYED-RELEASE)","ADDED","02385643"
"90142","161","CAPSULE (IMMEDIATE RELEASE)","REMOVED","02416816"
"86853","132","TABLET (ORALLY-DISINTEGRATING)","ADDED","02382717"
"86742","132","TABLET (ORALLY DISINTEGRATING)","REMOVED","02381575"
"87860","132","TABLET (ORALLY-DISINTEGRATING)","ADDED","02393379"
"66955","132","TABLET (ORALLY-DISINTEGRATING)","ADDED","02243088"
"88469","150","TABLET (IMMEDIATE-RELEASE)","ADDED","02399849"
"80676","132","TABLET (ORALLY-DISINTEGRATING)","ADDED","02321378"
"76548","132","TABLET (ORALLY-DISINTEGRATING)","ADDED","02279908"
"101196","137","CAPSULE (DELAYED-RELEASE)","ADDED","02522861"
"85512","132","TABLET (ORALLY DISINTEGRATING)","REMOVED","02370093"
"98250","132","TABLET (ORALLY-DISINTEGRATING)","ADDED","02492490"
"74089","118","POWDER FOR SUSPENSION (SUSTAINED-RELEASE","ADDED","02255707"
"9512","137","CAPSULE (DELAYED RELEASE)","REMOVED","00789429"
"97649","150","TABLET (IMMEDIATE RELEASE)","REMOVED","02486261"
"86583","132","TABLET (ORALLY-DISINTEGRATING)","ADDED","02379988"
"82360","132","TABLET (ORALLY-DISINTEGRATING)","ADDED","02337959"
"91903","173","TABLET (IMMEDIATE AND EXTENDED RELEASE)","REMOVED","02434725"
"96255","137","CAPSULE (DELAYED RELEASE)","REMOVED","02473216"
"79170","158","SPRAY (METERED-DOSE)","ADDED","02306158"
"86411","150","TABLET (IMMEDIATE-RELEASE)","ADDED","02378299"
"99722","118","POWDER FOR SUSPENSION, SUSTAINED-RELEASE","REMOVED","02507846"
"86593","141","CAPSULE (EXTENDED-RELEASE)","ADDED","02380099"
"89216","160","PATCH (EXTENDED-RELEASE)","ADDED","02407477"
"91313","158","SPRAY (METERED-DOSE)","ADDED","02428687"
"80582","161","CAPSULE (IMMEDIATE RELEASE)","REMOVED","02320398"
"83023","141","CAPSULE (EXTENDED RELEASE)","REMOVED","02344750"
"94081","132","TABLET (ORALLY DISINTEGRATING)","REMOVED","02454297"
"104351","132","TABLET (ORALLY DISINTEGRATING)","REMOVED","02554682"
"69063","137","CAPSULE (DELAYED-RELEASE)","ADDED","02245059"
"89132","132","TABLET (ORALLY-DISINTEGRATING)","ADDED","02406632"
"84680","162","AEROSOL (METERED-DOSE)","ADDED","02361752"
"66953","132","TABLET (ORALLY DISINTEGRATING)","REMOVED","02243086"
"14742","160","PATCH (EXTENDED RELEASE)","REMOVED","02011271"
"74091","118","POWDER FOR SUSPENSION (SUSTAINED-RELEASE","ADDED","02255723"
"16579","141","CAPSULE (EXTENDED-RELEASE)","ADDED","02042274"
"61088","132","TABLET (ORALLY DISINTEGRATING)","REMOVED","02237734"
"83707","141","CAPSULE (EXTENDED-RELEASE)","ADDED","02351838"
"79305","132","TABLET (ORALLY-DISINTEGRATING)","ADDED","02307375"
"87870","132","TABLET (ORALLY-DISINTEGRATING)","ADDED","02393484"
"73177","141","CAPSULE (EXTENDED-RELEASE)","ADDED","02248808"
"92479","137","CAPSULE (DELAYED RELEASE)","REMOVED","02440423"
"96041","141","CAPSULE (EXTENDED-RELEASE)","ADDED","02471302"
"82198","158","SPRAY, METERED DOSE","REMOVED","02336405"
"95933","181","CAPSULE (CONTROLLED-RELEASE)","ADDED","02470357"
"84679","162","AEROSOL, METERED DOSE","REMOVED","02361744"
"94827","141","CAPSULE (EXTENDED RELEASE)","REMOVED","02460785"
"85582","132","TABLET (ORALLY-DISINTEGRATING)","ADDED","02370697"
"83998","169","GRANULES FOR SUSPENSION,EXTENDED RELEASE","REMOVED","02354802"
"92880","141","CAPSULE (EXTENDED-RELEASE)","ADDED","02444011"
"95593","132","TABLET (ORALLY-DISINTEGRATING)","ADDED","02467577"
"82911","132","TABLET (ORALLY-DISINTEGRATING)","ADDED","02343673"
"103857","150","TABLET (IMMEDIATE RELEASE)","REMOVED","02549751"
"27084","137","CAPSULE (DELAYED-RELEASE)","ADDED","02045869"
"97349","155","SOLUTION (EXTENDED-RELEASE)","ADDED","02483092"
"107214","134","SOLUTION","ADDED","02569949"
"90143","161","CAPSULE (IMMEDIATE RELEASE)","REMOVED","02416824"
"106570","118","POWDER FOR SUSPENSION, SUSTAINED-RELEASE","REMOVED","02562855"
"84278","137","CAPSULE (DELAYED RELEASE)","REMOVED","02357682"
"106263","141","CAPSULE (EXTENDED RELEASE)","REMOVED","02559471"
"92404","132","TABLET (ORALLY DISINTEGRATING)","REMOVED","02439646"
"91803","137","CAPSULE (DELAYED RELEASE)","REMOVED","02433672"
"89690","118","POWDER FOR SUSPENSION, SUSTAINED-RELEASE","REMOVED","02412322"
"90194","158","SPRAY (METERED-DOSE)","ADDED","02417316"
"87313","132","TABLET (ORALLY-DISINTEGRATING)","ADDED","02387522"
"99127","150","TABLET (IMMEDIATE-RELEASE)","ADDED","02501651"
"78387","141","CAPSULE (EXTENDED RELEASE)","REMOVED","02298570"
"10318","118","POWDER FOR SUSPENSION (SUSTAINED-RELEASE","ADDED","00836273"
"95348","167","FILM, SOLUBLE","REMOVED","02465280"
"98358","137","CAPSULE (DELAYED RELEASE)","REMOVED","02493586"
"77715","132","TABLET (ORALLY DISINTEGRATING)","REMOVED","02291797"
"96040","141","CAPSULE (EXTENDED-RELEASE)","ADDED","02471299"
"9513","137","CAPSULE (DELAYED RELEASE)","REMOVED","00789437"
"85288","161","CAPSULE (IMMEDIATE-RELEASE)","ADDED","02368064"
"107269","59","SHAMPOO","ADDED","02570556"
"93077","141","CAPSULE (EXTENDED-RELEASE)","ADDED","02445492"
"93278","150","TABLET (IMMEDIATE RELEASE)","REMOVED","02447215"
"92284","132","TABLET (ORALLY-DISINTEGRATING)","ADDED","02438453"
"77980","132","TABLET (ORALLY DISINTEGRATING)","REMOVED","02294451"
"91313","158","SPRAY, METERED DOSE","REMOVED","02428687"
"82505","141","CAPSULE (EXTENDED-RELEASE)","ADDED","02339439"
"101331","132","TABLET (ORALLY-DISINTEGRATING)","ADDED","02524279"
"99310","164","SPRAY (BAG-ON-VALVE)","ADDED","02503654"
"85560","141","CAPSULE (EXTENDED RELEASE)","REMOVED","02370441"
"83972","158","SPRAY (METERED-DOSE)","ADDED","02354551"
"83807","132","TABLET (ORALLY-DISINTEGRATING)","ADDED","02352834"
"106507","141","CAPSULE (EXTENDED RELEASE)","REMOVED","02562170"
"81740","141","CAPSULE (EXTENDED RELEASE)","REMOVED","02331705"
"81319","132","TABLET (ORALLY-DISINTEGRATING)","ADDED","02327783"
"97988","137","CAPSULE (DELAYED-RELEASE)","ADDED","02489805"
"99264","162","AEROSOL (METERED-DOSE)","ADDED","02503131"
"89133","132","TABLET (ORALLY DISINTEGRATING)","REMOVED","02406640"
"92245","137","CAPSULE (DELAYED RELEASE)","REMOVED","02438097"
"92128","132","TABLET (ORALLY DISINTEGRATING)","REMOVED","02436965"
"89815","132","TABLET (ORALLY DISINTEGRATING)","REMOVED","02413493"
"82507","141","CAPSULE (EXTENDED RELEASE)","REMOVED","02339455"
"107016","118","POWDER FOR SUSPENSION, SUSTAINED-RELEASE","REMOVED","02567784"
"97975","141","CAPSULE (EXTENDED-RELEASE)","ADDED","02489686"
"85578","141","CAPSULE (EXTENDED-RELEASE)","ADDED","02370654"
"98504","137","CAPSULE (DELAYED-RELEASE)","ADDED","02495090"
"82360","132","TABLET (ORALLY DISINTEGRATING)","REMOVED","02337959"
"97750","132","TABLET (ORALLY-DISINTEGRATING)","ADDED","02487330"
"96475","153","POWDER (METERED-DOSE)","ADDED","02474638"
"100627","150","TABLET (IMMEDIATE-RELEASE)","ADDED","02516934"
"104199","188","CAPSULE (DELAYED- AND EXTENDED-RELEASE)","ADDED","02553023"
"93082","141","CAPSULE (EXTENDED-RELEASE)","ADDED","02445549"
"92356","150","TABLET (IMMEDIATE RELEASE)","REMOVED","02439182"
"96217","132","TABLET (ORALLY DISINTEGRATING)","REMOVED","02472848"
"78469","141","CAPSULE (EXTENDED RELEASE)","REMOVED","02299305"
"92479","137","CAPSULE (DELAYED-RELEASE)","ADDED","02440423"
"71971","132","TABLET (ORALLY DISINTEGRATING)","REMOVED","02247704"
"76055","141","CAPSULE (EXTENDED-RELEASE)","ADDED","02275031"
"82803","132","TABLET (ORALLY DISINTEGRATING)","REMOVED","02342545"
"93823","141","CAPSULE (EXTENDED-RELEASE)","ADDED","02451867"
"103765","132","TABLET (ORALLY DISINTEGRATING)","REMOVED","02548828"
"100589","141","CAPSULE (EXTENDED RELEASE)","REMOVED","02516543"
"106333","141","CAPSULE (EXTENDED-RELEASE)","ADDED","02560259"
"104460","155","SOLUTION (EXTENDED RELEASE)","REMOVED","02555875"
"100871","132","TABLET (ORALLY-DISINTEGRATING)","ADDED","02519445"
"100301","137","CAPSULE (DELAYED RELEASE)","REMOVED","02513803"
"50461","141","CAPSULE (EXTENDED RELEASE)","REMOVED","02231154"
"102567","141","CAPSULE (EXTENDED-RELEASE)","ADDED","02536943"
"106752","141","CAPSULE (EXTENDED RELEASE)","REMOVED","02564866"
"101783","141","CAPSULE (EXTENDED-RELEASE)","ADDED","02528622"
"90144","161","CAPSULE (IMMEDIATE RELEASE)","REMOVED","02416832"
"100627","150","TABLET (IMMEDIATE RELEASE)","REMOVED","02516934"
"83972","158","SPRAY, METERED DOSE","REMOVED","02354551"
"88467","150","TABLET (IMMEDIATE RELEASE)","REMOVED","02399822"
"85566","141","CAPSULE (EXTENDED-RELEASE)","ADDED","02370514"
"67797","118","POWDER FOR SUSPENSION (SUSTAINED-RELEASE","ADDED","02243856"
"71974","132","TABLET (ORALLY-DISINTEGRATING)","ADDED","02247706"
"27084","137","CAPSULE (DELAYED RELEASE)","REMOVED","02045869"
"103319","118","POWDER FOR SUSPENSION, SUSTAINED-RELEASE","REMOVED","02544628"
"90220","158","SPRAY, METERED DOSE","REMOVED","02417510"
"92476","141","CAPSULE (EXTENDED RELEASE)","REMOVED","02440393"
"94440","141","CAPSULE (EXTENDED-RELEASE)","ADDED","02457342"
"90040","132","TABLET (ORALLY DISINTEGRATING)","REMOVED","02415801"
"82485","141","CAPSULE (EXTENDED RELEASE)","REMOVED","02339242"
"93137","137","CAPSULE (DELAYED RELEASE)","REMOVED","02446103"
"78960","141","CAPSULE (EXTENDED RELEASE)","REMOVED","02304317"
"67243","141","CAPSULE (EXTENDED-RELEASE)","ADDED","02243338"
"97213","137","CAPSULE (DELAYED RELEASE)","REMOVED","02481952"
"89213","160","PATCH (EXTENDED-RELEASE)","ADDED","02407442"
"82433","132","TABLET (ORALLY-DISINTEGRATING)","ADDED","02338661"
"64089","132","TABLET (ORALLY DISINTEGRATING)","REMOVED","02240518"
"91923","132","TABLET (ORALLY-DISINTEGRATING)","ADDED","02434946"
"85583","132","TABLET (ORALLY DISINTEGRATING)","REMOVED","02370700"
"87154","141","CAPSULE (EXTENDED-RELEASE)","ADDED","02385937"
"90693","137","CAPSULE (DELAYED-RELEASE)","ADDED","02422220"
"86409","150","TABLET (IMMEDIATE-RELEASE)","ADDED","02378272"
"86410","150","TABLET (IMMEDIATE RELEASE)","REMOVED","02378280"
"94783","158","SPRAY, METERED DOSE","REMOVED","02460475"
"77112","162","AEROSOL (METERED-DOSE)","ADDED","02285614"
"77919","137","CAPSULE (DELAYED-RELEASE)","ADDED","02293811"
"84680","162","AEROSOL, METERED DOSE","REMOVED","02361752"
"42848","141","CAPSULE (EXTENDED-RELEASE)","ADDED","02184451"
"101207","141","CAPSULE (EXTENDED RELEASE)","REMOVED","02522993"
"3043","134","SOLUTION","ADDED","00392588"
"92284","132","TABLET (ORALLY DISINTEGRATING)","REMOVED","02438453"
"99224","137","CAPSULE (DELAYED-RELEASE)","ADDED","02502690"
"84501","141","CAPSULE (EXTENDED-RELEASE)","ADDED","02360039"
"88318","150","TABLET (IMMEDIATE-RELEASE)","ADDED","02398249"
"90693","137","CAPSULE (DELAYED RELEASE)","REMOVED","02422220"
"48922","118","POWDER FOR SUSPENSION, SUSTAINED-RELEASE","REMOVED","02230248"
"98925","132","TABLET (ORALLY DISINTEGRATING)","REMOVED","02499517"
"100224","164","SPRAY, BAG-ON-VALVE","REMOVED","02513005"
"87007","137","CAPSULE (DELAYED RELEASE)","REMOVED","02384337"
"89131","132","TABLET (ORALLY-DISINTEGRATING)","ADDED","02406624"
"96039","141","CAPSULE (EXTENDED RELEASE)","REMOVED","02471280"
"97648","150","TABLET (IMMEDIATE-RELEASE)","ADDED","02486253"
"85906","141","CAPSULE (EXTENDED RELEASE)","REMOVED","02373858"
"65137","162","AEROSOL (METERED-DOSE)","ADDED","02241497"
"89817","132","TABLET (ORALLY-DISINTEGRATING)","ADDED","02413515"
"97781","132","TABLET (ORALLY DISINTEGRATING)","REMOVED","02487667"
"103552","132","TABLET (ORALLY DISINTEGRATING)","REMOVED","02546841"
"87339","150","TABLET (IMMEDIATE RELEASE)","REMOVED","02387816"
"79314","132","TABLET (ORALLY DISINTEGRATING)","REMOVED","02307472"
"8386","160","PATCH (EXTENDED-RELEASE)","ADDED","00756849"
"81739","141","CAPSULE (EXTENDED-RELEASE)","ADDED","02331691"
"84560","132","TABLET (ORALLY DISINTEGRATING)","REMOVED","02360632"
"85577","141","CAPSULE (EXTENDED RELEASE)","REMOVED","02370646"
"81615","150","TABLET (IMMEDIATE-RELEASE)","ADDED","02330415"
"97946","132","TABLET (ORALLY DISINTEGRATING)","REMOVED","02489376"
"101246","137","CAPSULE (DELAYED-RELEASE)","ADDED","02523353"
"92396","153","POWDER (METERED-DOSE)","ADDED","02439530"
"99000","167","FILM (SOLUBLE)","ADDED","02500302"
"83591","167","FILM (SOLUBLE)","ADDED","02350726"
"76618","137","CAPSULE (DELAYED RELEASE)","REMOVED","02280523"
"87679","132","TABLET (ORALLY-DISINTEGRATING)","ADDED","02391449"
"90817","132","TABLET (ORALLY-DISINTEGRATING)","ADDED","02423456"
"11225","160","PATCH (EXTENDED-RELEASE)","ADDED","01911902"
"69062","137","CAPSULE (DELAYED-RELEASE)","ADDED","02245058"
"96466","161","CAPSULE (IMMEDIATE-RELEASE)","ADDED","02474506"
"94802","158","SPRAY (METERED-DOSE)","ADDED","02460599"
"92316","132","TABLET (ORALLY-DISINTEGRATING)","ADDED","02438763"
"98529","141","CAPSULE (EXTENDED RELEASE)","REMOVED","02495376"
"77983","132","TABLET (ORALLY-DISINTEGRATING)","ADDED","02294494"
"73179","141","CAPSULE (EXTENDED-RELEASE)","ADDED","02248810"
"92051","132","TABLET (ORALLY DISINTEGRATING)","REMOVED","02436175"
"107265","85","TABLET","ADDED","02570505"
"89214","160","PATCH (EXTENDED RELEASE)","REMOVED","02407450"
"93078","141","CAPSULE (EXTENDED-RELEASE)","ADDED","02445506"
"97523","141","CAPSULE (EXTENDED-RELEASE)","ADDED","02484951"
"93832","137","CAPSULE (DELAYED RELEASE)","REMOVED","02451921"
"106998","141","CAPSULE (EXTENDED-RELEASE)","ADDED","02567571"
"76617","137","CAPSULE (DELAYED-RELEASE)","ADDED","02280515"
"16481","150","TABLET (IMMEDIATE RELEASE)","REMOVED","02014254"
"88837","158","SPRAY, METERED DOSE","REMOVED","02403587"
"86508","132","TABLET (ORALLY DISINTEGRATING)","REMOVED","02379198"
"77647","141","CAPSULE (EXTENDED RELEASE)","REMOVED","02291088"
"86853","132","TABLET (ORALLY DISINTEGRATING)","REMOVED","02382717"
"103858","150","TABLET (IMMEDIATE RELEASE)","REMOVED","02549778"
"78681","137","CAPSULE (DELAYED RELEASE)","REMOVED","02301482"
"91739","137","CAPSULE (DELAYED-RELEASE)","ADDED","02433028"
"65841","141","CAPSULE (EXTENDED-RELEASE)","ADDED","02242163"
"92355","150","TABLET (IMMEDIATE RELEASE)","REMOVED","02439174"
"94439","141","CAPSULE (EXTENDED-RELEASE)","ADDED","02457334"
"82589","132","TABLET (ORALLY DISINTEGRATING)","REMOVED","02340313"
"97221","132","TABLET (ORALLY DISINTEGRATING)","REMOVED","02481723"
"93420","132","TABLET (ORALLY DISINTEGRATING)","REMOVED","02448505"
"98636","137","CAPSULE (DELAYED-RELEASE)","ADDED","02496496"
"100545","141","CAPSULE (EXTENDED RELEASE)","REMOVED","02516101"
"36179","137","CAPSULE (DELAYED RELEASE)","REMOVED","02200104"
"93444","132","TABLET (ORALLY DISINTEGRATING)","REMOVED","02448726"
"89906","137","CAPSULE (DELAYED RELEASE)","REMOVED","02414406"
"88955","132","TABLET (ORALLY-DISINTEGRATING)","ADDED","02404745"
"72637","160","PATCH (EXTENDED RELEASE)","REMOVED","02248297"
"107234","85","TABLET","ADDED","02570165"
"95349","167","FILM (SOLUBLE)","ADDED","02465299"
"92353","150","TABLET (IMMEDIATE RELEASE)","REMOVED","02439158"
"97214","137","CAPSULE (DELAYED RELEASE)","REMOVED","02481960"
"70040","141","CAPSULE (EXTENDED-RELEASE)","ADDED","02245920"
"90407","132","TABLET (ORALLY DISINTEGRATING)","REMOVED","02419440"
"102517","137","CAPSULE (DELAYED-RELEASE)","ADDED","02536390"
"86506","137","CAPSULE (DELAYED RELEASE)","REMOVED","02379171"
"85907","141","CAPSULE (EXTENDED RELEASE)","REMOVED","02373866"
"75581","150","TABLET (IMMEDIATE RELEASE)","REMOVED","02270439"
"49895","158","SPRAY (METERED-DOSE)","ADDED","02230648"
"3042","34","LIQUID","REMOVED","00392561"
"83711","132","TABLET (ORALLY-DISINTEGRATING)","ADDED","02351870"
"85288","161","CAPSULE (IMMEDIATE RELEASE)","REMOVED","02368064"
"78009","158","SPRAY (METERED-DOSE)","ADDED","02294745"
"76283","141","CAPSULE (EXTENDED-RELEASE)","ADDED","02277182"
"95359","141","CAPSULE (EXTENDED-RELEASE)","ADDED","02465418"
"85396","137","CAPSULE (DELAYED RELEASE)","REMOVED","02369001"
"92353","150","TABLET (IMMEDIATE-RELEASE)","ADDED","02439158"
"99189","167","FILM (SOLUBLE)","ADDED","02502313"
"92404","132","TABLET (ORALLY-DISINTEGRATING)","ADDED","02439646"
"95283","137","CAPSULE (DELAYED-RELEASE)","ADDED","02464705"
"106751","141","CAPSULE (EXTENDED RELEASE)","REMOVED","02564858"
"107209","5","CAPSULE","ADDED","02569892"
"94019","137","CAPSULE (DELAYED-RELEASE)","ADDED","02453630"
"97244","137","CAPSULE (DELAYED RELEASE)","REMOVED","02482134"
"16480","150","TABLET (IMMEDIATE-RELEASE)","ADDED","02014238"
"106505","141","CAPSULE (EXTENDED RELEASE)","REMOVED","02562154"
"97751","132","TABLET (ORALLY DISINTEGRATING)","REMOVED","02487349"
"92878","141","CAPSULE (EXTENDED-RELEASE)","ADDED","02443996"
"78962","141","CAPSULE (EXTENDED RELEASE)","REMOVED","02304333"
"92356","150","TABLET (IMMEDIATE-RELEASE)","ADDED","02439182"
"96041","141","CAPSULE (EXTENDED RELEASE)","REMOVED","02471302"
"75718","141","CAPSULE (EXTENDED-RELEASE)","ADDED","02271648"
"85908","141","CAPSULE (EXTENDED RELEASE)","REMOVED","02373874"
"103025","186","TABLET (CHEWABLE, EXTENDED-RELEASE)","REMOVED","02541610"
"101247","137","CAPSULE (DELAYED RELEASE)","REMOVED","02523361"
"93280","150","TABLET (IMMEDIATE RELEASE)","REMOVED","02447258"
"85565","141","CAPSULE (EXTENDED RELEASE)","REMOVED","02370506"
"107163","59","SHAMPOO","ADDED","02569388"
"66956","132","TABLET (ORALLY DISINTEGRATING)","REMOVED","02243089"
"92140","137","CAPSULE (DELAYED RELEASE)","REMOVED","02437090"
"95344","167","FILM (SOLUBLE)","ADDED","02465248"
"85514","132","TABLET (ORALLY-DISINTEGRATING)","ADDED","02370115"
"11974","173","TABLET (IMMEDIATE AND EXTENDED RELEASE)","REMOVED","01945157"
"90981","141","CAPSULE (EXTENDED-RELEASE)","ADDED","02425157"
"87758","141","CAPSULE (EXTENDED-RELEASE)","ADDED","02392305"
"63507","118","POWDER FOR SUSPENSION (SUSTAINED-RELEASE","ADDED","02240000"
"70042","141","CAPSULE (EXTENDED RELEASE)","REMOVED","02245922"
"94523","158","SPRAY, METERED DOSE","REMOVED","02458187"
"93903","137","CAPSULE (DELAYED RELEASE)","REMOVED","02452669"
"88977","158","SPRAY, METERED DOSE","REMOVED","02404931"
"101822","137","CAPSULE (DELAYED RELEASE)","REMOVED","02529025"
"93081","141","CAPSULE (EXTENDED RELEASE)","REMOVED","02445530"
"91311","158","SPRAY, METERED DOSE","REMOVED","02428660"
"78388","158","SPRAY, METERED DOSE","REMOVED","02298589"
"84797","132","TABLET (ORALLY-DISINTEGRATING)","ADDED","02362996"
"14144","150","TABLET (IMMEDIATE-RELEASE)","ADDED","02014211"
"103856","150","TABLET (IMMEDIATE RELEASE)","REMOVED","02549743"
"95593","132","TABLET (ORALLY DISINTEGRATING)","REMOVED","02467577"
"91439","118","POWDER FOR SUSPENSION (SUSTAINED-RELEASE","ADDED","02429977"
"68599","141","CAPSULE (EXTENDED-RELEASE)","ADDED","02244612"
"87756","141","CAPSULE (EXTENDED-RELEASE)","ADDED","02392283"
"103000","167","FILM, SOLUBLE","REMOVED","02541351"
"82486","141","CAPSULE (EXTENDED RELEASE)","REMOVED","02339250"
"87100","137","CAPSULE (DELAYED-RELEASE)","ADDED","02385376"
"98092","137","CAPSULE (DELAYED RELEASE)","REMOVED","02490889"
"94440","141","CAPSULE (EXTENDED RELEASE)","REMOVED","02457342"
"91551","132","TABLET (ORALLY-DISINTEGRATING)","ADDED","02431076"
"103516","141","CAPSULE (EXTENDED RELEASE)","REMOVED","02546477"
"85564","141","CAPSULE (EXTENDED RELEASE)","REMOVED","02370492"
"92758","141","CAPSULE (EXTENDED RELEASE)","REMOVED","02443023"
"85741","137","CAPSULE (DELAYED RELEASE)","REMOVED","02372274"
"102518","137","CAPSULE (DELAYED RELEASE)","REMOVED","02536404"
"91271","132","TABLET (ORALLY DISINTEGRATING)","REMOVED","02428237"
"96120","150","TABLET (IMMEDIATE-RELEASE)","ADDED","02471965"
"100192","172","CAPSULE (IMMEDIATE AND DELAYED RELEASE)","REMOVED","02512645"
"14541","141","CAPSULE (EXTENDED RELEASE)","REMOVED","02019965"
"103319","118","POWDER FOR SUSPENSION (SUSTAINED-RELEASE","ADDED","02544628"
"92366","141","CAPSULE (EXTENDED RELEASE)","REMOVED","02439271"
"94753","161","CAPSULE (IMMEDIATE RELEASE)","REMOVED","02460246"
"106593","141","CAPSULE (EXTENDED-RELEASE)","ADDED","02563126"
"90118","141","CAPSULE (EXTENDED-RELEASE)","ADDED","02416581"
"84677","170","TABLET (IMMEDIATE- AND DELAYED-RELEASE)","ADDED","02361728"
"103858","150","TABLET (IMMEDIATE-RELEASE)","ADDED","02549778"
"75348","132","TABLET (ORALLY-DISINTEGRATING)","ADDED","02268094"
"90747","137","CAPSULE (DELAYED-RELEASE)","ADDED","02422816"
"83352","132","TABLET (ORALLY DISINTEGRATING)","REMOVED","02348187"
"87546","167","FILM (SOLUBLE)","ADDED","02389991"
"94756","141","CAPSULE (EXTENDED RELEASE)","REMOVED","02460270"
"89816","132","TABLET (ORALLY-DISINTEGRATING)","ADDED","02413507"
"89215","160","PATCH (EXTENDED-RELEASE)","ADDED","02407469"
"102928","132","TABLET (ORALLY DISINTEGRATING)","REMOVED","02540592"
"82486","141","CAPSULE (EXTENDED-RELEASE)","ADDED","02339250"
"84279","137","CAPSULE (DELAYED RELEASE)","REMOVED","02357690"
"87312","132","TABLET (ORALLY DISINTEGRATING)","REMOVED","02387514"
"96662","158","SPRAY (METERED-DOSE)","ADDED","02475863"
"75943","141","CAPSULE (EXTENDED RELEASE)","REMOVED","02273977"
"106570","118","POWDER FOR SUSPENSION (SUSTAINED-RELEASE","ADDED","02562855"
"10116","160","PATCH (EXTENDED RELEASE)","REMOVED","00852384"
"84559","132","TABLET (ORALLY-DISINTEGRATING)","ADDED","02360624"
"93925","141","CAPSULE (EXTENDED RELEASE)","REMOVED","02452847"
"103205","132","TABLET (ORALLY DISINTEGRATING)","REMOVED","02543605"
"86410","150","TABLET (IMMEDIATE-RELEASE)","ADDED","02378280"
"93276","150","TABLET (IMMEDIATE RELEASE)","REMOVED","02447193"
"104502","132","TABLET (ORALLY DISINTEGRATING)","REMOVED","02556324"
"93079","141","CAPSULE (EXTENDED RELEASE)","REMOVED","02445514"
"84561","132","TABLET (ORALLY DISINTEGRATING)","REMOVED","02360640"
"92048","132","TABLET (ORALLY-DISINTEGRATING)","ADDED","02436159"
"99128","150","TABLET (IMMEDIATE RELEASE)","REMOVED","02501678"
"63320","118","POWDER FOR SUSPENSION, SUSTAINED-RELEASE","REMOVED","02239833"
"90543","141","CAPSULE (EXTENDED RELEASE)","REMOVED","02420848"
"14240","158","SPRAY, METERED DOSE","REMOVED","02003767"
"73181","141","CAPSULE (EXTENDED-RELEASE)","ADDED","02248812"
"64090","132","TABLET (ORALLY DISINTEGRATING)","REMOVED","02240519"
"90117","141","CAPSULE (EXTENDED-RELEASE)","ADDED","02416573"
"92263","137","CAPSULE (DELAYED-RELEASE)","ADDED","02438267"
"91923","132","TABLET (ORALLY DISINTEGRATING)","REMOVED","02434946"
"88316","150","TABLET (IMMEDIATE-RELEASE)","ADDED","02398222"
"90977","132","TABLET (ORALLY-DISINTEGRATING)","ADDED","02425114"
"92742","132","TABLET (ORALLY DISINTEGRATING)","REMOVED","02442914"
"87679","132","TABLET (ORALLY DISINTEGRATING)","REMOVED","02391449"
"82529","141","CAPSULE (EXTENDED-RELEASE)","ADDED","02339706"
"81517","137","CAPSULE (DELAYED RELEASE)","REMOVED","02329425"
"92155","118","POWDER FOR SUSPENSION, SUSTAINED-RELEASE","REMOVED","02437252"
"76902","155","SOLUTION (EXTENDED RELEASE)","REMOVED","02283417"
"100311","141","CAPSULE (EXTENDED RELEASE)","REMOVED","02513919"
"107182","85","TABLET","ADDED","02569590"
"93926","141","CAPSULE (EXTENDED-RELEASE)","ADDED","02452855"
"100310","141","CAPSULE (EXTENDED-RELEASE)","ADDED","02513900"
"88950","132","TABLET (ORALLY DISINTEGRATING)","REMOVED","02404702"
"76414","141","CAPSULE (EXTENDED-RELEASE)","ADDED","02278553"
"83589","167","FILM (SOLUBLE)","ADDED","02350696"
"100224","164","SPRAY (BAG-ON-VALVE)","ADDED","02513005"
"89905","137","CAPSULE (DELAYED-RELEASE)","ADDED","02414392"
"84681","162","AEROSOL, METERED DOSE","REMOVED","02361760"
"75215","141","CAPSULE (EXTENDED-RELEASE)","ADDED","02266733"
"85254","132","TABLET (ORALLY-DISINTEGRATING)","ADDED","02367688"
"75719","141","CAPSULE (EXTENDED RELEASE)","REMOVED","02271656"
"94831","141","CAPSULE (EXTENDED RELEASE)","REMOVED","02460823"
"100590","141","CAPSULE (EXTENDED RELEASE)","REMOVED","02516551"
"75719","141","CAPSULE (EXTENDED-RELEASE)","ADDED","02271656"
"101782","141","CAPSULE (EXTENDED-RELEASE)","ADDED","02528614"
"98543","171","CAPSULE (IMMEDIATE- AND EXTENDED-RELEASE","ADDED","02495538"
"88926","137","CAPSULE (DELAYED RELEASE)","REMOVED","02404508"
"90194","158","SPRAY, METERED DOSE","REMOVED","02417316"
"80136","155","SOLUTION (EXTENDED-RELEASE)","ADDED","02315858"
"89502","137","CAPSULE (DELAYED RELEASE)","REMOVED","02410370"
"101206","141","CAPSULE (EXTENDED RELEASE)","REMOVED","02522985"
"91122","137","CAPSULE (DELAYED RELEASE)","REMOVED","02426641"
"76901","155","SOLUTION (EXTENDED RELEASE)","REMOVED","02283409"
"100310","141","CAPSULE (EXTENDED RELEASE)","REMOVED","02513900"
"88288","132","TABLET (ORALLY-DISINTEGRATING)","ADDED","02397927"
"8175","160","PATCH (EXTENDED RELEASE)","REMOVED","00756792"
"44014","118","POWDER FOR SUSPENSION (SUSTAINED-RELEASE","ADDED","02148730"
"79315","132","TABLET (ORALLY DISINTEGRATING)","REMOVED","02307480"
"100541","137","CAPSULE (DELAYED-RELEASE)","ADDED","02516055"
"75484","132","TABLET (ORALLY-DISINTEGRATING)","ADDED","02269465"
"90378","141","CAPSULE (EXTENDED RELEASE)","REMOVED","02419254"
"82541","132","TABLET (ORALLY DISINTEGRATING)","REMOVED","02339846"
"97371","132","TABLET (ORALLY-DISINTEGRATING)","ADDED","02483270"
"77445","141","CAPSULE (EXTENDED RELEASE)","REMOVED","02289067"
"69769","1","METERED-DOSE AEROSOL","REMOVED","02245669"
"93733","137","CAPSULE (DELAYED RELEASE)","REMOVED","02451085"
"91491","132","TABLET (ORALLY DISINTEGRATING)","REMOVED","02430452"
"95346","167","FILM (SOLUBLE)","ADDED","02465264"
"92139","137","CAPSULE (DELAYED RELEASE)","REMOVED","02437082"
"16123","141","CAPSULE (EXTENDED RELEASE)","REMOVED","02042258"
"83708","141","CAPSULE (EXTENDED RELEASE)","REMOVED","02351846"
"98046","137","CAPSULE (DELAYED RELEASE)","REMOVED","02490420"
"72576","118","POWDER FOR SUSPENSION, SUSTAINED-RELEASE","REMOVED","02248239"
"69063","137","CAPSULE (DELAYED RELEASE)","REMOVED","02245059"
"95929","181","CAPSULE (CONTROLLED RELEASE)","REMOVED","02470314"
"95344","167","FILM, SOLUBLE","REMOVED","02465248"
"101066","141","CAPSULE (EXTENDED-RELEASE)","ADDED","02521474"
"77920","137","CAPSULE (DELAYED RELEASE)","REMOVED","02293838"
"88334","141","CAPSULE (EXTENDED RELEASE)","REMOVED","02398397"
"90220","158","SPRAY (METERED-DOSE)","ADDED","02417510"
"98463","137","CAPSULE (DELAYED-RELEASE)","ADDED","02494639"
"86592","141","CAPSULE (EXTENDED-RELEASE)","ADDED","02380080"
"96301","162","AEROSOL, METERED DOSE","REMOVED","02473615"
"92355","150","TABLET (IMMEDIATE-RELEASE)","ADDED","02439174"
"78946","160","PATCH (EXTENDED-RELEASE)","ADDED","02304155"
"106090","162","AEROSOL (METERED-DOSE)","ADDED","02557592"
"78962","141","CAPSULE (EXTENDED-RELEASE)","ADDED","02304333"
"93126","141","CAPSULE (EXTENDED-RELEASE)","ADDED","02445999"
"78180","141","CAPSULE (EXTENDED RELEASE)","REMOVED","02296470"
"107231","85","TABLET","ADDED","02570130"
"99722","118","POWDER FOR SUSPENSION (SUSTAINED-RELEASE","ADDED","02507846"
"106264","141","CAPSULE (EXTENDED-RELEASE)","ADDED","02559498"
"91691","137","CAPSULE (DELAYED-RELEASE)","ADDED","02432447"
"99125","150","TABLET (IMMEDIATE RELEASE)","REMOVED","02501635"
"99907","132","TABLET (ORALLY DISINTEGRATING)","REMOVED","02509806"
"102571","141","CAPSULE (EXTENDED RELEASE)","REMOVED","02536994"
"93279","150","TABLET (IMMEDIATE RELEASE)","REMOVED","02447223"
"76279","141","CAPSULE (EXTENDED-RELEASE)","ADDED","02277131"
"103869","132","TABLET (ORALLY DISINTEGRATING)","REMOVED","02549875"
"102571","141","CAPSULE (EXTENDED-RELEASE)","ADDED","02536994"
"106996","141","CAPSULE (EXTENDED-RELEASE)","ADDED","02567555"
"94826","141","CAPSULE (EXTENDED RELEASE)","REMOVED","02460777"
"70040","141","CAPSULE (EXTENDED RELEASE)","REMOVED","02245920"
"102498","132","TABLET (ORALLY DISINTEGRATING)","REMOVED","02536188"
"90692","137","CAPSULE (DELAYED RELEASE)","REMOVED","02422212"
"93809","158","SPRAY, METERED DOSE","REMOVED","02451735"
"86893","132","TABLET (ORALLY-DISINTEGRATING)","ADDED","02383160"
"99320","118","POWDER FOR SUSPENSION (SUSTAINED-RELEASE","ADDED","02503751"
"89518","158","SPRAY (METERED-DOSE)","ADDED","02410524"
"95343","167","FILM (SOLUBLE)","ADDED","02465221"
"75942","141","CAPSULE (EXTENDED RELEASE)","REMOVED","02273969"
"78387","141","CAPSULE (EXTENDED-RELEASE)","ADDED","02298570"
"78377","118","POWDER FOR SUSPENSION (SUSTAINED-RELEASE","ADDED","02298465"
"93568","158","SPRAY (METERED-DOSE)","ADDED","02449811"
"107235","85","TABLET","ADDED","02570173"
"76414","141","CAPSULE (EXTENDED RELEASE)","REMOVED","02278553"
"66954","132","TABLET (ORALLY DISINTEGRATING)","REMOVED","02243087"
"106592","141","CAPSULE (EXTENDED RELEASE)","REMOVED","02563118"
"87180","137","CAPSULE (DELAYED-RELEASE)","ADDED","02386224"
"65137","1","METERED-DOSE AEROSOL","REMOVED","02241497"
"93277","150","TABLET (IMMEDIATE RELEASE)","REMOVED","02447207"
"82507","141","CAPSULE (EXTENDED-RELEASE)","ADDED","02339455"
"77886","150","TABLET (IMMEDIATE-RELEASE)","ADDED","02293501"
"92245","137","CAPSULE (DELAYED-RELEASE)","ADDED","02438097"
"70499","160","PATCH (EXTENDED-RELEASE)","ADDED","02246340"
"85113","137","CAPSULE (DELAYED RELEASE)","REMOVED","02366282"
"106257","141","CAPSULE (EXTENDED RELEASE)","REMOVED","02559412"
"93260","137","CAPSULE (DELAYED RELEASE)","REMOVED","02447029"
"81070","141","CAPSULE (EXTENDED RELEASE)","REMOVED","02325306"
"64453","150","TABLET (IMMEDIATE-RELEASE)","ADDED","02240862"
"88288","132","TABLET (ORALLY DISINTEGRATING)","REMOVED","02397927"
"99811","132","TABLET (ORALLY-DISINTEGRATING)","ADDED","02508761"
"88211","150","TABLET (IMMEDIATE-RELEASE)","ADDED","02397110"
"90867","132","TABLET (ORALLY DISINTEGRATING)","REMOVED","02423944"
"62794","118","POWDER FOR SUSPENSION, SUSTAINED-RELEASE","REMOVED","02239325"
"96638","150","TABLET (IMMEDIATE RELEASE)","REMOVED","02475987"
"89216","160","PATCH (EXTENDED RELEASE)","REMOVED","02407477"
"100313","141","CAPSULE (EXTENDED RELEASE)","REMOVED","02513935"
"92320","132","TABLET (ORALLY DISINTEGRATING)","REMOVED","02438828"
"96474","153","POWDER (METERED-DOSE)","ADDED","02474611"
"90746","137","CAPSULE (DELAYED RELEASE)","REMOVED","02422808"
"100584","161","CAPSULE (IMMEDIATE-RELEASE)","ADDED","02516497"
"97521","141","CAPSULE (EXTENDED RELEASE)","REMOVED","02484935"
"97523","141","CAPSULE (EXTENDED RELEASE)","REMOVED","02484951"
"100050","132","TABLET (ORALLY DISINTEGRATING)","REMOVED","02511282"
"86852","132","TABLET (ORALLY-DISINTEGRATING)","ADDED","02382709"
"73996","141","CAPSULE (EXTENDED RELEASE)","REMOVED","02254808"
"102501","132","TABLET (ORALLY DISINTEGRATING)","REMOVED","02536226"
"85576","141","CAPSULE (EXTENDED-RELEASE)","ADDED","02370638"
"18777","155","SOLUTION (EXTENDED-RELEASE)","ADDED","02171880"
"92533","141","CAPSULE (EXTENDED-RELEASE)","ADDED","02440970"
"96121","150","TABLET (IMMEDIATE-RELEASE)","ADDED","02471973"
"101247","137","CAPSULE (DELAYED-RELEASE)","ADDED","02523361"
"99515","137","CAPSULE (DELAYED RELEASE)","REMOVED","02505770"
"97243","137","CAPSULE (DELAYED-RELEASE)","ADDED","02482126"
"103001","167","FILM (SOLUBLE)","ADDED","02541378"
"95929","181","CAPSULE (CONTROLLED-RELEASE)","ADDED","02470314"
"87128","137","CAPSULE (DELAYED-RELEASE)","ADDED","02385651"
"102929","132","TABLET (ORALLY-DISINTEGRATING)","ADDED","02540606"
"104348","132","TABLET (ORALLY-DISINTEGRATING)","ADDED","02554658"
"98249","132","TABLET (ORALLY DISINTEGRATING)","REMOVED","02492482"
"94829","141","CAPSULE (EXTENDED-RELEASE)","ADDED","02460807"
"100549","141","CAPSULE (EXTENDED RELEASE)","REMOVED","02516152"
"92097","137","CAPSULE (DELAYED RELEASE)","REMOVED","02436647"
"78516","132","TABLET (ORALLY-DISINTEGRATING)","ADDED","02299801"
"97976","141","CAPSULE (EXTENDED RELEASE)","REMOVED","02489694"
"76547","132","TABLET (ORALLY-DISINTEGRATING)","ADDED","02279894"
"103856","150","TABLET (IMMEDIATE-RELEASE)","ADDED","02549743"
"95927","181","CAPSULE (CONTROLLED RELEASE)","REMOVED","02470292"
"75213","141","CAPSULE (EXTENDED RELEASE)","REMOVED","02266717"
"102955","158","SPRAY, METERED DOSE","REMOVED","02540886"
"98367","132","TABLET (ORALLY DISINTEGRATING)","REMOVED","02493675"
"14565","158","SPRAY, METERED DOSE","REMOVED","01950541"
"87767","132","TABLET (ORALLY-DISINTEGRATING)","ADDED","02392399"
"97988","137","CAPSULE (DELAYED RELEASE)","REMOVED","02489805"
"96475","153","POWDER (METERED DOSE)","REMOVED","02474638"
"60601","141","CAPSULE (EXTENDED-RELEASE)","ADDED","02237280"
"101206","141","CAPSULE (EXTENDED-RELEASE)","ADDED","02522985"
"102941","137","CAPSULE (DELAYED-RELEASE)","ADDED","02540746"
"92644","132","TABLET (ORALLY-DISINTEGRATING)","ADDED","02442086"
"87139","137","CAPSULE (DELAYED RELEASE)","REMOVED","02385775"
"85112","137","CAPSULE (DELAYED-RELEASE)","ADDED","02366274"
"8174","160","PATCH (EXTENDED-RELEASE)","ADDED","00756857"
"99191","167","FILM, SOLUBLE","REMOVED","02502348"
"98531","141","CAPSULE (EXTENDED-RELEASE)","ADDED","02495392"
"103135","164","SPRAY, BAG-ON-VALVE","REMOVED","02542838"
"83404","137","CAPSULE (DELAYED RELEASE)","REMOVED","02348691"
"84015","137","CAPSULE (DELAYED-RELEASE)","ADDED","02354969"
"43827","137","CAPSULE (DELAYED RELEASE)","REMOVED","02119579"
"86604","132","TABLET (ORALLY DISINTEGRATING)","REMOVED","02380226"
"93261","137","CAPSULE (DELAYED RELEASE)","REMOVED","02447037"
"98925","132","TABLET (ORALLY-DISINTEGRATING)","ADDED","02499517"
"77978","132","TABLET (ORALLY-DISINTEGRATING)","ADDED","02294435"
"96702","132","TABLET (ORALLY-DISINTEGRATING)","ADDED","02476088"
"91180","141","CAPSULE (EXTENDED RELEASE)","REMOVED","02427273"
"95063","132","TABLET (ORALLY-DISINTEGRATING)","ADDED","02462796"
"86742","132","TABLET (ORALLY-DISINTEGRATING)","ADDED","02381575"
"100179","137","CAPSULE (DELAYED RELEASE)","REMOVED","02512505"
"85566","141","CAPSULE (EXTENDED RELEASE)","REMOVED","02370514"
"107236","85","TABLET","ADDED","02570181"
"102568","141","CAPSULE (EXTENDED RELEASE)","REMOVED","02536951"
"106732","164","SPRAY (BAG-ON-VALVE)","ADDED","02564637"
"100547","141","CAPSULE (EXTENDED-RELEASE)","ADDED","02516136"
"99128","150","TABLET (IMMEDIATE-RELEASE)","ADDED","02501678"
"85513","132","TABLET (ORALLY-DISINTEGRATING)","ADDED","02370107"
"80625","137","CAPSULE (DELAYED-RELEASE)","ADDED","02320843"
"69769","162","AEROSOL (METERED-DOSE)","ADDED","02245669"
"87155","141","CAPSULE (EXTENDED RELEASE)","REMOVED","02385945"
"80585","161","CAPSULE (IMMEDIATE-RELEASE)","ADDED","02320436"
"14541","141","CAPSULE (EXTENDED-RELEASE)","ADDED","02019965"
"87504","132","TABLET (ORALLY-DISINTEGRATING)","ADDED","02389533"
"85815","141","CAPSULE (EXTENDED-RELEASE)","ADDED","02373025"
"80675","132","TABLET (ORALLY-DISINTEGRATING)","ADDED","02321351"
"12182","153","POWDER (METERED-DOSE)","ADDED","00851760"
"103096","132","TABLET (ORALLY-DISINTEGRATING)","ADDED","02542390"
"97646","150","TABLET (IMMEDIATE-RELEASE)","ADDED","02486237"
"92321","132","TABLET (ORALLY DISINTEGRATING)","REMOVED","02438836"
"106423","137","CAPSULE (DELAYED RELEASE)","REMOVED","02561247"
"85512","132","TABLET (ORALLY-DISINTEGRATING)","ADDED","02370093"
"81072","141","CAPSULE (EXTENDED-RELEASE)","ADDED","02325322"
"89766","150","TABLET (IMMEDIATE-RELEASE)","ADDED","02412977"
"67797","118","POWDER FOR SUSPENSION, SUSTAINED-RELEASE","REMOVED","02243856"
"102929","132","TABLET (ORALLY DISINTEGRATING)","REMOVED","02540606"
"104498","118","POWDER FOR SUSPENSION (SUSTAINED-RELEASE","ADDED","02556286"
"76284","141","CAPSULE (EXTENDED RELEASE)","REMOVED","02277190"
"104047","158","SPRAY (METERED-DOSE)","ADDED","02551756"
"97989","137","CAPSULE (DELAYED-RELEASE)","ADDED","02489813"
"97522","141","CAPSULE (EXTENDED-RELEASE)","ADDED","02484943"
"98532","141","CAPSULE (EXTENDED-RELEASE)","ADDED","02495406"
"88256","132","TABLET (ORALLY-DISINTEGRATING)","ADDED","02397625"
"101197","137","CAPSULE (DELAYED-RELEASE)","ADDED","02522888"
"94375","137","CAPSULE (DELAYED RELEASE)","REMOVED","02456761"
"85814","141","CAPSULE (EXTENDED RELEASE)","REMOVED","02373017"
"94829","141","CAPSULE (EXTENDED RELEASE)","REMOVED","02460807"
"89906","137","CAPSULE (DELAYED-RELEASE)","ADDED","02414406"
"88333","141","CAPSULE (EXTENDED RELEASE)","REMOVED","02398389"
"91311","158","SPRAY (METERED-DOSE)","ADDED","02428660"
"99224","137","CAPSULE (DELAYED RELEASE)","REMOVED","02502690"
"98689","137","CAPSULE (DELAYED RELEASE)","REMOVED","02497026"
"107198","98","SPRAY","ADDED","02569779"
"88212","150","TABLET (IMMEDIATE RELEASE)","REMOVED","02397129"
"94295","161","CAPSULE (IMMEDIATE-RELEASE)","ADDED","02456109"
"100436","132","TABLET (ORALLY-DISINTEGRATING)","ADDED","02514966"
"103026","186","TABLET (CHEWABLE EXTENDED-RELEASE)","ADDED","02541629"
"100437","132","TABLET (ORALLY-DISINTEGRATING)","ADDED","02514974"
"85113","137","CAPSULE (DELAYED-RELEASE)","ADDED","02366282"
"88210","150","TABLET (IMMEDIATE RELEASE)","REMOVED","02397102"
"90982","141","CAPSULE (EXTENDED-RELEASE)","ADDED","02425165"
"98690","137","CAPSULE (DELAYED-RELEASE)","ADDED","02497034"
"98046","137","CAPSULE (DELAYED-RELEASE)","ADDED","02490420"
"95358","141","CAPSULE (EXTENDED RELEASE)","REMOVED","02465396"
"85255","132","TABLET (ORALLY-DISINTEGRATING)","ADDED","02367696"
"96217","132","TABLET (ORALLY-DISINTEGRATING)","ADDED","02472848"
"88955","132","TABLET (ORALLY DISINTEGRATING)","REMOVED","02404745"
"107245","85","TABLET","ADDED","02570297"
"94374","137","CAPSULE (DELAYED RELEASE)","REMOVED","02456753"
"107232","85","TABLET","ADDED","02570149"
"106425","137","CAPSULE (DELAYED-RELEASE)","ADDED","02561263"
"94435","141","CAPSULE (EXTENDED RELEASE)","REMOVED","02457288"
"100305","132","TABLET (ORALLY-DISINTEGRATING)","ADDED","02513854"
"98637","137","CAPSULE (DELAYED RELEASE)","REMOVED","02496518"
"60601","141","CAPSULE (EXTENDED RELEASE)","REMOVED","02237280"
"88837","158","SPRAY (METERED-DOSE)","ADDED","02403587"
"104502","132","TABLET (ORALLY-DISINTEGRATING)","ADDED","02556324"
"100192","172","CAPSULE (IMMEDIATE- AND DELAYED-RELEASE)","ADDED","02512645"
"91551","132","TABLET (ORALLY DISINTEGRATING)","REMOVED","02431076"
"84558","132","TABLET (ORALLY-DISINTEGRATING)","ADDED","02360616"
"91389","137","CAPSULE (DELAYED RELEASE)","REMOVED","02429446"
"15572","160","PATCH (EXTENDED-RELEASE)","ADDED","02046156"
"94755","141","CAPSULE (EXTENDED RELEASE)","REMOVED","02460262"
"99322","118","POWDER FOR SUSPENSION (SUSTAINED-RELEASE","ADDED","02503786"
"100179","137","CAPSULE (DELAYED-RELEASE)","ADDED","02512505"
"87756","141","CAPSULE (EXTENDED RELEASE)","REMOVED","02392283"
"98462","137","CAPSULE (DELAYED RELEASE)","REMOVED","02494620"
"96466","161","CAPSULE (IMMEDIATE RELEASE)","REMOVED","02474506"
"87563","150","TABLET (IMMEDIATE-RELEASE)","ADDED","02390175"
"92533","141","CAPSULE (EXTENDED RELEASE)","REMOVED","02440970"
"93037","148","GRANULES FOR SUSPENSION, DELAYED RELEASE","REMOVED","02445158"
"95062","132","TABLET (ORALLY DISINTEGRATING)","REMOVED","02462788"
"97372","132","TABLET (ORALLY DISINTEGRATING)","REMOVED","02483289"
"106751","141","CAPSULE (EXTENDED-RELEASE)","ADDED","02564858"
"89769","150","TABLET (IMMEDIATE-RELEASE)","ADDED","02413000"
"97976","141","CAPSULE (EXTENDED-RELEASE)","ADDED","02489694"
"82911","132","TABLET (ORALLY DISINTEGRATING)","REMOVED","02343673"
"90817","132","TABLET (ORALLY DISINTEGRATING)","REMOVED","02423456"
"90480","137","CAPSULE (DELAYED RELEASE)","REMOVED","02420201"
"87155","141","CAPSULE (EXTENDED-RELEASE)","ADDED","02385945"
"79307","132","TABLET (ORALLY-DISINTEGRATING)","ADDED","02307391"
"81619","150","TABLET (IMMEDIATE-RELEASE)","ADDED","02330466"
"100540","137","CAPSULE (DELAYED-RELEASE)","ADDED","02516047"
"92365","141","CAPSULE (EXTENDED-RELEASE)","ADDED","02439263"
"94795","158","SPRAY, METERED DOSE","REMOVED","02460513"
"86411","150","TABLET (IMMEDIATE RELEASE)","REMOVED","02378299"
"18874","1","METERED-DOSE AEROSOL","REMOVED","02172712"
"99292","137","CAPSULE (DELAYED RELEASE)","REMOVED","02503441"
"91729","158","SPRAY, METERED DOSE","REMOVED","02432889"
"77053","132","TABLET (ORALLY-DISINTEGRATING)","ADDED","02285002"
"92336","137","CAPSULE (DELAYED RELEASE)","REMOVED","02438992"
"96753","141","CAPSULE (EXTENDED RELEASE)","REMOVED","02476681"
"84279","137","CAPSULE (DELAYED-RELEASE)","ADDED","02357690"
"95626","153","POWDER (METERED-DOSE)","ADDED","02467917"
"78181","141","CAPSULE (EXTENDED RELEASE)","REMOVED","02296489"
"79597","141","CAPSULE (EXTENDED-RELEASE)","ADDED","02310325"
"95345","167","FILM, SOLUBLE","REMOVED","02465256"
"98093","137","CAPSULE (DELAYED-RELEASE)","ADDED","02490897"
"102941","137","CAPSULE (DELAYED RELEASE)","REMOVED","02540746"
"101067","141","CAPSULE (EXTENDED-RELEASE)","ADDED","02521482"
"87338","150","TABLET (IMMEDIATE RELEASE)","REMOVED","02387808"
"94984","137","CAPSULE (DELAYED-RELEASE)","ADDED","02462109"
"78943","160","PATCH (EXTENDED RELEASE)","REMOVED","02304120"
"95347","167","FILM, SOLUBLE","REMOVED","02465272"
"1649","161","CAPSULE (IMMEDIATE-RELEASE)","ADDED","00263818"
"100301","137","CAPSULE (DELAYED-RELEASE)","ADDED","02513803"
"85396","137","CAPSULE (DELAYED-RELEASE)","ADDED","02369001"
"77111","162","AEROSOL (METERED-DOSE)","ADDED","02285606"
"98533","141","CAPSULE (EXTENDED RELEASE)","REMOVED","02495414"
"96751","141","CAPSULE (EXTENDED RELEASE)","REMOVED","02476665"
"78180","141","CAPSULE (EXTENDED-RELEASE)","ADDED","02296470"
"50798","141","CAPSULE (EXTENDED RELEASE)","REMOVED","02231474"
"92052","132","TABLET (ORALLY-DISINTEGRATING)","ADDED","02436183"
"90377","141","CAPSULE (EXTENDED-RELEASE)","ADDED","02419246"
"102572","141","CAPSULE (EXTENDED RELEASE)","REMOVED","02537001"
"78943","160","PATCH (EXTENDED-RELEASE)","ADDED","02304120"
"87871","132","TABLET (ORALLY-DISINTEGRATING)","ADDED","02393492"
"63320","118","POWDER FOR SUSPENSION (SUSTAINED-RELEASE","ADDED","02239833"
"97520","141","CAPSULE (EXTENDED RELEASE)","REMOVED","02484927"
"89690","118","POWDER FOR SUSPENSION (SUSTAINED-RELEASE","ADDED","02412322"
"104350","132","TABLET (ORALLY-DISINTEGRATING)","ADDED","02554674"
"102574","141","CAPSULE (EXTENDED RELEASE)","REMOVED","02537036"
"64453","150","TABLET (IMMEDIATE RELEASE)","REMOVED","02240862"
"79305","132","TABLET (ORALLY DISINTEGRATING)","REMOVED","02307375"
"71950","1","METERED-DOSE AEROSOL","REMOVED","02247686"
"102570","141","CAPSULE (EXTENDED RELEASE)","REMOVED","02536986"
"97520","141","CAPSULE (EXTENDED-RELEASE)","ADDED","02484927"
"106592","141","CAPSULE (EXTENDED-RELEASE)","ADDED","02563118"
"104047","158","SPRAY, METERED DOSE","REMOVED","02551756"
"92323","132","TABLET (ORALLY-DISINTEGRATING)","ADDED","02438852"
"106422","137","CAPSULE (DELAYED RELEASE)","REMOVED","02561239"
"101764","162","AEROSOL, METERED DOSE","REMOVED","02528428"
"100588","141","CAPSULE (EXTENDED-RELEASE)","ADDED","02516535"
"91389","137","CAPSULE (DELAYED-RELEASE)","ADDED","02429446"
"73999","141","CAPSULE (EXTENDED-RELEASE)","ADDED","02254832"
"92877","141","CAPSULE (EXTENDED RELEASE)","REMOVED","02443988"
"65701","162","AEROSOL (METERED-DOSE)","ADDED","02242030"
"3891","137","CAPSULE (DELAYED RELEASE)","REMOVED","00502790"
"90447","1","METERED-DOSE AEROSOL","REMOVED","02419858"
"78961","141","CAPSULE (EXTENDED RELEASE)","REMOVED","02304325"
"95328","132","TABLET (ORALLY-DISINTEGRATING)","ADDED","02465094"
"77714","132","TABLET (ORALLY DISINTEGRATING)","REMOVED","02291789"
"103512","141","CAPSULE (EXTENDED-RELEASE)","ADDED","02546434"
"89916","132","TABLET (ORALLY-DISINTEGRATING)","ADDED","02414538"
"78944","160","PATCH (EXTENDED RELEASE)","REMOVED","02304139"
"77886","150","TABLET (IMMEDIATE RELEASE)","REMOVED","02293501"
"88124","132","TABLET (ORALLY-DISINTEGRATING)","ADDED","02396181"
"67246","141","CAPSULE (EXTENDED RELEASE)","REMOVED","02243341"
"83807","132","TABLET (ORALLY DISINTEGRATING)","REMOVED","02352834"
"91677","137","CAPSULE (DELAYED RELEASE)","REMOVED","02432331"
"93126","141","CAPSULE (EXTENDED RELEASE)","REMOVED","02445999"
"100588","141","CAPSULE (EXTENDED RELEASE)","REMOVED","02516535"
"76549","132","TABLET (ORALLY-DISINTEGRATING)","ADDED","02279916"
"101516","155","SOLUTION (EXTENDED-RELEASE)","ADDED","02526034"
"92113","137","CAPSULE (DELAYED RELEASE)","REMOVED","02436825"
"93832","137","CAPSULE (DELAYED-RELEASE)","ADDED","02451921"
"72897","132","TABLET (ORALLY-DISINTEGRATING)","ADDED","02248542"
"96639","150","TABLET (IMMEDIATE RELEASE)","REMOVED","02475995"
"100840","158","SPRAY, METERED DOSE","REMOVED","02519127"
"46618","137","CAPSULE (DELAYED-RELEASE)","ADDED","02016788"
"99721","118","POWDER FOR SUSPENSION, SUSTAINED-RELEASE","REMOVED","02507838"
"94802","158","SPRAY, METERED DOSE","REMOVED","02460599"
"81518","137","CAPSULE (DELAYED RELEASE)","REMOVED","02329433"
"90546","118","POWDER FOR SUSPENSION, SUSTAINED-RELEASE","REMOVED","02420872"
"107246","166","AEROSOL (FOAM)","ADDED","02570300"
"97522","141","CAPSULE (EXTENDED RELEASE)","REMOVED","02484943"
"98190","141","CAPSULE (EXTENDED RELEASE)","REMOVED","02491893"
"83590","167","FILM (SOLUBLE)","ADDED","02350718"
"103025","186","TABLET (CHEWABLE EXTENDED-RELEASE)","ADDED","02541610"
"79025","132","TABLET (ORALLY-DISINTEGRATING)","ADDED","02304988"
"65700","162","AEROSOL (METERED-DOSE)","ADDED","02242029"
"92322","132","TABLET (ORALLY-DISINTEGRATING)","ADDED","02438844"
"82359","132","TABLET (ORALLY DISINTEGRATING)","REMOVED","02337940"
"62794","118","POWDER FOR SUSPENSION (SUSTAINED-RELEASE","ADDED","02239325"
"94020","137","CAPSULE (DELAYED RELEASE)","REMOVED","02453649"
"60600","141","CAPSULE (EXTENDED RELEASE)","REMOVED","02237279"
"104348","132","TABLET (ORALLY DISINTEGRATING)","REMOVED","02554658"
"95983","137","CAPSULE (DELAYED-RELEASE)","ADDED","02470780"
"92758","141","CAPSULE (EXTENDED-RELEASE)","ADDED","02443023"
"80625","137","CAPSULE (DELAYED RELEASE)","REMOVED","02320843"
"42902","162","AEROSOL (METERED-DOSE)","ADDED","02188783"
"79593","141","CAPSULE (EXTENDED-RELEASE)","ADDED","02310287"
"89939","137","CAPSULE (DELAYED RELEASE)","REMOVED","02414767"
"64090","132","TABLET (ORALLY-DISINTEGRATING)","ADDED","02240519"
"95356","141","CAPSULE (EXTENDED-RELEASE)","ADDED","02465361"
"87311","132","TABLET (ORALLY-DISINTEGRATING)","ADDED","02387506"
"94800","158","SPRAY (METERED-DOSE)","ADDED","02460572"
"8386","160","PATCH (EXTENDED RELEASE)","REMOVED","00756849"
"92112","137","CAPSULE (DELAYED RELEASE)","REMOVED","02436817"
"83806","132","TABLET (ORALLY DISINTEGRATING)","REMOVED","02352826"
"98919","172","CAPSULE (IMMEDIATE AND DELAYED RELEASE)","REMOVED","02499452"
"88332","141","CAPSULE (EXTENDED RELEASE)","REMOVED","02398370"
"104421","158","SPRAY (METERED-DOSE)","ADDED","02555441"
"96254","137","CAPSULE (DELAYED RELEASE)","REMOVED","02473208"
"81019","132","TABLET (ORALLY DISINTEGRATING)","REMOVED","02324768"
"87680","132","TABLET (ORALLY DISINTEGRATING)","REMOVED","02391457"
"92098","137","CAPSULE (DELAYED-RELEASE)","ADDED","02436655"
"92742","132","TABLET (ORALLY-DISINTEGRATING)","ADDED","02442914"
"98689","137","CAPSULE (DELAYED-RELEASE)","ADDED","02497026"
"102417","132","TABLET (ORALLY-DISINTEGRATING)","ADDED","02535319"
"77644","141","CAPSULE (EXTENDED RELEASE)","REMOVED","02291045"
"81019","132","TABLET (ORALLY-DISINTEGRATING)","ADDED","02324768"
"99811","132","TABLET (ORALLY DISINTEGRATING)","REMOVED","02508761"
"101952","158","SPRAY, METERED DOSE","REMOVED","02530341"
"92480","137","CAPSULE (DELAYED RELEASE)","REMOVED","02440431"
"107228","85","TABLET","ADDED","02570106"
"93992","137","CAPSULE (DELAYED-RELEASE)","ADDED","02453371"
"92354","150","TABLET (IMMEDIATE-RELEASE)","ADDED","02439166"
"80586","161","CAPSULE (IMMEDIATE RELEASE)","REMOVED","02320444"
"78179","141","CAPSULE (EXTENDED-RELEASE)","ADDED","02296462"
"89818","132","TABLET (ORALLY-DISINTEGRATING)","ADDED","02413523"
"99716","137","CAPSULE (DELAYED-RELEASE)","ADDED","02507765"
"93127","141","CAPSULE (EXTENDED RELEASE)","REMOVED","02446006"
"106506","141","CAPSULE (EXTENDED RELEASE)","REMOVED","02562162"
"103095","132","TABLET (ORALLY DISINTEGRATING)","REMOVED","02542382"
"92364","141","CAPSULE (EXTENDED-RELEASE)","ADDED","02439255"
"94674","161","CAPSULE (IMMEDIATE RELEASE)","REMOVED","02459485"
"100548","141","CAPSULE (EXTENDED RELEASE)","REMOVED","02516144"
"107251","59","SHAMPOO","ADDED","02570351"
"100074","158","SPRAY, METERED DOSE","REMOVED","02511568"
"83988","141","CAPSULE (EXTENDED RELEASE)","REMOVED","02354713"
"74089","118","POWDER FOR SUSPENSION, SUSTAINED-RELEASE","REMOVED","02255707"
"98193","141","CAPSULE (EXTENDED RELEASE)","REMOVED","02491923"
"89213","160","PATCH (EXTENDED RELEASE)","REMOVED","02407442"
"102033","158","SPRAY (METERED-DOSE)","ADDED","02531186"
"89782","141","CAPSULE (EXTENDED-RELEASE)","ADDED","02413140"
"93139","132","TABLET (ORALLY DISINTEGRATING)","REMOVED","02446138"
"75715","141","CAPSULE (EXTENDED-RELEASE)","ADDED","02271605"
"18777","155","SOLUTION (EXTENDED RELEASE)","REMOVED","02171880"
"86305","141","CAPSULE (EXTENDED RELEASE)","REMOVED","02377357"
"76900","155","SOLUTION (EXTENDED-RELEASE)","ADDED","02283395"
"100831","132","TABLET (ORALLY-DISINTEGRATING)","ADDED","02519038"
"95062","132","TABLET (ORALLY-DISINTEGRATING)","ADDED","02462788"
"103096","132","TABLET (ORALLY DISINTEGRATING)","REMOVED","02542390"
"106425","137","CAPSULE (DELAYED RELEASE)","REMOVED","02561263"
"93924","141","CAPSULE (EXTENDED RELEASE)","REMOVED","02452839"
"106334","141","CAPSULE (EXTENDED RELEASE)","REMOVED","02560267"
"101515","155","SOLUTION (EXTENDED-RELEASE)","ADDED","02526026"
"73181","141","CAPSULE (EXTENDED RELEASE)","REMOVED","02248812"
"83350","132","TABLET (ORALLY DISINTEGRATING)","REMOVED","02348160"
"66907","132","TABLET (ORALLY-DISINTEGRATING)","ADDED","02243045"
"81071","141","CAPSULE (EXTENDED-RELEASE)","ADDED","02325314"
"100545","141","CAPSULE (EXTENDED-RELEASE)","ADDED","02516101"
"91737","137","CAPSULE (DELAYED RELEASE)","REMOVED","02433001"
"92813","170","TABLET (IMMEDIATE- AND DELAYED-RELEASE)","ADDED","02443449"
"92048","132","TABLET (ORALLY DISINTEGRATING)","REMOVED","02436159"
"77444","141","CAPSULE (EXTENDED RELEASE)","REMOVED","02289059"
"107185","85","TABLET","ADDED","02569620"
"68599","141","CAPSULE (EXTENDED RELEASE)","REMOVED","02244612"
"97781","132","TABLET (ORALLY-DISINTEGRATING)","ADDED","02487667"
"92475","141","CAPSULE (EXTENDED-RELEASE)","ADDED","02440385"
"87337","150","TABLET (IMMEDIATE-RELEASE)","ADDED","02387794"
"85714","171","CAPSULE (IMMEDIATE AND EXTENDED RELEASE)","REMOVED","02372010"
"79346","141","CAPSULE (EXTENDED RELEASE)","REMOVED","02307782"
"9512","137","CAPSULE (DELAYED-RELEASE)","ADDED","00789429"
"79345","141","CAPSULE (EXTENDED RELEASE)","REMOVED","02307774"
"70038","141","CAPSULE (EXTENDED-RELEASE)","ADDED","02245918"
"89815","132","TABLET (ORALLY-DISINTEGRATING)","ADDED","02413493"
"98998","167","FILM, SOLUBLE","REMOVED","02500280"
"107199","134","SOLUTION","ADDED","02569787"
"86508","132","TABLET (ORALLY-DISINTEGRATING)","ADDED","02379198"
"76415","141","CAPSULE (EXTENDED-RELEASE)","ADDED","02278561"
"81320","132","TABLET (ORALLY DISINTEGRATING)","REMOVED","02327791"
"98503","137","CAPSULE (DELAYED-RELEASE)","ADDED","02495082"
"72637","160","PATCH (EXTENDED-RELEASE)","ADDED","02248297"
"96750","141","CAPSULE (EXTENDED RELEASE)","REMOVED","02476657"
"81289","132","TABLET (ORALLY-DISINTEGRATING)","ADDED","02327570"
"90818","132","TABLET (ORALLY-DISINTEGRATING)","ADDED","02423464"
"93732","137","CAPSULE (DELAYED-RELEASE)","ADDED","02451077"
"87314","132","TABLET (ORALLY-DISINTEGRATING)","ADDED","02387530"
"99262","1","METERED-DOSE AEROSOL","REMOVED","02503115"
"83590","167","FILM, SOLUBLE","REMOVED","02350718"
"93137","137","CAPSULE (DELAYED-RELEASE)","ADDED","02446103"
"86892","132","TABLET (ORALLY DISINTEGRATING)","REMOVED","02383152"
"75428","118","POWDER FOR SUSPENSION (SUSTAINED-RELEASE","ADDED","02268892"
"89783","141","CAPSULE (EXTENDED RELEASE)","REMOVED","02413159"
"107205","134","SOLUTION","ADDED","02569841"
"97095","118","POWDER FOR SUSPENSION (SUSTAINED-RELEASE","ADDED","02480425"
"77623","155","SOLUTION (EXTENDED-RELEASE)","ADDED","02290812"
"95930","181","CAPSULE (CONTROLLED-RELEASE)","ADDED","02470322"
"98191","141","CAPSULE (EXTENDED RELEASE)","REMOVED","02491907"
"11974","173","TABLET (IMMEDIATE- AND EXTENDED-RELEASE)","ADDED","01945157"
"80677","132","TABLET (ORALLY-DISINTEGRATING)","ADDED","02321386"
"99514","137","CAPSULE (DELAYED-RELEASE)","ADDED","02505762"
"49614","132","TABLET (ORALLY DISINTEGRATING)","REMOVED","02230542"
"93136","137","CAPSULE (DELAYED RELEASE)","REMOVED","02446081"
"87680","132","TABLET (ORALLY-DISINTEGRATING)","ADDED","02391457"
"90142","161","CAPSULE (IMMEDIATE-RELEASE)","ADDED","02416816"
"89503","137","CAPSULE (DELAYED-RELEASE)","ADDED","02410389"
"81074","141","CAPSULE (EXTENDED RELEASE)","REMOVED","02325349"
"102606","132","TABLET (ORALLY-DISINTEGRATING)","ADDED","02537346"
"101196","137","CAPSULE (DELAYED RELEASE)","REMOVED","02522861"
"81072","141","CAPSULE (EXTENDED RELEASE)","REMOVED","02325322"
"98995","167","FILM, SOLUBLE","REMOVED","02500264"
"84341","132","TABLET (ORALLY DISINTEGRATING)","REMOVED","02358352"
"78179","141","CAPSULE (EXTENDED RELEASE)","REMOVED","02296462"
"107238","85","TABLET","ADDED","02570211"
"85231","141","CAPSULE (EXTENDED RELEASE)","REMOVED","02367467"
"90982","141","CAPSULE (EXTENDED RELEASE)","REMOVED","02425165"
"100852","132","TABLET (ORALLY DISINTEGRATING)","REMOVED","02519240"
"100308","141","CAPSULE (EXTENDED RELEASE)","REMOVED","02513889"
"95063","132","TABLET (ORALLY DISINTEGRATING)","REMOVED","02462796"
"91492","132","TABLET (ORALLY-DISINTEGRATING)","ADDED","02430460"
"81073","141","CAPSULE (EXTENDED-RELEASE)","ADDED","02325330"
"80585","161","CAPSULE (IMMEDIATE RELEASE)","REMOVED","02320436"
"97946","132","TABLET (ORALLY-DISINTEGRATING)","ADDED","02489376"
"100180","137","CAPSULE (DELAYED-RELEASE)","ADDED","02512513"
"107202","85","TABLET","ADDED","02569817"
"75483","132","TABLET (ORALLY DISINTEGRATING)","REMOVED","02269457"
"97646","150","TABLET (IMMEDIATE RELEASE)","REMOVED","02486237"
"76380","152","POWDER (EXTENDED RELEASE)","REMOVED","02278219"
"16102","150","TABLET (IMMEDIATE RELEASE)","REMOVED","02014203"
"76286","141","CAPSULE (EXTENDED-RELEASE)","ADDED","02277212"
"101764","162","AEROSOL (METERED-DOSE)","ADDED","02528428"
"103552","132","TABLET (ORALLY-DISINTEGRATING)","ADDED","02546841"
"92473","141","CAPSULE (EXTENDED-RELEASE)","ADDED","02440369"
"93260","137","CAPSULE (DELAYED-RELEASE)","ADDED","02447029"
"90144","161","CAPSULE (IMMEDIATE-RELEASE)","ADDED","02416832"
"88317","150","TABLET (IMMEDIATE-RELEASE)","ADDED","02398230"
"97519","141","CAPSULE (EXTENDED-RELEASE)","ADDED","02484919"
"100584","161","CAPSULE (IMMEDIATE RELEASE)","REMOVED","02516497"
"84559","132","TABLET (ORALLY DISINTEGRATING)","REMOVED","02360624"
"83992","137","CAPSULE (DELAYED RELEASE)","REMOVED","02354764"
"95052","118","POWDER FOR SUSPENSION, SUSTAINED-RELEASE","REMOVED","02462699"
"87545","167","FILM, SOLUBLE","REMOVED","02389983"
"42846","141","CAPSULE (EXTENDED-RELEASE)","ADDED","02184435"
"101509","155","SOLUTION (EXTENDED-RELEASE)","ADDED","02525968"
"65975","155","SOLUTION (EXTENDED RELEASE)","REMOVED","02242275"
"81071","141","CAPSULE (EXTENDED RELEASE)","REMOVED","02325314"
"92244","137","CAPSULE (DELAYED RELEASE)","REMOVED","02438089"
"99263","162","AEROSOL (METERED-DOSE)","ADDED","02503123"
"82550","137","CAPSULE (DELAYED RELEASE)","REMOVED","02339927"
"88350","164","SPRAY, BAG-ON-VALVE","REMOVED","02398559"
"72899","132","TABLET (ORALLY-DISINTEGRATING)","ADDED","02248544"
"94428","137","CAPSULE (DELAYED-RELEASE)","ADDED","02457202"
"76548","132","TABLET (ORALLY DISINTEGRATING)","REMOVED","02279908"
"106998","141","CAPSULE (EXTENDED RELEASE)","REMOVED","02567571"
"104350","132","TABLET (ORALLY DISINTEGRATING)","REMOVED","02554674"
"106256","141","CAPSULE (EXTENDED-RELEASE)","ADDED","02559404"
"97784","132","TABLET (ORALLY-DISINTEGRATING)","ADDED","02487691"
"93077","141","CAPSULE (EXTENDED RELEASE)","REMOVED","02445492"
"104501","132","TABLET (ORALLY-DISINTEGRATING)","ADDED","02556316"
"64595","158","SPRAY (METERED-DOSE)","ADDED","02241003"
"99225","137","CAPSULE (DELAYED-RELEASE)","ADDED","02502704"
"98636","137","CAPSULE (DELAYED RELEASE)","REMOVED","02496496"
"91677","137","CAPSULE (DELAYED-RELEASE)","ADDED","02432331"
"82910","132","TABLET (ORALLY DISINTEGRATING)","REMOVED","02343665"
"93139","132","TABLET (ORALLY-DISINTEGRATING)","ADDED","02446138"
"13443","118","POWDER FOR SUSPENSION, SUSTAINED-RELEASE","REMOVED","00884502"
"97751","132","TABLET (ORALLY-DISINTEGRATING)","ADDED","02487349"
"88898","141","CAPSULE (EXTENDED-RELEASE)","ADDED","02404192"
"78946","160","PATCH (EXTENDED RELEASE)","REMOVED","02304155"
"100308","141","CAPSULE (EXTENDED-RELEASE)","ADDED","02513889"
"102607","132","TABLET (ORALLY DISINTEGRATING)","REMOVED","02537354"
"72577","118","POWDER FOR SUSPENSION (SUSTAINED-RELEASE","ADDED","02248240"
"80675","132","TABLET (ORALLY DISINTEGRATING)","REMOVED","02321351"
"50462","141","CAPSULE (EXTENDED RELEASE)","REMOVED","02231155"
"92979","132","TABLET (ORALLY-DISINTEGRATING)","ADDED","02444674"
"81517","137","CAPSULE (DELAYED-RELEASE)","ADDED","02329425"
"79313","132","TABLET (ORALLY DISINTEGRATING)","REMOVED","02307464"
"86506","137","CAPSULE (DELAYED-RELEASE)","ADDED","02379171"
"98092","137","CAPSULE (DELAYED-RELEASE)","ADDED","02490889"
"83989","141","CAPSULE (EXTENDED RELEASE)","REMOVED","02354721"
"99262","162","AEROSOL (METERED-DOSE)","ADDED","02503115"
"79596","141","CAPSULE (EXTENDED RELEASE)","REMOVED","02310317"
"83904","137","CAPSULE (DELAYED RELEASE)","REMOVED","02353830"
"92644","132","TABLET (ORALLY DISINTEGRATING)","REMOVED","02442086"
"78852","132","TABLET (ORALLY-DISINTEGRATING)","ADDED","02303191"
"79592","141","CAPSULE (EXTENDED RELEASE)","REMOVED","02310279"
"82432","132","TABLET (ORALLY-DISINTEGRATING)","ADDED","02338653"
"13443","118","POWDER FOR SUSPENSION (SUSTAINED-RELEASE","ADDED","00884502"
"76413","141","CAPSULE (EXTENDED RELEASE)","REMOVED","02278545"
"77647","141","CAPSULE (EXTENDED-RELEASE)","ADDED","02291088"
"99189","167","FILM, SOLUBLE","REMOVED","02502313"
"85564","141","CAPSULE (EXTENDED-RELEASE)","ADDED","02370492"
"94754","161","CAPSULE (IMMEDIATE RELEASE)","REMOVED","02460254"
"89816","132","TABLET (ORALLY DISINTEGRATING)","REMOVED","02413507"
"78961","141","CAPSULE (EXTENDED-RELEASE)","ADDED","02304325"
"98503","137","CAPSULE (DELAYED RELEASE)","REMOVED","02495082"
"78681","137","CAPSULE (DELAYED-RELEASE)","ADDED","02301482"
"89877","132","TABLET (ORALLY-DISINTEGRATING)","ADDED","02414104"
"97243","137","CAPSULE (DELAYED RELEASE)","REMOVED","02482126"
"50454","158","SPRAY (METERED-DOSE)","ADDED","02231147"
"107200","134","SOLUTION","ADDED","02569795"
"87560","150","TABLET (IMMEDIATE RELEASE)","REMOVED","02390140"
"106256","141","CAPSULE (EXTENDED RELEASE)","REMOVED","02559404"
"100590","141","CAPSULE (EXTENDED-RELEASE)","ADDED","02516551"
"78517","132","TABLET (ORALLY DISINTEGRATING)","REMOVED","02299828"
"99502","132","TABLET (ORALLY-DISINTEGRATING)","ADDED","02505649"
"95356","141","CAPSULE (EXTENDED RELEASE)","REMOVED","02465361"
"103764","132","TABLET (ORALLY-DISINTEGRATING)","ADDED","02548801"
"90376","141","CAPSULE (EXTENDED RELEASE)","REMOVED","02419238"
"62793","118","POWDER FOR SUSPENSION, SUSTAINED-RELEASE","REMOVED","02239324"
"101564","1","METERED-DOSE AEROSOL","REMOVED","02526557"
"98359","137","CAPSULE (DELAYED RELEASE)","REMOVED","02493594"
"80674","132","TABLET (ORALLY DISINTEGRATING)","REMOVED","02321343"
"79346","141","CAPSULE (EXTENDED-RELEASE)","ADDED","02307782"
"85232","141","CAPSULE (EXTENDED-RELEASE)","ADDED","02367475"
"90546","118","POWDER FOR SUSPENSION (SUSTAINED-RELEASE","ADDED","02420872"
"73669","173","TABLET (IMMEDIATE- AND EXTENDED-RELEASE)","ADDED","02251787"
"73384","118","POWDER FOR SUSPENSION (SUSTAINED-RELEASE","ADDED","02248999"
"89877","132","TABLET (ORALLY DISINTEGRATING)","REMOVED","02414104"
"76280","141","CAPSULE (EXTENDED-RELEASE)","ADDED","02277158"
"92878","141","CAPSULE (EXTENDED RELEASE)","REMOVED","02443996"
"87127","137","CAPSULE (DELAYED RELEASE)","REMOVED","02385643"
"77714","132","TABLET (ORALLY-DISINTEGRATING)","ADDED","02291789"
"89940","137","CAPSULE (DELAYED RELEASE)","REMOVED","02414775"
"78388","158","SPRAY (METERED-DOSE)","ADDED","02298589"
"94827","141","CAPSULE (EXTENDED-RELEASE)","ADDED","02460785"
"84677","170","TABLET (IMMEDIATE AND DELAYED-RELEASE)","REMOVED","02361728"
"68260","162","AEROSOL (METERED-DOSE)","ADDED","02244293"
"77713","132","TABLET (ORALLY DISINTEGRATING)","REMOVED","02291770"
"96568","137","CAPSULE (DELAYED RELEASE)","REMOVED","02475316"
"97518","141","CAPSULE (EXTENDED RELEASE)","REMOVED","02484900"
"83990","141","CAPSULE (EXTENDED RELEASE)","REMOVED","02354748"
"107188","85","TABLET","ADDED","02569655"
"106335","141","CAPSULE (EXTENDED-RELEASE)","ADDED","02560275"
"93023","118","POWDER FOR SUSPENSION, SUSTAINED-RELEASE","REMOVED","02445026"
"81318","132","TABLET (ORALLY-DISINTEGRATING)","ADDED","02327775"
"99502","132","TABLET (ORALLY DISINTEGRATING)","REMOVED","02505649"
"89918","132","TABLET (ORALLY DISINTEGRATING)","REMOVED","02414554"
"95327","132","TABLET (ORALLY DISINTEGRATING)","REMOVED","02465086"
"86505","137","CAPSULE (DELAYED RELEASE)","REMOVED","02379163"
"85397","137","CAPSULE (DELAYED-RELEASE)","ADDED","02369028"
"107186","85","TABLET","ADDED","02569639"
"76285","141","CAPSULE (EXTENDED RELEASE)","REMOVED","02277204"
"95626","153","POWDER (METERED DOSE)","REMOVED","02467917"
"76415","141","CAPSULE (EXTENDED RELEASE)","REMOVED","02278561"
"92130","132","TABLET (ORALLY DISINTEGRATING)","REMOVED","02436981"
"88840","137","CAPSULE (DELAYED-RELEASE)","ADDED","02403617"
"104460","155","SOLUTION (EXTENDED-RELEASE)","ADDED","02555875"
"107206","134","SOLUTION","ADDED","02569868"
"70042","141","CAPSULE (EXTENDED-RELEASE)","ADDED","02245922"
"87100","137","CAPSULE (DELAYED RELEASE)","REMOVED","02385376"
"96301","162","AEROSOL (METERED-DOSE)","ADDED","02473615"
"98532","141","CAPSULE (EXTENDED RELEASE)","REMOVED","02495406"
"92403","132","TABLET (ORALLY-DISINTEGRATING)","ADDED","02439638"
"102569","141","CAPSULE (EXTENDED-RELEASE)","ADDED","02536978"
"96752","141","CAPSULE (EXTENDED-RELEASE)","ADDED","02476673"
"97349","155","SOLUTION (EXTENDED RELEASE)","REMOVED","02483092"
"69137","162","AEROSOL, METERED DOSE","REMOVED","02245127"
"83821","132","TABLET (ORALLY-DISINTEGRATING)","ADDED","02352982"
"88350","164","SPRAY (BAG-ON-VALVE)","ADDED","02398559"
"78518","132","TABLET (ORALLY DISINTEGRATING)","REMOVED","02299836"
"94523","158","SPRAY (METERED-DOSE)","ADDED","02458187"
"50454","158","SPRAY, METERED DOSE","REMOVED","02231147"
"78899","158","SPRAY, METERED DOSE","REMOVED","02303671"
"92757","141","CAPSULE (EXTENDED-RELEASE)","ADDED","02443015"
"106813","141","CAPSULE (EXTENDED RELEASE)","REMOVED","02565544"
"65975","155","SOLUTION (EXTENDED-RELEASE)","ADDED","02242275"
"88897","141","CAPSULE (EXTENDED-RELEASE)","ADDED","02404184"
"65701","1","METERED-DOSE AEROSOL","REMOVED","02242030"
"82913","132","TABLET (ORALLY DISINTEGRATING)","REMOVED","02343703"
"107233","85","TABLET","ADDED","02570157"
"106750","141","CAPSULE (EXTENDED RELEASE)","REMOVED","02564831"
"14502","141","CAPSULE (EXTENDED RELEASE)","REMOVED","02019949"
"93136","137","CAPSULE (DELAYED-RELEASE)","ADDED","02446081"
"75942","141","CAPSULE (EXTENDED-RELEASE)","ADDED","02273969"
"92478","141","CAPSULE (EXTENDED RELEASE)","REMOVED","02440415"
"63341","173","TABLET (IMMEDIATE AND EXTENDED RELEASE)","REMOVED","02239853"
"16481","150","TABLET (IMMEDIATE-RELEASE)","ADDED","02014254"
"81321","132","TABLET (ORALLY-DISINTEGRATING)","ADDED","02327805"
"104499","118","POWDER FOR SUSPENSION (SUSTAINED-RELEASE","ADDED","02556294"
"95355","141","CAPSULE (EXTENDED RELEASE)","REMOVED","02465353"
"106911","158","SPRAY (METERED-DOSE)","ADDED","02566613"
"16102","150","TABLET (IMMEDIATE-RELEASE)","ADDED","02014203"
"106815","141","CAPSULE (EXTENDED RELEASE)","REMOVED","02565560"
"106813","141","CAPSULE (EXTENDED-RELEASE)","ADDED","02565544"
"95346","167","FILM, SOLUBLE","REMOVED","02465264"
"92399","132","TABLET (ORALLY DISINTEGRATING)","REMOVED","02439573"
"104347","132","TABLET (ORALLY DISINTEGRATING)","REMOVED","02554631"
"93826","158","SPRAY (METERED-DOSE)","ADDED","02451905"
"79594","141","CAPSULE (EXTENDED RELEASE)","REMOVED","02310295"
"102499","132","TABLET (ORALLY DISINTEGRATING)","REMOVED","02536196"
"93926","141","CAPSULE (EXTENDED RELEASE)","REMOVED","02452855"
"89905","137","CAPSULE (DELAYED RELEASE)","REMOVED","02414392"
"77109","162","AEROSOL, METERED DOSE","REMOVED","02285592"
"65976","155","SOLUTION (EXTENDED RELEASE)","REMOVED","02242276"
"84015","137","CAPSULE (DELAYED RELEASE)","REMOVED","02354969"
"52048","162","AEROSOL (METERED-DOSE)","ADDED","02232570"
"83587","167","FILM (SOLUBLE)","ADDED","02350661"
"66907","132","TABLET (ORALLY DISINTEGRATING)","REMOVED","02243045"
"87180","137","CAPSULE (DELAYED RELEASE)","REMOVED","02386224"
"100629","150","TABLET (IMMEDIATE-RELEASE)","ADDED","02516950"
"86376","141","CAPSULE (EXTENDED RELEASE)","REMOVED","02377977"
"95927","181","CAPSULE (CONTROLLED-RELEASE)","ADDED","02470292"
"92129","132","TABLET (ORALLY DISINTEGRATING)","REMOVED","02436973"
"51375","158","SPRAY (METERED-DOSE)","ADDED","02231923"
"97096","118","POWDER FOR SUSPENSION, SUSTAINED-RELEASE","REMOVED","02480433"
"85755","132","TABLET (ORALLY DISINTEGRATING)","REMOVED","02372436"
"86128","172","CAPSULE (IMMEDIATE AND DELAYED RELEASE)","REMOVED","02375885"
"89644","137","CAPSULE (DELAYED RELEASE)","REMOVED","02411857"
"83589","167","FILM, SOLUBLE","REMOVED","02350696"
"62792","118","POWDER FOR SUSPENSION (SUSTAINED-RELEASE","ADDED","02239323"
"81288","132","TABLET (ORALLY DISINTEGRATING)","REMOVED","02327562"
"87675","141","CAPSULE (EXTENDED-RELEASE)","ADDED","02391406"
"88125","132","TABLET (ORALLY-DISINTEGRATING)","ADDED","02396203"
"76901","155","SOLUTION (EXTENDED-RELEASE)","ADDED","02283409"
"1649","161","CAPSULE (IMMEDIATE RELEASE)","REMOVED","00263818"
"88125","132","TABLET (ORALLY DISINTEGRATING)","REMOVED","02396203"
"89677","141","CAPSULE (EXTENDED RELEASE)","REMOVED","02412209"
"96216","132","TABLET (ORALLY DISINTEGRATING)","REMOVED","02472821"
"75348","132","TABLET (ORALLY DISINTEGRATING)","REMOVED","02268094"
"93809","158","SPRAY (METERED-DOSE)","ADDED","02451735"
"97783","132","TABLET (ORALLY-DISINTEGRATING)","ADDED","02487683"
"81291","132","TABLET (ORALLY-DISINTEGRATING)","ADDED","02327597"
"92645","132","TABLET (ORALLY DISINTEGRATING)","REMOVED","02442094"
"82487","141","CAPSULE (EXTENDED-RELEASE)","ADDED","02339269"
"89916","132","TABLET (ORALLY DISINTEGRATING)","REMOVED","02414538"
"10667","153","POWDER (METERED DOSE)","REMOVED","00852074"
"80626","137","CAPSULE (DELAYED-RELEASE)","ADDED","02320851"
"92876","141","CAPSULE (EXTENDED-RELEASE)","ADDED","02443961"
"101564","162","AEROSOL (METERED-DOSE)","ADDED","02526557"
"90977","132","TABLET (ORALLY DISINTEGRATING)","REMOVED","02425114"
"92534","141","CAPSULE (EXTENDED RELEASE)","REMOVED","02440989"
"81073","141","CAPSULE (EXTENDED RELEASE)","REMOVED","02325330"
"91492","132","TABLET (ORALLY DISINTEGRATING)","REMOVED","02430460"
"89518","158","SPRAY, METERED DOSE","REMOVED","02410524"
"87153","141","CAPSULE (EXTENDED-RELEASE)","ADDED","02385929"
"85908","141","CAPSULE (EXTENDED-RELEASE)","ADDED","02373874"
"104349","132","TABLET (ORALLY DISINTEGRATING)","REMOVED","02554666"
"93831","137","CAPSULE (DELAYED-RELEASE)","ADDED","02451913"
"106723","170","TABLET (IMMEDIATE- AND DELAYED-RELEASE)","ADDED","02564548"
"83711","132","TABLET (ORALLY DISINTEGRATING)","REMOVED","02351870"
"94522","158","SPRAY (METERED-DOSE)","ADDED","02458179"
"100437","132","TABLET (ORALLY DISINTEGRATING)","REMOVED","02514974"
"100364","164","SPRAY (BAG-ON-VALVE)","ADDED","02514451"
"107197","5","CAPSULE","ADDED","02569760"
"101784","141","CAPSULE (EXTENDED-RELEASE)","ADDED","02528630"
"78009","158","SPRAY, METERED DOSE","REMOVED","02294745"
"103318","118","POWDER FOR SUSPENSION (SUSTAINED-RELEASE","ADDED","02544601"
"89503","137","CAPSULE (DELAYED RELEASE)","REMOVED","02410389"
"83823","132","TABLET (ORALLY DISINTEGRATING)","REMOVED","02353008"
"88333","141","CAPSULE (EXTENDED-RELEASE)","ADDED","02398389"
"107195","53","GRANULES","ADDED","02569744"
"107244","85","TABLET","ADDED","02570289"
"103515","141","CAPSULE (EXTENDED RELEASE)","REMOVED","02546469"
"84679","162","AEROSOL (METERED-DOSE)","ADDED","02361744"
"90480","137","CAPSULE (DELAYED-RELEASE)","ADDED","02420201"
"96568","137","CAPSULE (DELAYED-RELEASE)","ADDED","02475316"
"50461","141","CAPSULE (EXTENDED-RELEASE)","ADDED","02231154"
"100051","132","TABLET (ORALLY DISINTEGRATING)","REMOVED","02511290"
"88334","141","CAPSULE (EXTENDED-RELEASE)","ADDED","02398397"
"94756","141","CAPSULE (EXTENDED-RELEASE)","ADDED","02460270"
"80584","161","CAPSULE (IMMEDIATE-RELEASE)","ADDED","02320428"
"92335","137","CAPSULE (DELAYED-RELEASE)","ADDED","02438984"
"10666","153","POWDER (METERED-DOSE)","ADDED","00851752"
"14542","141","CAPSULE (EXTENDED-RELEASE)","ADDED","02019957"
"88318","150","TABLET (IMMEDIATE RELEASE)","REMOVED","02398249"
"88037","137","CAPSULE (DELAYED RELEASE)","REMOVED","02395266"
"9892","137","CAPSULE (DELAYED RELEASE)","REMOVED","00821373"
"104200","188","CAPSULE (DELAYED AND EXTENDED RELEASE)","REMOVED","02553031"
"78176","137","CAPSULE (DELAYED RELEASE)","REMOVED","02296446"
"100630","150","TABLET (IMMEDIATE-RELEASE)","ADDED","02516969"
"88926","137","CAPSULE (DELAYED-RELEASE)","ADDED","02404508"
"98463","137","CAPSULE (DELAYED RELEASE)","REMOVED","02494639"
"70041","141","CAPSULE (EXTENDED-RELEASE)","ADDED","02245921"
"104459","155","SOLUTION (EXTENDED RELEASE)","REMOVED","02555867"
"93129","141","CAPSULE (EXTENDED-RELEASE)","ADDED","02446022"
"64089","132","TABLET (ORALLY-DISINTEGRATING)","ADDED","02240518"
"92097","137","CAPSULE (DELAYED-RELEASE)","ADDED","02436647"
"84926","137","CAPSULE (DELAYED RELEASE)","REMOVED","02364352"
"100851","132","TABLET (ORALLY-DISINTEGRATING)","ADDED","02519232"
"96638","150","TABLET (IMMEDIATE-RELEASE)","ADDED","02475987"
"103859","150","TABLET (IMMEDIATE-RELEASE)","ADDED","02549786"
"83992","137","CAPSULE (DELAYED-RELEASE)","ADDED","02354764"
"101780","141","CAPSULE (EXTENDED RELEASE)","REMOVED","02528592"
"106814","141","CAPSULE (EXTENDED-RELEASE)","ADDED","02565552"
"82433","132","TABLET (ORALLY DISINTEGRATING)","REMOVED","02338661"
"74601","173","TABLET (IMMEDIATE AND EXTENDED RELEASE)","REMOVED","02260557"
"106258","141","CAPSULE (EXTENDED RELEASE)","REMOVED","02559420"
"93419","132","TABLET (ORALLY-DISINTEGRATING)","ADDED","02448483"
"94830","141","CAPSULE (EXTENDED RELEASE)","REMOVED","02460815"
"85815","141","CAPSULE (EXTENDED RELEASE)","REMOVED","02373025"
"92535","141","CAPSULE (EXTENDED RELEASE)","REMOVED","02440997"
"91493","132","TABLET (ORALLY DISINTEGRATING)","REMOVED","02430479"
"99192","167","FILM (SOLUBLE)","ADDED","02502356"
"99291","137","CAPSULE (DELAYED RELEASE)","REMOVED","02503433"
"96750","141","CAPSULE (EXTENDED-RELEASE)","ADDED","02476657"
"101783","141","CAPSULE (EXTENDED RELEASE)","REMOVED","02528622"
"76413","141","CAPSULE (EXTENDED-RELEASE)","ADDED","02278545"
"103026","186","TABLET (CHEWABLE, EXTENDED-RELEASE)","REMOVED","02541629"
"85560","141","CAPSULE (EXTENDED-RELEASE)","ADDED","02370441"
"17102","141","CAPSULE (EXTENDED-RELEASE)","ADDED","02097273"
"96476","153","POWDER (METERED-DOSE)","ADDED","02474646"
"69136","162","AEROSOL (METERED-DOSE)","ADDED","02245126"
"87462","132","TABLET (ORALLY-DISINTEGRATING)","ADDED","02389118"
"93022","118","POWDER FOR SUSPENSION, SUSTAINED-RELEASE","REMOVED","02445018"
"76617","137","CAPSULE (DELAYED RELEASE)","REMOVED","02280515"
"92354","150","TABLET (IMMEDIATE RELEASE)","REMOVED","02439166"
"107017","118","POWDER FOR SUSPENSION (SUSTAINED-RELEASE","ADDED","02567792"
"94828","141","CAPSULE (EXTENDED RELEASE)","REMOVED","02460793"
"96015","171","CAPSULE (IMMEDIATE- AND EXTENDED-RELEASE","ADDED","02471051"
"69136","162","AEROSOL, METERED DOSE","REMOVED","02245126"
"49614","132","TABLET (ORALLY-DISINTEGRATING)","ADDED","02230542"
"87463","132","TABLET (ORALLY DISINTEGRATING)","REMOVED","02389126"
"93447","132","TABLET (ORALLY DISINTEGRATING)","REMOVED","02448750"
"102498","132","TABLET (ORALLY-DISINTEGRATING)","ADDED","02536188"
"89676","141","CAPSULE (EXTENDED-RELEASE)","ADDED","02412195"
"84561","132","TABLET (ORALLY-DISINTEGRATING)","ADDED","02360640"
"3043","34","LIQUID","REMOVED","00392588"
"97244","137","CAPSULE (DELAYED-RELEASE)","ADDED","02482134"
"77979","132","TABLET (ORALLY DISINTEGRATING)","REMOVED","02294443"
"89676","141","CAPSULE (EXTENDED RELEASE)","REMOVED","02412195"
"77643","141","CAPSULE (EXTENDED-RELEASE)","ADDED","02291037"
"106426","137","CAPSULE (DELAYED-RELEASE)","ADDED","02561271"
"90119","141","CAPSULE (EXTENDED RELEASE)","REMOVED","02416603"
"18878","141","CAPSULE (EXTENDED-RELEASE)","ADDED","02177749"
"16480","150","TABLET (IMMEDIATE RELEASE)","REMOVED","02014238"
"77052","132","TABLET (ORALLY-DISINTEGRATING)","ADDED","02284995"
"107193","134","SOLUTION","ADDED","02569728"
"83712","132","TABLET (ORALLY-DISINTEGRATING)","ADDED","02351889"
"98528","137","CAPSULE (DELAYED RELEASE)","REMOVED","02495368"
"107015","118","POWDER FOR SUSPENSION (SUSTAINED-RELEASE","ADDED","02567776"
"91271","132","TABLET (ORALLY-DISINTEGRATING)","ADDED","02428237"
"93419","132","TABLET (ORALLY DISINTEGRATING)","REMOVED","02448483"
"62841","132","TABLET (ORALLY-DISINTEGRATING)","ADDED","02239372"
"66190","158","SPRAY (METERED-DOSE)","ADDED","02242465"
"86854","132","TABLET (ORALLY DISINTEGRATING)","REMOVED","02382725"
"83990","141","CAPSULE (EXTENDED-RELEASE)","ADDED","02354748"
"86281","173","TABLET (IMMEDIATE AND EXTENDED RELEASE)","REMOVED","02377195"
"86374","141","CAPSULE (EXTENDED RELEASE)","REMOVED","02377950"
"72225","173","TABLET (IMMEDIATE- AND EXTENDED-RELEASE)","ADDED","02247916"
"92113","137","CAPSULE (DELAYED-RELEASE)","ADDED","02436825"
"103095","132","TABLET (ORALLY-DISINTEGRATING)","ADDED","02542382"
"79314","132","TABLET (ORALLY-DISINTEGRATING)","ADDED","02307472"
"86306","141","CAPSULE (EXTENDED-RELEASE)","ADDED","02377365"
"98359","137","CAPSULE (DELAYED-RELEASE)","ADDED","02493594"
"90378","141","CAPSULE (EXTENDED-RELEASE)","ADDED","02419254"
"76283","141","CAPSULE (EXTENDED RELEASE)","REMOVED","02277182"
"9514","137","CAPSULE (DELAYED-RELEASE)","ADDED","00789445"
"101331","132","TABLET (ORALLY DISINTEGRATING)","REMOVED","02524279"
"96467","161","CAPSULE (IMMEDIATE RELEASE)","REMOVED","02474514"
"97221","132","TABLET (ORALLY-DISINTEGRATING)","ADDED","02481723"
"85265","137","CAPSULE (DELAYED RELEASE)","REMOVED","02367815"
"78176","137","CAPSULE (DELAYED-RELEASE)","ADDED","02296446"
"101065","141","CAPSULE (EXTENDED RELEASE)","REMOVED","02521466"
"86892","132","TABLET (ORALLY-DISINTEGRATING)","ADDED","02383152"
"98358","137","CAPSULE (DELAYED-RELEASE)","ADDED","02493586"
"92477","141","CAPSULE (EXTENDED RELEASE)","REMOVED","02440407"
"107224","134","SOLUTION","ADDED","02570068"
"82369","150","TABLET (IMMEDIATE RELEASE)","REMOVED","02338041"
"92262","137","CAPSULE (DELAYED RELEASE)","REMOVED","02438259"
"87462","132","TABLET (ORALLY DISINTEGRATING)","REMOVED","02389118"
"97947","132","TABLET (ORALLY-DISINTEGRATING)","ADDED","02489384"
"97518","141","CAPSULE (EXTENDED-RELEASE)","ADDED","02484900"
"13302","137","CAPSULE (DELAYED-RELEASE)","ADDED","01985205"
"87461","132","TABLET (ORALLY DISINTEGRATING)","REMOVED","02389096"
"86375","141","CAPSULE (EXTENDED RELEASE)","REMOVED","02377969"
"50796","141","CAPSULE (EXTENDED-RELEASE)","ADDED","02231472"
"101065","141","CAPSULE (EXTENDED-RELEASE)","ADDED","02521466"
"87562","150","TABLET (IMMEDIATE RELEASE)","REMOVED","02390167"
"74091","118","POWDER FOR SUSPENSION, SUSTAINED-RELEASE","REMOVED","02255723"
"101332","132","TABLET (ORALLY DISINTEGRATING)","REMOVED","02524287"
"77919","137","CAPSULE (DELAYED RELEASE)","REMOVED","02293811"
"106334","141","CAPSULE (EXTENDED-RELEASE)","ADDED","02560267"
"92320","132","TABLET (ORALLY-DISINTEGRATING)","ADDED","02438828"
"87337","150","TABLET (IMMEDIATE RELEASE)","REMOVED","02387794"
"10318","118","POWDER FOR SUSPENSION, SUSTAINED-RELEASE","REMOVED","00836273"
"94592","132","TABLET (ORALLY DISINTEGRATING)","REMOVED","02458772"
"93903","137","CAPSULE (DELAYED-RELEASE)","ADDED","02452669"
"50459","141","CAPSULE (EXTENDED RELEASE)","REMOVED","02231151"
"68258","1","METERED-DOSE AEROSOL","REMOVED","02244291"
"50338","141","CAPSULE (EXTENDED-RELEASE)","ADDED","02231057"
"98478","137","CAPSULE (DELAYED-RELEASE)","ADDED","02494809"
"92112","137","CAPSULE (DELAYED-RELEASE)","ADDED","02436817"
"107249","5","CAPSULE","ADDED","02570335"
"96753","141","CAPSULE (EXTENDED-RELEASE)","ADDED","02476681"
"85582","132","TABLET (ORALLY DISINTEGRATING)","REMOVED","02370697"
"19807","158","SPRAY (METERED-DOSE)","ADDED","02213834"
"88317","150","TABLET (IMMEDIATE RELEASE)","REMOVED","02398230"
"95328","132","TABLET (ORALLY DISINTEGRATING)","REMOVED","02465094"
"103135","164","SPRAY (BAG-ON-VALVE)","ADDED","02542838"
"90118","141","CAPSULE (EXTENDED RELEASE)","REMOVED","02416581"
"99127","150","TABLET (IMMEDIATE RELEASE)","REMOVED","02501651"
"85738","137","CAPSULE (DELAYED-RELEASE)","ADDED","02372258"
"93444","132","TABLET (ORALLY-DISINTEGRATING)","ADDED","02448726"
"107239","85","TABLET","ADDED","02570238"
"84501","141","CAPSULE (EXTENDED RELEASE)","REMOVED","02360039"
"88952","132","TABLET (ORALLY-DISINTEGRATING)","ADDED","02404729"
"78945","160","PATCH (EXTENDED RELEASE)","REMOVED","02304147"
"87006","137","CAPSULE (DELAYED RELEASE)","REMOVED","02384329"
"94832","141","CAPSULE (EXTENDED-RELEASE)","ADDED","02460831"
"78473","141","CAPSULE (EXTENDED-RELEASE)","ADDED","02299356"
"93568","158","SPRAY, METERED DOSE","REMOVED","02449811"
"80586","161","CAPSULE (IMMEDIATE-RELEASE)","ADDED","02320444"
"92262","137","CAPSULE (DELAYED-RELEASE)","ADDED","02438259"
"100497","137","CAPSULE (DELAYED RELEASE)","REMOVED","02515563"
"99770","164","SPRAY, BAG-ON-VALVE","REMOVED","02508338"
"89134","132","TABLET (ORALLY DISINTEGRATING)","REMOVED","02406659"
"96216","132","TABLET (ORALLY-DISINTEGRATING)","ADDED","02472821"
"99291","137","CAPSULE (DELAYED-RELEASE)","ADDED","02503433"
"78517","132","TABLET (ORALLY-DISINTEGRATING)","ADDED","02299828"
"98249","132","TABLET (ORALLY-DISINTEGRATING)","ADDED","02492482"
"94439","141","CAPSULE (EXTENDED RELEASE)","REMOVED","02457334"
"103513","141","CAPSULE (EXTENDED-RELEASE)","ADDED","02546442"
"82506","141","CAPSULE (EXTENDED-RELEASE)","ADDED","02339447"
"86855","132","TABLET (ORALLY-DISINTEGRATING)","ADDED","02382733"
"94374","137","CAPSULE (DELAYED-RELEASE)","ADDED","02456753"
"75157","98","SPRAY","REMOVED","02266121"
"96254","137","CAPSULE (DELAYED-RELEASE)","ADDED","02473208"
"87101","137","CAPSULE (DELAYED-RELEASE)","ADDED","02385384"
"92140","137","CAPSULE (DELAYED-RELEASE)","ADDED","02437090"
"94081","132","TABLET (ORALLY-DISINTEGRATING)","ADDED","02454297"
"97371","132","TABLET (ORALLY DISINTEGRATING)","REMOVED","02483270"
"94754","161","CAPSULE (IMMEDIATE-RELEASE)","ADDED","02460254"
"12182","153","POWDER (METERED DOSE)","REMOVED","00851760"
"83821","132","TABLET (ORALLY DISINTEGRATING)","REMOVED","02352982"
"83808","132","TABLET (ORALLY-DISINTEGRATING)","ADDED","02352842"
"104421","158","SPRAY, METERED DOSE","REMOVED","02555441"
"98504","137","CAPSULE (DELAYED RELEASE)","REMOVED","02495090"
"17780","141","CAPSULE (EXTENDED-RELEASE)","ADDED","02042231"
"95932","181","CAPSULE (CONTROLLED RELEASE)","REMOVED","02470349"
"92244","137","CAPSULE (DELAYED-RELEASE)","ADDED","02438089"
"89767","150","TABLET (IMMEDIATE-RELEASE)","ADDED","02412985"
"94438","141","CAPSULE (EXTENDED RELEASE)","REMOVED","02457326"
"93902","137","CAPSULE (DELAYED RELEASE)","REMOVED","02452650"
"43481","162","AEROSOL (METERED-DOSE)","ADDED","02228300"
"98690","137","CAPSULE (DELAYED RELEASE)","REMOVED","02497034"
"96662","158","SPRAY, METERED DOSE","REMOVED","02475863"
"87699","132","TABLET (ORALLY-DISINTEGRATING)","ADDED","02391678"
"81618","150","TABLET (IMMEDIATE RELEASE)","REMOVED","02330458"
"87676","141","CAPSULE (EXTENDED-RELEASE)","ADDED","02391414"
"79347","141","CAPSULE (EXTENDED-RELEASE)","ADDED","02307790"
"107016","118","POWDER FOR SUSPENSION (SUSTAINED-RELEASE","ADDED","02567784"
"93079","141","CAPSULE (EXTENDED-RELEASE)","ADDED","02445514"
"87463","132","TABLET (ORALLY-DISINTEGRATING)","ADDED","02389126"
"100872","132","TABLET (ORALLY-DISINTEGRATING)","ADDED","02519453"
"91121","137","CAPSULE (DELAYED-RELEASE)","ADDED","02426633"
"101509","155","SOLUTION (EXTENDED RELEASE)","REMOVED","02525968"
"77646","141","CAPSULE (EXTENDED RELEASE)","REMOVED","02291061"
"76281","141","CAPSULE (EXTENDED-RELEASE)","ADDED","02277166"
"82359","132","TABLET (ORALLY-DISINTEGRATING)","ADDED","02337940"
"82529","141","CAPSULE (EXTENDED RELEASE)","REMOVED","02339706"
"78853","132","TABLET (ORALLY DISINTEGRATING)","REMOVED","02303205"
"83587","167","FILM, SOLUBLE","REMOVED","02350661"
"18778","155","SOLUTION (EXTENDED-RELEASE)","ADDED","02171899"
"106506","141","CAPSULE (EXTENDED-RELEASE)","ADDED","02562162"
"107203","30","IMPLANT","ADDED","02569825"
"102500","132","TABLET (ORALLY-DISINTEGRATING)","ADDED","02536218"
"100023","162","AEROSOL (METERED-DOSE)","ADDED","02510987"
"83991","137","CAPSULE (DELAYED RELEASE)","REMOVED","02354756"
"103516","141","CAPSULE (EXTENDED-RELEASE)","ADDED","02546477"
"94592","132","TABLET (ORALLY-DISINTEGRATING)","ADDED","02458772"
"88037","137","CAPSULE (DELAYED-RELEASE)","ADDED","02395266"
"94058","161","CAPSULE (IMMEDIATE RELEASE)","REMOVED","02454068"
"90039","132","TABLET (ORALLY-DISINTEGRATING)","ADDED","02415798"
"78473","141","CAPSULE (EXTENDED RELEASE)","REMOVED","02299356"
"99321","118","POWDER FOR SUSPENSION, SUSTAINED-RELEASE","REMOVED","02503778"
"86374","141","CAPSULE (EXTENDED-RELEASE)","ADDED","02377950"
"42847","141","CAPSULE (EXTENDED RELEASE)","REMOVED","02184443"
"86376","141","CAPSULE (EXTENDED-RELEASE)","ADDED","02377977"
"89878","132","TABLET (ORALLY DISINTEGRATING)","REMOVED","02414112"
"73180","141","CAPSULE (EXTENDED RELEASE)","REMOVED","02248811"
"90119","141","CAPSULE (EXTENDED-RELEASE)","ADDED","02416603"
"98462","137","CAPSULE (DELAYED-RELEASE)","ADDED","02494620"
"97974","141","CAPSULE (EXTENDED-RELEASE)","ADDED","02489678"
"82804","132","TABLET (ORALLY-DISINTEGRATING)","ADDED","02342553"
