drug_code,mp_code,mp_formal_name,mp_fr_description,changes
86044,02375044,MAR-SIMVASTATIN (simvastatin 10 mg oral tablet) MARCAN PHARMACEUTICALS INC,MAR-SIMVASTATIN (simvastatine 10 mg comprimé oral) MARCAN PHARMACEUTICALS INC,DELETED
106588,02563053,JAMP PROPRANOLOL (propranolol hydrochloride 10 mg oral tablet) JAMP PHARMA CORPORATION,JAMP PROPRANOLOL (chlorhydrate de propranolol 10 mg comprimé oral) JAMP PHARMA CORPORATION,ADDED
103872,02549905,SOFTSOAP ANTIBACTERIAL FOR SENSITIVE SKIN (benzalkonium chloride 0.13 % cutaneous solution) COLGATE-PALMOLIVE CANADA INC,"SOFTSOAP ANTIBACTERIAL FOR SENSITIVE SKIN (chlorure de benzalkonium 0,13 % solution pour application cutanée) COLGATE-PALMOLIVE CANADA INC",ADDED
102173,02532719,TECARTUS (brexucabtagene autoleucel 100000000 cells per bag suspension for injection) GILEAD SCIENCES CANADA INC,TECARTUS (bréxucabtagène autoleucel 100000000 cellules par sac suspension injectable) GILEAD SCIENCES CANADA INC,ADDED
95295,02464802,DIAL FOAMING ANTIBACTERIAL HAND WASH (benzalkonium chloride 0.13 % cutaneous solution) HENKEL CONSUMER BRANDS CANADA CORPORATION,"DIAL FOAMING ANTIBACTERIAL HAND WASH (chlorure de benzalkonium 0,13 % solution pour application cutanée) HENKEL CONSUMER BRANDS CANADA CORPORATION",ADDED
6394,00649392,PDP-PROCYCLIDINE (procyclidine hydrochloride 2.5 mg oral tablet) PENDOPHARM DIVISION OF PHARMASCIENCE INC,"PDP-PROCYCLIDINE (chlorhydrate de procyclidine 2,5 mg comprimé oral) PENDOPHARM DIVISION OF PHARMASCIENCE INC","mp_status_effective_time: ""20180830"" -> ""20260804"""
NA,77700769,"DOXORUBICIN INJECTION, BP (doxorubicin hydrochloride 50 mg per 25 mL solution for injection vial) ACCORD HEALTHCARE INC","DOXORUBICIN INJECTION, BP (chlorhydrate de doxorubicine 50 mg par 25 mL solution injectable fiole) ACCORD HEALTHCARE INC",ADDED
NA,77700791,DOXORUBICIN (doxorubicin hydrochloride 50 mg per 25 mL solution for injection vial) PFIZER CANADA ULC,DOXORUBICIN (chlorhydrate de doxorubicine 50 mg par 25 mL solution injectable fiole) PFIZER CANADA ULC,ADDED
104006,02551330,JAMP DOXEPIN TABLETS (doxepin (doxepin hydrochloride) 3 mg oral tablet) JAMP PHARMA CORPORATION,JAMP DOXEPIN TABLETS (doxépine (chlorhydrate de doxépine) 3 mg comprimé oral) JAMP PHARMA CORPORATION,ADDED
107298,02570874,PROPURE (benzalkonium chloride 0.1 % cutaneous solution) CONSTANT INTERNATIONAL,"PROPURE (chlorure de benzalkonium 0,1 % solution pour application cutanée) CONSTANT INTERNATIONAL",ADDED
50779,02231462,ALLEGRA 12 HOUR (fexofenadine hydrochloride 60 mg oral tablet) OPELLA CANADA INC.,ALLEGRA 12 HOUR (chlorhydrate de fexofénadine 60 mg comprimé oral) OPELLA CANADA INC.,"mp_formal_name: ""ALLEGRA 12 HOUR (fexofenadine hydrochloride 60 mg oral tablet) S̲A̲N̲O̲F̲I̲ ̲C̲O̲N̲S̲U̲M̲E̲R̲ ̲H̲E̲A̲L̲T̲H̲ ̲I̲N̲C̲"" -> ""ALLEGRA 12 HOUR (fexofenadine hydrochloride 60 mg oral tablet) O̲P̲E̲L̲L̲A̲ ̲C̲A̲N̲A̲D̲A̲ ̲I̲N̲C̲.̲""
mp_fr_description: ""ALLEGRA 12 HOUR (chlorhydrate de fexofénadine 60 mg comprimé oral) S̲A̲N̲O̲F̲I̲ ̲C̲O̲N̲S̲U̲M̲E̲R̲ ̲H̲E̲A̲L̲T̲H̲ ̲I̲N̲C̲"" -> ""ALLEGRA 12 HOUR (chlorhydrate de fexofénadine 60 mg comprimé oral) O̲P̲E̲L̲L̲A̲ ̲C̲A̲N̲A̲D̲A̲ ̲I̲N̲C̲.̲"""
5725,00587362,PDP-PROCYCLIDINE (procyclidine hydrochloride 2.5 mg per 5 mL oral solution) PENDOPHARM DIVISION OF PHARMASCIENCE INC,"PDP-PROCYCLIDINE (chlorhydrate de procyclidine 2,5 mg par 5 mL solution orale) PENDOPHARM DIVISION OF PHARMASCIENCE INC","mp_status_effective_time: ""20181031"" -> ""20260804"""
98326,02493284,PYRITHIONE ZINC DANDRUFF SHAMPOO TEA TREE 2IN1 (pyrithione zinc 1 % shampoo) PROCTER & GAMBLE INC,PYRITHIONE ZINC DANDRUFF SHAMPOO TEA TREE 2IN1 (pyrithione zincique 1 % shampoing) PROCTER & GAMBLE INC,"Health_Canada_product_name: ""TEA TREE OIL 2IN1"" -> ""PYRITHIONE ZINC DANDRUFF SHAMPOO TEA TREE 2IN1""
mp_formal_name: ""T̲E̲A̲ ̲T̲R̲E̲E̲ ̲O̲I̲L̲ 2IN1 (pyrithione zinc 1 % shampoo) PROCTER & GAMBLE INC"" -> ""P̲Y̲R̲I̲T̲H̲I̲O̲N̲E̲ ̲Z̲I̲N̲C̲ ̲D̲A̲N̲D̲R̲U̲F̲F̲ ̲S̲H̲A̲M̲P̲O̲O̲ ̲T̲E̲A̲ ̲T̲R̲E̲E̲ 2IN1 (pyrithione zinc 1 % shampoo) PROCTER & GAMBLE INC""
mp_fr_description: ""T̲E̲A̲ ̲T̲R̲E̲E̲ ̲O̲I̲L̲ 2IN1 (pyrithione zincique 1 % shampoing) PROCTER & GAMBLE INC"" -> ""P̲Y̲R̲I̲T̲H̲I̲O̲N̲E̲ ̲Z̲I̲N̲C̲ ̲D̲A̲N̲D̲R̲U̲F̲F̲ ̲S̲H̲A̲M̲P̲O̲O̲ ̲T̲E̲A̲ ̲T̲R̲E̲E̲ 2IN1 (pyrithione zincique 1 % shampoing) PROCTER & GAMBLE INC"""
27993,02078341,PROCLEARZ ANTIFUNGAL LIQUID (tolnaftate 1 % cutaneous solution) ROOFTOP CONSUMER HEALTH,PROCLEARZ ANTIFUNGAL LIQUID (tolnaftate 1 % solution pour application cutanée) ROOFTOP CONSUMER HEALTH,"mp_formal_name: ""PROCLEARZ ANTIFUNGAL LIQUID (tolnaftate 1 % cutaneous solution) P̲R̲O̲F̲O̲O̲T̲ ̲I̲N̲C̲.̲"" -> ""PROCLEARZ ANTIFUNGAL LIQUID (tolnaftate 1 % cutaneous solution) R̲O̲O̲F̲T̲O̲P̲ ̲C̲O̲N̲S̲U̲M̲E̲R̲ ̲H̲E̲A̲L̲T̲H̲""
mp_fr_description: ""PROCLEARZ ANTIFUNGAL LIQUID (tolnaftate 1 % solution pour application cutanée) P̲R̲O̲F̲O̲O̲T̲ ̲I̲N̲C̲.̲"" -> ""PROCLEARZ ANTIFUNGAL LIQUID (tolnaftate 1 % solution pour application cutanée) R̲O̲O̲F̲T̲O̲P̲ ̲C̲O̲N̲S̲U̲M̲E̲R̲ ̲H̲E̲A̲L̲T̲H̲""
mp_status_effective_time: ""20221031"" -> ""20260918"""
96203,02472724,ENERGY BERRY BAIES ÉNERGISANTES FOAMING HAND SOAP ANTIBACTERIAL (benzalkonium chloride 0.13 % cutaneous solution) APOLLO HEALTH AND BEAUTY CARE,"ENERGY BERRY BAIES ÉNERGISANTES FOAMING HAND SOAP ANTIBACTERIAL (chlorure de benzalkonium 0,13 % solution pour application cutanée) APOLLO HEALTH AND BEAUTY CARE",ADDED
99696,02507595,PYRITHIONE ZINC DANDRUFF SHAMPOO OIL RELIEF (pyrithione zinc 1 % shampoo) PROCTER & GAMBLE INC,PYRITHIONE ZINC DANDRUFF SHAMPOO OIL RELIEF (pyrithione zincique 1 % shampoing) PROCTER & GAMBLE INC,"Health_Canada_product_name: ""PYRITHIONE ZINC DANDRUFF SHAMPOO APPLE CIDER VINEGAR"" -> ""PYRITHIONE ZINC DANDRUFF SHAMPOO OIL RELIEF""
mp_formal_name: ""PYRITHIONE ZINC DANDRUFF SHAMPOO A̲P̲P̲L̲E̲ ̲C̲I̲D̲E̲R̲ ̲V̲I̲N̲E̲G̲A̲R̲ (pyrithione zinc 1 % shampoo) PROCTER & GAMBLE INC"" -> ""PYRITHIONE ZINC DANDRUFF SHAMPOO O̲I̲L̲ ̲R̲E̲L̲I̲E̲F̲ (pyrithione zinc 1 % shampoo) PROCTER & GAMBLE INC""
mp_fr_description: ""PYRITHIONE ZINC DANDRUFF SHAMPOO A̲P̲P̲L̲E̲ ̲C̲I̲D̲E̲R̲ ̲V̲I̲N̲E̲G̲A̲R̲ (pyrithione zincique 1 % shampoing) PROCTER & GAMBLE INC"" -> ""PYRITHIONE ZINC DANDRUFF SHAMPOO O̲I̲L̲ ̲R̲E̲L̲I̲E̲F̲ (pyrithione zincique 1 % shampoing) PROCTER & GAMBLE INC"""
106933,02566869,JAMP COLESEVELAM (colesevelam hydrochloride 625 mg oral tablet) JAMP PHARMA CORPORATION,JAMP COLESEVELAM (chlorhydrate de colésévélam 625 mg comprimé oral) JAMP PHARMA CORPORATION,ADDED
83971,02354543,LORIS 0.13% BZK (benzalkonium chloride 0.13 % wipe) LERNAPHARM (LORIS) INC.,"LORIS 0.13% BZK (chlorure de benzalkonium 0,13 % lingette) LERNAPHARM (LORIS) INC.",ADDED
106797,02565366,NRA-ONDANSETRON (ondansetron (ondansetron hydrochloride) 4 mg oral tablet) NORA PHARMA INC,NRA-ONDANSETRON (ondansétron (chlorhydrate d'ondansétron) 4 mg comprimé oral) NORA PHARMA INC,ADDED
106879,02566265,DENOZA (denosumab 60 mg per 1 mL solution for injection syringe) APOTEX INC,DENOZA (dénosumab 60 mg par 1 mL solution injectable seringue) APOTEX INC,ADDED
78001,02294664,OCTAPLEX (coagulation factor ii (human) 760 unit per vial and coagulation factor IX human 500 unit per vial and coagulation factor vii (human) 480 unit per vial and coagulation factor x (human) 600 unit per vial and protein c 620 unit per vial and protein s 640 unit per vial NA) OCTAPHARMA PHARMAZEUTIKA PRODUKTIONSGES M B H,OCTAPLEX (facteur II de coagulation humain 760 unité par fiole et facteur IX de coagulation humain 500 unité par fiole et facteur VII de coagulation humain 480 unité par fiole et facteur X de coagulation humain 600 unité par fiole et protéine c 620 unité par fiole et protéine s 640 unité par fiole NA) OCTAPHARMA PHARMAZEUTIKA PRODUKTIONSGES M B H,ADDED
102029,02531127,"VANCOMYCIN HYDROCHLORIDE FOR INJECTION, USP (vancomycin (vancomycin hydrochloride) 5 g per vial powder for solution for injection) HIKMA CANADA LIMITED","VANCOMYCIN HYDROCHLORIDE FOR INJECTION, USP (vancomycine (chlorhydrate de vancomycine) 5 g par fiole poudre pour solution injectable) HIKMA CANADA LIMITED",ADDED
85049,02365618,BENYLIN EXTRA STRENGTH MUCUS & PHLEGM PLUS COLD RELIEF NIGHT (acetaminophen 500 mg per 15 mL and chlorpheniramine maleate 2 mg per 15 mL and dextromethorphan hydrobromide 15 mg per 15 mL and guaifenesin 100 mg per 15 mL and pseudoephedrine hydrochloride 30 mg per 15 mL syrup) KENVUE CANADA INC.,BENYLIN EXTRA STRENGTH MUCUS & PHLEGM PLUS COLD RELIEF NIGHT (acétaminophène 500 mg par 15 mL et maléate de chlorphéniramine 2 mg par 15 mL et bromhydrate de dextrométhorphane 15 mg par 15 mL et guaïfénésine 100 mg par 15 mL et chlorhydrate de pseudoéphédrine 30 mg par 15 mL sirop) KENVUE CANADA INC.,"mp_formal_name: ""BENYLIN EXTRA STRENGTH MUCUS & PHLEGM PLUS COLD RELIEF NIGHT (acetaminophen 500 mg per 15 mL and chlorpheniramine maleate 2 mg per 15 mL and dextromethorphan hydrobromide 15 mg per 15 mL and guaifenesin 100 mg per 15 mL and pseudoephedrine hydrochloride 30 mg per 15 mL syrup) M̲C̲N̲E̲I̲L̲ ̲C̲O̲N̲S̲U̲M̲E̲R̲ ̲H̲E̲A̲L̲T̲H̲C̲A̲R̲E̲ ̲D̲I̲V̲I̲S̲I̲O̲N̲ ̲O̲F̲ ̲J̲O̲H̲N̲S̲O̲N̲ ̲&̲ ̲J̲O̲H̲N̲S̲O̲N̲ ̲I̲N̲C̲"" -> ""BENYLIN EXTRA STRENGTH MUCUS & PHLEGM PLUS COLD RELIEF NIGHT (acetaminophen 500 mg per 15 mL and chlorpheniramine maleate 2 mg per 15 mL and dextromethorphan hydrobromide 15 mg per 15 mL and guaifenesin 100 mg per 15 mL and pseudoephedrine hydrochloride 30 mg per 15 mL syrup) K̲E̲N̲V̲U̲E̲ ̲C̲A̲N̲A̲D̲A̲ ̲I̲N̲C̲.̲""
mp_fr_description: ""BENYLIN EXTRA STRENGTH MUCUS & PHLEGM PLUS COLD RELIEF NIGHT (acétaminophène 500 mg par 15 mL et maléate de chlorphéniramine 2 mg par 15 mL et bromhydrate de dextrométhorphane 15 mg par 15 mL et guaïfénésine 100 mg par 15 mL et chlorhydrate de pseudoéphédrine 30 mg par 15 mL sirop) M̲C̲N̲E̲I̲L̲ ̲C̲O̲N̲S̲U̲M̲E̲R̲ ̲H̲E̲A̲L̲T̲H̲C̲A̲R̲E̲ ̲D̲I̲V̲I̲S̲I̲O̲N̲ ̲O̲F̲ ̲J̲O̲H̲N̲S̲O̲N̲ ̲&̲ ̲J̲O̲H̲N̲S̲O̲N̲ ̲I̲N̲C̲"" -> ""BENYLIN EXTRA STRENGTH MUCUS & PHLEGM PLUS COLD RELIEF NIGHT (acétaminophène 500 mg par 15 mL et maléate de chlorphéniramine 2 mg par 15 mL et bromhydrate de dextrométhorphane 15 mg par 15 mL et guaïfénésine 100 mg par 15 mL et chlorhydrate de pseudoéphédrine 30 mg par 15 mL sirop) K̲E̲N̲V̲U̲E̲ ̲C̲A̲N̲A̲D̲A̲ ̲I̲N̲C̲.̲"""
106620,02563428,PRO-BIMATOPROST RC (bimatoprost 0.01 % ophthalmic drops) PRO DOC LIMITEE,"PRO-BIMATOPROST RC (bimatoprost 0,01 % gouttes ophtalmiques) PRO DOC LIMITEE",ADDED
NA,77700996,PACLITAXEL INJECTION USP (paclitaxel 100 mg per 16.7 mL solution for injection vial) SANDOZ CANADA INCORPORATED,"PACLITAXEL INJECTION USP (paclitaxel 100 mg par 16,7 mL solution injectable fiole) SANDOZ CANADA INCORPORATED",ADDED
NA,77701105,PEMETREXED FOR INJECTION (pemetrexed (pemetrexed disodium hemipentahydrate) 850 mg per 34 mL solution for injection vial) ACCORD HEALTHCARE INC,PEMETREXED FOR INJECTION (pémétrexed (hémipentahydrate de pémétrexed disodique) 850 mg par 34 mL solution injectable fiole) ACCORD HEALTHCARE INC,DELETED
89540,02410826,BERIPLEX P/N 1000 (coagulation factor ii (human) 1600 unit and coagulation factor IX human 1240 unit and coagulation factor vii (human) 1000 unit and coagulation factor x (human) 2040 unit and protein c 1640 unit and protein s 1360 unit powder for solution for injection) CSL BEHRING CANADA INC,BERIPLEX P/N 1000 (facteur II de coagulation humain 1600 unité et facteur IX de coagulation humain 1240 unité et facteur VII de coagulation humain 1000 unité et facteur X de coagulation humain 2040 unité et protéine c 1640 unité et protéine s 1360 unité poudre pour solution injectable) CSL BEHRING CANADA INC,ADDED
106899,02566494,RIVA-CANDESARTAN (candesartan cilexetil 8 mg oral tablet) LABORATOIRE RIVA INC.,RIVA-CANDESARTAN (candésartan cilexétil 8 mg comprimé oral) LABORATOIRE RIVA INC.,ADDED
95706,02468646,REGULAR STRENGTH BISMUTH (bismuth subsalicylate 17.5 mg per mL oral suspension) LSL MEDPLUS INC,"REGULAR STRENGTH BISMUTH (subsalicylate de bismuth 17,5 mg par mL suspension orale) LSL MEDPLUS INC","mp_formal_name: ""REGULAR STRENGTH BISMUTH (bismuth subsalicylate 17.5 mg per mL oral suspension) J̲U̲N̲O̲ ̲O̲T̲C̲ INC"" -> ""REGULAR STRENGTH BISMUTH (bismuth subsalicylate 17.5 mg per mL oral suspension) L̲S̲L̲ ̲M̲E̲D̲P̲L̲U̲S̲ INC""
mp_fr_description: ""REGULAR STRENGTH BISMUTH (subsalicylate de bismuth 17,5 mg par mL suspension orale) J̲U̲N̲O̲ ̲O̲T̲C̲ INC"" -> ""REGULAR STRENGTH BISMUTH (subsalicylate de bismuth 17,5 mg par mL suspension orale) L̲S̲L̲ ̲M̲E̲D̲P̲L̲U̲S̲ INC"""
95330,02465108,ALLERGY FORMULA (diphenhydramine hydrochloride 12.5 mg per 5 mL oral solution) LSL MEDPLUS INC,"ALLERGY FORMULA (chlorhydrate de diphenhydramine 12,5 mg par 5 mL solution orale) LSL MEDPLUS INC","mp_formal_name: ""ALLERGY FORMULA (diphenhydramine hydrochloride 12.5 mg per 5 mL oral solution) J̲U̲N̲O̲ ̲O̲T̲C̲ INC"" -> ""ALLERGY FORMULA (diphenhydramine hydrochloride 12.5 mg per 5 mL oral solution) L̲S̲L̲ ̲M̲E̲D̲P̲L̲U̲S̲ INC""
mp_fr_description: ""ALLERGY FORMULA (chlorhydrate de diphenhydramine 12,5 mg par 5 mL solution orale) J̲U̲N̲O̲ ̲O̲T̲C̲ INC"" -> ""ALLERGY FORMULA (chlorhydrate de diphenhydramine 12,5 mg par 5 mL solution orale) L̲S̲L̲ ̲M̲E̲D̲P̲L̲U̲S̲ INC"""
89455,02409895,JAMP-MEMANTINE (memantine hydrochloride 10 mg oral tablet) JAMP PHARMA CORPORATION,JAMP-MEMANTINE (chlorhydrate de mémantine 10 mg comprimé oral) JAMP PHARMA CORPORATION,ADDED
79643,02310805,PMS-RABEPRAZOLE EC (rabeprazole sodium 10 mg gastro-resistant tablet) PHARMASCIENCE INC,PMS-RABEPRAZOLE EC (rabéprazole sodique 10 mg comprimé gastrorésistant) PHARMASCIENCE INC,"mp_status_effective_time: ""20230729"" -> ""20260902"""
NA,77700772,"DOXORUBICIN INJECTION, BP (doxorubicin hydrochloride 10 mg per 5 mL solution for injection vial) ACCORD HEALTHCARE INC","DOXORUBICIN INJECTION, BP (chlorhydrate de doxorubicine 10 mg par 5 mL solution injectable fiole) ACCORD HEALTHCARE INC",ADDED
91410,02429659,EZETIMIBE (ezetimibe 10 mg oral tablet) SIVEM PHARMACEUTICALS ULC,EZETIMIBE (ézétimibe 10 mg comprimé oral) SIVEM PHARMACEUTICALS ULC,"mp_status_effective_time: ""20260703"" -> ""20260929"""
106616,02563363,JAMP RISPERIDONE TABLETS (risperidone 3 mg oral tablet) JAMP PHARMA CORPORATION,JAMP RISPERIDONE TABLETS (rispéridone 3 mg comprimé oral) JAMP PHARMA CORPORATION,ADDED
96159,02472287,ACCLAIM AB (benzalkonium chloride 0.13 % lotion) ZEP MANUFACTURING COMPANY OF CANADA,"ACCLAIM AB (chlorure de benzalkonium 0,13 % lotion) ZEP MANUFACTURING COMPANY OF CANADA",ADDED
67995,02244052,KEYSTONE ANTIBACTERIAL FOAM HAND SOAP (triclosan 0.3 % cutaneous liquid) ECOLAB CO,"KEYSTONE ANTIBACTERIAL FOAM HAND SOAP (triclosan 0,3 % liquide cutané) ECOLAB CO",ADDED
99564,02506300,DERMA SOLUTIONS (benzalkonium chloride 0.15 % cutaneous solution) LAROSE & FILS LTEE,"DERMA SOLUTIONS (chlorure de benzalkonium 0,15 % solution pour application cutanée) LAROSE & FILS LTEE",ADDED
71743,02247493,PMS-FUROSEMIDE (furosemide 20 mg oral tablet) PHARMASCIENCE INC,PMS-FUROSEMIDE (furosémide 20 mg comprimé oral) PHARMASCIENCE INC,"mp_status_effective_time: ""20181004"" -> ""20260902"""
79962,02314126,PHENREX MVD (chloroxylenol 0.6 % cutaneous solution) IMREX INC.,"PHENREX MVD (chloroxylénol 0,6 % solution pour application cutanée) IMREX INC.",ADDED
92527,02440903,TREKSAFE (benzalkonium chloride 0.13 % wipe) ZHEJIANGH HONGYU MEDICAL COMMODITY CO LTD,"TREKSAFE (chlorure de benzalkonium 0,13 % lingette) ZHEJIANGH HONGYU MEDICAL COMMODITY CO LTD",ADDED
81095,02325586,BIBAG (sodium bicarbonate 650 g per bag powder for concentrate for solution for haemodialysis) FRESENIUS MEDICAL CARE CANADA INC,BIBAG (bicarbonate de sodium 650 g par sac poudre pour solution à diluer pour solution pour hémodialyse) FRESENIUS MEDICAL CARE CANADA INC,ADDED
90114,02416549,ACH-OMEPRAZOLE (omeprazole (omeprazole magnesium) 20 mg gastro-resistant tablet) ACCORD HEALTHCARE INC,ACH-OMEPRAZOLE (oméprazole (oméprazole magnésium) 20 mg comprimé gastrorésistant) ACCORD HEALTHCARE INC,DELETED
102122,02532166,SPC-DESVENLAFAXINE (desvenlafaxine (desvenlafaxine succinate) 100 mg prolonged-release oral tablet) SUN PHARMA CANADA INC,SPC-DESVENLAFAXINE (desvenlafaxine (succinate de desvenlafaxine) 100 mg comprimé oral à libération prolongée) SUN PHARMA CANADA INC,"Health_Canada_product_name: ""TARO-DESVENLAFAXINE"" -> ""SPC-DESVENLAFAXINE""
mp_formal_name: ""T̲A̲R̲O̲-DESVENLAFAXINE (desvenlafaxine (desvenlafaxine succinate) 100 mg prolonged-release oral tablet) T̲A̲R̲O̲ ̲P̲H̲A̲R̲M̲A̲C̲E̲U̲T̲I̲C̲A̲L̲S̲ INC"" -> ""S̲P̲C̲-DESVENLAFAXINE (desvenlafaxine (desvenlafaxine succinate) 100 mg prolonged-release oral tablet) S̲U̲N̲ ̲P̲H̲A̲R̲M̲A̲ ̲C̲A̲N̲A̲D̲A̲ INC""
mp_fr_description: ""T̲A̲R̲O̲-DESVENLAFAXINE (desvenlafaxine (succinate de desvenlafaxine) 100 mg comprimé oral à libération prolongée) T̲A̲R̲O̲ ̲P̲H̲A̲R̲M̲A̲C̲E̲U̲T̲I̲C̲A̲L̲S̲ INC"" -> ""S̲P̲C̲-DESVENLAFAXINE (desvenlafaxine (succinate de desvenlafaxine) 100 mg comprimé oral à libération prolongée) S̲U̲N̲ ̲P̲H̲A̲R̲M̲A̲ ̲C̲A̲N̲A̲D̲A̲ INC"""
87539,02389924,CHILDREN'S TYLENOL FEVER & SORE THROAT PAIN (acetaminophen 160 mg per 5 mL oral suspension) KENVUE CANADA INC.,CHILDREN'S TYLENOL FEVER & SORE THROAT PAIN (acétaminophène 160 mg par 5 mL suspension orale) KENVUE CANADA INC.,"mp_formal_name: ""CHILDREN'S TYLENOL FEVER & SORE THROAT PAIN (acetaminophen 160 mg per 5 mL oral suspension) M̲C̲N̲E̲I̲L̲ ̲C̲O̲N̲S̲U̲M̲E̲R̲ ̲H̲E̲A̲L̲T̲H̲C̲A̲R̲E̲ ̲D̲I̲V̲I̲S̲I̲O̲N̲ ̲O̲F̲ ̲J̲O̲H̲N̲S̲O̲N̲ ̲&̲ ̲J̲O̲H̲N̲S̲O̲N̲ ̲I̲N̲C̲"" -> ""CHILDREN'S TYLENOL FEVER & SORE THROAT PAIN (acetaminophen 160 mg per 5 mL oral suspension) K̲E̲N̲V̲U̲E̲ ̲C̲A̲N̲A̲D̲A̲ ̲I̲N̲C̲.̲""
mp_fr_description: ""CHILDREN'S TYLENOL FEVER & SORE THROAT PAIN (acétaminophène 160 mg par 5 mL suspension orale) M̲C̲N̲E̲I̲L̲ ̲C̲O̲N̲S̲U̲M̲E̲R̲ ̲H̲E̲A̲L̲T̲H̲C̲A̲R̲E̲ ̲D̲I̲V̲I̲S̲I̲O̲N̲ ̲O̲F̲ ̲J̲O̲H̲N̲S̲O̲N̲ ̲&̲ ̲J̲O̲H̲N̲S̲O̲N̲ ̲I̲N̲C̲"" -> ""CHILDREN'S TYLENOL FEVER & SORE THROAT PAIN (acétaminophène 160 mg par 5 mL suspension orale) K̲E̲N̲V̲U̲E̲ ̲C̲A̲N̲A̲D̲A̲ ̲I̲N̲C̲.̲"""
12877,00582883,PMS-BISACODYL (bisacodyl 10 mg suppository) PHARMASCIENCE INC,PMS-BISACODYL (bisacodyl 10 mg suppositoire) PHARMASCIENCE INC,"mp_status_effective_time: ""20180628"" -> ""20260806"""
87693,02391600,ACH-PIOGLITAZONE (pioglitazone (pioglitazone hydrochloride) 15 mg oral tablet) ACCORD HEALTHCARE INC,ACH-PIOGLITAZONE (pioglitazone (chlorhydrate de pioglitazone) 15 mg comprimé oral) ACCORD HEALTHCARE INC,DELETED
92624,02441853,PANTOPRAZOLE MAGNESIUM (pantoprazole (pantoprazole magnesium) 40 mg gastro-resistant tablet) ALTIUS HEALTHCARE INC,PANTOPRAZOLE MAGNESIUM (pantoprazole (pantoprazole magnésien) 40 mg comprimé gastrorésistant) ALTIUS HEALTHCARE INC,DELETED
65584,02241914,MARCAINE SPINAL (bupivacaine hydrochloride 15 mg per 2 mL solution for injection ampoule) PFIZER CANADA ULC,MARCAINE SPINAL (chlorhydrate de bupivacaïne 15 mg par 2 mL solution injectable ampoule) PFIZER CANADA ULC,"mp_status_effective_time: ""20211210"" -> ""20260910"""
12946,01934791,ROBAXISAL C 1/2 (acetylsalicylic acid 325 mg and codeine phosphate 32.4 mg and methocarbamol 400 mg oral tablet) GLAXOSMITHKLINE CONSUMER HEALTHCARE ULC,"ROBAXISAL C 1/2 (acide acétylsalicylique 325 mg et phosphate de codéine 32,4 mg et méthocarbamol 400 mg comprimé oral) GLAXOSMITHKLINE CONSUMER HEALTHCARE ULC",DELETED
87779,02392534,ACH-GABAPENTIN (gabapentin 800 mg oral tablet) ACCORD HEALTHCARE INC,ACH-GABAPENTIN (gabapentine 800 mg comprimé oral) ACCORD HEALTHCARE INC,DELETED
47482,02229566,TOMUDEX (raltitrexed 2 mg per vial powder for solution for injection) PFIZER CANADA ULC,TOMUDEX (raltitrexed 2 mg par fiole poudre pour solution injectable) PFIZER CANADA ULC,DELETED
106224,02559056,AMIVAS-ARTESUNATE (artesunate 110 mg per vial powder for solution for injection with diluent solution) AMIVAS IRELAND LTD.,AMIVAS-ARTESUNATE (artésunate 110 mg par fiole poudre pour solution injectable avec solution diluante) AMIVAS IRELAND LTD.,ADDED
101773,02528517,WEGOVY MULTI-DOSE PRE-FILLED PEN 2MG/1.5ML (semaglutide 0.5 mg per actuation solution for injection pre-filled pen) NOVO NORDISK CANADA INC,"WEGOVY STYLO PRÉREMPLI À DOSES MULTIPLES 2MG/1.5ML (sémaglutide 0,5 mg par actionnement solution injectable stylo prérempli) NOVO NORDISK CANADA INC","mp_formal_name: ""WEGOVY MULTI-DOSE PRE-FILLED PEN (semaglutide 0.5 mg per actuation solution for injection pre-filled pen) NOVO NORDISK CANADA INC"" -> ""WEGOVY MULTI-DOSE PRE-FILLED PEN ̲2̲M̲G̲/̲1̲.̲5̲M̲L̲ (semaglutide 0.5 mg per actuation solution for injection pre-filled pen) NOVO NORDISK CANADA INC""
mp_fr_description: ""WEGOVY STYLO PRÉREMPLI À DOSES MULTIPLES (sémaglutide 0,5 mg par actionnement solution injectable stylo prérempli) NOVO NORDISK CANADA INC"" -> ""WEGOVY STYLO PRÉREMPLI À DOSES MULTIPLES ̲2̲M̲G̲/̲1̲.̲5̲M̲L̲ (sémaglutide 0,5 mg par actionnement solution injectable stylo prérempli) NOVO NORDISK CANADA INC"""
106411,02561115,BIO-DOXYCYCLINE (doxycycline (doxycycline hyclate) 100 mg oral tablet) BIOMED PHARMA,BIO-DOXYCYCLINE (doxycycline (hyclate de doxycycline) 100 mg comprimé oral) BIOMED PHARMA,ADDED
97587,02485648,YESCARTA (axicabtagene ciloleucel 200000000 cells per bag suspension for injection) GILEAD SCIENCES CANADA INC,YESCARTA (axicabtagène ciloleucel 200000000 cellules par sac suspension injectable) GILEAD SCIENCES CANADA INC,ADDED
88463,02399784,ACH-LEVETIRACETAM (levetiracetam 500 mg oral tablet) ACCORD HEALTHCARE INC,ACH-LEVETIRACETAM (lévétiracétam 500 mg comprimé oral) ACCORD HEALTHCARE INC,DELETED
106792,02565307,NRA-ENALAPRIL (enalapril maleate 10 mg oral tablet) NORA PHARMA INC,NRA-ENALAPRIL (maléate d'énalapril 10 mg comprimé oral) NORA PHARMA INC,ADDED
75550,02270102,FLOMAX CR (tamsulosin hydrochloride 0.4 mg prolonged-release oral tablet) BOEHRINGER INGELHEIM (CANADA) LTD LTEE,"FLOMAX CR (chlorhydrate de tamsulosine 0,4 mg comprimé oral à libération prolongée) BOEHRINGER INGELHEIM (CANADA) LTD LTEE",DELETED
65337,02241677,POTASSIUM CHLORIDE INJECTION (potassium chloride 20 meq per 100 mL solution for injection) BAXTER CORPORATION,POTASSIUM CHLORIDE INJECTION (chlorure de potassium 20 meq par 100 mL solution injectable) BAXTER CORPORATION,ADDED
13833,01905740,K+ 45 (potassium chloride 251.6 g per l solution for haemodialysis) VANTIVE ULC,"K+ 45 (chlorure de potassium 251,6 g par l solution pour hémodialyse) VANTIVE ULC",ADDED
82518,02339587,ACH-PIOGLITAZONE (pioglitazone (pioglitazone hydrochloride) 30 mg oral tablet) ACCORD HEALTHCARE INC,ACH-PIOGLITAZONE (pioglitazone (chlorhydrate de pioglitazone) 30 mg comprimé oral) ACCORD HEALTHCARE INC,DELETED
88787,02403013,APO-BIMATOPROST RC (bimatoprost 0.01 % ophthalmic drops) APOTEX INC,"APO-BIMATOPROST RC (bimatoprost 0,01 % gouttes ophtalmiques) APOTEX INC",ADDED
92481,02440458,PURKLENZ (chloroxylenol 3 % cutaneous liquid) PURKLENZ FORMULATIONS INC,PURKLENZ (chloroxylénol 3 % liquide cutané) PURKLENZ FORMULATIONS INC,ADDED
14518,02047454,SPORANOX (itraconazole 100 mg oral capsule) JANSSEN INC,SPORANOX (itraconazole 100 mg capsule orale) JANSSEN INC,DELETED
933,00029149,FUNGIZONE (amphotericin B 50 mg per vial powder for solution for injection) CHEPLAPHARM ARZNEIMITTEL GMBH,FUNGIZONE (amphotéricine B 50 mg par fiole poudre pour solution injectable) CHEPLAPHARM ARZNEIMITTEL GMBH,ADDED
106790,02565285,NRA-ENALAPRIL (enalapril maleate 2.5 mg oral tablet) NORA PHARMA INC,"NRA-ENALAPRIL (maléate d'énalapril 2,5 mg comprimé oral) NORA PHARMA INC",ADDED
91045,02425815,REFRESH OPTIVE ADVANCED SENSITIVE (carboxymethylcellulose sodium 0.5 % and glycerin 1 % and polysorbate 80 0.5 % ophthalmic drops) ABBVIE CORPORATION,"REFRESH OPTIVE ADVANCED SENSITIVE (carboxyméthylcellulose sodique 0,5 % et glycérine 1 % et polysorbate 80 0,5 % gouttes ophtalmiques) ABBVIE CORPORATION",DELETED
106880,02566273,IDENOS (denosumab 120 mg per 1.7 mL solution for injection vial) APOTEX INC,"IDENOS (dénosumab 120 mg par 1,7 mL solution injectable fiole) APOTEX INC",ADDED
102419,02535335,ESOMEPRAZOLE (esomeprazole (esomeprazole magnesium) 20 mg gastro-resistant tablet) SANIS HEALTH INC,ESOMEPRAZOLE (ésoméprazole (ésoméprazole magnésien) 20 mg comprimé gastrorésistant) SANIS HEALTH INC,"mp_formal_name: ""ESOMEPRAZOLE (esomeprazole (esomeprazole magnesium ̲d̲i̲h̲y̲d̲r̲a̲t̲e̲) 20 mg gastro-resistant tablet) SANIS HEALTH INC"" -> ""ESOMEPRAZOLE (esomeprazole (esomeprazole magnesium) 20 mg gastro-resistant tablet) SANIS HEALTH INC""
mp_fr_description: ""ESOMEPRAZOLE (ésoméprazole (ésoméprazole magnésien ̲d̲i̲h̲y̲d̲r̲a̲t̲é̲) 20 mg comprimé gastrorésistant) SANIS HEALTH INC"" -> ""ESOMEPRAZOLE (ésoméprazole (ésoméprazole magnésien) 20 mg comprimé gastrorésistant) SANIS HEALTH INC""
mp_status_effective_time: ""20260831"" -> ""20260911"""
97938,02489309,ACH-LACOSAMIDE (lacosamide 150 mg oral tablet) ACCORD HEALTHCARE INC,ACH-LACOSAMIDE (lacosamide 150 mg comprimé oral) ACCORD HEALTHCARE INC,DELETED
98327,02493292,PYRITHIONE ZINC DANDRUFF SHAMPOO TEA TREE (pyrithione zinc 1 % shampoo) PROCTER & GAMBLE INC,PYRITHIONE ZINC DANDRUFF SHAMPOO TEA TREE (pyrithione zincique 1 % shampoing) PROCTER & GAMBLE INC,"Health_Canada_product_name: ""PYRITHIONE ZINC DANDRUFF SHAMPOO TEA TREE OIL"" -> ""PYRITHIONE ZINC DANDRUFF SHAMPOO TEA TREE""
mp_formal_name: ""PYRITHIONE ZINC DANDRUFF SHAMPOO TEA TREE ̲O̲I̲L̲ (pyrithione zinc 1 % shampoo) PROCTER & GAMBLE INC"" -> ""PYRITHIONE ZINC DANDRUFF SHAMPOO TEA TREE (pyrithione zinc 1 % shampoo) PROCTER & GAMBLE INC""
mp_fr_description: ""PYRITHIONE ZINC DANDRUFF SHAMPOO TEA TREE ̲O̲I̲L̲ (pyrithione zincique 1 % shampoing) PROCTER & GAMBLE INC"" -> ""PYRITHIONE ZINC DANDRUFF SHAMPOO TEA TREE (pyrithione zincique 1 % shampoing) PROCTER & GAMBLE INC"""
87867,02393441,ACH-FLUOXETINE (fluoxetine (fluoxetine hydrochloride) 10 mg oral capsule) ACCORD HEALTHCARE INC,ACH-FLUOXETINE (fluoxétine (chlorhydrate de fluoxétine) 10 mg capsule orale) ACCORD HEALTHCARE INC,DELETED
43155,02215187,CAVERJECT STERILE POWDER - PWS 23.2MCG/VIAL (alprostadil 20 mcg per vial powder for solution for injection) PFIZER CANADA ULC,CAVERJECT STERILE POWDER - PWS 23.2MCG/VIAL (alprostadil 20 mcg par fiole poudre pour solution injectable) PFIZER CANADA ULC,ADDED
92774,02443163,"MEDLINE SPECTRUM ADVANCED ANTIBACTERIAL LOTION SOAP (benzalkonium chloride 0.13 % lotion) MEDLINE INDUSTRIES, LP","MEDLINE SPECTRUM ADVANCED ANTIBACTERIAL LOTION SOAP (chlorure de benzalkonium 0,13 % lotion) MEDLINE INDUSTRIES, LP",ADDED
96208,02472775,SPRING SHOWERS PLUIES PRINTANIÈRES FOAMING HAND SOAP ANTIBACTERIAL (benzalkonium chloride 0.13 % cutaneous solution) APOLLO HEALTH AND BEAUTY CARE,"SPRING SHOWERS PLUIES PRINTANIÈRES FOAMING HAND SOAP ANTIBACTERIAL (chlorure de benzalkonium 0,13 % solution pour application cutanée) APOLLO HEALTH AND BEAUTY CARE",ADDED
95281,02464683,NIGHTTIME SLEEP AID (diphenhydramine hydrochloride 50 mg per 30 mL oral solution) LSL MEDPLUS INC,NIGHTTIME SLEEP AID (chlorhydrate de diphenhydramine 50 mg par 30 mL solution orale) LSL MEDPLUS INC,"mp_formal_name: ""NIGHTTIME SLEEP AID (diphenhydramine hydrochloride 50 mg per 30 mL oral solution) J̲U̲N̲O̲ ̲O̲T̲C̲ INC"" -> ""NIGHTTIME SLEEP AID (diphenhydramine hydrochloride 50 mg per 30 mL oral solution) L̲S̲L̲ ̲M̲E̲D̲P̲L̲U̲S̲ INC""
mp_fr_description: ""NIGHTTIME SLEEP AID (chlorhydrate de diphenhydramine 50 mg par 30 mL solution orale) J̲U̲N̲O̲ ̲O̲T̲C̲ INC"" -> ""NIGHTTIME SLEEP AID (chlorhydrate de diphenhydramine 50 mg par 30 mL solution orale) L̲S̲L̲ ̲M̲E̲D̲P̲L̲U̲S̲ INC"""
106901,02566516,RIVA-CANDESARTAN (candesartan cilexetil 32 mg oral tablet) LABORATOIRE RIVA INC.,RIVA-CANDESARTAN (candésartan cilexétil 32 mg comprimé oral) LABORATOIRE RIVA INC.,ADDED
86043,02375036,MAR-SIMVASTATIN (simvastatin 5 mg oral tablet) MARCAN PHARMACEUTICALS INC,MAR-SIMVASTATIN (simvastatine 5 mg comprimé oral) MARCAN PHARMACEUTICALS INC,"mp_status_effective_time: ""20180801"" -> ""20260921"""
86284,02377225,MOZOBIL (plerixafor 24 mg per 1.2 mL solution for injection vial) SANOFI-AVENTIS CANADA INC,"MOZOBIL (plérixafor 24 mg par 1,2 mL solution injectable fiole) SANOFI-AVENTIS CANADA INC",DELETED
98867,02498952,SLEEP AID (diphenhydramine hydrochloride 50 mg oral tablet) LSL MEDPLUS INC,SLEEP AID (chlorhydrate de diphenhydramine 50 mg comprimé oral) LSL MEDPLUS INC,"mp_formal_name: ""SLEEP AID (diphenhydramine hydrochloride 50 mg oral tablet) J̲U̲N̲O̲ ̲O̲T̲C̲ INC"" -> ""SLEEP AID (diphenhydramine hydrochloride 50 mg oral tablet) L̲S̲L̲ ̲M̲E̲D̲P̲L̲U̲S̲ INC""
mp_fr_description: ""SLEEP AID (chlorhydrate de diphenhydramine 50 mg comprimé oral) J̲U̲N̲O̲ ̲O̲T̲C̲ INC"" -> ""SLEEP AID (chlorhydrate de diphenhydramine 50 mg comprimé oral) L̲S̲L̲ ̲M̲E̲D̲P̲L̲U̲S̲ INC"""
62787,02239318,ECOCARE 360 (benzalkonium chloride 0.13 % cutaneous liquid) ECOLAB CO,"ECOCARE 360 (chlorure de benzalkonium 0,13 % liquide cutané) ECOLAB CO",ADDED
82061,02334992,ENDOMETRIN (progesterone 100 mg effervescent vaginal tablet) FERRING INC,ENDOMETRIN (progestérone 100 mg comprimé vaginal effervescent) FERRING INC,"mp_status: ""INACTIVE"" -> ""ACTIVE""
mp_status_effective_time: ""20250710"" -> ""20091130"""
97592,02485699,POTASSIUM CHLORIDE FOR INJECTION CONCENTRATE USP (potassium chloride 149 mg per mL solution for injection) B. BRAUN MEDICAL INC,POTASSIUM CHLORIDE FOR INJECTION CONCENTRATE USP (chlorure de potassium 149 mg par mL solution injectable) B. BRAUN MEDICAL INC,ADDED
92502,02440652,ACH-PRAVASTATIN (pravastatin sodium 20 mg oral tablet) ACCORD HEALTHCARE INC,ACH-PRAVASTATIN (pravastatine sodique 20 mg comprimé oral) ACCORD HEALTHCARE INC,DELETED
100176,02512475,ACH-SITAGLIPTIN (sitagliptin (sitagliptin phosphate) 25 mg oral tablet) ACCORD HEALTHCARE INC,ACH-SITAGLIPTIN (sitagliptine (phosphate de sitagliptine) 25 mg comprimé oral) ACCORD HEALTHCARE INC,DELETED
92173,02437384,PURELL HAND SANITIZING WIPES (benzalkonium chloride 0.13 % wipe) GOJO CANADA INC,"PURELL HAND SANITIZING WIPES (chlorure de benzalkonium 0,13 % lingette) GOJO CANADA INC",ADDED
103974,02550989,ADHEROZA (trastuzumab 420 mg per vial NA) ACCORD HEALTHCARE INC,ADHEROZA (trastuzumab 420 mg par fiole NA) ACCORD HEALTHCARE INC,ADDED
1668,00266507,ADASEPT (triclosan 0.5 % cutaneous solution) ODAN LABORATORIESLTD,"ADASEPT (triclosan 0,5 % solution pour application cutanée) ODAN LABORATORIESLTD",ADDED
13600,01974548,MICRO I (iodide (sodium iodide) 1000 mcg per 10 mL solution for injection vial) SANDOZ CANADA INCORPORATED,MICRO I (iodure (iodure de sodium) 1000 mcg par 10 mL solution injectable fiole) SANDOZ CANADA INCORPORATED,ADDED
NA,1d14537b5d7a0858a5a542d82b3709af,SUGAMMADEX INJECTION (sugammadex (sugammadex sodium) 500 mg per 5 mL solution for injection vial) DR REDDY'S LABORATORIES LTD,SUGAMMADEX INJECTION (sugammadex (sugammadex sodique) 500 mg par 5 mL solution injectable fiole) DR REDDY'S LABORATORIES LTD,ADDED
97700,02486830,CHILDREN'S ACETAMINOPHEN SUSPENSION (acetaminophen 160 mg per 5 mL oral suspension) LSL MEDPLUS INC,CHILDREN'S ACETAMINOPHEN SUSPENSION (acétaminophène 160 mg par 5 mL suspension orale) LSL MEDPLUS INC,"mp_formal_name: ""CHILDREN'S ACETAMINOPHEN SUSPENSION (acetaminophen 160 mg per 5 mL oral suspension) J̲U̲N̲O̲ ̲O̲T̲C̲ INC"" -> ""CHILDREN'S ACETAMINOPHEN SUSPENSION (acetaminophen 160 mg per 5 mL oral suspension) L̲S̲L̲ ̲M̲E̲D̲P̲L̲U̲S̲ INC""
mp_fr_description: ""CHILDREN'S ACETAMINOPHEN SUSPENSION (acétaminophène 160 mg par 5 mL suspension orale) J̲U̲N̲O̲ ̲O̲T̲C̲ INC"" -> ""CHILDREN'S ACETAMINOPHEN SUSPENSION (acétaminophène 160 mg par 5 mL suspension orale) L̲S̲L̲ ̲M̲E̲D̲P̲L̲U̲S̲ INC"""
98285,02492857,NIGHTTIME COLD & FLU RELIEF (acetaminophen 650 mg per 30 mL and dextromethorphan hydrobromide 30 mg per 30 mL and doxylamine succinate 12.5 mg per 30 mL oral solution) LSL MEDPLUS INC,"NIGHTTIME COLD & FLU RELIEF (acétaminophène 650 mg par 30 mL et bromhydrate de dextrométhorphane 30 mg par 30 mL et succinate de doxylamine 12,5 mg par 30 mL solution orale) LSL MEDPLUS INC","mp_formal_name: ""NIGHTTIME COLD & FLU RELIEF (acetaminophen 650 mg per 30 mL and dextromethorphan hydrobromide 30 mg per 30 mL and doxylamine succinate 12.5 mg per 30 mL oral solution) J̲U̲N̲O̲ ̲O̲T̲C̲ INC"" -> ""NIGHTTIME COLD & FLU RELIEF (acetaminophen 650 mg per 30 mL and dextromethorphan hydrobromide 30 mg per 30 mL and doxylamine succinate 12.5 mg per 30 mL oral solution) L̲S̲L̲ ̲M̲E̲D̲P̲L̲U̲S̲ INC""
mp_fr_description: ""NIGHTTIME COLD & FLU RELIEF (acétaminophène 650 mg par 30 mL et bromhydrate de dextrométhorphane 30 mg par 30 mL et succinate de doxylamine 12,5 mg par 30 mL solution orale) J̲U̲N̲O̲ ̲O̲T̲C̲ INC"" -> ""NIGHTTIME COLD & FLU RELIEF (acétaminophène 650 mg par 30 mL et bromhydrate de dextrométhorphane 30 mg par 30 mL et succinate de doxylamine 12,5 mg par 30 mL solution orale) L̲S̲L̲ ̲M̲E̲D̲P̲L̲U̲S̲ INC"""
NA,77700770,"DOXORUBICIN INJECTION, BP (doxorubicin hydrochloride 20 mg per 10 mL solution for injection vial) ACCORD HEALTHCARE INC","DOXORUBICIN INJECTION, BP (chlorhydrate de doxorubicine 20 mg par 10 mL solution injectable fiole) ACCORD HEALTHCARE INC",ADDED
NA,77701028,EUGIA-ROCURONIUM BROMIDE INJECTION (rocuronium bromide 100 mg per 10 mL solution for injection vial) EUGIA PHARMA INC.,EUGIA-ROCURONIUM BROMIDE INJECTION (bromure de rocuronium 100 mg par 10 mL solution injectable fiole) EUGIA PHARMA INC.,"Health_Canada_product_name: ""ROCURONIUM BROMIDE INJECTION"" -> ""EUGIA-ROCURONIUM BROMIDE INJECTION""
mp_formal_name: ""ROCURONIUM BROMIDE INJECTION (rocuronium bromide 100 mg per 10 mL solution for injection vial) A̲U̲R̲O̲ PHARMA INC"" -> ""E̲U̲G̲I̲A̲-̲ROCURONIUM BROMIDE INJECTION (rocuronium bromide 100 mg per 10 mL solution for injection vial) E̲U̲G̲I̲A̲ PHARMA INC.̲""
mp_fr_description: ""ROCURONIUM BROMIDE INJECTION (bromure de rocuronium 100 mg par 10 mL solution injectable fiole) A̲U̲R̲O̲ PHARMA INC"" -> ""E̲U̲G̲I̲A̲-̲ROCURONIUM BROMIDE INJECTION (bromure de rocuronium 100 mg par 10 mL solution injectable fiole) E̲U̲G̲I̲A̲ PHARMA INC.̲"""
NA,77700783,DOXORUBICIN HYDROCHLORIDE INJECTION (doxorubicin hydrochloride 50 mg per 25 mL solution for injection vial) TEVA CANADA LIMITED,DOXORUBICIN HYDROCHLORIDE INJECTION (chlorhydrate de doxorubicine 50 mg par 25 mL solution injectable fiole) TEVA CANADA LIMITED,ADDED
62780,02239311,ECOCARE 250 (triclosan 0.3 % cutaneous liquid) ECOLAB CO,"ECOCARE 250 (triclosan 0,3 % liquide cutané) ECOLAB CO",ADDED
65336,02241676,POTASSIUM CHLORIDE INJECTION (potassium (potassium chloride) 10 mmol per 100 mL solution for injection bag) BAXTER CORPORATION,POTASSIUM CHLORIDE INJECTION (potassium (chlorure de potassium) 10 mmol par 100 mL solution injectable sac) BAXTER CORPORATION,ADDED
NA,77701203,KEYTRUDA SC (pembrolizumab 396 mg per 2.4 mL solution for injection vial) MERCK CANADA INC,"KEYTRUDA SC (pembrolizumab 396 mg par 2,4 mL solution injectable fiole) MERCK CANADA INC",ADDED
NA,77700992,PACLITAXEL FOR INJECTION (paclitaxel 100 mg per 16.7 mL solution for injection vial) BIOLYSE PHARMA CORPORATION,"PACLITAXEL FOR INJECTION (paclitaxel 100 mg par 16,7 mL solution injectable fiole) BIOLYSE PHARMA CORPORATION",ADDED
106774,02565102,TARO-DOXEPIN (doxepin (doxepin hydrochloride) 3 mg oral tablet) TARO PHARMACEUTICALS INC,TARO-DOXEPIN (doxépine (chlorhydrate de doxépine) 3 mg comprimé oral) TARO PHARMACEUTICALS INC,ADDED
6775,00691623,BICARBONATE CONCENTRATE D17000 (sodium bicarbonate 81.3 g per l solution for haemodialysis) VANTIVE ULC,"BICARBONATE CONCENTRATE D17000 (bicarbonate de sodium 81,3 g par l solution pour hémodialyse) VANTIVE ULC",ADDED
75580,02270420,SOAPOPULAR (benzalkonium chloride 0.15 % cutaneous liquid) SOAPOPULAR INC,"SOAPOPULAR (chlorure de benzalkonium 0,15 % liquide cutané) SOAPOPULAR INC",ADDED
12639,01977873,GERMICIDAL HAND SOAP LIQ 0.6% (chloroxylenol 0.6 % cutaneous liquid) OSTREM CHEMICAL CO LTD.,"GERMICIDAL HAND SOAP LIQ 0.6% (chloroxylénol 0,6 % liquide cutané) OSTREM CHEMICAL CO LTD.",ADDED
97789,02487756,BIBAG (sodium bicarbonate 900 g per bag powder for concentrate for solution for haemodialysis) FRESENIUS MEDICAL CARE CANADA INC,BIBAG (bicarbonate de sodium 900 g par sac poudre pour solution à diluer pour solution pour hémodialyse) FRESENIUS MEDICAL CARE CANADA INC,ADDED
81009,02324652,PRO-SUMATRIPTAN (sumatriptan (sumatriptan succinate) 50 mg oral tablet) PRO DOC LIMITEE,PRO-SUMATRIPTAN (sumatriptan (succinate de sumatriptan) 50 mg comprimé oral) PRO DOC LIMITEE,"Health_Canada_product_name: ""SUMATRIPTAN"" -> ""PRO-SUMATRIPTAN""
mp_formal_name: ""SUMATRIPTAN (sumatriptan (sumatriptan succinate) 50 mg oral tablet) PRO DOC LIMITEE"" -> ""P̲R̲O̲-̲SUMATRIPTAN (sumatriptan (sumatriptan succinate) 50 mg oral tablet) PRO DOC LIMITEE""
mp_fr_description: ""SUMATRIPTAN (sumatriptan (succinate de sumatriptan) 50 mg comprimé oral) PRO DOC LIMITEE"" -> ""P̲R̲O̲-̲SUMATRIPTAN (sumatriptan (succinate de sumatriptan) 50 mg comprimé oral) PRO DOC LIMITEE"""
106904,02566540,STEQEYMA (ustekinumab 90 mg per 1 mL solution for injection pen) CELLTRION INC.,STEQEYMA (ustékinumab 90 mg par 1 mL solution injectable stylo) CELLTRION INC.,ADDED
93575,02449897,ACH-PREGABALIN (pregabalin 225 mg oral capsule) ACCORD HEALTHCARE INC,ACH-PREGABALIN (prégabaline 225 mg capsule orale) ACCORD HEALTHCARE INC,DELETED
106798,02565374,NRA-ONDANSETRON (ondansetron (ondansetron hydrochloride) 8 mg oral tablet) NORA PHARMA INC,NRA-ONDANSETRON (ondansétron (chlorhydrate d'ondansétron) 8 mg comprimé oral) NORA PHARMA INC,ADDED
96927,02478781,AG-PANTOPRAZOLE (pantoprazole (pantoprazole sodium sesquihydrate) 40 mg gastro-resistant tablet) ANGITA PHARMA INC.,AG-PANTOPRAZOLE (pantoprazole (pantoprazole sodique sesquihydrate) 40 mg comprimé gastrorésistant) ANGITA PHARMA INC.,"mp_status_effective_time: ""20230726"" -> ""20260828"""
19442,02139545,"POTASSIUM PHOSPHATES INJECTION, USP (potassium phosphate dibasic 236 mg per mL and potassium phosphate monobasic 224 mg per mL solution for injection) FRESENIUS KABI CANADA LTD","POTASSIUM PHOSPHATES INJECTION, USP (phosphate de potassium dibasique 236 mg par mL et phosphate de potassium monobasique 224 mg par mL solution injectable) FRESENIUS KABI CANADA LTD",ADDED
103914,02550326,BENZALKONIUM CHLORIDE WIPES (benzalkonium chloride 0.13 % wipe) ACME UNITED CORPORATION,"BENZALKONIUM CHLORIDE WIPES (chlorure de benzalkonium 0,13 % lingette) ACME UNITED CORPORATION",ADDED
97681,02486636,"SODIUM BICARBONATE INJECTION, USP (sodium bicarbonate 84 mg per mL solution for injection) FRESENIUS KABI CANADA LTD","SODIUM BICARBONATE INJECTION, USP (bicarbonate de sodium 84 mg par mL solution injectable) FRESENIUS KABI CANADA LTD",ADDED
42945,02194473,DOXORUBICIN HYDROCHLORIDE FOR INJECTION USP (doxorubicin hydrochloride 150 mg per vial powder for solution for injection) PFIZER CANADA ULC,DOXORUBICIN HYDROCHLORIDE FOR INJECTION USP (chlorhydrate de doxorubicine 150 mg par fiole poudre pour solution injectable) PFIZER CANADA ULC,ADDED
6392,00587354,PDP-PROCYCLIDINE (procyclidine hydrochloride 5 mg oral tablet) PENDOPHARM DIVISION OF PHARMASCIENCE INC,PDP-PROCYCLIDINE (chlorhydrate de procyclidine 5 mg comprimé oral) PENDOPHARM DIVISION OF PHARMASCIENCE INC,"mp_status_effective_time: ""20180830"" -> ""20260804"""
NA,77701029,EUGIA-ROCURONIUM BROMIDE INJECTION (rocuronium bromide 50 mg per 5 mL solution for injection vial) EUGIA PHARMA INC.,EUGIA-ROCURONIUM BROMIDE INJECTION (bromure de rocuronium 50 mg par 5 mL solution injectable fiole) EUGIA PHARMA INC.,"Health_Canada_product_name: ""ROCURONIUM BROMIDE INJECTION"" -> ""EUGIA-ROCURONIUM BROMIDE INJECTION""
mp_formal_name: ""ROCURONIUM BROMIDE INJECTION (rocuronium bromide 50 mg per 5 mL solution for injection vial) A̲U̲R̲O̲ PHARMA INC"" -> ""E̲U̲G̲I̲A̲-̲ROCURONIUM BROMIDE INJECTION (rocuronium bromide 50 mg per 5 mL solution for injection vial) E̲U̲G̲I̲A̲ PHARMA INC.̲""
mp_fr_description: ""ROCURONIUM BROMIDE INJECTION (bromure de rocuronium 50 mg par 5 mL solution injectable fiole) A̲U̲R̲O̲ PHARMA INC"" -> ""E̲U̲G̲I̲A̲-̲ROCURONIUM BROMIDE INJECTION (bromure de rocuronium 50 mg par 5 mL solution injectable fiole) E̲U̲G̲I̲A̲ PHARMA INC.̲"""
NA,77700993,PACLITAXEL FOR INJECTION (paclitaxel 100 mg per 16.7 mL solution for injection vial) BIOLYSE PHARMA CORPORATION,"PACLITAXEL FOR INJECTION (paclitaxel 100 mg par 16,7 mL solution injectable fiole) BIOLYSE PHARMA CORPORATION",ADDED
96151,02472236,FUZION AB FOAMING HAND SOAP (benzalkonium chloride 0.13 % NA) ZEP MANUFACTURING COMPANY OF CANADA,"FUZION AB FOAMING HAND SOAP (chlorure de benzalkonium 0,13 % NA) ZEP MANUFACTURING COMPANY OF CANADA",ADDED
91779,02433419,MUCINEX ALL IN ONE COLD & COUGH LIQUID (acetaminophen 650 mg per 20 mL and dextromethorphan hydrobromide 20 mg per 20 mL and guaifenesin 400 mg per 20 mL and phenylephrine hydrochloride 10 mg per 20 mL oral solution) RECKITT BENCKISER (CANADA) INC,MUCINEX ALL IN ONE COLD & COUGH LIQUID (acétaminophène 650 mg par 20 mL et bromhydrate de dextrométhorphane 20 mg par 20 mL et guaïfénésine 400 mg par 20 mL et chlorhydrate de phényléphrine 10 mg par 20 mL solution orale) RECKITT BENCKISER (CANADA) INC,"Health_Canada_product_name: ""MUCINEX MULTI-ACTION CONGESTION, COLD & COUGH SOLUTION"" -> ""MUCINEX ALL IN ONE COLD & COUGH LIQUID""
mp_formal_name: ""MUCINEX M̲U̲L̲T̲I̲-̲A̲C̲T̲I̲O̲N̲ ̲C̲O̲N̲G̲E̲S̲T̲I̲O̲N̲,̲ ̲C̲O̲L̲D̲ ̲&̲ ̲C̲O̲U̲G̲H̲ ̲S̲O̲L̲U̲T̲I̲O̲N̲ (acetaminophen 650 mg per 20 mL and dextromethorphan hydrobromide 20 mg per 20 mL and guaifenesin 400 mg per 20 mL and phenylephrine hydrochloride 10 mg per 20 mL oral solution) RECKITT BENCKISER (CANADA) INC"" -> ""MUCINEX A̲L̲L̲ ̲I̲N̲ ̲O̲N̲E̲ ̲C̲O̲L̲D̲ ̲&̲ ̲C̲O̲U̲G̲H̲ ̲L̲I̲Q̲U̲I̲D̲ (acetaminophen 650 mg per 20 mL and dextromethorphan hydrobromide 20 mg per 20 mL and guaifenesin 400 mg per 20 mL and phenylephrine hydrochloride 10 mg per 20 mL oral solution) RECKITT BENCKISER (CANADA) INC""
mp_fr_description: ""MUCINEX M̲U̲L̲T̲I̲-̲A̲C̲T̲I̲O̲N̲ ̲C̲O̲N̲G̲E̲S̲T̲I̲O̲N̲,̲ ̲C̲O̲L̲D̲ ̲&̲ ̲C̲O̲U̲G̲H̲ ̲S̲O̲L̲U̲T̲I̲O̲N̲ (acétaminophène 650 mg par 20 mL et bromhydrate de dextrométhorphane 20 mg par 20 mL et guaïfénésine 400 mg par 20 mL et chlorhydrate de phényléphrine 10 mg par 20 mL solution orale) RECKITT BENCKISER (CANADA) INC"" -> ""MUCINEX A̲L̲L̲ ̲I̲N̲ ̲O̲N̲E̲ ̲C̲O̲L̲D̲ ̲&̲ ̲C̲O̲U̲G̲H̲ ̲L̲I̲Q̲U̲I̲D̲ (acétaminophène 650 mg par 20 mL et bromhydrate de dextrométhorphane 20 mg par 20 mL et guaïfénésine 400 mg par 20 mL et chlorhydrate de phényléphrine 10 mg par 20 mL solution orale) RECKITT BENCKISER (CANADA) INC"""
79644,02310813,PMS-RABEPRAZOLE EC (rabeprazole sodium 20 mg gastro-resistant tablet) PHARMASCIENCE INC,PMS-RABEPRAZOLE EC (rabéprazole sodique 20 mg comprimé gastrorésistant) PHARMASCIENCE INC,"mp_status_effective_time: ""20230729"" -> ""20260902"""
406,00178802,PMS-PHENOBARBITAL (phenobarbital 30 mg oral tablet) PHARMASCIENCE INC,PMS-PHENOBARBITAL (phénobarbital 30 mg comprimé oral) PHARMASCIENCE INC,"Health_Canada_product_name: ""PHENOBARB"" -> ""PMS-PHENOBARBITAL""
mp_formal_name: ""PHENOBARB (phenobarbital 30 mg oral tablet) ̲P̲E̲N̲D̲O̲P̲H̲A̲R̲M̲ ̲D̲I̲V̲I̲S̲I̲O̲N̲ ̲O̲F̲ PHARMASCIENCE INC"" -> ""P̲M̲S̲-̲PHENOBARBI̲T̲A̲L̲ (phenobarbital 30 mg oral tablet) PHARMASCIENCE INC""
mp_fr_description: ""PHENOBARB (phénobarbital 30 mg comprimé oral) ̲P̲E̲N̲D̲O̲P̲H̲A̲R̲M̲ ̲D̲I̲V̲I̲S̲I̲O̲N̲ ̲O̲F̲ PHARMASCIENCE INC"" -> ""P̲M̲S̲-̲PHENOBARBI̲T̲A̲L̲ (phénobarbital 30 mg comprimé oral) PHARMASCIENCE INC"""
99238,02502852,FS ANTIMICROBIAL HAND WASH (benzalkonium chloride 0.13 % cutaneous solution) ZEP MANUFACTURING COMPANY OF CANADA,"FS ANTIMICROBIAL HAND WASH (chlorure de benzalkonium 0,13 % solution pour application cutanée) ZEP MANUFACTURING COMPANY OF CANADA",ADDED
98498,02495023,SANDOZ CLOBETASOL (clobetasol propionate 0.05 % cutaneous spray) SANDOZ CANADA INCORPORATED,"SANDOZ CLOBETASOL (propionate de clobétasol 0,05 % vaporisation cutanée) SANDOZ CANADA INCORPORATED",DELETED
81113,02325772,HEMACART (sodium bicarbonate 650 g per cartridge powder for concentrate for solution for haemodialysis) CHIEF MEDICAL SUPPLIES LTD,HEMACART (bicarbonate de sodium 650 g par cartouche poudre pour solution à diluer pour solution pour hémodialyse) CHIEF MEDICAL SUPPLIES LTD,ADDED
100340,02514230,VISTASEAL (fibrinogen human 160 mg per 2 mL and thrombin human 1000 unit per 2 mL cutaneous solution) INSTITUTO GRIFOLS S.A.,VISTASEAL (fibrinogène humaine 160 mg par 2 mL et thrombine humaine 1000 unité par 2 mL solution pour application cutanée) INSTITUTO GRIFOLS S.A.,ADDED
NA,77700995,PACLITAXEL INJECTION USP (paclitaxel 100 mg per 16.7 mL solution for injection vial) SANDOZ CANADA INCORPORATED,"PACLITAXEL INJECTION USP (paclitaxel 100 mg par 16,7 mL solution injectable fiole) SANDOZ CANADA INCORPORATED",ADDED
86901,02383241,ACH-FLUOXETINE (fluoxetine (fluoxetine hydrochloride) 20 mg oral capsule) ACCORD HEALTHCARE INC,ACH-FLUOXETINE (fluoxétine (chlorhydrate de fluoxétine) 20 mg capsule orale) ACCORD HEALTHCARE INC,DELETED
NA,33441ba50a25c2472a52daa0aee24330,SUGAMMADEX INJECTION (sugammadex (sugammadex sodium) 200 mg per 2 mL solution for injection vial) DR REDDY'S LABORATORIES LTD,SUGAMMADEX INJECTION (sugammadex (sugammadex sodique) 200 mg par 2 mL solution injectable fiole) DR REDDY'S LABORATORIES LTD,ADDED
92501,02440644,ACH-PRAVASTATIN (pravastatin sodium 10 mg oral tablet) ACCORD HEALTHCARE INC,ACH-PRAVASTATIN (pravastatine sodique 10 mg comprimé oral) ACCORD HEALTHCARE INC,DELETED
97269,02482215,KUVAN (sapropterin dihydrochloride 500 mg per sachet powder for oral solution) BIOMARIN INTERNATIONAL LIMITED,KUVAN (dichlorhydrate de saproptérine 500 mg par sachet poudre pour solution orale) BIOMARIN INTERNATIONAL LIMITED,DELETED
86517,02379295,ACH-CANDESARTAN (candesartan cilexetil 32 mg oral tablet) ACCORD HEALTHCARE INC,ACH-CANDESARTAN (candésartan cilexétil 32 mg comprimé oral) ACCORD HEALTHCARE INC,DELETED
106614,02563347,JAMP RISPERIDONE TABLETS (risperidone 1 mg oral tablet) JAMP PHARMA CORPORATION,JAMP RISPERIDONE TABLETS (rispéridone 1 mg comprimé oral) JAMP PHARMA CORPORATION,ADDED
87315,02387549,CALCIUM CHLORIDE FOR HAEMODIALYSIS (calcium chloride 7.45 g per vial powder for concentrate for solution for haemodialysis) CHIEF MEDICAL SUPPLIES LTD,"CALCIUM CHLORIDE FOR HAEMODIALYSIS (chlorure de calcium 7,45 g par fiole poudre pour solution à diluer pour solution pour hémodialyse) CHIEF MEDICAL SUPPLIES LTD",ADDED
87942,02394278,APO-PREGABALIN (pregabalin 150 mg oral capsule) APOTEX INC,APO-PREGABALIN (prégabaline 150 mg capsule orale) APOTEX INC,"mp_status: ""INACTIVE"" -> ""ACTIVE""
mp_status_effective_time: ""20250725"" -> ""20130422"""
104165,02552698,WEGOVY MULTI-DOSE PRE-FILLED PEN 2MG/3ML (semaglutide 0.5 mg per actuation solution for injection pre-filled pen) NOVO NORDISK CANADA INC,"WEGOVY STYLO PRÉREMPLI À DOSES MULTIPLES 2MG/3ML(sémaglutide 0,5 mg par actionnement solution injectable stylo prérempli) NOVO NORDISK CANADA INC",ADDED
86047,02375079,MAR-SIMVASTATIN (simvastatin 80 mg oral tablet) MARCAN PHARMACEUTICALS INC,MAR-SIMVASTATIN (simvastatine 80 mg comprimé oral) MARCAN PHARMACEUTICALS INC,"mp_status_effective_time: ""20180801"" -> ""20260921"""
103297,02544415,UPH-TADALAFIL (tadalafil 20 mg oral tablet) UPHEALTH PHARMA INC.,UPH-TADALAFIL (tadalafil 20 mg comprimé oral) UPHEALTH PHARMA INC.,ADDED
100342,02514257,VISTASEAL (fibrinogen human 400 mg per 5 mL and thrombin human 2500 unit per 5 mL cutaneous solution) INSTITUTO GRIFOLS S.A.,VISTASEAL (fibrinogène humaine 400 mg par 5 mL et thrombine humaine 2500 unité par 5 mL solution pour application cutanée) INSTITUTO GRIFOLS S.A.,ADDED
92082,02436485,BENYLIN EXTRA STRENGTH FOR PEOPLE WITH DIABETES (dextromethorphan hydrobromide 15 mg per 5 mL and guaifenesin 200 mg per 5 mL and menthol 15 mg per 5 mL syrup) KENVUE CANADA INC.,BENYLIN EXTRA STRENGTH FOR PEOPLE WITH DIABETES (bromhydrate de dextrométhorphane 15 mg par 5 mL et guaïfénésine 200 mg par 5 mL et menthol 15 mg par 5 mL sirop) KENVUE CANADA INC.,"mp_formal_name: ""BENYLIN EXTRA STRENGTH FOR PEOPLE WITH DIABETES (dextromethorphan hydrobromide 15 mg per 5 mL and guaifenesin 200 mg per 5 mL and menthol 15 mg per 5 mL syrup) M̲C̲N̲E̲I̲L̲ ̲C̲O̲N̲S̲U̲M̲E̲R̲ ̲H̲E̲A̲L̲T̲H̲C̲A̲R̲E̲ ̲D̲I̲V̲I̲S̲I̲O̲N̲ ̲O̲F̲ ̲J̲O̲H̲N̲S̲O̲N̲ ̲&̲ ̲J̲O̲H̲N̲S̲O̲N̲ ̲I̲N̲C̲"" -> ""BENYLIN EXTRA STRENGTH FOR PEOPLE WITH DIABETES (dextromethorphan hydrobromide 15 mg per 5 mL and guaifenesin 200 mg per 5 mL and menthol 15 mg per 5 mL syrup) K̲E̲N̲V̲U̲E̲ ̲C̲A̲N̲A̲D̲A̲ ̲I̲N̲C̲.̲""
mp_fr_description: ""BENYLIN EXTRA STRENGTH FOR PEOPLE WITH DIABETES (bromhydrate de dextrométhorphane 15 mg par 5 mL et guaïfénésine 200 mg par 5 mL et menthol 15 mg par 5 mL sirop) M̲C̲N̲E̲I̲L̲ ̲C̲O̲N̲S̲U̲M̲E̲R̲ ̲H̲E̲A̲L̲T̲H̲C̲A̲R̲E̲ ̲D̲I̲V̲I̲S̲I̲O̲N̲ ̲O̲F̲ ̲J̲O̲H̲N̲S̲O̲N̲ ̲&̲ ̲J̲O̲H̲N̲S̲O̲N̲ ̲I̲N̲C̲"" -> ""BENYLIN EXTRA STRENGTH FOR PEOPLE WITH DIABETES (bromhydrate de dextrométhorphane 15 mg par 5 mL et guaïfénésine 200 mg par 5 mL et menthol 15 mg par 5 mL sirop) K̲E̲N̲V̲U̲E̲ ̲C̲A̲N̲A̲D̲A̲ ̲I̲N̲C̲.̲"""
97147,02480816,SCOTT ANTIMICROBIAL FOAM SKIN CLEANSER (benzalkonium chloride 0.1 % cutaneous solution) KIMBERLY-CLARK GLOBAL SALES LLC,"SCOTT ANTIMICROBIAL FOAM SKIN CLEANSER (chlorure de benzalkonium 0,1 % solution pour application cutanée) KIMBERLY-CLARK GLOBAL SALES LLC",ADDED
91561,02431173,ESOMEPRAZOLE (esomeprazole (esomeprazole magnesium) 40 mg gastro-resistant tablet) SANIS HEALTH INC,ESOMEPRAZOLE (ésoméprazole (ésoméprazole magnésien) 40 mg comprimé gastrorésistant) SANIS HEALTH INC,"mp_formal_name: ""ESOMEPRAZOLE (esomeprazole (esomeprazole magnesium ̲d̲i̲h̲y̲d̲r̲a̲t̲e̲) 40 mg gastro-resistant tablet) SANIS HEALTH INC"" -> ""ESOMEPRAZOLE (esomeprazole (esomeprazole magnesium) 40 mg gastro-resistant tablet) SANIS HEALTH INC""
mp_fr_description: ""ESOMEPRAZOLE (ésoméprazole (ésoméprazole magnésien ̲d̲i̲h̲y̲d̲r̲a̲t̲é̲) 40 mg comprimé gastrorésistant) SANIS HEALTH INC"" -> ""ESOMEPRAZOLE (ésoméprazole (ésoméprazole magnésien) 40 mg comprimé gastrorésistant) SANIS HEALTH INC""
mp_status_effective_time: ""20260831"" -> ""20260911"""
NA,77700998,PACLITAXEL INJECTION USP (paclitaxel 100 mg per 16.7 mL solution for injection vial) ACCORD HEALTHCARE INC,"PACLITAXEL INJECTION USP (paclitaxel 100 mg par 16,7 mL solution injectable fiole) ACCORD HEALTHCARE INC",ADDED
101903,02529793,POTASSIUM CHLORIDE FOR HEMODIALYSIS 7.55 (potassium chloride 7.55 g per vial powder for concentrate for solution for haemodialysis) CHIEF MEDICAL SUPPLIES LTD,"POTASSIUM CHLORIDE FOR HEMODIALYSIS 7.55 (chlorure de potassium 7,55 g par fiole poudre pour solution à diluer pour solution pour hémodialyse) CHIEF MEDICAL SUPPLIES LTD",ADDED
NA,77700999,PACLITAXEL INJECTION USP (paclitaxel 100 mg per 16.7 mL solution for injection vial) ACCORD HEALTHCARE INC,"PACLITAXEL INJECTION USP (paclitaxel 100 mg par 16,7 mL solution injectable fiole) ACCORD HEALTHCARE INC",ADDED
84093,02355736,BENZALKONIUM CHLORIDE ANTISEPTIC TOWELETTE (benzalkonium chloride 0.13 % wipe) CANADIAN CUSTOM PACKAGING COMPANY,"BENZALKONIUM CHLORIDE ANTISEPTIC TOWELETTE (chlorure de benzalkonium 0,13 % lingette) CANADIAN CUSTOM PACKAGING COMPANY",ADDED
78942,02304112,"WET ONES (benzethonium chloride 0.3 % wipe) EDGEWELL PERSONAL CARE CANADA, ULC","WET ONES (chlorure de benzéthonium 0,3 % lingette) EDGEWELL PERSONAL CARE CANADA, ULC",ADDED
104403,02555247,NOVEX ANTI-BACTERIAL HAND SANITIZER WIPE (benzalkonium chloride 0.13 % wipe) CALLINGTON CANADA ULC,"NOVEX ANTI-BACTERIAL HAND SANITIZER WIPE (chlorure de benzalkonium 0,13 % lingette) CALLINGTON CANADA ULC",ADDED
35083,02181746,SODIUM ACETATE INJECTION USP (sodium (sodium acetate) 4 mmol per mL solution for injection 50 mL vial) OMEGA LABORATORIES LIMITED,SODIUM ACETATE INJECTION USP (sodium (acétate de sodium) 4 mmol par mL solution injectable 50 mL fiole) OMEGA LABORATORIES LIMITED,ADDED
95822,02469421,SANDOZ HYDROCORTISONE (hydrocortisone 2.5 % cutaneous cream) SANDOZ CANADA INCORPORATED,"SANDOZ HYDROCORTISONE (hydrocortisone 2,5 % crème cutanée) SANDOZ CANADA INCORPORATED",DELETED
100489,02515490,VYXEOS (cytarabine 100 mg and daunorubicin 44 mg powder for solution for injection) JAZZ PHARMACEUTICALS IRELAND LIMITED,VYXEOS (cytarabine 100 mg et daunorubicine 44 mg poudre pour solution injectable) JAZZ PHARMACEUTICALS IRELAND LIMITED,ADDED
100820,02518910,GLN-APREMILAST (apremilast 30 mg oral tablet) GLENMARK PHARMACEUTICALS CANADA INC.,GLN-APREMILAST (apremilast 30 mg comprimé oral) GLENMARK PHARMACEUTICALS CANADA INC.,DELETED
1905,00261998,SODIUM BICARBONATE INJECTION USP (sodium bicarbonate 84 mg per mL solution for injection) PFIZER CANADA ULC,SODIUM BICARBONATE INJECTION USP (bicarbonate de sodium 84 mg par mL solution injectable) PFIZER CANADA ULC,ADDED
86516,02379287,ACH-CANDESARTAN (candesartan cilexetil 16 mg oral tablet) ACCORD HEALTHCARE INC,ACH-CANDESARTAN (candésartan cilexétil 16 mg comprimé oral) ACCORD HEALTHCARE INC,DELETED
102121,02532158,SPC-DESVENLAFAXINE (desvenlafaxine (desvenlafaxine succinate) 50 mg prolonged-release oral tablet) SUN PHARMA CANADA INC,SPC-DESVENLAFAXINE (desvenlafaxine (succinate de desvenlafaxine) 50 mg comprimé oral à libération prolongée) SUN PHARMA CANADA INC,"Health_Canada_product_name: ""TARO-DESVENLAFAXINE"" -> ""SPC-DESVENLAFAXINE""
mp_formal_name: ""T̲A̲R̲O̲-DESVENLAFAXINE (desvenlafaxine (desvenlafaxine succinate) 50 mg prolonged-release oral tablet) T̲A̲R̲O̲ ̲P̲H̲A̲R̲M̲A̲C̲E̲U̲T̲I̲C̲A̲L̲S̲ INC"" -> ""S̲P̲C̲-DESVENLAFAXINE (desvenlafaxine (desvenlafaxine succinate) 50 mg prolonged-release oral tablet) S̲U̲N̲ ̲P̲H̲A̲R̲M̲A̲ ̲C̲A̲N̲A̲D̲A̲ INC""
mp_fr_description: ""T̲A̲R̲O̲-DESVENLAFAXINE (desvenlafaxine (succinate de desvenlafaxine) 50 mg comprimé oral à libération prolongée) T̲A̲R̲O̲ ̲P̲H̲A̲R̲M̲A̲C̲E̲U̲T̲I̲C̲A̲L̲S̲ INC"" -> ""S̲P̲C̲-DESVENLAFAXINE (desvenlafaxine (succinate de desvenlafaxine) 50 mg comprimé oral à libération prolongée) S̲U̲N̲ ̲P̲H̲A̲R̲M̲A̲ ̲C̲A̲N̲A̲D̲A̲ INC"""
NA,77700790,DOXORUBICIN (doxorubicin hydrochloride 2 mg per mL solution for injection 100 mL vial) PFIZER CANADA ULC,DOXORUBICIN (chlorhydrate de doxorubicine 2 mg par mL solution injectable 100 mL fiole) PFIZER CANADA ULC,ADDED
98888,02499126,BISACODYL LAXATIVE (bisacodyl 5 mg oral tablet) LSL MEDPLUS INC,BISACODYL LAXATIVE (bisacodyl 5 mg comprimé oral) LSL MEDPLUS INC,"mp_formal_name: ""BISACODYL LAXATIVE (bisacodyl 5 mg oral tablet) J̲U̲N̲O̲ ̲O̲T̲C̲ INC"" -> ""BISACODYL LAXATIVE (bisacodyl 5 mg oral tablet) L̲S̲L̲ ̲M̲E̲D̲P̲L̲U̲S̲ INC""
mp_fr_description: ""BISACODYL LAXATIVE (bisacodyl 5 mg comprimé oral) J̲U̲N̲O̲ ̲O̲T̲C̲ INC"" -> ""BISACODYL LAXATIVE (bisacodyl 5 mg comprimé oral) L̲S̲L̲ ̲M̲E̲D̲P̲L̲U̲S̲ INC"""
103053,02541920,DAPTOMYCIN FOR INJECTION RF (daptomycin 500 mg per vial powder for solution for injection) EUGIA PHARMA INC.,DAPTOMYCIN FOR INJECTION RF (daptomycine 500 mg par fiole poudre pour solution injectable) EUGIA PHARMA INC.,ADDED
106775,02565110,TARO-DOXEPIN (doxepin (doxepin hydrochloride) 6 mg oral tablet) TARO PHARMACEUTICALS INC,TARO-DOXEPIN (doxépine (chlorhydrate de doxépine) 6 mg comprimé oral) TARO PHARMACEUTICALS INC,ADDED
76258,02276917,QUICK CLEAN (chloroxylenol 1 % cutaneous gel) SPRAKITA PRODUCTS,QUICK CLEAN (chloroxylénol 1 % gel cutané) SPRAKITA PRODUCTS,ADDED
NA,77700994,PACLITAXEL INJECTION USP (paclitaxel 100 mg per 16.7 mL solution for injection vial) SANDOZ CANADA INCORPORATED,"PACLITAXEL INJECTION USP (paclitaxel 100 mg par 16,7 mL solution injectable fiole) SANDOZ CANADA INCORPORATED",ADDED
NA,77701108,PEMETREXED FOR INJECTION (pemetrexed (pemetrexed disodium hemipentahydrate) 1000 mg per 40 mL solution for injection vial) ACCORD HEALTHCARE INC,PEMETREXED FOR INJECTION (pémétrexed (hémipentahydrate de pémétrexed disodique) 1000 mg par 40 mL solution injectable fiole) ACCORD HEALTHCARE INC,DELETED
99098,02501368,DOVE CARE & PROTECT HAND WASH ANTIBACTERIAL (benzalkonium chloride 0.13 % cutaneous solution) UNILEVER CANADA,"DOVE CARE & PROTECT HAND WASH ANTIBACTERIAL (chlorure de benzalkonium 0,13 % solution pour application cutanée) UNILEVER CANADA",ADDED
78525,02299909,CUBICIN (daptomycin 500 mg per vial powder for solution for injection) CUBIST PHARMACEUTICALS LLC,CUBICIN (daptomycine 500 mg par fiole poudre pour solution injectable) CUBIST PHARMACEUTICALS LLC,"mp_status_effective_time: ""20200319"" -> ""20260914"""
43719,02083353,PMS-TIMOLOL (timolol (timolol maleate) 0.25 % ophthalmic drops) PHARMASCIENCE INC,"PMS-TIMOLOL (timolol (maléate de timolol) 0,25 % gouttes ophtalmiques) PHARMASCIENCE INC","mp_status_effective_time: ""20180802"" -> ""20260902"""
95990,02470837,FINIPIL LAIT 50 (benzethonium chloride 0.2 % cutaneous cream) EQUIBAL LABS INC,"FINIPIL LAIT 50 (chlorure de benzéthonium 0,2 % crème cutanée) EQUIBAL LABS INC",ADDED
97086,02480336,"DYE FREE FRAGRANCE FREE ANTIBACTERIAL FOAMING HAND SOAP (benzalkonium chloride 0.13 % cutaneous solution) VI-JON, LLC","DYE FREE FRAGRANCE FREE ANTIBACTERIAL FOAMING HAND SOAP (chlorure de benzalkonium 0,13 % solution pour application cutanée) VI-JON, LLC",ADDED
76167,02275996,EXTRA STRENGTH TYLENOL FLU DAYTIME (acetaminophen 500 mg and dextromethorphan hydrobromide 10 mg and phenylephrine hydrochloride 5 mg oral tablet) KENVUE CANADA INC.,EXTRA STRENGTH TYLENOL FLU DAYTIME (acétaminophène 500 mg et bromhydrate de dextrométhorphane 10 mg et chlorhydrate de phényléphrine 5 mg comprimé oral) KENVUE CANADA INC.,"mp_formal_name: ""EXTRA STRENGTH TYLENOL FLU DAYTIME (acetaminophen 500 mg and dextromethorphan hydrobromide 10 mg and phenylephrine hydrochloride 5 mg oral tablet) M̲C̲N̲E̲I̲L̲ ̲C̲O̲N̲S̲U̲M̲E̲R̲ ̲H̲E̲A̲L̲T̲H̲C̲A̲R̲E̲ ̲D̲I̲V̲I̲S̲I̲O̲N̲ ̲O̲F̲ ̲J̲O̲H̲N̲S̲O̲N̲ ̲&̲ ̲J̲O̲H̲N̲S̲O̲N̲ ̲I̲N̲C̲"" -> ""EXTRA STRENGTH TYLENOL FLU DAYTIME (acetaminophen 500 mg and dextromethorphan hydrobromide 10 mg and phenylephrine hydrochloride 5 mg oral tablet) K̲E̲N̲V̲U̲E̲ ̲C̲A̲N̲A̲D̲A̲ ̲I̲N̲C̲.̲""
mp_fr_description: ""EXTRA STRENGTH TYLENOL FLU DAYTIME (acétaminophène 500 mg et bromhydrate de dextrométhorphane 10 mg et chlorhydrate de phényléphrine 5 mg comprimé oral) M̲C̲N̲E̲I̲L̲ ̲C̲O̲N̲S̲U̲M̲E̲R̲ ̲H̲E̲A̲L̲T̲H̲C̲A̲R̲E̲ ̲D̲I̲V̲I̲S̲I̲O̲N̲ ̲O̲F̲ ̲J̲O̲H̲N̲S̲O̲N̲ ̲&̲ ̲J̲O̲H̲N̲S̲O̲N̲ ̲I̲N̲C̲"" -> ""EXTRA STRENGTH TYLENOL FLU DAYTIME (acétaminophène 500 mg et bromhydrate de dextrométhorphane 10 mg et chlorhydrate de phényléphrine 5 mg comprimé oral) K̲E̲N̲V̲U̲E̲ ̲C̲A̲N̲A̲D̲A̲ ̲I̲N̲C̲.̲"""
93526,02449420,SOFT CARE DEFEND (chloroxylenol 1 % cutaneous solution) DIVERSEY INC,SOFT CARE DEFEND (chloroxylénol 1 % solution pour application cutanée) DIVERSEY INC,ADDED
98102,02490994,ACH-IMATINIB (imatinib (imatinib mesylate) 400 mg oral tablet) ACCORD HEALTHCARE INC,ACH-IMATINIB (imatinib (mésylate d'imatinib) 400 mg comprimé oral) ACCORD HEALTHCARE INC,DELETED
73309,02248934,BICARBONATE CONCENTRATE B38 (sodium bicarbonate 80.7 g per l solution for haemodialysis) CHIEF MEDICAL SUPPLIES LTD,"BICARBONATE CONCENTRATE B38 (bicarbonate de sodium 80,7 g par l solution pour hémodialyse) CHIEF MEDICAL SUPPLIES LTD",ADDED
101047,02521245,ALLEGRA HIVES (fexofenadine hydrochloride 60 mg oral tablet) OPELLA CANADA INC.,ALLEGRA HIVES (chlorhydrate de fexofénadine 60 mg comprimé oral) OPELLA CANADA INC.,"mp_formal_name: ""ALLEGRA HIVES (fexofenadine hydrochloride 60 mg oral tablet) S̲A̲N̲O̲F̲I̲ ̲C̲O̲N̲S̲U̲M̲E̲R̲ ̲H̲E̲A̲L̲T̲H̲ ̲I̲N̲C̲"" -> ""ALLEGRA HIVES (fexofenadine hydrochloride 60 mg oral tablet) O̲P̲E̲L̲L̲A̲ ̲C̲A̲N̲A̲D̲A̲ ̲I̲N̲C̲.̲""
mp_fr_description: ""ALLEGRA HIVES (chlorhydrate de fexofénadine 60 mg comprimé oral) S̲A̲N̲O̲F̲I̲ ̲C̲O̲N̲S̲U̲M̲E̲R̲ ̲H̲E̲A̲L̲T̲H̲ ̲I̲N̲C̲"" -> ""ALLEGRA HIVES (chlorhydrate de fexofénadine 60 mg comprimé oral) O̲P̲E̲L̲L̲A̲ ̲C̲A̲N̲A̲D̲A̲ ̲I̲N̲C̲.̲"""
18208,02131471,VIROBEX-P (chloroxylenol 0.6 % cutaneous liquid) GERMIPHENE CORPORATION,"VIROBEX-P (chloroxylénol 0,6 % liquide cutané) GERMIPHENE CORPORATION",ADDED
88828,02403471,PURELL SANITIZING WIPES (benzalkonium chloride 0.13 % wipe) GOJO CANADA INC,"PURELL SANITIZING WIPES (chlorure de benzalkonium 0,13 % lingette) GOJO CANADA INC",ADDED
88830,02403501,BICART (sodium bicarbonate 1250 g per cartridge powder for concentrate for solution for haemodialysis) VANTIVE ULC,BICART (bicarbonate de sodium 1250 g par cartouche poudre pour solution à diluer pour solution pour hémodialyse) VANTIVE ULC,ADDED
97189,02481456,SCOTT FOAM HAND SANITIZER (benzalkonium chloride 0.13 % cutaneous solution) KIMBERLY-CLARK GLOBAL SALES LLC,"SCOTT FOAM HAND SANITIZER (chlorure de benzalkonium 0,13 % solution pour application cutanée) KIMBERLY-CLARK GLOBAL SALES LLC",ADDED
NA,77700789,DOXORUBICIN (doxorubicin hydrochloride 10 mg per 5 mL solution for injection vial) PFIZER CANADA ULC,DOXORUBICIN (chlorhydrate de doxorubicine 10 mg par 5 mL solution injectable fiole) PFIZER CANADA ULC,ADDED
71744,02247494,PMS-FUROSEMIDE (furosemide 40 mg oral tablet) PHARMASCIENCE INC,PMS-FUROSEMIDE (furosémide 40 mg comprimé oral) PHARMASCIENCE INC,"mp_status_effective_time: ""20180802"" -> ""20260902"""
12837,01926691,CALCIMAR (calcitonin salmon 400 unit per 2 mL solution for injection vial) SANOFI-AVENTIS CANADA INC,CALCIMAR (calcitonine de saumon 400 unité par 2 mL solution injectable fiole) SANOFI-AVENTIS CANADA INC,DELETED
106387,02560852,CEPACOL INSTASOOTHE SORE THROAT RELIEF + SOOTHING COMFORT (hexylresorcinol 2.4 mg lozenge) RECKITT BENCKISER (CANADA) INC,"CEPACOL INSTASOOTHE SORE THROAT RELIEF + SOOTHING COMFORT (hexylrésorcinol 2,4 mg pastille) RECKITT BENCKISER (CANADA) INC",ADDED
408,00178829,PMS-PHENOBARBITAL (phenobarbital 100 mg oral tablet) PHARMASCIENCE INC,PMS-PHENOBARBITAL (phénobarbital 100 mg comprimé oral) PHARMASCIENCE INC,"Health_Canada_product_name: ""PHENOBARB"" -> ""PMS-PHENOBARBITAL""
mp_formal_name: ""PHENOBARB (phenobarbital 100 mg oral tablet) ̲P̲E̲N̲D̲O̲P̲H̲A̲R̲M̲ ̲D̲I̲V̲I̲S̲I̲O̲N̲ ̲O̲F̲ PHARMASCIENCE INC"" -> ""P̲M̲S̲-̲PHENOBARBI̲T̲A̲L̲ (phenobarbital 100 mg oral tablet) PHARMASCIENCE INC""
mp_fr_description: ""PHENOBARB (phénobarbital 100 mg comprimé oral) ̲P̲E̲N̲D̲O̲P̲H̲A̲R̲M̲ ̲D̲I̲V̲I̲S̲I̲O̲N̲ ̲O̲F̲ PHARMASCIENCE INC"" -> ""P̲M̲S̲-̲PHENOBARBI̲T̲A̲L̲ (phénobarbital 100 mg comprimé oral) PHARMASCIENCE INC"""
98300,02493020,TARO-DOXORUBICIN LIPOSOMAL (doxorubicin hydrochloride 2 mg per mL suspension for injection) TARO PHARMACEUTICALS INC,TARO-DOXORUBICIN LIPOSOMAL (chlorhydrate de doxorubicine 2 mg par mL suspension injectable) TARO PHARMACEUTICALS INC,ADDED
405,00178799,PMS-PHENOBARBITAL (phenobarbital 15 mg oral tablet) PHARMASCIENCE INC,PMS-PHENOBARBITAL (phénobarbital 15 mg comprimé oral) PHARMASCIENCE INC,"Health_Canada_product_name: ""PHENOBARB"" -> ""PMS-PHENOBARBITAL""
mp_formal_name: ""PHENOBARB (phenobarbital 15 mg oral tablet) ̲P̲E̲N̲D̲O̲P̲H̲A̲R̲M̲ ̲D̲I̲V̲I̲S̲I̲O̲N̲ ̲O̲F̲ PHARMASCIENCE INC"" -> ""P̲M̲S̲-̲PHENOBARBI̲T̲A̲L̲ (phenobarbital 15 mg oral tablet) PHARMASCIENCE INC""
mp_fr_description: ""PHENOBARB (phénobarbital 15 mg comprimé oral) ̲P̲E̲N̲D̲O̲P̲H̲A̲R̲M̲ ̲D̲I̲V̲I̲S̲I̲O̲N̲ ̲O̲F̲ PHARMASCIENCE INC"" -> ""P̲M̲S̲-̲PHENOBARBI̲T̲A̲L̲ (phénobarbital 15 mg comprimé oral) PHARMASCIENCE INC"""
106589,02563061,JAMP PROPRANOLOL (propranolol hydrochloride 20 mg oral tablet) JAMP PHARMA CORPORATION,JAMP PROPRANOLOL (chlorhydrate de propranolol 20 mg comprimé oral) JAMP PHARMA CORPORATION,ADDED
99761,02508222,REFRESH ANTIBAC FOAM (benzalkonium chloride 0.13 % cutaneous solution) SC JOHNSON PROFESSIONAL CA INC,"REFRESH ANTIBAC FOAM (chlorure de benzalkonium 0,13 % solution pour application cutanée) SC JOHNSON PROFESSIONAL CA INC",ADDED
88701,02402149,ACNE TREATMENT SYSTEM (benzoyl peroxide 5 % and salicylic acid 2 % NA) VIVIER CANADA INCORPORATED,ACNE TREATMENT SYSTEM (peroxyde de benzoyle 5 % et acide salicylique 2 % NA) VIVIER CANADA INCORPORATED,ADDED
97743,02487276,DAYTIME COLD (acetaminophen 650 mg per sachet and dextromethorphan hydrobromide 20 mg per sachet and phenylephrine hydrochloride 10 mg per sachet powder for oral solution) LSL MEDPLUS INC,DAYTIME COLD (acétaminophène 650 mg par sachet et bromhydrate de dextrométhorphane 20 mg par sachet et chlorhydrate de phényléphrine 10 mg par sachet poudre pour solution orale) LSL MEDPLUS INC,"mp_formal_name: ""DAYTIME COLD (acetaminophen 650 mg per sachet and dextromethorphan hydrobromide 20 mg per sachet and phenylephrine hydrochloride 10 mg per sachet powder for oral solution) J̲U̲N̲O̲ ̲O̲T̲C̲ INC"" -> ""DAYTIME COLD (acetaminophen 650 mg per sachet and dextromethorphan hydrobromide 20 mg per sachet and phenylephrine hydrochloride 10 mg per sachet powder for oral solution) L̲S̲L̲ ̲M̲E̲D̲P̲L̲U̲S̲ INC""
mp_fr_description: ""DAYTIME COLD (acétaminophène 650 mg par sachet et bromhydrate de dextrométhorphane 20 mg par sachet et chlorhydrate de phényléphrine 10 mg par sachet poudre pour solution orale) J̲U̲N̲O̲ ̲O̲T̲C̲ INC"" -> ""DAYTIME COLD (acétaminophène 650 mg par sachet et bromhydrate de dextrométhorphane 20 mg par sachet et chlorhydrate de phényléphrine 10 mg par sachet poudre pour solution orale) L̲S̲L̲ ̲M̲E̲D̲P̲L̲U̲S̲ INC"""
86568,02379813,SPC-CLOPIDOGREL (clopidogrel (clopidogrel bisulfate) 75 mg oral tablet) SUN PHARMA CANADA INC,SPC-CLOPIDOGREL (clopidogrel (bisulfate de clopidogrel) 75 mg comprimé oral) SUN PHARMA CANADA INC,"Health_Canada_product_name: ""TARO-CLOPIDOGREL"" -> ""SPC-CLOPIDOGREL""
mp_formal_name: ""T̲A̲R̲O̲-CLOPIDOGREL (clopidogrel (clopidogrel bisulfate) 75 mg oral tablet) SUN PHARMA CANADA INC"" -> ""S̲P̲C̲-CLOPIDOGREL (clopidogrel (clopidogrel bisulfate) 75 mg oral tablet) SUN PHARMA CANADA INC""
mp_fr_description: ""T̲A̲R̲O̲-CLOPIDOGREL (clopidogrel (bisulfate de clopidogrel) 75 mg comprimé oral) SUN PHARMA CANADA INC"" -> ""S̲P̲C̲-CLOPIDOGREL (clopidogrel (bisulfate de clopidogrel) 75 mg comprimé oral) SUN PHARMA CANADA INC"""
98597,02496097,"PACLITAXEL POWDER FOR INJECTABLE SUSPENSION NANOPARTICLE, ALBUMIN-BOUND PACLITAXEL (paclitaxel 100 mg per vial powder for suspension for injection) PANACEA BIOTEC PHARMA LIMITED","PACLITAXEL POWDER FOR INJECTABLE SUSPENSION NANOPARTICLE, ALBUMIN-BOUND PACLITAXEL (paclitaxel 100 mg par fiole poudre pour suspension injectable) PANACEA BIOTEC PHARMA LIMITED",ADDED
76171,02276046,EXTRA STRENGTH TYLENOL FLU NIGHTTIME (acetaminophen 500 mg and chlorpheniramine maleate 2 mg and dextromethorphan hydrobromide 10 mg and phenylephrine hydrochloride 5 mg oral tablet) KENVUE CANADA INC.,EXTRA STRENGTH TYLENOL FLU NIGHTTIME (acétaminophène 500 mg et maléate de chlorphéniramine 2 mg et bromhydrate de dextrométhorphane 10 mg et chlorhydrate de phényléphrine 5 mg comprimé oral) KENVUE CANADA INC.,"mp_formal_name: ""EXTRA STRENGTH TYLENOL FLU NIGHTTIME (acetaminophen 500 mg and chlorpheniramine maleate 2 mg and dextromethorphan hydrobromide 10 mg and phenylephrine hydrochloride 5 mg oral tablet) M̲C̲N̲E̲I̲L̲ ̲C̲O̲N̲S̲U̲M̲E̲R̲ ̲H̲E̲A̲L̲T̲H̲C̲A̲R̲E̲ ̲D̲I̲V̲I̲S̲I̲O̲N̲ ̲O̲F̲ ̲J̲O̲H̲N̲S̲O̲N̲ ̲&̲ ̲J̲O̲H̲N̲S̲O̲N̲ ̲I̲N̲C̲"" -> ""EXTRA STRENGTH TYLENOL FLU NIGHTTIME (acetaminophen 500 mg and chlorpheniramine maleate 2 mg and dextromethorphan hydrobromide 10 mg and phenylephrine hydrochloride 5 mg oral tablet) K̲E̲N̲V̲U̲E̲ ̲C̲A̲N̲A̲D̲A̲ ̲I̲N̲C̲.̲""
mp_fr_description: ""EXTRA STRENGTH TYLENOL FLU NIGHTTIME (acétaminophène 500 mg et maléate de chlorphéniramine 2 mg et bromhydrate de dextrométhorphane 10 mg et chlorhydrate de phényléphrine 5 mg comprimé oral) M̲C̲N̲E̲I̲L̲ ̲C̲O̲N̲S̲U̲M̲E̲R̲ ̲H̲E̲A̲L̲T̲H̲C̲A̲R̲E̲ ̲D̲I̲V̲I̲S̲I̲O̲N̲ ̲O̲F̲ ̲J̲O̲H̲N̲S̲O̲N̲ ̲&̲ ̲J̲O̲H̲N̲S̲O̲N̲ ̲I̲N̲C̲"" -> ""EXTRA STRENGTH TYLENOL FLU NIGHTTIME (acétaminophène 500 mg et maléate de chlorphéniramine 2 mg et bromhydrate de dextrométhorphane 10 mg et chlorhydrate de phényléphrine 5 mg comprimé oral) K̲E̲N̲V̲U̲E̲ ̲C̲A̲N̲A̲D̲A̲ ̲I̲N̲C̲.̲"""
101618,02527138,BREYANZI (lisocabtagene maraleucel 120000000 cells suspension for injection) BRISTOL-MYERS SQUIBB CANADA,BREYANZI (lisocabtagène maraleucel 120000000 cellules suspension injectable) BRISTOL-MYERS SQUIBB CANADA,ADDED
94802,02460599,NASAL CONGESTION SPRAY (oxymetazoline hydrochloride 0.05 % nasal spray) LSL MEDPLUS INC,"NASAL CONGESTION SPRAY (chlorhydrate d'oxymétazoline 0,05 % vaporisation nasale) LSL MEDPLUS INC","mp_formal_name: ""NASAL CONGESTION SPRAY (oxymetazoline hydrochloride 0.05 % nasal spray) J̲U̲N̲O̲ ̲O̲T̲C̲ INC"" -> ""NASAL CONGESTION SPRAY (oxymetazoline hydrochloride 0.05 % nasal spray) L̲S̲L̲ ̲M̲E̲D̲P̲L̲U̲S̲ INC""
mp_fr_description: ""NASAL CONGESTION SPRAY (chlorhydrate d'oxymétazoline 0,05 % vaporisation nasale) J̲U̲N̲O̲ ̲O̲T̲C̲ INC"" -> ""NASAL CONGESTION SPRAY (chlorhydrate d'oxymétazoline 0,05 % vaporisation nasale) L̲S̲L̲ ̲M̲E̲D̲P̲L̲U̲S̲ INC"""
NA,77700997,PACLITAXEL INJECTION USP (paclitaxel 100 mg per 16.7 mL solution for injection vial) SANDOZ CANADA INCORPORATED,"PACLITAXEL INJECTION USP (paclitaxel 100 mg par 16,7 mL solution injectable fiole) SANDOZ CANADA INCORPORATED",ADDED
106710,02564408,"EVERYDAY CLEAN 2 IN 1 DANDRUFF SHAMPOO PLUS CONDITIONER (pyrithione zinc 1 % shampoo) NICE-PAK PRODUCTS, LLC","EVERYDAY CLEAN 2 IN 1 DANDRUFF SHAMPOO PLUS CONDITIONER (pyrithione zincique 1 % shampoing) NICE-PAK PRODUCTS, LLC","mp_formal_name: ""EVERYDAY CLEAN 2 IN 1 DANDRUFF SHAMPOO PLUS CONDITIONER (pyrithione zinc 1 % shampoo) C̲O̲N̲S̲U̲M̲E̲R̲ ̲P̲R̲O̲D̲U̲C̲T̲ ̲P̲A̲R̲T̲N̲E̲R̲S, LLC"" -> ""EVERYDAY CLEAN 2 IN 1 DANDRUFF SHAMPOO PLUS CONDITIONER (pyrithione zinc 1 % shampoo) N̲I̲C̲E̲-̲P̲A̲K̲ ̲P̲R̲O̲D̲U̲C̲T̲S, LLC""
mp_fr_description: ""EVERYDAY CLEAN 2 IN 1 DANDRUFF SHAMPOO PLUS CONDITIONER (pyrithione zincique 1 % shampoing) C̲O̲N̲S̲U̲M̲E̲R̲ ̲P̲R̲O̲D̲U̲C̲T̲ ̲P̲A̲R̲T̲N̲E̲R̲S, LLC"" -> ""EVERYDAY CLEAN 2 IN 1 DANDRUFF SHAMPOO PLUS CONDITIONER (pyrithione zincique 1 % shampoing) N̲I̲C̲E̲-̲P̲A̲K̲ ̲P̲R̲O̲D̲U̲C̲T̲S, LLC"""
106898,02566486,RIVA-CANDESARTAN (candesartan cilexetil 4 mg oral tablet) LABORATOIRE RIVA INC.,RIVA-CANDESARTAN (candésartan cilexétil 4 mg comprimé oral) LABORATOIRE RIVA INC.,ADDED
101744,02528193,MAGNESIUM CHLORIDE FOR HEMODIALYSIS 5.15 (magnesium chloride (magnesium chloride hexahydrate) 5.15 g per vial powder for concentrate for solution for haemodialysis) CHIEF MEDICAL SUPPLIES LTD,"MAGNESIUM CHLORIDE FOR HEMODIALYSIS 5.15 (chlorure de magnésium ((fr) magnesium chloride hexahydrate) 5,15 g par fiole poudre pour solution à diluer pour solution pour hémodialyse) CHIEF MEDICAL SUPPLIES LTD",ADDED
95595,02467585,SODIUM BICARBONATE INJECTION USP (sodium bicarbonate 84 mg per mL solution for injection) OMEGA LABORATORIES LIMITED,SODIUM BICARBONATE INJECTION USP (bicarbonate de sodium 84 mg par mL solution injectable) OMEGA LABORATORIES LIMITED,ADDED
94800,02460572,EXTRA MOISTURIZING NASAL SPRAY (oxymetazoline hydrochloride 0.05 % nasal spray) LSL MEDPLUS INC,"EXTRA MOISTURIZING NASAL SPRAY (chlorhydrate d'oxymétazoline 0,05 % vaporisation nasale) LSL MEDPLUS INC","mp_formal_name: ""EXTRA MOISTURIZING NASAL SPRAY (oxymetazoline hydrochloride 0.05 % nasal spray) J̲U̲N̲O̲ ̲O̲T̲C̲ INC"" -> ""EXTRA MOISTURIZING NASAL SPRAY (oxymetazoline hydrochloride 0.05 % nasal spray) L̲S̲L̲ ̲M̲E̲D̲P̲L̲U̲S̲ INC""
mp_fr_description: ""EXTRA MOISTURIZING NASAL SPRAY (chlorhydrate d'oxymétazoline 0,05 % vaporisation nasale) J̲U̲N̲O̲ ̲O̲T̲C̲ INC"" -> ""EXTRA MOISTURIZING NASAL SPRAY (chlorhydrate d'oxymétazoline 0,05 % vaporisation nasale) L̲S̲L̲ ̲M̲E̲D̲P̲L̲U̲S̲ INC"""
96603,02475669,ACH-FINGOLIMOD (fingolimod (fingolimod hydrochloride) 0.5 mg oral capsule) ACCORD HEALTHCARE INC,"ACH-FINGOLIMOD (fingolimod (chlorhydrate de fingolimod) 0,5 mg capsule orale) ACCORD HEALTHCARE INC",DELETED
76673,02281066,ABRAXANE FOR INJECTABLE SUSPENSION (paclitaxel 100 mg per vial powder for suspension for injection) BRISTOL-MYERS SQUIBB CANADA,ABRAXANE FOR INJECTABLE SUSPENSION (paclitaxel 100 mg par fiole poudre pour suspension injectable) BRISTOL-MYERS SQUIBB CANADA,ADDED
84428,02359251,BERIPLEX P/N 500 (coagulation factor ii (human) 800 unit and coagulation factor IX human 620 unit and coagulation factor vii (human) 500 unit and coagulation factor x (human) 1020 unit and protein c 820 unit and protein s 680 unit powder for solution for injection) CSL BEHRING CANADA INC,BERIPLEX P/N 500 (facteur II de coagulation humain 800 unité et facteur IX de coagulation humain 620 unité et facteur VII de coagulation humain 500 unité et facteur X de coagulation humain 1020 unité et protéine c 820 unité et protéine s 680 unité poudre pour solution injectable) CSL BEHRING CANADA INC,ADDED
42944,02194465,DOXORUBICIN HYDROCHLORIDE FOR INJECTION USP (doxorubicin hydrochloride 50 mg per vial powder for solution for injection) PFIZER CANADA ULC,DOXORUBICIN HYDROCHLORIDE FOR INJECTION USP (chlorhydrate de doxorubicine 50 mg par fiole poudre pour solution injectable) PFIZER CANADA ULC,ADDED
NA,77701204,KEYTRUDA SC (pembrolizumab 792 mg per 4.8 mL solution for injection vial) MERCK CANADA INC,"KEYTRUDA SC (pembrolizumab 792 mg par 4,8 mL solution injectable fiole) MERCK CANADA INC",ADDED
18321,02160986,CALCIUM-45 0.5-4.5 (calcium chloride 14.9 g per bottle powder for concentrate for solution for haemodialysis) VANTIVE ULC,"CALCIUM-45 0.5-4.5 (chlorure de calcium 14,9 g par bouteille poudre pour solution à diluer pour solution pour hémodialyse) VANTIVE ULC",ADDED
95780,02469146,JELIDO (lidocaine hydrochloride 20 mg per mL cutaneous gel) PENDOPHARM DIVISION OF PHARMASCIENCE INC,JELIDO (chlorhydrate de lidocaïne 20 mg par mL gel cutané) PENDOPHARM DIVISION OF PHARMASCIENCE INC,ADDED
106590,02563088,JAMP PROPRANOLOL (propranolol hydrochloride 40 mg oral tablet) JAMP PHARMA CORPORATION,JAMP PROPRANOLOL (chlorhydrate de propranolol 40 mg comprimé oral) JAMP PHARMA CORPORATION,ADDED
104007,02551349,JAMP DOXEPIN TABLETS (doxepin (doxepin hydrochloride) 6 mg oral tablet) JAMP PHARMA CORPORATION,JAMP DOXEPIN TABLETS (doxépine (chlorhydrate de doxépine) 6 mg comprimé oral) JAMP PHARMA CORPORATION,ADDED
92785,02443252,KLEENEX FOAM HAND SANITIZER (benzalkonium chloride 0.13 % cutaneous solution) KIMBERLY-CLARK GLOBAL SALES LLC,"KLEENEX FOAM HAND SANITIZER (chlorure de benzalkonium 0,13 % solution pour application cutanée) KIMBERLY-CLARK GLOBAL SALES LLC",ADDED
98983,02500124,FOAM-CARE ULTRA (benzalkonium chloride 0.13 % cutaneous solution) LES CHIMIQUES B.O.D. INC,"FOAM-CARE ULTRA (chlorure de benzalkonium 0,13 % solution pour application cutanée) LES CHIMIQUES B.O.D. INC",ADDED
106791,02565293,NRA-ENALAPRIL (enalapril maleate 5 mg oral tablet) NORA PHARMA INC,NRA-ENALAPRIL (maléate d'énalapril 5 mg comprimé oral) NORA PHARMA INC,ADDED
86045,02375052,MAR-SIMVASTATIN (simvastatin 20 mg oral tablet) MARCAN PHARMACEUTICALS INC,MAR-SIMVASTATIN (simvastatine 20 mg comprimé oral) MARCAN PHARMACEUTICALS INC,"mp_status: ""ACTIVE"" -> ""INACTIVE""
mp_status_effective_time: ""20121220"" -> ""20260921"""
41477,00373435,DETTOL (chloroxylenol 4.8 % cutaneous solution) RECKITT BENCKISER (CANADA) INC,"DETTOL (chloroxylénol 4,8 % solution pour application cutanée) RECKITT BENCKISER (CANADA) INC",ADDED
66672,02242842,DIGISAN E FOAM HAND SANITIZER (benzalkonium chloride 0.1 % cutaneous liquid) ECOLAB CO,"DIGISAN E FOAM HAND SANITIZER (chlorure de benzalkonium 0,1 % liquide cutané) ECOLAB CO",ADDED
91134,02426773,NEGATIVE SKIN TEST CONTROL - GLYCERIN (glycerin 50 % solution for injection) JUBILANT HOLLISTERSTIER LLC,NEGATIVE SKIN TEST CONTROL - GLYCERIN (glycérine 50 % solution injectable) JUBILANT HOLLISTERSTIER LLC,ADDED
98101,02490986,ACH-IMATINIB (imatinib (imatinib mesylate) 100 mg oral tablet) ACCORD HEALTHCARE INC,ACH-IMATINIB (imatinib (mésylate d'imatinib) 100 mg comprimé oral) ACCORD HEALTHCARE INC,DELETED
93459,02448866,SOFT CARE DEFEND FOAM (chloroxylenol 1 % cutaneous solution) DIVERSEY INC,SOFT CARE DEFEND FOAM (chloroxylénol 1 % solution pour application cutanée) DIVERSEY INC,ADDED
85450,02369575,X3 ON-THE-GO ANTISEPTIC SPRAY (benzalkonium chloride 0.13 % cutaneous spray) NATURAL ESSENTIALS INC,"X3 ON-THE-GO ANTISEPTIC SPRAY (chlorure de benzalkonium 0,13 % vaporisation cutanée) NATURAL ESSENTIALS INC",ADDED
67891,02243948,PUREGON (follitropin beta 833 unit per mL solution for injection) ORGANON CANADA INC.,PUREGON (follitropine bêta 833 unité par mL solution injectable) ORGANON CANADA INC.,ADDED
89148,02406802,SOFTSOAP ANTIBACTERIAL (benzalkonium chloride 0.13 % cutaneous solution) COLGATE-PALMOLIVE CANADA INC,"SOFTSOAP ANTIBACTERIAL (chlorure de benzalkonium 0,13 % solution pour application cutanée) COLGATE-PALMOLIVE CANADA INC",ADDED
106613,02563339,JAMP RISPERIDONE TABLETS (risperidone 0.5 mg oral tablet) JAMP PHARMA CORPORATION,"JAMP RISPERIDONE TABLETS (rispéridone 0,5 mg comprimé oral) JAMP PHARMA CORPORATION",ADDED
106612,02563320,JAMP RISPERIDONE TABLETS (risperidone 0.25 mg oral tablet) JAMP PHARMA CORPORATION,"JAMP RISPERIDONE TABLETS (rispéridone 0,25 mg comprimé oral) JAMP PHARMA CORPORATION",ADDED
NA,77701106,PEMETREXED FOR INJECTION (pemetrexed (pemetrexed disodium hemipentahydrate) 100 mg per 4 mL solution for injection vial) ACCORD HEALTHCARE INC,PEMETREXED FOR INJECTION (pémétrexed (hémipentahydrate de pémétrexed disodique) 100 mg par 4 mL solution injectable fiole) ACCORD HEALTHCARE INC,DELETED
97058,02480034,POTASSIUM CHLORIDE FOR INJECTION CONCENTRATE (potassium chloride 200 meq per 100 mL solution for injection) OMEGA LABORATORIES LIMITED,POTASSIUM CHLORIDE FOR INJECTION CONCENTRATE (chlorure de potassium 200 meq par 100 mL solution injectable) OMEGA LABORATORIES LIMITED,ADDED
94421,02457121,BISMUTH CAPLETS (bismuth subsalicylate 262 mg oral tablet) LSL MEDPLUS INC,BISMUTH CAPLETS (subsalicylate de bismuth 262 mg comprimé oral) LSL MEDPLUS INC,"mp_formal_name: ""BISMUTH CAPLETS (bismuth subsalicylate 262 mg oral tablet) J̲U̲N̲O̲ ̲O̲T̲C̲ INC"" -> ""BISMUTH CAPLETS (bismuth subsalicylate 262 mg oral tablet) L̲S̲L̲ ̲M̲E̲D̲P̲L̲U̲S̲ INC""
mp_fr_description: ""BISMUTH CAPLETS (subsalicylate de bismuth 262 mg comprimé oral) J̲U̲N̲O̲ ̲O̲T̲C̲ INC"" -> ""BISMUTH CAPLETS (subsalicylate de bismuth 262 mg comprimé oral) L̲S̲L̲ ̲M̲E̲D̲P̲L̲U̲S̲ INC"""
106958,02567121,NEFFY (epinephrine 2 mg per actuation nasal spray) ALK-ABELLÓ A/S,NEFFY (épinéphrine 2 mg par actionnemente vaporisation nasale) ALK-ABELLÓ A/S,ADDED
88829,02403498,BICART (sodium bicarbonate 720 g per cartridge powder for concentrate for solution for haemodialysis) VANTIVE ULC,BICART (bicarbonate de sodium 720 g par cartouche poudre pour solution à diluer pour solution pour hémodialyse) VANTIVE ULC,ADDED
91926,02434970,OCTAPLEX (coagulation factor ii (human) 1520 unit per vial and coagulation factor IX human 1000 unit per vial and coagulation factor vii (human) 960 unit per vial and coagulation factor x (human) 1200 unit per vial and protein c 1240 unit per vial and protein s 1280 unit per vial NA) OCTAPHARMA PHARMAZEUTIKA PRODUKTIONSGES M B H,OCTAPLEX (facteur II de coagulation humain 1520 unité par fiole et facteur IX de coagulation humain 1000 unité par fiole et facteur VII de coagulation humain 960 unité par fiole et facteur X de coagulation humain 1200 unité par fiole et protéine c 1240 unité par fiole et protéine s 1280 unité par fiole NA) OCTAPHARMA PHARMAZEUTIKA PRODUKTIONSGES M B H,ADDED
97939,02489317,ACH-LACOSAMIDE (lacosamide 200 mg oral tablet) ACCORD HEALTHCARE INC,ACH-LACOSAMIDE (lacosamide 200 mg comprimé oral) ACCORD HEALTHCARE INC,DELETED
96896,02478242,CHILDREN'S CLEAR ALLERGY FORMULA (diphenhydramine hydrochloride 6.25 mg per 5 mL oral solution) LSL MEDPLUS INC,"CHILDREN'S CLEAR ALLERGY FORMULA (chlorhydrate de diphenhydramine 6,25 mg par 5 mL solution orale) LSL MEDPLUS INC","mp_formal_name: ""CHILDREN'S CLEAR ALLERGY FORMULA (diphenhydramine hydrochloride 6.25 mg per 5 mL oral solution) J̲U̲N̲O̲ ̲O̲T̲C̲ INC"" -> ""CHILDREN'S CLEAR ALLERGY FORMULA (diphenhydramine hydrochloride 6.25 mg per 5 mL oral solution) L̲S̲L̲ ̲M̲E̲D̲P̲L̲U̲S̲ INC""
mp_fr_description: ""CHILDREN'S CLEAR ALLERGY FORMULA (chlorhydrate de diphenhydramine 6,25 mg par 5 mL solution orale) J̲U̲N̲O̲ ̲O̲T̲C̲ INC"" -> ""CHILDREN'S CLEAR ALLERGY FORMULA (chlorhydrate de diphenhydramine 6,25 mg par 5 mL solution orale) L̲S̲L̲ ̲M̲E̲D̲P̲L̲U̲S̲ INC"""
11537,00779237,BACTI-STAT 0.3% (triclosan 0.3 % cutaneous liquid) ECOLAB CO,"BACTI-STAT 0.3% (triclosan 0,3 % liquide cutané) ECOLAB CO",ADDED
NA,77700991,PACLITAXEL FOR INJECTION (paclitaxel 100 mg per 16.7 mL solution for injection vial) BIOLYSE PHARMA CORPORATION,"PACLITAXEL FOR INJECTION (paclitaxel 100 mg par 16,7 mL solution injectable fiole) BIOLYSE PHARMA CORPORATION",ADDED
82519,02339595,ACH-PIOGLITAZONE (pioglitazone (pioglitazone hydrochloride) 45 mg oral tablet) ACCORD HEALTHCARE INC,ACH-PIOGLITAZONE (pioglitazone (chlorhydrate de pioglitazone) 45 mg comprimé oral) ACCORD HEALTHCARE INC,DELETED
89454,02409887,JAMP-MEMANTINE (memantine hydrochloride 5 mg oral tablet) JAMP PHARMA CORPORATION,JAMP-MEMANTINE (chlorhydrate de mémantine 5 mg comprimé oral) JAMP PHARMA CORPORATION,ADDED
16656,02125250,AA-SUCRALFATE (sucralfate 1 g oral tablet) AA PHARMA INC,AA-SUCRALFATE (sucralfate 1 g comprimé oral) AA PHARMA INC,"Health_Canada_product_name: ""APO-SUCRALFATE - TAB 1G"" -> ""AA-SUCRALFATE""
mp_formal_name: ""AP̲O̲-SUCRALFATE ̲-̲ ̲T̲A̲B̲ ̲1̲G̲ (sucralfate 1 g oral tablet) AP̲O̲T̲E̲X̲ INC"" -> ""AA̲-SUCRALFATE (sucralfate 1 g oral tablet) AA̲ ̲P̲H̲A̲R̲M̲A̲ INC""
mp_fr_description: ""AP̲O̲-SUCRALFATE ̲-̲ ̲T̲A̲B̲ ̲1̲G̲ (sucralfate 1 g comprimé oral) AP̲O̲T̲E̲X̲ INC"" -> ""AA̲-SUCRALFATE (sucralfate 1 g comprimé oral) AA̲ ̲P̲H̲A̲R̲M̲A̲ INC"""
66647,02242819,ALLEGRA 24 HOUR (fexofenadine hydrochloride 120 mg oral tablet) OPELLA CANADA INC.,ALLEGRA 24 HOUR (chlorhydrate de fexofénadine 120 mg comprimé oral) OPELLA CANADA INC.,"mp_formal_name: ""ALLEGRA 24 HOUR (fexofenadine hydrochloride 120 mg oral tablet) S̲A̲N̲O̲F̲I̲ ̲C̲O̲N̲S̲U̲M̲E̲R̲ ̲H̲E̲A̲L̲T̲H̲ ̲I̲N̲C̲"" -> ""ALLEGRA 24 HOUR (fexofenadine hydrochloride 120 mg oral tablet) O̲P̲E̲L̲L̲A̲ ̲C̲A̲N̲A̲D̲A̲ ̲I̲N̲C̲.̲""
mp_fr_description: ""ALLEGRA 24 HOUR (chlorhydrate de fexofénadine 120 mg comprimé oral) S̲A̲N̲O̲F̲I̲ ̲C̲O̲N̲S̲U̲M̲E̲R̲ ̲H̲E̲A̲L̲T̲H̲ ̲I̲N̲C̲"" -> ""ALLEGRA 24 HOUR (chlorhydrate de fexofénadine 120 mg comprimé oral) O̲P̲E̲L̲L̲A̲ ̲C̲A̲N̲A̲D̲A̲ ̲I̲N̲C̲.̲"""
407,00178810,PMS-PHENOBARBITAL (phenobarbital 60 mg oral tablet) PHARMASCIENCE INC,PMS-PHENOBARBITAL (phénobarbital 60 mg comprimé oral) PHARMASCIENCE INC,"Health_Canada_product_name: ""PHENOBARB"" -> ""PMS-PHENOBARBITAL""
mp_formal_name: ""PHENOBARB (phenobarbital 60 mg oral tablet) ̲P̲E̲N̲D̲O̲P̲H̲A̲R̲M̲ ̲D̲I̲V̲I̲S̲I̲O̲N̲ ̲O̲F̲ PHARMASCIENCE INC"" -> ""P̲M̲S̲-̲PHENOBARBI̲T̲A̲L̲ (phenobarbital 60 mg oral tablet) PHARMASCIENCE INC""
mp_fr_description: ""PHENOBARB (phénobarbital 60 mg comprimé oral) ̲P̲E̲N̲D̲O̲P̲H̲A̲R̲M̲ ̲D̲I̲V̲I̲S̲I̲O̲N̲ ̲O̲F̲ PHARMASCIENCE INC"" -> ""P̲M̲S̲-̲PHENOBARBI̲T̲A̲L̲ (phénobarbital 60 mg comprimé oral) PHARMASCIENCE INC"""
107193,02569728,BESREMI (ropeginterferon alfa-2b 500 mcg per 1 mL solution for injection) FORUS THERAPEUTICS INC.,BESREMI (ropéginterféron alfa-2b 500 mcg par 1 mL solution injectable) FORUS THERAPEUTICS INC.,ADDED
76939,02283816,ANTIBACTERIAL CLEAN & SMOOTH (triclosan 0.3 % cutaneous solution) ECOLAB CO,"ANTIBACTERIAL CLEAN & SMOOTH (triclosan 0,3 % solution pour application cutanée) ECOLAB CO",ADDED
100178,02512491,ACH-SITAGLIPTIN (sitagliptin (sitagliptin phosphate) 100 mg oral tablet) ACCORD HEALTHCARE INC,ACH-SITAGLIPTIN (sitagliptine (phosphate de sitagliptine) 100 mg comprimé oral) ACCORD HEALTHCARE INC,DELETED
97037,02479729,"ALCOHOL FREE FOAMING HAND SANITIZER (benzalkonium chloride 0.13 % cutaneous solution) VI-JON, LLC","ALCOHOL FREE FOAMING HAND SANITIZER (chlorure de benzalkonium 0,13 % solution pour application cutanée) VI-JON, LLC",ADDED
100177,02512483,ACH-SITAGLIPTIN (sitagliptin (sitagliptin phosphate) 50 mg oral tablet) ACCORD HEALTHCARE INC,ACH-SITAGLIPTIN (sitagliptine (phosphate de sitagliptine) 50 mg comprimé oral) ACCORD HEALTHCARE INC,DELETED
60786,02237452,PERIDEX ORAL RINSE (chlorhexidine gluconate 0.12 % mouthwash) SOLVENTUM CANADA LIMITED,"PERIDEX ORAL RINSE (gluconate de chlorhexidine 0,12 % solution pour bain de bouche) SOLVENTUM CANADA LIMITED","mp_formal_name: ""PERIDEX ORAL RINSE (chlorhexidine gluconate 0.12 % mouthwash) 3̲M̲ ̲H̲E̲A̲L̲T̲H̲C̲A̲R̲E̲ ̲C̲A̲N̲A̲D̲A̲ ̲C̲O̲M̲P̲A̲N̲Y̲ LIMITED"" -> ""PERIDEX ORAL RINSE (chlorhexidine gluconate 0.12 % mouthwash) S̲O̲L̲V̲E̲N̲T̲U̲M̲ ̲C̲A̲N̲A̲D̲A̲ LIMITED""
mp_fr_description: ""PERIDEX ORAL RINSE (gluconate de chlorhexidine 0,12 % solution pour bain de bouche) 3̲M̲ ̲H̲E̲A̲L̲T̲H̲C̲A̲R̲E̲ ̲C̲A̲N̲A̲D̲A̲ ̲C̲O̲M̲P̲A̲N̲Y̲ LIMITED"" -> ""PERIDEX ORAL RINSE (gluconate de chlorhexidine 0,12 % solution pour bain de bouche) S̲O̲L̲V̲E̲N̲T̲U̲M̲ ̲C̲A̲N̲A̲D̲A̲ LIMITED"""
86732,02381478,ACH-ALENDRONATE (alendronic acid (alendronate sodium) 5 mg oral tablet) ACCORD HEALTHCARE INC,ACH-ALENDRONATE (acide alendronique (alendronate sodique) 5 mg comprimé oral) ACCORD HEALTHCARE INC,DELETED
102784,02539195,COUGH & CHEST CONGESTION (dextromethorphan hydrobromide 5 mg per 5 mL and guaifenesin 100 mg per 5 mL syrup) LSL MEDPLUS INC,COUGH & CHEST CONGESTION (bromhydrate de dextrométhorphane 5 mg par 5 mL et guaïfénésine 100 mg par 5 mL sirop) LSL MEDPLUS INC,"mp_formal_name: ""COUGH & CHEST CONGESTION (dextromethorphan hydrobromide 5 mg per 5 mL and guaifenesin 100 mg per 5 mL syrup) J̲U̲N̲O̲ ̲O̲T̲C̲ INC"" -> ""COUGH & CHEST CONGESTION (dextromethorphan hydrobromide 5 mg per 5 mL and guaifenesin 100 mg per 5 mL syrup) L̲S̲L̲ ̲M̲E̲D̲P̲L̲U̲S̲ INC""
mp_fr_description: ""COUGH & CHEST CONGESTION (bromhydrate de dextrométhorphane 5 mg par 5 mL et guaïfénésine 100 mg par 5 mL sirop) J̲U̲N̲O̲ ̲O̲T̲C̲ INC"" -> ""COUGH & CHEST CONGESTION (bromhydrate de dextrométhorphane 5 mg par 5 mL et guaïfénésine 100 mg par 5 mL sirop) L̲S̲L̲ ̲M̲E̲D̲P̲L̲U̲S̲ INC"""
70601,02246427,KEYSTONE FOAM HAND SANITIZER (benzalkonium chloride 0.1 % cutaneous liquid) ECOLAB CO,"KEYSTONE FOAM HAND SANITIZER (chlorure de benzalkonium 0,1 % liquide cutané) ECOLAB CO",ADDED
106360,02560550,PREGABALIN ORAL SOLUTION (pregabalin 20 mg per mL oral solution) ORB PHARMA- DIVISION OF ODAN LABORATORIES LTD.,PREGABALIN ORAL SOLUTION (prégabaline 20 mg par mL solution orale) ORB PHARMA- DIVISION OF ODAN LABORATORIES LTD.,ADDED
65339,02241679,POTASSIUM CHLORIDE INJECTION (potassium chloride 40 meq per 100 mL solution for injection) BAXTER CORPORATION,POTASSIUM CHLORIDE INJECTION (chlorure de potassium 40 meq par 100 mL solution injectable) BAXTER CORPORATION,ADDED
3394,00402206,POTASSIUM CHLORIDE FOR INJECTION CONCENTRATE (potassium chloride 20 meq per 10 mL solution for injection) OMEGA LABORATORIES LIMITED,POTASSIUM CHLORIDE FOR INJECTION CONCENTRATE (chlorure de potassium 20 meq par 10 mL solution injectable) OMEGA LABORATORIES LIMITED,ADDED
102623,02537524,ANTIBACTERIAL FOAMING HAND SOAP (benzalkonium chloride 0.13 % cutaneous solution) RUBBERMAID COMMERCIAL PRODUCTS LLC,"ANTIBACTERIAL FOAMING HAND SOAP (chlorure de benzalkonium 0,13 % solution pour application cutanée) RUBBERMAID COMMERCIAL PRODUCTS LLC",ADDED
78793,02302632,PMS-BISOPROLOL (bisoprolol fumarate 5 mg oral tablet) PHARMASCIENCE INC,PMS-BISOPROLOL (fumarate de bisoprolol 5 mg comprimé oral) PHARMASCIENCE INC,"mp_status_effective_time: ""20190525"" -> ""20260803"""
85048,02365596,"EXTRA STRENGTH TYLENOL COMPLETE COLD, COUGH & FLU PLUS MUCUS RELIEF NIGHTTIME (acetaminophen 1000 mg per 30 mL and chlorpheniramine maleate 4 mg per 30 mL and dextromethorphan hydrobromide 30 mg per 30 mL and guaifenesin 200 mg per 30 mL and pseudoephedrine hydrochloride 60 mg per 30 mL syrup) KENVUE CANADA INC.","EXTRA STRENGTH TYLENOL COMPLETE COLD, COUGH & FLU PLUS MUCUS RELIEF NIGHTTIME (acétaminophène 1000 mg par 30 mL et maléate de chlorphéniramine 4 mg par 30 mL et bromhydrate de dextrométhorphane 30 mg par 30 mL et guaïfénésine 200 mg par 30 mL et chlorhydrate de pseudoéphédrine 60 mg par 30 mL sirop) KENVUE CANADA INC.","mp_formal_name: ""EXTRA STRENGTH TYLENOL COMPLETE COLD, COUGH & FLU PLUS MUCUS RELIEF NIGHTTIME (acetaminophen 1000 mg per 30 mL and chlorpheniramine maleate 4 mg per 30 mL and dextromethorphan hydrobromide 30 mg per 30 mL and guaifenesin 200 mg per 30 mL and pseudoephedrine hydrochloride 60 mg per 30 mL syrup) M̲C̲N̲E̲I̲L̲ ̲C̲O̲N̲S̲U̲M̲E̲R̲ ̲H̲E̲A̲L̲T̲H̲C̲A̲R̲E̲ ̲D̲I̲V̲I̲S̲I̲O̲N̲ ̲O̲F̲ ̲J̲O̲H̲N̲S̲O̲N̲ ̲&̲ ̲J̲O̲H̲N̲S̲O̲N̲ ̲I̲N̲C̲"" -> ""EXTRA STRENGTH TYLENOL COMPLETE COLD, COUGH & FLU PLUS MUCUS RELIEF NIGHTTIME (acetaminophen 1000 mg per 30 mL and chlorpheniramine maleate 4 mg per 30 mL and dextromethorphan hydrobromide 30 mg per 30 mL and guaifenesin 200 mg per 30 mL and pseudoephedrine hydrochloride 60 mg per 30 mL syrup) K̲E̲N̲V̲U̲E̲ ̲C̲A̲N̲A̲D̲A̲ ̲I̲N̲C̲.̲""
mp_fr_description: ""EXTRA STRENGTH TYLENOL COMPLETE COLD, COUGH & FLU PLUS MUCUS RELIEF NIGHTTIME (acétaminophène 1000 mg par 30 mL et maléate de chlorphéniramine 4 mg par 30 mL et bromhydrate de dextrométhorphane 30 mg par 30 mL et guaïfénésine 200 mg par 30 mL et chlorhydrate de pseudoéphédrine 60 mg par 30 mL sirop) M̲C̲N̲E̲I̲L̲ ̲C̲O̲N̲S̲U̲M̲E̲R̲ ̲H̲E̲A̲L̲T̲H̲C̲A̲R̲E̲ ̲D̲I̲V̲I̲S̲I̲O̲N̲ ̲O̲F̲ ̲J̲O̲H̲N̲S̲O̲N̲ ̲&̲ ̲J̲O̲H̲N̲S̲O̲N̲ ̲I̲N̲C̲"" -> ""EXTRA STRENGTH TYLENOL COMPLETE COLD, COUGH & FLU PLUS MUCUS RELIEF NIGHTTIME (acétaminophène 1000 mg par 30 mL et maléate de chlorphéniramine 4 mg par 30 mL et bromhydrate de dextrométhorphane 30 mg par 30 mL et guaïfénésine 200 mg par 30 mL et chlorhydrate de pseudoéphédrine 60 mg par 30 mL sirop) K̲E̲N̲V̲U̲E̲ ̲C̲A̲N̲A̲D̲A̲ ̲I̲N̲C̲.̲"""
99805,02508702,BIO-TADALAFIL (tadalafil 5 mg oral tablet) BIOMED PHARMA,BIO-TADALAFIL (tadalafil 5 mg comprimé oral) BIOMED PHARMA,ADDED
103051,02541904,SODIUM BICARBONATE INJECTION USP (sodium bicarbonate 84 mg per mL solution for injection) STERIMAX INC,SODIUM BICARBONATE INJECTION USP (bicarbonate de sodium 84 mg par mL solution injectable) STERIMAX INC,ADDED
NA,77700785,DOXORUBICIN HYDROCHLORIDE INJECTION (doxorubicin hydrochloride 10 mg per 5 mL solution for injection vial) TEVA CANADA LIMITED,DOXORUBICIN HYDROCHLORIDE INJECTION (chlorhydrate de doxorubicine 10 mg par 5 mL solution injectable fiole) TEVA CANADA LIMITED,ADDED
66677,02242847,DIGICLEAN E FOAM HAND SOAP (chloroxylenol 1 % cutaneous liquid) ECOLAB CO,DIGICLEAN E FOAM HAND SOAP (chloroxylénol 1 % liquide cutané) ECOLAB CO,ADDED
106910,02566605,PMS-DEXTROAMPHETAMINE (dextroamphetamine sulfate 5 mg oral tablet) PHARMASCIENCE INC,PMS-DEXTROAMPHETAMINE (sulfate de dextroamphétamine 5 mg comprimé oral) PHARMASCIENCE INC,ADDED
103295,02544393,UPH-TADALAFIL (tadalafil 5 mg oral tablet) UPHEALTH PHARMA INC.,UPH-TADALAFIL (tadalafil 5 mg comprimé oral) UPHEALTH PHARMA INC.,ADDED
11680,00587273,PMS-BISACODYL (bisacodyl 5 mg oral tablet) PHARMASCIENCE INC,PMS-BISACODYL (bisacodyl 5 mg comprimé oral) PHARMASCIENCE INC,"mp_status_effective_time: ""20190730"" -> ""20260806"""
106900,02566508,RIVA-CANDESARTAN (candesartan cilexetil 16 mg oral tablet) LABORATOIRE RIVA INC.,RIVA-CANDESARTAN (candésartan cilexétil 16 mg comprimé oral) LABORATOIRE RIVA INC.,ADDED
95297,02464829,DIAL ANTIBACTERIAL HAND SOAP (benzalkonium chloride 0.13 % cutaneous solution) HENKEL CONSUMER BRANDS CANADA CORPORATION,"DIAL ANTIBACTERIAL HAND SOAP (chlorure de benzalkonium 0,13 % solution pour application cutanée) HENKEL CONSUMER BRANDS CANADA CORPORATION",ADDED
18310,02161060,CALCIUM-45 0.25-4.5 (calcium chloride 7.45 g per bottle powder for concentrate for solution for haemodialysis) VANTIVE ULC,"CALCIUM-45 0.25-4.5 (chlorure de calcium 7,45 g par bouteille poudre pour solution à diluer pour solution pour hémodialyse) VANTIVE ULC",ADDED
95992,02470853,FINIPIL (benzethonium chloride 0.2 % cutaneous cream) EQUIBAL LABS INC,"FINIPIL (chlorure de benzéthonium 0,2 % crème cutanée) EQUIBAL LABS INC",ADDED
106711,02564416,"EVERYDAY CLEAN DANDRUFF SHAMPOO (pyrithione zinc 1 % shampoo) NICE-PAK PRODUCTS, LLC","EVERYDAY CLEAN DANDRUFF SHAMPOO (pyrithione zincique 1 % shampoing) NICE-PAK PRODUCTS, LLC","mp_formal_name: ""EVERYDAY CLEAN DANDRUFF SHAMPOO (pyrithione zinc 1 % shampoo) C̲O̲N̲S̲U̲M̲E̲R̲ ̲P̲R̲O̲D̲U̲C̲T̲ ̲P̲A̲R̲T̲N̲E̲R̲S, LLC"" -> ""EVERYDAY CLEAN DANDRUFF SHAMPOO (pyrithione zinc 1 % shampoo) N̲I̲C̲E̲-̲P̲A̲K̲ ̲P̲R̲O̲D̲U̲C̲T̲S, LLC""
mp_fr_description: ""EVERYDAY CLEAN DANDRUFF SHAMPOO (pyrithione zincique 1 % shampoing) C̲O̲N̲S̲U̲M̲E̲R̲ ̲P̲R̲O̲D̲U̲C̲T̲ ̲P̲A̲R̲T̲N̲E̲R̲S, LLC"" -> ""EVERYDAY CLEAN DANDRUFF SHAMPOO (pyrithione zincique 1 % shampoing) N̲I̲C̲E̲-̲P̲A̲K̲ ̲P̲R̲O̲D̲U̲C̲T̲S, LLC"""
99502,02505649,CHILDREN'S ALLERGY FORMULA RAPID MELTS (diphenhydramine hydrochloride 12.5 mg orodispersible tablet) LSL MEDPLUS INC,"CHILDREN'S ALLERGY FORMULA RAPID MELTS (chlorhydrate de diphenhydramine 12,5 mg comprimé orodispersible) LSL MEDPLUS INC","mp_formal_name: ""CHILDREN'S ALLERGY FORMULA RAPID MELTS (diphenhydramine hydrochloride 12.5 mg orodispersible tablet) J̲U̲N̲O̲ ̲O̲T̲C̲ INC"" -> ""CHILDREN'S ALLERGY FORMULA RAPID MELTS (diphenhydramine hydrochloride 12.5 mg orodispersible tablet) L̲S̲L̲ ̲M̲E̲D̲P̲L̲U̲S̲ INC""
mp_fr_description: ""CHILDREN'S ALLERGY FORMULA RAPID MELTS (chlorhydrate de diphenhydramine 12,5 mg comprimé orodispersible) J̲U̲N̲O̲ ̲O̲T̲C̲ INC"" -> ""CHILDREN'S ALLERGY FORMULA RAPID MELTS (chlorhydrate de diphenhydramine 12,5 mg comprimé orodispersible) L̲S̲L̲ ̲M̲E̲D̲P̲L̲U̲S̲ INC"""
106090,02557592,TRIMBOW (beclomethasone dipropionate 100 mcg per actuation and formoterol fumarate dihydrate 6 mcg per actuation and glycopyrronium (glycopyrronium bromide) 10 mcg per actuation pressurized inhalation) CHIESI FARMACEUTICI S.P.A.,TRIMBOW (dipropionate de béclométhasone 100 mcg par actionnement et fumarate de formotérol dihydraté 6 mcg par actionnement et glycopyrronium (bromure de glycopyrronium) 10 mcg par actionnement inhalation en flacon pressurisé) CHIESI FARMACEUTICI S.P.A.,ADDED
99178,02502208,HAND SANITIZER (benzalkonium chloride 0.15 % cutaneous solution) CONTRACT PACKAGING DISTRIBUTION INC.,"HAND SANITIZER (chlorure de benzalkonium 0,15 % solution pour application cutanée) CONTRACT PACKAGING DISTRIBUTION INC.",ADDED
106816,02565579,NB-MONTELUKAST (montelukast (montelukast sodium) 10 mg oral tablet) NB PHARMA INC.,NB-MONTELUKAST (montélukast (montélukast sodique) 10 mg comprimé oral) NB PHARMA INC.,ADDED
106886,02566354,BALANSYA (escitalopram (escitalopram oxalate) 2 mg per mL oral solution) ORIMED PHARMA INC,BALANSYA (escitalopram (oxalate d'escitalopram) 2 mg par mL solution orale) ORIMED PHARMA INC,ADDED
75279,02267365,INO-F-SAN INSTANT HAND SANITIZER (benzethonium chloride 0.2 % cutaneous liquid) GROUPE DISSAN INC.,"INO-F-SAN INSTANT HAND SANITIZER (chlorure de benzéthonium 0,2 % liquide cutané) GROUPE DISSAN INC.",ADDED
31360,02139529,"SODIUM ACETATE INJECTION, USP (sodium acetate 328 mg per mL solution for injection) FRESENIUS KABI CANADA LTD","SODIUM ACETATE INJECTION, USP (acétate de sodium 328 mg par mL solution injectable) FRESENIUS KABI CANADA LTD",ADDED
88464,02399792,ACH-LEVETIRACETAM (levetiracetam 750 mg oral tablet) ACCORD HEALTHCARE INC,ACH-LEVETIRACETAM (lévétiracétam 750 mg comprimé oral) ACCORD HEALTHCARE INC,DELETED
76469,02279150,CHILDREN'S TYLENOL COLD AND COUGH NIGHTTIME (acetaminophen 160 mg per 5 mL and dextromethorphan hydrobromide 5 mg per 5 mL and diphenhydramine hydrochloride 6.25 mg per 5 mL oral suspension) KENVUE CANADA INC.,"CHILDREN'S TYLENOL COLD AND COUGH NIGHTTIME (acétaminophène 160 mg par 5 mL et bromhydrate de dextrométhorphane 5 mg par 5 mL et chlorhydrate de diphenhydramine 6,25 mg par 5 mL suspension orale) KENVUE CANADA INC.","mp_formal_name: ""CHILDREN'S TYLENOL COLD AND COUGH NIGHTTIME (acetaminophen 160 mg per 5 mL and dextromethorphan hydrobromide 5 mg per 5 mL and diphenhydramine hydrochloride 6.25 mg per 5 mL oral suspension) M̲C̲N̲E̲I̲L̲ ̲C̲O̲N̲S̲U̲M̲E̲R̲ ̲H̲E̲A̲L̲T̲H̲C̲A̲R̲E̲ ̲D̲I̲V̲I̲S̲I̲O̲N̲ ̲O̲F̲ ̲J̲O̲H̲N̲S̲O̲N̲ ̲&̲ ̲J̲O̲H̲N̲S̲O̲N̲ ̲I̲N̲C̲"" -> ""CHILDREN'S TYLENOL COLD AND COUGH NIGHTTIME (acetaminophen 160 mg per 5 mL and dextromethorphan hydrobromide 5 mg per 5 mL and diphenhydramine hydrochloride 6.25 mg per 5 mL oral suspension) K̲E̲N̲V̲U̲E̲ ̲C̲A̲N̲A̲D̲A̲ ̲I̲N̲C̲.̲""
mp_fr_description: ""CHILDREN'S TYLENOL COLD AND COUGH NIGHTTIME (acétaminophène 160 mg par 5 mL et bromhydrate de dextrométhorphane 5 mg par 5 mL et chlorhydrate de diphenhydramine 6,25 mg par 5 mL suspension orale) M̲C̲N̲E̲I̲L̲ ̲C̲O̲N̲S̲U̲M̲E̲R̲ ̲H̲E̲A̲L̲T̲H̲C̲A̲R̲E̲ ̲D̲I̲V̲I̲S̲I̲O̲N̲ ̲O̲F̲ ̲J̲O̲H̲N̲S̲O̲N̲ ̲&̲ ̲J̲O̲H̲N̲S̲O̲N̲ ̲I̲N̲C̲"" -> ""CHILDREN'S TYLENOL COLD AND COUGH NIGHTTIME (acétaminophène 160 mg par 5 mL et bromhydrate de dextrométhorphane 5 mg par 5 mL et chlorhydrate de diphenhydramine 6,25 mg par 5 mL suspension orale) K̲E̲N̲V̲U̲E̲ ̲C̲A̲N̲A̲D̲A̲ ̲I̲N̲C̲.̲"""
99806,02508710,BIO-TADALAFIL (tadalafil 10 mg oral tablet) BIOMED PHARMA,BIO-TADALAFIL (tadalafil 10 mg comprimé oral) BIOMED PHARMA,ADDED
6095,00645575,PMS-PHENOBARBITAL ELIXIR (phenobarbital 5 mg per mL oral solution) PHARMASCIENCE INC,PMS-PHENOBARBITAL ELIXIR (phénobarbital 5 mg par mL solution orale) PHARMASCIENCE INC,"Health_Canada_product_name: ""PHENOBARB ELIXIR"" -> ""PMS-PHENOBARBITAL ELIXIR""
mp_formal_name: ""PHENOBARB ELIXIR (phenobarbital 5 mg per mL oral solution) PE̲N̲D̲O̲P̲H̲A̲R̲M̲ ̲D̲I̲V̲I̲S̲I̲O̲N̲ ̲O̲F̲ ̲P̲HARMASCIENCE INC"" -> ""P̲M̲S̲-̲PHENOBARBI̲T̲A̲L̲ ELIXIR (phenobarbital 5 mg per mL oral solution) PHARMASCIENCE INC""
mp_fr_description: ""PHENOBARB ELIXIR (phénobarbital 5 mg par mL solution orale) PE̲N̲D̲O̲P̲H̲A̲R̲M̲ ̲D̲I̲V̲I̲S̲I̲O̲N̲ ̲O̲F̲ ̲P̲HARMASCIENCE INC"" -> ""P̲M̲S̲-̲PHENOBARBI̲T̲A̲L̲ ELIXIR (phénobarbital 5 mg par mL solution orale) PHARMASCIENCE INC"""
88462,02399776,ACH-LEVETIRACETAM (levetiracetam 250 mg oral tablet) ACCORD HEALTHCARE INC,ACH-LEVETIRACETAM (lévétiracétam 250 mg comprimé oral) ACCORD HEALTHCARE INC,DELETED
100339,02514222,VISTASEAL (fibrinogen human 80 mg per 1 mL and thrombin human 500 unit per 1 mL cutaneous solution) INSTITUTO GRIFOLS S.A.,VISTASEAL (fibrinogène humaine 80 mg par 1 mL et thrombine humaine 500 unité par 1 mL solution pour application cutanée) INSTITUTO GRIFOLS S.A.,ADDED
106591,02563096,JAMP PROPRANOLOL (propranolol hydrochloride 80 mg oral tablet) JAMP PHARMA CORPORATION,JAMP PROPRANOLOL (chlorhydrate de propranolol 80 mg comprimé oral) JAMP PHARMA CORPORATION,ADDED
99372,02504294,OMEPRAZOLE MAGNESIUM DELAYED RELEASE TABLETS (omeprazole (omeprazole magnesium) 20 mg gastro-resistant tablet) SANIS HEALTH INC,OMEPRAZOLE MAGNESIUM DELAYED RELEASE TABLETS (oméprazole (oméprazole magnésium) 20 mg comprimé gastrorésistant) SANIS HEALTH INC,"mp_status_effective_time: ""20251030"" -> ""20260916"""
103443,02545683,FOAMING ANTIBACTERIAL HAND CLEANSER (benzalkonium chloride 0.13 % cutaneous solution) BETCO CORPORATION,"FOAMING ANTIBACTERIAL HAND CLEANSER (chlorure de benzalkonium 0,13 % solution pour application cutanée) BETCO CORPORATION",ADDED
106793,02565315,NRA-ENALAPRIL (enalapril maleate 20 mg oral tablet) NORA PHARMA INC,NRA-ENALAPRIL (maléate d'énalapril 20 mg comprimé oral) NORA PHARMA INC,ADDED
81256,02327260,APO-GATIFLOXACIN (gatifloxacin (gatifloxacin hemihydrate) 0.3 % ophthalmic drops) APOTEX INC,"APO-GATIFLOXACIN (gatifloxacine (hémihydrate de gatifloxacine) 0,3 % gouttes ophtalmiques) APOTEX INC",DELETED
100560,02516225,SODIUM BICARBONATE INJECTION USP (sodium bicarbonate 84 mg per mL solution for injection) JAMP PHARMA CORPORATION,SODIUM BICARBONATE INJECTION USP (bicarbonate de sodium 84 mg par mL solution injectable) JAMP PHARMA CORPORATION,ADDED
100244,02513226,SANI HANDS FOAM (benzalkonium chloride 0.1 % cutaneous solution) OSTREM CHEMICAL CO LTD.,"SANI HANDS FOAM (chlorure de benzalkonium 0,1 % solution pour application cutanée) OSTREM CHEMICAL CO LTD.",ADDED
43718,02083345,PMS-TIMOLOL (timolol (timolol maleate) 0.5 % ophthalmic drops) PHARMASCIENCE INC,"PMS-TIMOLOL (timolol (maléate de timolol) 0,5 % gouttes ophtalmiques) PHARMASCIENCE INC","mp_status_effective_time: ""20180802"" -> ""20260902"""
10509,00804789,POTASSIUM PHOSPHATES (phosphorus (potassium phosphate dibasic and potassium phosphate monobasic) 30 mmol per 10 mL and potassium (potassium phosphate dibasic and potassium phosphate monobasic) 44 mmol per 10 mL solution for injection vial) SANDOZ CANADA INCORPORATED,POTASSIUM PHOSPHATES (phosphore (phosphate de potassium dibasique et phosphate de potassium monobasique) 30 mmol par 10 mL et potassium (phosphate de potassium dibasique et phosphate de potassium monobasique) 44 mmol par 10 mL solution injectable fiole) SANDOZ CANADA INCORPORATED,ADDED
100600,02516667,TECARTUS (brexucabtagene autoleucel 200000000 cells per bag suspension for injection) GILEAD SCIENCES CANADA INC,TECARTUS (bréxucabtagène autoleucel 200000000 cellules par sac suspension injectable) GILEAD SCIENCES CANADA INC,ADDED
103406,02545284,JAMP MISOPROSTOL (misoprostol 200 mcg oral tablet) JAMP PHARMA CORPORATION,JAMP MISOPROSTOL (misoprostol 200 mcg comprimé oral) JAMP PHARMA CORPORATION,ADDED
97739,02487233,NIGHTTIME COLD (acetaminophen 650 mg per sachet and diphenhydramine hydrochloride 25 mg per sachet and phenylephrine hydrochloride 10 mg per sachet powder for oral solution) LSL MEDPLUS INC,NIGHTTIME COLD (acétaminophène 650 mg par sachet et chlorhydrate de diphenhydramine 25 mg par sachet et chlorhydrate de phényléphrine 10 mg par sachet poudre pour solution orale) LSL MEDPLUS INC,"mp_formal_name: ""NIGHTTIME COLD (acetaminophen 650 mg per sachet and diphenhydramine hydrochloride 25 mg per sachet and phenylephrine hydrochloride 10 mg per sachet powder for oral solution) J̲U̲N̲O̲ ̲O̲T̲C̲ INC"" -> ""NIGHTTIME COLD (acetaminophen 650 mg per sachet and diphenhydramine hydrochloride 25 mg per sachet and phenylephrine hydrochloride 10 mg per sachet powder for oral solution) L̲S̲L̲ ̲M̲E̲D̲P̲L̲U̲S̲ INC""
mp_fr_description: ""NIGHTTIME COLD (acétaminophène 650 mg par sachet et chlorhydrate de diphenhydramine 25 mg par sachet et chlorhydrate de phényléphrine 10 mg par sachet poudre pour solution orale) J̲U̲N̲O̲ ̲O̲T̲C̲ INC"" -> ""NIGHTTIME COLD (acétaminophène 650 mg par sachet et chlorhydrate de diphenhydramine 25 mg par sachet et chlorhydrate de phényléphrine 10 mg par sachet poudre pour solution orale) L̲S̲L̲ ̲M̲E̲D̲P̲L̲U̲S̲ INC"""
97104,02480514,KYMRIAH (tisagenlecleucel 600000000 cells suspension for injection) NOVARTIS PHARMACEUTICALS CANADA INC,KYMRIAH (tisagenlecleucel 600000000 cellules suspension injectable) NOVARTIS PHARMACEUTICALS CANADA INC,ADDED
99175,02502178,ANTI-MICROBE M (benzalkonium chloride 0.15 % cutaneous solution) ATOMS F.D. INC,"ANTI-MICROBE M (chlorure de benzalkonium 0,15 % solution pour application cutanée) ATOMS F.D. INC",ADDED
103179,02543338,SIBBORAN (landiolol hydrochloride 300 mg per vial powder for solution for injection) AOP ORPHAN PHARMACEUTICALS GMBH,SIBBORAN (chlorhydrate de landiolol 300 mg par fiole poudre pour solution injectable) AOP ORPHAN PHARMACEUTICALS GMBH,"mp_formal_name: ""SIBBORAN (landiolol hydrochloride 300 mg per vial powder for solution for injection) T̲R̲I̲M̲E̲D̲I̲C̲ ̲T̲H̲E̲R̲A̲P̲E̲U̲T̲I̲C̲S̲ ̲I̲N̲C̲.̲"" -> ""SIBBORAN (landiolol hydrochloride 300 mg per vial powder for solution for injection) A̲O̲P̲ ̲O̲R̲P̲H̲A̲N̲ ̲P̲H̲A̲R̲M̲A̲C̲E̲U̲T̲I̲C̲A̲L̲S̲ ̲G̲M̲B̲H̲""
mp_fr_description: ""SIBBORAN (chlorhydrate de landiolol 300 mg par fiole poudre pour solution injectable) T̲R̲I̲M̲E̲D̲I̲C̲ ̲T̲H̲E̲R̲A̲P̲E̲U̲T̲I̲C̲S̲ ̲I̲N̲C̲.̲"" -> ""SIBBORAN (chlorhydrate de landiolol 300 mg par fiole poudre pour solution injectable) A̲O̲P̲ ̲O̲R̲P̲H̲A̲N̲ ̲P̲H̲A̲R̲M̲A̲C̲E̲U̲T̲I̲C̲A̲L̲S̲ ̲G̲M̲B̲H̲""
mp_status_effective_time: ""20260605"" -> ""20260925"""
97936,02489287,ACH-LACOSAMIDE (lacosamide 50 mg oral tablet) ACCORD HEALTHCARE INC,ACH-LACOSAMIDE (lacosamide 50 mg comprimé oral) ACCORD HEALTHCARE INC,DELETED
77627,02290855,X3 CLEAN GERM ATTACK HAND SANITIZER (benzalkonium chloride 0.13 % cutaneous solution) NATURAL ESSENTIALS INC,"X3 CLEAN GERM ATTACK HAND SANITIZER (chlorure de benzalkonium 0,13 % solution pour application cutanée) NATURAL ESSENTIALS INC",ADDED
89799,02413310,SIGNIFOR (pasireotide (pasireotide diaspartate) 0.9 mg per 1 mL solution for injection ampoule) RECORDATI RARE DISEASES CANADA INC,"SIGNIFOR (pasiréotide (diaspartate de pasiréotide) 0,9 mg par 1 mL solution injectable ampoule) RECORDATI RARE DISEASES CANADA INC",DELETED
85062,02365731,"EXTRA STRENGTH TYLENOL COMPLETE COLD, COUGH & FLU DAYTIME (acetaminophen 500 mg and dextromethorphan hydrobromide 15 mg and guaifenesin 100 mg and pseudoephedrine hydrochloride 30 mg oral tablet) KENVUE CANADA INC.","EXTRA STRENGTH TYLENOL COMPLETE COLD, COUGH & FLU DAYTIME (acétaminophène 500 mg et bromhydrate de dextrométhorphane 15 mg et guaïfénésine 100 mg et chlorhydrate de pseudoéphédrine 30 mg comprimé oral) KENVUE CANADA INC.","mp_formal_name: ""EXTRA STRENGTH TYLENOL COMPLETE COLD, COUGH & FLU DAYTIME (acetaminophen 500 mg and dextromethorphan hydrobromide 15 mg and guaifenesin 100 mg and pseudoephedrine hydrochloride 30 mg oral tablet) M̲C̲N̲E̲I̲L̲ ̲C̲O̲N̲S̲U̲M̲E̲R̲ ̲H̲E̲A̲L̲T̲H̲C̲A̲R̲E̲ ̲D̲I̲V̲I̲S̲I̲O̲N̲ ̲O̲F̲ ̲J̲O̲H̲N̲S̲O̲N̲ ̲&̲ ̲J̲O̲H̲N̲S̲O̲N̲ ̲I̲N̲C̲"" -> ""EXTRA STRENGTH TYLENOL COMPLETE COLD, COUGH & FLU DAYTIME (acetaminophen 500 mg and dextromethorphan hydrobromide 15 mg and guaifenesin 100 mg and pseudoephedrine hydrochloride 30 mg oral tablet) K̲E̲N̲V̲U̲E̲ ̲C̲A̲N̲A̲D̲A̲ ̲I̲N̲C̲.̲""
mp_fr_description: ""EXTRA STRENGTH TYLENOL COMPLETE COLD, COUGH & FLU DAYTIME (acétaminophène 500 mg et bromhydrate de dextrométhorphane 15 mg et guaïfénésine 100 mg et chlorhydrate de pseudoéphédrine 30 mg comprimé oral) M̲C̲N̲E̲I̲L̲ ̲C̲O̲N̲S̲U̲M̲E̲R̲ ̲H̲E̲A̲L̲T̲H̲C̲A̲R̲E̲ ̲D̲I̲V̲I̲S̲I̲O̲N̲ ̲O̲F̲ ̲J̲O̲H̲N̲S̲O̲N̲ ̲&̲ ̲J̲O̲H̲N̲S̲O̲N̲ ̲I̲N̲C̲"" -> ""EXTRA STRENGTH TYLENOL COMPLETE COLD, COUGH & FLU DAYTIME (acétaminophène 500 mg et bromhydrate de dextrométhorphane 15 mg et guaïfénésine 100 mg et chlorhydrate de pseudoéphédrine 30 mg comprimé oral) K̲E̲N̲V̲U̲E̲ ̲C̲A̲N̲A̲D̲A̲ ̲I̲N̲C̲.̲"""
71801,02247551,ACID REDUCER (ranitidine (ranitidine hydrochloride) 75 mg oral tablet) PHARMASCIENCE INC,ACID REDUCER (ranitidine (chlorhydrate de ranitidine) 75 mg comprimé oral) PHARMASCIENCE INC,"mp_status_effective_time: ""20220220"" -> ""20260701"""
NA,77701107,PEMETREXED FOR INJECTION (pemetrexed (pemetrexed disodium hemipentahydrate) 500 mg per 20 mL solution for injection vial) ACCORD HEALTHCARE INC,PEMETREXED FOR INJECTION (pémétrexed (hémipentahydrate de pémétrexed disodique) 500 mg par 20 mL solution injectable fiole) ACCORD HEALTHCARE INC,DELETED
99900,02509717,VINDA ANTISEPTIC WIPES (benzethonium chloride 0.3 % wipe) GRAND OCEAN INTERNATIONAL TRADING LTD,"VINDA ANTISEPTIC WIPES (chlorure de benzéthonium 0,3 % lingette) GRAND OCEAN INTERNATIONAL TRADING LTD",ADDED
77936,02293994,NEOCITRAN EXTRA STRENGTH TOTAL COLD (acetaminophen 650 mg per sachet and dextromethorphan hydrobromide 20 mg per sachet and phenylephrine hydrochloride 10 mg per sachet powder for oral solution) HALEON CANADA ULC,NEOCITRAN EXTRA STRENGTH TOTAL COLD (acétaminophène 650 mg par sachet et bromhydrate de dextrométhorphane 20 mg par sachet et chlorhydrate de phényléphrine 10 mg par sachet poudre pour solution orale) HALEON CANADA ULC,DELETED
100018,02510901,SOAPOPULAR ANTIBACTERIAL HAND SOAP (benzalkonium chloride 0.15 % cutaneous solution) SOAPOPULAR INC,"SOAPOPULAR ANTIBACTERIAL HAND SOAP (chlorure de benzalkonium 0,15 % solution pour application cutanée) SOAPOPULAR INC",ADDED
20112,02219301,MAGNESIUM-45 0.5-4.5 (magnesium chloride 20.5 g per bottle powder for concentrate for solution for haemodialysis) VANTIVE ULC,"MAGNESIUM-45 0.5-4.5 (chlorure de magnésium 20,5 g par bouteille poudre pour solution à diluer pour solution pour hémodialyse) VANTIVE ULC",ADDED
78794,02302640,PMS-BISOPROLOL (bisoprolol fumarate 10 mg oral tablet) PHARMASCIENCE INC,PMS-BISOPROLOL (fumarate de bisoprolol 10 mg comprimé oral) PHARMASCIENCE INC,"mp_status_effective_time: ""20190301"" -> ""20260803"""
2527,00037869,POTASSIUM CHLORIDE FOR INJECTION CONCENTRATE USP (potassium chloride 149 mg per mL solution for injection) PFIZER CANADA ULC,POTASSIUM CHLORIDE FOR INJECTION CONCENTRATE USP (chlorure de potassium 149 mg par mL solution injectable) PFIZER CANADA ULC,ADDED
NA,77700784,DOXORUBICIN HYDROCHLORIDE INJECTION (doxorubicin hydrochloride 2 mg per mL solution for injection 100 mL vial) TEVA CANADA LIMITED,DOXORUBICIN HYDROCHLORIDE INJECTION (chlorhydrate de doxorubicine 2 mg par mL solution injectable 100 mL fiole) TEVA CANADA LIMITED,ADDED
103971,02550954,"IBUPROFEN ORAL SUSPENSION, 100 MG / 5 ML (ibuprofen 100 mg per 5 mL oral suspension) STRIDES PHARMA CANADA INC","IBUPROFEN ORAL SUSPENSION, 100 MG / 5 ML (ibuprofène 100 mg par 5 mL suspension orale) STRIDES PHARMA CANADA INC",ADDED
65288,02241630,AMBISOME (amphotericin B 50 mg per vial powder for solution for injection) ASTELLAS PHARMA CANADA INC,AMBISOME (amphotéricine B 50 mg par fiole poudre pour solution injectable) ASTELLAS PHARMA CANADA INC,ADDED
61804,02238389,CAELYX (doxorubicin hydrochloride 20 mg per 10 mL suspension for injection vial) BAXTER CORPORATION,CAELYX (chlorhydrate de doxorubicine 20 mg par 10 mL suspension injectable fiole) BAXTER CORPORATION,ADDED
97106,02480506,APPLAUD AB ANTISEPTIC LOTIONIZED HAND SOAP (chloroxylenol 0.5 % NA) ZEP MANUFACTURING COMPANY OF CANADA,"APPLAUD AB ANTISEPTIC LOTIONIZED HAND SOAP (chloroxylénol 0,5 % NA) ZEP MANUFACTURING COMPANY OF CANADA",ADDED
81010,02324660,PRO-SUMATRIPTAN (sumatriptan (sumatriptan succinate) 100 mg oral tablet) PRO DOC LIMITEE,PRO-SUMATRIPTAN (sumatriptan (succinate de sumatriptan) 100 mg comprimé oral) PRO DOC LIMITEE,"Health_Canada_product_name: ""SUMATRIPTAN"" -> ""PRO-SUMATRIPTAN""
mp_formal_name: ""SUMATRIPTAN (sumatriptan (sumatriptan succinate) 100 mg oral tablet) PRO DOC LIMITEE"" -> ""P̲R̲O̲-̲SUMATRIPTAN (sumatriptan (sumatriptan succinate) 100 mg oral tablet) PRO DOC LIMITEE""
mp_fr_description: ""SUMATRIPTAN (sumatriptan (succinate de sumatriptan) 100 mg comprimé oral) PRO DOC LIMITEE"" -> ""P̲R̲O̲-̲SUMATRIPTAN (sumatriptan (succinate de sumatriptan) 100 mg comprimé oral) PRO DOC LIMITEE"""
97937,02489295,ACH-LACOSAMIDE (lacosamide 100 mg oral tablet) ACCORD HEALTHCARE INC,ACH-LACOSAMIDE (lacosamide 100 mg comprimé oral) ACCORD HEALTHCARE INC,DELETED
92503,02440660,ACH-PRAVASTATIN (pravastatin sodium 40 mg oral tablet) ACCORD HEALTHCARE INC,ACH-PRAVASTATIN (pravastatine sodique 40 mg comprimé oral) ACCORD HEALTHCARE INC,DELETED
86515,02379279,ACH-CANDESARTAN (candesartan cilexetil 8 mg oral tablet) ACCORD HEALTHCARE INC,ACH-CANDESARTAN (candésartan cilexétil 8 mg comprimé oral) ACCORD HEALTHCARE INC,DELETED
71113,02246888,AVAGARD CHG (alcohol anhydrous 61 % and chlorhexidine gluconate 1 % lotion) SOLVENTUM CANADA LIMITED,AVAGARD CHG (alcool anhydre 61 % et gluconate de chlorhexidine 1 % lotion) SOLVENTUM CANADA LIMITED,ADDED
NA,77700771,"DOXORUBICIN INJECTION, BP (doxorubicin hydrochloride 2 mg per mL solution for injection 100 mL vial) ACCORD HEALTHCARE INC","DOXORUBICIN INJECTION, BP (chlorhydrate de doxorubicine 2 mg par mL solution injectable 100 mL fiole) ACCORD HEALTHCARE INC",ADDED
