drug_code,mp_code,mp_formal_name,mp_fr_description,changes
1857,00287709,PROTYLOL (dicyclomine hydrochloride 10 mg oral capsule) PRO DOC LIMITEE,PROTYLOL (chlorhydrate de dicyclomine 10 mg capsule orale) PRO DOC LIMITEE,"mp_status_effective_time: ""20200716"" -> ""20250630"""
2091,00312711,APO CHLORPROPAMIDE TAB 250MG (chlorpropamide 250 mg oral tablet) APOTEX INC,APO CHLORPROPAMIDE TAB 250MG (chlorpropamide 250 mg comprimé oral) APOTEX INC,"mp_status_effective_time: ""20190802"" -> ""20250417"""
2211,00312797,APO-IMIPRAMINE TABLETS (imipramine hydrochloride 25 mg oral tablet) APOTEX INC,APO-IMIPRAMINE TABLETS (chlorhydrate d'imipramine 25 mg comprimé oral) APOTEX INC,"Health_Canada_product_name: ""IMIPRAMINE"" -> ""APO-IMIPRAMINE TABLETS""
mp_formal_name: ""IMIPRAMINE (imipramine hydrochloride 25 mg oral tablet) AA̲ ̲P̲H̲A̲R̲M̲A̲ INC"" -> ""A̲P̲O̲-̲IMIPRAMINE ̲T̲A̲B̲L̲E̲T̲S̲ (imipramine hydrochloride 25 mg oral tablet) AP̲O̲T̲E̲X̲ INC""
mp_fr_description: ""IMIPRAMINE (chlorhydrate d'imipramine 25 mg comprimé oral) AA̲ ̲P̲H̲A̲R̲M̲A̲ INC"" -> ""A̲P̲O̲-̲IMIPRAMINE ̲T̲A̲B̲L̲E̲T̲S̲ (chlorhydrate d'imipramine 25 mg comprimé oral) AP̲O̲T̲E̲X̲ INC"""
2212,00326852,APO-IMIPRAMINE TABLETS (imipramine hydrochloride 50 mg oral tablet) APOTEX INC,APO-IMIPRAMINE TABLETS (chlorhydrate d'imipramine 50 mg comprimé oral) APOTEX INC,"Health_Canada_product_name: ""IMIPRAMINE"" -> ""APO-IMIPRAMINE TABLETS""
mp_formal_name: ""IMIPRAMINE (imipramine hydrochloride 50 mg oral tablet) AA̲ ̲P̲H̲A̲R̲M̲A̲ INC"" -> ""A̲P̲O̲-̲IMIPRAMINE ̲T̲A̲B̲L̲E̲T̲S̲ (imipramine hydrochloride 50 mg oral tablet) AP̲O̲T̲E̲X̲ INC""
mp_fr_description: ""IMIPRAMINE (chlorhydrate d'imipramine 50 mg comprimé oral) AA̲ ̲P̲H̲A̲R̲M̲A̲ INC"" -> ""A̲P̲O̲-̲IMIPRAMINE ̲T̲A̲B̲L̲E̲T̲S̲ (chlorhydrate d'imipramine 50 mg comprimé oral) AP̲O̲T̲E̲X̲ INC"""
2444,00360201,APO-IMIPRAMINE TABLETS (imipramine hydrochloride 10 mg oral tablet) APOTEX INC,APO-IMIPRAMINE TABLETS (chlorhydrate d'imipramine 10 mg comprimé oral) APOTEX INC,"Health_Canada_product_name: ""IMIPRAMINE"" -> ""APO-IMIPRAMINE TABLETS""
mp_formal_name: ""IMIPRAMINE (imipramine hydrochloride 10 mg oral tablet) AA̲ ̲P̲H̲A̲R̲M̲A̲ INC"" -> ""A̲P̲O̲-̲IMIPRAMINE ̲T̲A̲B̲L̲E̲T̲S̲ (imipramine hydrochloride 10 mg oral tablet) AP̲O̲T̲E̲X̲ INC""
mp_fr_description: ""IMIPRAMINE (chlorhydrate d'imipramine 10 mg comprimé oral) AA̲ ̲P̲H̲A̲R̲M̲A̲ INC"" -> ""A̲P̲O̲-̲IMIPRAMINE ̲T̲A̲B̲L̲E̲T̲S̲ (chlorhydrate d'imipramine 10 mg comprimé oral) AP̲O̲T̲E̲X̲ INC"""
2658,00399302,APO CHLORPROPAMIDE TAB 100MG (chlorpropamide 100 mg oral tablet) APOTEX INC,APO CHLORPROPAMIDE TAB 100MG (chlorpropamide 100 mg comprimé oral) APOTEX INC,"mp_status_effective_time: ""20190802"" -> ""20250417"""
4388,00476714,PYRIDIUM (phenazopyridine hydrochloride 100 mg oral tablet) SEARCHLIGHT PHARMA INC,PYRIDIUM (chlorhydrate de phénazopyridine 100 mg comprimé oral) SEARCHLIGHT PHARMA INC,"mp_status: ""INACTIVE"" -> ""ACTIVE""
mp_status_effective_time: ""20221024"" -> ""19811231"""
5175,00590762,NAPROXEN - 250 (naproxen 250 mg oral tablet) PRO DOC LIMITEE,NAPROXEN - 250 (naproxène 250 mg comprimé oral) PRO DOC LIMITEE,"mp_status: ""ACTIVE"" -> ""INACTIVE""
mp_status_effective_time: ""19831231"" -> ""20240617"""
6266,00618721,NAPROXEN - 500 (naproxen 500 mg oral tablet) PRO DOC LIMITEE,NAPROXEN - 500 (naproxène 500 mg comprimé oral) PRO DOC LIMITEE,"mp_status: ""ACTIVE"" -> ""INACTIVE""
mp_status_effective_time: ""19841231"" -> ""20240617"""
6323,00629359,TEVA-PROFEN (ibuprofen 600 mg oral tablet) TEVA CANADA LIMITED,TEVA-PROFEN (ibuprofène 600 mg comprimé oral) TEVA CANADA LIMITED,"mp_status: ""ACTIVE"" -> ""INACTIVE""
mp_status_effective_time: ""19851231"" -> ""20250723"""
6512,00648019,PRO-METOPROLOL-L (metoprolol tartrate 50 mg oral tablet) PRO DOC LIMITEE,PRO-METOPROLOL-L (tartrate de métoprolol 50 mg comprimé oral) PRO DOC LIMITEE,"Health_Canada_product_name: ""PRO-METOPROLOL"" -> ""PRO-METOPROLOL-L""
mp_formal_name: ""PRO-METOPROLOL (metoprolol tartrate 50 mg oral tablet) PRO DOC LIMITEE"" -> ""PRO-METOPROLOL̲-̲L (metoprolol tartrate 50 mg oral tablet) PRO DOC LIMITEE""
mp_fr_description: ""PRO-METOPROLOL (tartrate de métoprolol 50 mg comprimé oral) PRO DOC LIMITEE"" -> ""PRO-METOPROLOL̲-̲L (tartrate de métoprolol 50 mg comprimé oral) PRO DOC LIMITEE"""
6620,00653217,TEVA-ECTOSONE SCALP LOTION (betamethasone (betamethasone valerate) 0.1 % lotion) TEVA CANADA LIMITED,"TEVA-ECTOSONE SCALP LOTION (bétaméthasone (valérate de bétaméthasone) 0,1 % lotion) TEVA CANADA LIMITED","mp_status: ""ACTIVE"" -> ""INACTIVE""
mp_status_effective_time: ""19861231"" -> ""20250730"""
7199,00642975,COLESTID GRANULES (colestipol hydrochloride 5 g per sachet granules for oral suspension) PFIZER CANADA ULC,COLESTID GRANULES (chlorhydrate de colestipol 5 g par sachet granulés pour suspension orale) PFIZER CANADA ULC,"mp_status_effective_time: ""20220318"" -> ""20250627"""
9888,00808539,TEVA-DICLOFENAC EC (diclofenac sodium 25 mg gastro-resistant tablet) TEVA CANADA LIMITED,TEVA-DICLOFENAC EC (diclofénac sodique 25 mg comprimé gastrorésistant) TEVA CANADA LIMITED,"mp_status: ""ACTIVE"" -> ""INACTIVE""
mp_status_effective_time: ""19891231"" -> ""20250730"""
10008,00644579,APO-IMIPRAMINE TABLETS (imipramine hydrochloride 75 mg oral tablet) APOTEX INC,APO-IMIPRAMINE TABLETS (chlorhydrate d'imipramine 75 mg comprimé oral) APOTEX INC,"Health_Canada_product_name: ""IMIPRAMINE"" -> ""APO-IMIPRAMINE TABLETS""
mp_formal_name: ""IMIPRAMINE (imipramine hydrochloride 75 mg oral tablet) AA̲ ̲P̲H̲A̲R̲M̲A̲ INC"" -> ""A̲P̲O̲-̲IMIPRAMINE ̲T̲A̲B̲L̲E̲T̲S̲ (imipramine hydrochloride 75 mg oral tablet) AP̲O̲T̲E̲X̲ INC""
mp_fr_description: ""IMIPRAMINE (chlorhydrate d'imipramine 75 mg comprimé oral) AA̲ ̲P̲H̲A̲R̲M̲A̲ INC"" -> ""A̲P̲O̲-̲IMIPRAMINE ̲T̲A̲B̲L̲E̲T̲S̲ (chlorhydrate d'imipramine 75 mg comprimé oral) AP̲O̲T̲E̲X̲ INC"""
10909,00868949,APO-CLONIDINE TAB 0.1MG (clonidine hydrochloride 0.1 mg oral tablet) APOTEX INC,"APO-CLONIDINE TAB 0.1MG (chlorhydrate de clonidine 0,1 mg comprimé oral) APOTEX INC","mp_status_effective_time: ""20170804"" -> ""20250417"""
10910,00868957,APO-CLONIDINE TAB 0.2MG (clonidine hydrochloride 0.2 mg oral tablet) APOTEX INC,"APO-CLONIDINE TAB 0.2MG (chlorhydrate de clonidine 0,2 mg comprimé oral) APOTEX INC","mp_status_effective_time: ""20170804"" -> ""20250417"""
10952,00891800,DIFLUCAN (fluconazole 50 mg oral tablet) PFIZER CANADA ULC,DIFLUCAN (fluconazole 50 mg comprimé oral) PFIZER CANADA ULC,"mp_status_effective_time: ""20170802"" -> ""20250702"""
10953,00891819,DIFLUCAN (fluconazole 100 mg oral tablet) PFIZER CANADA ULC,DIFLUCAN (fluconazole 100 mg comprimé oral) PFIZER CANADA ULC,"mp_status_effective_time: ""20170802"" -> ""20250702"""
11339,00834319,ACETAZONE FORTE C8 (acetaminophen 300 mg and chlorzoxazone 250 mg and codeine phosphate 8 mg oral tablet) TEVA CANADA LIMITED,ACETAZONE FORTE C8 (acétaminophène 300 mg et chlorzoxazone 250 mg et phosphate de codéine 8 mg comprimé oral) TEVA CANADA LIMITED,"mp_status: ""ACTIVE"" -> ""INACTIVE""
mp_status_effective_time: ""19911231"" -> ""20211130"""
11869,01916394,PMS HYDROMORPHONE SUPPOSITOIRE 3MG (hydromorphone hydrochloride 3 mg suppository) PHARMASCIENCE INC,PMS HYDROMORPHONE SUPPOSITOIRE 3MG (chlorhydrate d'hydromorphone 3 mg suppositoire) PHARMASCIENCE INC,"mp_status_effective_time: ""20180630"" -> ""20250704"""
12218,00401633,FUROSEMIDE SPECIAL (furosemide 250 mg per 25 mL solution for injection vial) SANDOZ CANADA INCORPORATED,FUROSEMIDE SPECIAL (furosémide 250 mg par 25 mL solution injectable fiole) SANDOZ CANADA INCORPORATED,"mp_status_effective_time: ""20230227"" -> ""20250731"""
12650,01923846,VASOTEC IV (enalaprilat 2.5 mg per 2 mL solution for injection vial) SANDOZ CANADA INCORPORATED,"VASOTEC IV (énalaprilate 2,5 mg par 2 mL solution injectable fiole) SANDOZ CANADA INCORPORATED","mp_status_effective_time: ""20230726"" -> ""20250731"""
16175,02068087,TEVA-SELEGILINE (selegiline hydrochloride 5 mg oral tablet) TEVA CANADA LIMITED,TEVA-SELEGILINE (chlorhydrate de sélégiline 5 mg comprimé oral) TEVA CANADA LIMITED,"mp_status_effective_time: ""20200605"" -> ""20250730"""
16274,02046210,LUTREPULSE PWS 0.8MG/VIAL (gonadorelin acetate 0.8 mg per vial powder for solution for injection with diluent solution) FERRING INC,"LUTREPULSE PWS 0.8MG/VIAL (acétate de gonadoréline 0,8 mg par fiole poudre pour solution injectable avec solution diluante) FERRING INC","mp_status: ""ACTIVE"" -> ""INACTIVE""
mp_status_effective_time: ""19941231"" -> ""20241224"""
16901,02130297,HALOPERIDOL LA (haloperidol (haloperidol decanoate) 250 mg per 5 mL solution for injection vial) SANDOZ CANADA INCORPORATED,HALOPERIDOL LA (halopéridol (décanoate d'halopéridol) 250 mg par 5 mL solution injectable fiole) SANDOZ CANADA INCORPORATED,"mp_status_effective_time: ""20170803"" -> ""20250731"""
18314,02130181,PROLEUKIN (aldesleukin 22000000 unit per vial powder for solution for injection) IOVANCE BIOTHERAPEUTICS MANUFACTURING LLC,PROLEUKIN (aldesleukine 22000000 unité par fiole poudre pour solution injectable) IOVANCE BIOTHERAPEUTICS MANUFACTURING LLC,"mp_formal_name: ""PROLEUKIN (aldesleukin 22000000 unit per vial powder for solution for injection) S̲T̲E̲R̲I̲M̲A̲X̲ ̲I̲N̲C"" -> ""PROLEUKIN (aldesleukin 22000000 unit per vial powder for solution for injection) I̲O̲V̲A̲N̲C̲E̲ ̲B̲I̲O̲T̲H̲E̲R̲A̲P̲E̲U̲T̲I̲C̲S̲ ̲M̲A̲N̲U̲F̲A̲C̲T̲U̲R̲I̲N̲G̲ ̲L̲L̲C""
mp_fr_description: ""PROLEUKIN (aldesleukine 22000000 unité par fiole poudre pour solution injectable) S̲T̲E̲R̲I̲M̲A̲X̲ ̲I̲N̲C"" -> ""PROLEUKIN (aldesleukine 22000000 unité par fiole poudre pour solution injectable) I̲O̲V̲A̲N̲C̲E̲ ̲B̲I̲O̲T̲H̲E̲R̲A̲P̲E̲U̲T̲I̲C̲S̲ ̲M̲A̲N̲U̲F̲A̲C̲T̲U̲R̲I̲N̲G̲ ̲L̲L̲C"""
18752,02138298,DOM-BACLOFEN-TAB 20MG (baclofen 20 mg oral tablet) DOMINION PHARMACAL,DOM-BACLOFEN-TAB 20MG (baclofène 20 mg comprimé oral) DOMINION PHARMACAL,"mp_status_effective_time: ""20170803"" -> ""20250530"""
18753,02138271,DOM-BACLOFEN-TAB 10MG (baclofen 10 mg oral tablet) DOMINION PHARMACAL,DOM-BACLOFEN-TAB 10MG (baclofène 10 mg comprimé oral) DOMINION PHARMACAL,"mp_status_effective_time: ""20170803"" -> ""20250530"""
27547,02061287,CHILDREN'S BENADRYL ALLERGY CHEWABLES (diphenhydramine hydrochloride 12.5 mg chewable tablet) MCNEIL CONSUMER HEALTHCARE DIVISION OF JOHNSON & JOHNSON INC,"CHILDREN'S BENADRYL ALLERGY CHEWABLES (chlorhydrate de diphenhydramine 12,5 mg comprimé à croquer) MCNEIL CONSUMER HEALTHCARE DIVISION OF JOHNSON & JOHNSON INC","mp_status: ""ACTIVE"" -> ""INACTIVE""
mp_status_effective_time: ""19980306"" -> ""20250729"""
43063,02212021,ZITHROMAX (azithromycin 250 mg oral tablet) PFIZER CANADA ULC,ZITHROMAX (azithromycine 250 mg comprimé oral) PFIZER CANADA ULC,"mp_status: ""ACTIVE"" -> ""INACTIVE""
mp_status_effective_time: ""19990323"" -> ""20250627"""
43386,02223716,ZITHROMAX - PWS ORL 100MG/5ML (azithromycin 100 mg per 5 mL oral suspension) PFIZER CANADA ULC,ZITHROMAX - PWS ORL 100MG/5ML (azithromycine 100 mg par 5 mL suspension orale) PFIZER CANADA ULC,"mp_status_effective_time: ""20240501"" -> ""20250627"""
43387,02223724,ZITHROMAX (azithromycin 200 mg per 5 mL oral suspension) PFIZER CANADA ULC,ZITHROMAX (azithromycine 200 mg par 5 mL suspension orale) PFIZER CANADA ULC,"mp_status: ""ACTIVE"" -> ""INACTIVE""
mp_status_effective_time: ""19960926"" -> ""20250627"""
47357,02229467,DOM-ATENOLOL - 50MG (atenolol 50 mg oral tablet) DOMINION PHARMACAL,DOM-ATENOLOL - 50MG (aténolol 50 mg comprimé oral) DOMINION PHARMACAL,"mp_status_effective_time: ""20210319"" -> ""20250530"""
47358,02229468,DOM-ATENOLOL - 100MG (atenolol 100 mg oral tablet) DOMINION PHARMACAL,DOM-ATENOLOL - 100MG (aténolol 100 mg comprimé oral) DOMINION PHARMACAL,"mp_status_effective_time: ""20210319"" -> ""20250530"""
49241,02230402,CLOPIXOL (zuclopenthixol (zuclopenthixol hydrochloride) 10 mg oral tablet) LUNDBECK CANADA INC,CLOPIXOL (zuclopenthixol (chlorhydrate de zuclopenthixol) 10 mg comprimé oral) LUNDBECK CANADA INC,"Health_Canada_product_name: ""CLOPIXOL TABLETS 10MG"" -> ""CLOPIXOL""
mp_formal_name: ""CLOPIXOL ̲T̲A̲B̲L̲E̲T̲S̲ ̲1̲0̲M̲G̲ (zuclopenthixol (zuclopenthixol hydrochloride) 10 mg oral tablet) LUNDBECK CANADA INC"" -> ""CLOPIXOL (zuclopenthixol (zuclopenthixol hydrochloride) 10 mg oral tablet) LUNDBECK CANADA INC""
mp_fr_description: ""CLOPIXOL ̲T̲A̲B̲L̲E̲T̲S̲ ̲1̲0̲M̲G̲ (zuclopenthixol (chlorhydrate de zuclopenthixol) 10 mg comprimé oral) LUNDBECK CANADA INC"" -> ""CLOPIXOL (zuclopenthixol (chlorhydrate de zuclopenthixol) 10 mg comprimé oral) LUNDBECK CANADA INC"""
49242,02230403,CLOPIXOL (zuclopenthixol (zuclopenthixol hydrochloride) 25 mg oral tablet) LUNDBECK CANADA INC,CLOPIXOL (zuclopenthixol (chlorhydrate de zuclopenthixol) 25 mg comprimé oral) LUNDBECK CANADA INC,"Health_Canada_product_name: ""CLOPIXOL TABLETS 25MG"" -> ""CLOPIXOL""
mp_formal_name: ""CLOPIXOL ̲T̲A̲B̲L̲E̲T̲S̲ ̲2̲5̲M̲G̲ (zuclopenthixol (zuclopenthixol hydrochloride) 25 mg oral tablet) LUNDBECK CANADA INC"" -> ""CLOPIXOL (zuclopenthixol (zuclopenthixol hydrochloride) 25 mg oral tablet) LUNDBECK CANADA INC""
mp_fr_description: ""CLOPIXOL ̲T̲A̲B̲L̲E̲T̲S̲ ̲2̲5̲M̲G̲ (zuclopenthixol (chlorhydrate de zuclopenthixol) 25 mg comprimé oral) LUNDBECK CANADA INC"" -> ""CLOPIXOL (zuclopenthixol (chlorhydrate de zuclopenthixol) 25 mg comprimé oral) LUNDBECK CANADA INC"""
51346,02231893,METHYLPREDNISOLONE SODIUM SUCCINATE FOR INJECTION (methylprednisolone (methylprednisolone sodium succinate) 40 mg per vial powder for solution for injection) TEVA CANADA LIMITED,METHYLPREDNISOLONE SODIUM SUCCINATE FOR INJECTION (méthylprednisolone (succinate sodique de méthylprednisolone) 40 mg par fiole poudre pour solution injectable) TEVA CANADA LIMITED,"mp_status_effective_time: ""20211117"" -> ""20250730"""
52048,02232570,"AIROMIR (salbutamol (salbutamol sulfate) 100 mcg per actuation pressurized inhalation) BAUSCH HEALTH, CANADA INC.","AIROMIR (salbutamol (sulfate de salbutamol) 100 mcg par actionnement inhalation en flacon pressurisé) BAUSCH HEALTH, CANADA INC.","mp_status: ""ACTIVE"" -> ""INACTIVE""
mp_status_effective_time: ""19980813"" -> ""20250730"""
60273,02236978,TEVA-FLUCONAZOLE (fluconazole 50 mg oral tablet) TEVA CANADA LIMITED,TEVA-FLUCONAZOLE (fluconazole 50 mg comprimé oral) TEVA CANADA LIMITED,"mp_status: ""ACTIVE"" -> ""INACTIVE""
mp_status_effective_time: ""20020715"" -> ""20250730"""
60274,02236979,TEVA-FLUCONAZOLE (fluconazole 100 mg oral tablet) TEVA CANADA LIMITED,TEVA-FLUCONAZOLE (fluconazole 100 mg comprimé oral) TEVA CANADA LIMITED,"mp_status: ""ACTIVE"" -> ""INACTIVE""
mp_status_effective_time: ""20020715"" -> ""20250730"""
60784,02237450,SANDOZ D-FORTE (ergocalciferol 50000 unit oral capsule) SANDOZ CANADA INCORPORATED,SANDOZ D-FORTE (ergocalciférol 50000 unité capsule orale) SANDOZ CANADA INCORPORATED,"mp_status: ""ACTIVE"" -> ""INACTIVE""
mp_status_effective_time: ""19991230"" -> ""20250728"""
61615,02238222,DOM-CARBAMAZEPINE CR (carbamazepine 200 mg prolonged-release oral tablet) DOMINION PHARMACAL,DOM-CARBAMAZEPINE CR (carbamazépine 200 mg comprimé oral à libération prolongée) DOMINION PHARMACAL,"mp_status_effective_time: ""20170803"" -> ""20250530"""
61616,02238223,DOM-CARBAMAZEPINE CR (carbamazepine 400 mg prolonged-release oral tablet) DOMINION PHARMACAL,DOM-CARBAMAZEPINE CR (carbamazépine 400 mg comprimé oral à libération prolongée) DOMINION PHARMACAL,"mp_status_effective_time: ""20170803"" -> ""20250530"""
61717,02238315,DOM-DOMPERIDONE (domperidone (domperidone maleate) 10 mg oral tablet) DOMINION PHARMACAL,DOM-DOMPERIDONE (dompéridone (maléate de dompéridone) 10 mg comprimé oral) DOMINION PHARMACAL,"mp_status_effective_time: ""20170803"" -> ""20250530"""
62061,02238633,DOM-CYCLOBENZAPRINE (cyclobenzaprine hydrochloride 10 mg oral tablet) DOMINION PHARMACAL,DOM-CYCLOBENZAPRINE (chlorhydrate de cyclobenzaprine 10 mg comprimé oral) DOMINION PHARMACAL,"mp_status_effective_time: ""20210319"" -> ""20250530"""
63455,02239952,ZITHROMAX FOR INTRAVENOUS INJECTION (azithromycin 500 mg per vial powder for solution for injection) PFIZER CANADA ULC,ZITHROMAX FOR INTRAVENOUS INJECTION (azithromycine 500 mg par fiole poudre pour solution injectable) PFIZER CANADA ULC,"mp_status: ""ACTIVE"" -> ""INACTIVE""
mp_status_effective_time: ""19990827"" -> ""20250627"""
65751,02242077,RIVA-CLONAZEPAM (clonazepam 0.5 mg oral tablet) LABORATOIRE RIVA INC.,"RIVA-CLONAZEPAM (clonazépam 0,5 mg comprimé oral) LABORATOIRE RIVA INC.","mp_status: ""ACTIVE"" -> ""INACTIVE""
mp_status_effective_time: ""20000523"" -> ""20250722"""
65752,02242078,RIVA-CLONAZEPAM (clonazepam 2 mg oral tablet) LABORATOIRE RIVA INC.,RIVA-CLONAZEPAM (clonazépam 2 mg comprimé oral) LABORATOIRE RIVA INC.,"mp_status: ""ACTIVE"" -> ""INACTIVE""
mp_status_effective_time: ""20000523"" -> ""20250722"""
66725,02242893,"DIUREX WATER CAPLETS (pamabrom 50 mg oral tablet) ALVA-AMCO PHARMACAL COMPANIES, LLC","DIUREX WATER CAPLETS (pamabrom 50 mg comprimé oral) ALVA-AMCO PHARMACAL COMPANIES, LLC","mp_status_effective_time: ""20010312"" -> ""20250930"""
67776,02243835,ARGATROBAN (argatroban 250 mg per 2.5 mL solution for injection vial) SANDOZ CANADA INCORPORATED,"ARGATROBAN (argatroban 250 mg par 2,5 mL solution injectable fiole) SANDOZ CANADA INCORPORATED","mp_status_effective_time: ""20240731"" -> ""20250731"""
68787,02244797,HYDROMORPHONE HP FORTE INJECTION (hydromorphone hydrochloride 1000 mg per 10 mL solution for injection vial) SANDOZ CANADA INCORPORATED,HYDROMORPHONE HP FORTE INJECTION (chlorhydrate d'hydromorphone 1000 mg par 10 mL solution injectable fiole) SANDOZ CANADA INCORPORATED,"mp_status_effective_time: ""20240731"" -> ""20250731"""
69247,02245232,APO-CLINDAMYCIN (clindamycin (clindamycin hydrochloride) 150 mg oral capsule) APOTEX INC,APO-CLINDAMYCIN (clindamycine (chlorhydrate de clindamycine) 150 mg capsule orale) APOTEX INC,"mp_status_effective_time: ""20200516"" -> ""20250417"""
69248,02245233,APO-CLINDAMYCIN (clindamycin (clindamycin hydrochloride) 300 mg oral capsule) APOTEX INC,APO-CLINDAMYCIN (clindamycine (chlorhydrate de clindamycine) 300 mg capsule orale) APOTEX INC,"mp_status_effective_time: ""20200705"" -> ""20250417"""
70245,02246108,DOM-FLUCONAZOLE (fluconazole 50 mg oral tablet) DOMINION PHARMACAL,DOM-FLUCONAZOLE (fluconazole 50 mg comprimé oral) DOMINION PHARMACAL,"mp_status_effective_time: ""20170803"" -> ""20250530"""
70246,02246109,DOM-FLUCONAZOLE (fluconazole 100 mg oral tablet) DOMINION PHARMACAL,DOM-FLUCONAZOLE (fluconazole 100 mg comprimé oral) DOMINION PHARMACAL,"mp_status_effective_time: ""20170803"" -> ""20250530"""
72568,02248232,TEVA-LAMOTRIGINE (lamotrigine 25 mg oral tablet) TEVA CANADA LIMITED,TEVA-LAMOTRIGINE (lamotrigine 25 mg comprimé oral) TEVA CANADA LIMITED,"mp_status: ""ACTIVE"" -> ""INACTIVE""
mp_status_effective_time: ""20040116"" -> ""20250730"""
72569,02248233,TEVA-LAMOTRIGINE (lamotrigine 100 mg oral tablet) TEVA CANADA LIMITED,TEVA-LAMOTRIGINE (lamotrigine 100 mg comprimé oral) TEVA CANADA LIMITED,"mp_status: ""ACTIVE"" -> ""INACTIVE""
mp_status_effective_time: ""20040116"" -> ""20250730"""
72570,02248234,TEVA-LAMOTRIGINE (lamotrigine 150 mg oral tablet) TEVA CANADA LIMITED,TEVA-LAMOTRIGINE (lamotrigine 150 mg comprimé oral) TEVA CANADA LIMITED,"mp_status: ""ACTIVE"" -> ""INACTIVE""
mp_status_effective_time: ""20040116"" -> ""20250730"""
72927,02248572,ACT LOVASTATIN (lovastatin 20 mg oral tablet) TEVA CANADA LIMITED,ACT LOVASTATIN (lovastatine 20 mg comprimé oral) TEVA CANADA LIMITED,"mp_status_effective_time: ""20200604"" -> ""20250730"""
72928,02248573,ACT LOVASTATIN (lovastatin 40 mg oral tablet) TEVA CANADA LIMITED,ACT LOVASTATIN (lovastatine 40 mg comprimé oral) TEVA CANADA LIMITED,"mp_status_effective_time: ""20200604"" -> ""20250730"""
72943,02248588,INFACOL (simethicone 40 mg per mL oral drops) PHOENIX LABS UNLIMITED COMPANY,INFACOL (siméticone 40 mg par mL gouttes orales) PHOENIX LABS UNLIMITED COMPANY,"mp_formal_name: ""INFACOL (simethicone 40 mg per mL oral drops) L̲E̲D̲A̲ ̲H̲E̲A̲L̲T̲H̲ ̲I̲N̲N̲O̲V̲A̲T̲I̲O̲N̲S̲ ̲I̲N̲C̲.̲"" -> ""INFACOL (simethicone 40 mg per mL oral drops) P̲H̲O̲E̲N̲I̲X̲ ̲L̲A̲B̲S̲ ̲U̲N̲L̲I̲M̲I̲T̲E̲D̲ ̲C̲O̲M̲P̲A̲N̲Y̲""
mp_fr_description: ""INFACOL (siméticone 40 mg par mL gouttes orales) L̲E̲D̲A̲ ̲H̲E̲A̲L̲T̲H̲ ̲I̲N̲N̲O̲V̲A̲T̲I̲O̲N̲S̲ ̲I̲N̲C̲.̲"" -> ""INFACOL (siméticone 40 mg par mL gouttes orales) P̲H̲O̲E̲N̲I̲X̲ ̲L̲A̲B̲S̲ ̲U̲N̲L̲I̲M̲I̲T̲E̲D̲ ̲C̲O̲M̲P̲A̲N̲Y̲"""
73100,02248732,APO-CLONIDINE (clonidine hydrochloride 0.025 mg oral tablet) APOTEX INC,"APO-CLONIDINE (chlorhydrate de clonidine 0,025 mg comprimé oral) APOTEX INC","mp_status_effective_time: ""20170804"" -> ""20250417"""
73935,02254468,TYLENOL ULTRA RELIEF (acetaminophen 500 mg and caffeine 65 mg oral tablet) KENVUE CANADA INC.,TYLENOL ULTRA RELIEF (acétaminophène 500 mg et caféine 65 mg comprimé oral) KENVUE CANADA INC.,"mp_formal_name: ""TYLENOL ULTRA RELIEF (acetaminophen 500 mg and caffeine 65 mg oral tablet) M̲C̲N̲E̲I̲L̲ ̲C̲O̲N̲S̲U̲M̲E̲R̲ ̲H̲E̲A̲L̲T̲H̲C̲A̲R̲E̲ ̲D̲I̲V̲I̲S̲I̲O̲N̲ ̲O̲F̲ ̲J̲O̲H̲N̲S̲O̲N̲ ̲&̲ ̲J̲O̲H̲N̲S̲O̲N̲ ̲I̲N̲C̲"" -> ""TYLENOL ULTRA RELIEF (acetaminophen 500 mg and caffeine 65 mg oral tablet) K̲E̲N̲V̲U̲E̲ ̲C̲A̲N̲A̲D̲A̲ ̲I̲N̲C̲.̲""
mp_fr_description: ""TYLENOL ULTRA RELIEF (acétaminophène 500 mg et caféine 65 mg comprimé oral) M̲C̲N̲E̲I̲L̲ ̲C̲O̲N̲S̲U̲M̲E̲R̲ ̲H̲E̲A̲L̲T̲H̲C̲A̲R̲E̲ ̲D̲I̲V̲I̲S̲I̲O̲N̲ ̲O̲F̲ ̲J̲O̲H̲N̲S̲O̲N̲ ̲&̲ ̲J̲O̲H̲N̲S̲O̲N̲ ̲I̲N̲C̲"" -> ""TYLENOL ULTRA RELIEF (acétaminophène 500 mg et caféine 65 mg comprimé oral) K̲E̲N̲V̲U̲E̲ ̲C̲A̲N̲A̲D̲A̲ ̲I̲N̲C̲.̲"""
74661,02261219,HUMATE-P (coagulation factor VIII human 250 unit per vial and von Willebrand factor human 600 unit per vial powder for solution for injection with diluent solution) CSL BEHRING CANADA INC,HUMATE-P (facteur VIII de coagulation humain 250 unité par fiole et facteur de von Willebrand humain 600 unité par fiole poudre pour solution injectable avec solution diluante) CSL BEHRING CANADA INC,"mp_formal_name: ""HUMATE-P (coagulation factor VIII human 20̲0̲-̲3̲0̲0 unit per vial and von Willebrand factor human 3̲60-̲8̲4̲0 unit per vial powder for solution for injection with diluent solution) CSL BEHRING CANADA INC"" -> ""HUMATE-P (coagulation factor VIII human 25̲0 unit per vial and von Willebrand factor human 600 unit per vial powder for solution for injection with diluent solution) CSL BEHRING CANADA INC""
mp_fr_description: ""HUMATE-P (facteur VIII de coagulation humain 20̲0̲-̲3̲0̲0 unité par fiole et facteur de von Willebrand humain 3̲60-̲8̲4̲0 unité par fiole poudre pour solution injectable avec solution diluante) CSL BEHRING CANADA INC"" -> ""HUMATE-P (facteur VIII de coagulation humain 25̲0 unité par fiole et facteur de von Willebrand humain 600 unité par fiole poudre pour solution injectable avec solution diluante) CSL BEHRING CANADA INC"""
74662,02261227,HUMATE-P (coagulation factor VIII human 500 unit per vial and von Willebrand factor human 1200 unit per vial powder for solution for injection with diluent solution) CSL BEHRING CANADA INC,HUMATE-P (facteur VIII de coagulation humain 500 unité par fiole et facteur de von Willebrand humain 1200 unité par fiole poudre pour solution injectable avec solution diluante) CSL BEHRING CANADA INC,"mp_formal_name: ""HUMATE-P (coagulation factor VIII human 4̲0̲0̲-̲6̲00 unit per vial and von Willebrand factor human 7̲2̲0̲-̲1̲6̲8̲0 unit per vial powder for solution for injection with diluent solution) CSL BEHRING CANADA INC"" -> ""HUMATE-P (coagulation factor VIII human 5̲00 unit per vial and von Willebrand factor human 1̲2̲0̲0 unit per vial powder for solution for injection with diluent solution) CSL BEHRING CANADA INC""
mp_fr_description: ""HUMATE-P (facteur VIII de coagulation humain 4̲0̲0̲-̲6̲00 unité par fiole et facteur de von Willebrand humain 7̲2̲0̲-̲1̲6̲8̲0 unité par fiole poudre pour solution injectable avec solution diluante) CSL BEHRING CANADA INC"" -> ""HUMATE-P (facteur VIII de coagulation humain 5̲00 unité par fiole et facteur de von Willebrand humain 1̲2̲0̲0 unité par fiole poudre pour solution injectable avec solution diluante) CSL BEHRING CANADA INC"""
74663,02261235,HUMATE-P (coagulation factor VIII human 1000 unit per vial and von Willebrand factor human 2400 unit per vial powder for solution for injection with diluent solution) CSL BEHRING CANADA INC,HUMATE-P (facteur VIII de coagulation humain 1000 unité par fiole et facteur de von Willebrand humain 2400 unité par fiole poudre pour solution injectable avec solution diluante) CSL BEHRING CANADA INC,"mp_formal_name: ""HUMATE-P (coagulation factor VIII human 8̲10-̲1̲2̲00 unit per vial and von Willebrand factor human 1̲4̲4̲0̲-̲3̲3̲6̲0 unit per vial powder for solution for injection with diluent solution) CSL BEHRING CANADA INC"" -> ""HUMATE-P (coagulation factor VIII human 1000 unit per vial and von Willebrand factor human 2̲4̲0̲0 unit per vial powder for solution for injection with diluent solution) CSL BEHRING CANADA INC""
mp_fr_description: ""HUMATE-P (facteur VIII de coagulation humain 8̲10-̲1̲2̲00 unité par fiole et facteur de von Willebrand humain 1̲4̲4̲0̲-̲3̲3̲6̲0 unité par fiole poudre pour solution injectable avec solution diluante) CSL BEHRING CANADA INC"" -> ""HUMATE-P (facteur VIII de coagulation humain 1000 unité par fiole et facteur de von Willebrand humain 2̲4̲0̲0 unité par fiole poudre pour solution injectable avec solution diluante) CSL BEHRING CANADA INC"""
74729,02261944,SANDOZ-DICLOFENAC SR (diclofenac sodium 100 mg prolonged-release oral tablet) SANDOZ CANADA INCORPORATED,SANDOZ-DICLOFENAC SR (diclofénac sodique 100 mg comprimé oral à libération prolongée) SANDOZ CANADA INCORPORATED,"mp_status: ""ACTIVE"" -> ""INACTIVE""
mp_status_effective_time: ""20060202"" -> ""20250731"""
75412,02268701,CHILDREN'S ADVIL COLD & FLU MULTI-SYMPTOM (chlorpheniramine maleate 1 mg per 5 mL and ibuprofen 100 mg per 5 mL and pseudoephedrine hydrochloride 15 mg per 5 mL oral suspension) HALEON CANADA ULC,CHILDREN'S ADVIL COLD & FLU MULTI-SYMPTOM (maléate de chlorphéniramine 1 mg par 5 mL et ibuprofène 100 mg par 5 mL et chlorhydrate de pseudoéphédrine 15 mg par 5 mL suspension orale) HALEON CANADA ULC,"mp_status: ""ACTIVE"" -> ""INACTIVE""
mp_status_effective_time: ""20100126"" -> ""20250715"""
75444,02269031,RAN-METFORMIN (metformin hydrochloride 500 mg oral tablet) RANBAXY PHARMACEUTICALS CANADA INC.,RAN-METFORMIN (chlorhydrate de metformine 500 mg comprimé oral) RANBAXY PHARMACEUTICALS CANADA INC.,"mp_status_effective_time: ""20210726"" -> ""20250710"""
75445,02269058,RAN-METFORMIN (metformin hydrochloride 850 mg oral tablet) RANBAXY PHARMACEUTICALS CANADA INC.,RAN-METFORMIN (chlorhydrate de metformine 850 mg comprimé oral) RANBAXY PHARMACEUTICALS CANADA INC.,"mp_status_effective_time: ""20210726"" -> ""20250710"""
75453,02269139,JAMP-ASA CHEW (acetylsalicylic acid 80 mg chewable tablet) JAMP PHARMA CORPORATION,JAMP-ASA CHEW (acide acétylsalicylique 80 mg comprimé à croquer) JAMP PHARMA CORPORATION,"mp_status: ""ACTIVE"" -> ""INACTIVE""
mp_status_effective_time: ""20061026"" -> ""20250731"""
75715,02271605,"TEVA-DILTIAZEM HCL ER (diltiazem hydrochloride 120 mg prolonged-release oral capsule) BAUSCH HEALTH, CANADA INC.","TEVA-DILTIAZEM HCL ER (chlorhydrate de diltiazem 120 mg capsule orale à libération prolongée) BAUSCH HEALTH, CANADA INC.","mp_status: ""ACTIVE"" -> ""INACTIVE""
mp_status_effective_time: ""20060130"" -> ""20250730"""
75716,02271613,"TEVA-DILTIAZEM HCL ER (diltiazem hydrochloride 180 mg prolonged-release oral capsule) BAUSCH HEALTH, CANADA INC.","TEVA-DILTIAZEM HCL ER (chlorhydrate de diltiazem 180 mg capsule orale à libération prolongée) BAUSCH HEALTH, CANADA INC.","mp_status: ""ACTIVE"" -> ""INACTIVE""
mp_status_effective_time: ""20060130"" -> ""20250730"""
75717,02271621,"TEVA-DILTIAZEM HCL ER (diltiazem hydrochloride 240 mg prolonged-release oral capsule) BAUSCH HEALTH, CANADA INC.","TEVA-DILTIAZEM HCL ER (chlorhydrate de diltiazem 240 mg capsule orale à libération prolongée) BAUSCH HEALTH, CANADA INC.","mp_status: ""ACTIVE"" -> ""INACTIVE""
mp_status_effective_time: ""20060130"" -> ""20250730"""
75718,02271648,"TEVA-DILTIAZEM HCL ER (diltiazem hydrochloride 300 mg prolonged-release oral capsule) BAUSCH HEALTH, CANADA INC.","TEVA-DILTIAZEM HCL ER (chlorhydrate de diltiazem 300 mg capsule orale à libération prolongée) BAUSCH HEALTH, CANADA INC.","mp_status: ""ACTIVE"" -> ""INACTIVE""
mp_status_effective_time: ""20060130"" -> ""20250730"""
75719,02271656,"TEVA-DILTIAZEM HCL ER (diltiazem hydrochloride 360 mg prolonged-release oral capsule) BAUSCH HEALTH, CANADA INC.","TEVA-DILTIAZEM HCL ER (chlorhydrate de diltiazem 360 mg capsule orale à libération prolongée) BAUSCH HEALTH, CANADA INC.","mp_status: ""ACTIVE"" -> ""INACTIVE""
mp_status_effective_time: ""20060130"" -> ""20250730"""
76880,02283182,"ALTACE HCT (hydrochlorothiazide 25 mg and ramipril 10 mg oral tablet) BAUSCH HEALTH, CANADA INC.","ALTACE HCT (hydrochlorothiazide 25 mg et ramipril 10 mg comprimé oral) BAUSCH HEALTH, CANADA INC.","mp_status: ""ACTIVE"" -> ""INACTIVE""
mp_status_effective_time: ""20061116"" -> ""20250730"""
76904,02283433,RAN-ACETAMINOPHEN 8 HOUR (acetaminophen 650 mg prolonged-release oral tablet) RANBAXY PHARMACEUTICALS CANADA INC.,RAN-ACETAMINOPHEN 8 HOUR (acétaminophène 650 mg comprimé oral à libération prolongée) RANBAXY PHARMACEUTICALS CANADA INC.,"mp_status_effective_time: ""20180716"" -> ""20250716"""
77304,02287633,CEFTRIAXONE SODIUM FOR INJECTION (ceftriaxone (ceftriaxone sodium) 1 g per vial powder for solution for injection) TEVA CANADA LIMITED,CEFTRIAXONE SODIUM FOR INJECTION (ceftriaxone (ceftriaxone sodique) 1 g par fiole poudre pour solution injectable) TEVA CANADA LIMITED,"mp_status: ""ACTIVE"" -> ""INACTIVE""
mp_status_effective_time: ""20070914"" -> ""20250730"""
77306,02287668,CEFTRIAXONE SODIUM FOR INJECTION (ceftriaxone (ceftriaxone sodium) 10 g per vial powder for solution for injection) TEVA CANADA LIMITED,CEFTRIAXONE SODIUM FOR INJECTION (ceftriaxone (ceftriaxone sodique) 10 g par fiole poudre pour solution injectable) TEVA CANADA LIMITED,"mp_status: ""ACTIVE"" -> ""INACTIVE""
mp_status_effective_time: ""20070914"" -> ""20250730"""
77986,02294524,RAN-FOSINOPRIL (fosinopril sodium 10 mg oral tablet) RANBAXY PHARMACEUTICALS CANADA INC.,RAN-FOSINOPRIL (fosinopril sodique 10 mg comprimé oral) RANBAXY PHARMACEUTICALS CANADA INC.,"mp_status_effective_time: ""20170718"" -> ""20250710"""
77987,02294532,RAN-FOSINOPRIL (fosinopril sodium 20 mg oral tablet) RANBAXY PHARMACEUTICALS CANADA INC.,RAN-FOSINOPRIL (fosinopril sodique 20 mg comprimé oral) RANBAXY PHARMACEUTICALS CANADA INC.,"mp_status_effective_time: ""20170718"" -> ""20250710"""
78175,02296438,SANDOZ OMEPRAZOLE (omeprazole 10 mg gastro-resistant capsule) SANDOZ CANADA INCORPORATED,SANDOZ OMEPRAZOLE (oméprazole 10 mg capsule gastrorésistante) SANDOZ CANADA INCORPORATED,"mp_status: ""ACTIVE"" -> ""INACTIVE""
mp_status_effective_time: ""20070914"" -> ""20250731"""
78744,02302136,TEVA-LISINOPRIL/HCTZ (TYPE P) (hydrochlorothiazide 12.5 mg and lisinopril (lisinopril dihydrate) 10 mg oral tablet) TEVA CANADA LIMITED,"TEVA-LISINOPRIL/HCTZ (TYPE P) (hydrochlorothiazide 12,5 mg et lisinopril (dihydrate de lisinopril) 10 mg comprimé oral) TEVA CANADA LIMITED","mp_status: ""ACTIVE"" -> ""INACTIVE""
mp_status_effective_time: ""20071122"" -> ""20190613"""
78745,02302144,TEVA-LISINOPRIL/HCTZ (TYPE P) (hydrochlorothiazide 12.5 mg and lisinopril (lisinopril dihydrate) 20 mg oral tablet) TEVA CANADA LIMITED,"TEVA-LISINOPRIL/HCTZ (TYPE P) (hydrochlorothiazide 12,5 mg et lisinopril (dihydrate de lisinopril) 20 mg comprimé oral) TEVA CANADA LIMITED","mp_status: ""ACTIVE"" -> ""INACTIVE""
mp_status_effective_time: ""20071122"" -> ""20250730"""
78746,02302152,TEVA-LISINOPRIL/HCTZ (TYPE P) (hydrochlorothiazide 25 mg and lisinopril (lisinopril dihydrate) 20 mg oral tablet) TEVA CANADA LIMITED,TEVA-LISINOPRIL/HCTZ (TYPE P) (hydrochlorothiazide 25 mg et lisinopril (dihydrate de lisinopril) 20 mg comprimé oral) TEVA CANADA LIMITED,"mp_status: ""ACTIVE"" -> ""INACTIVE""
mp_status_effective_time: ""20071122"" -> ""20250730"""
79356,02307898,SANDOZ OXYCODONE/ACETAMINOPHEN (acetaminophen 325 mg and oxycodone hydrochloride 5 mg oral tablet) SANDOZ CANADA INCORPORATED,SANDOZ OXYCODONE/ACETAMINOPHEN (acétaminophène 325 mg et chlorhydrate d'oxycodone 5 mg comprimé oral) SANDOZ CANADA INCORPORATED,"mp_status: ""ACTIVE"" -> ""INACTIVE""
mp_status_effective_time: ""20080501"" -> ""20250728"""
79924,02313731,TEVA-CILAZAPRIL/HCTZ (cilazapril (cilazapril monohydrate) 5 mg and hydrochlorothiazide 12.5 mg oral tablet) TEVA CANADA LIMITED,"TEVA-CILAZAPRIL/HCTZ (cilazapril (monohydrate de cilazapril) 5 mg et hydrochlorothiazide 12,5 mg comprimé oral) TEVA CANADA LIMITED","mp_status: ""ACTIVE"" -> ""INACTIVE""
mp_status_effective_time: ""20090330"" -> ""20250709"""
80726,02321858,TARO-AMLODIPINE (amlodipine (amlodipine besylate) 5 mg oral tablet) SUN PHARMA CANADA INC,TARO-AMLODIPINE (amlodipine (bésylate d'amlodipine) 5 mg comprimé oral) SUN PHARMA CANADA INC,"mp_status: ""ACTIVE"" -> ""INACTIVE""
mp_status_effective_time: ""20090709"" -> ""20250710"""
80727,02321866,TARO-AMLODIPINE (amlodipine (amlodipine besylate) 10 mg oral tablet) SUN PHARMA CANADA INC,TARO-AMLODIPINE (amlodipine (bésylate d'amlodipine) 10 mg comprimé oral) SUN PHARMA CANADA INC,"mp_status: ""ACTIVE"" -> ""INACTIVE""
mp_status_effective_time: ""20090709"" -> ""20250710"""
81383,02328305,TARO-RISPERIDONE (risperidone 0.25 mg oral tablet) SUN PHARMA CANADA INC,"TARO-RISPERIDONE (rispéridone 0,25 mg comprimé oral) SUN PHARMA CANADA INC","mp_status: ""ACTIVE"" -> ""INACTIVE""
mp_status_effective_time: ""20091022"" -> ""20250710"""
81384,02328313,TARO-RISPERIDONE (risperidone 0.5 mg oral tablet) SUN PHARMA CANADA INC,"TARO-RISPERIDONE (rispéridone 0,5 mg comprimé oral) SUN PHARMA CANADA INC","mp_status: ""ACTIVE"" -> ""INACTIVE""
mp_status_effective_time: ""20091022"" -> ""20250710"""
81385,02328321,TARO-RISPERIDONE (risperidone 1 mg oral tablet) SUN PHARMA CANADA INC,TARO-RISPERIDONE (rispéridone 1 mg comprimé oral) SUN PHARMA CANADA INC,"mp_status: ""ACTIVE"" -> ""INACTIVE""
mp_status_effective_time: ""20091022"" -> ""20250710"""
81386,02328348,TARO-RISPERIDONE (risperidone 2 mg oral tablet) SUN PHARMA CANADA INC,TARO-RISPERIDONE (rispéridone 2 mg comprimé oral) SUN PHARMA CANADA INC,"mp_status: ""ACTIVE"" -> ""INACTIVE""
mp_status_effective_time: ""20091022"" -> ""20250710"""
81388,02328364,TARO-RISPERIDONE (risperidone 3 mg oral tablet) SUN PHARMA CANADA INC,TARO-RISPERIDONE (rispéridone 3 mg comprimé oral) SUN PHARMA CANADA INC,"mp_status: ""ACTIVE"" -> ""INACTIVE""
mp_status_effective_time: ""20091022"" -> ""20250710"""
81389,02328372,TARO-RISPERIDONE (risperidone 4 mg oral tablet) SUN PHARMA CANADA INC,TARO-RISPERIDONE (rispéridone 4 mg comprimé oral) SUN PHARMA CANADA INC,"mp_status: ""ACTIVE"" -> ""INACTIVE""
mp_status_effective_time: ""20091022"" -> ""20250710"""
81397,02328445,ADVIL PEDIATRIC DROPS FEVER FROM COLDS OR FLU (ibuprofen 40 mg per mL oral drops) GLAXOSMITHKLINE CONSUMER HEALTHCARE ULC,ADVIL PEDIATRIC DROPS FEVER FROM COLDS OR FLU (ibuprofène 40 mg par mL gouttes orales) GLAXOSMITHKLINE CONSUMER HEALTHCARE ULC,"mp_status: ""ACTIVE"" -> ""INACTIVE""
mp_status_effective_time: ""20100806"" -> ""20250715"""
81616,02330423,JAMP-QUETIAPINE (quetiapine (quetiapine fumarate) 100 mg oral tablet) JAMP PHARMA CORPORATION,JAMP-QUETIAPINE (quétiapine (fumarate de quétiapine) 100 mg comprimé oral) JAMP PHARMA CORPORATION,"mp_status: ""ACTIVE"" -> ""INACTIVE""
mp_status_effective_time: ""20100402"" -> ""20250731"""
82061,02334992,ENDOMETRIN (progesterone 100 mg effervescent vaginal tablet) FERRING INC,ENDOMETRIN (progestérone 100 mg comprimé vaginal effervescent) FERRING INC,"mp_status: ""ACTIVE"" -> ""INACTIVE""
mp_status_effective_time: ""20091130"" -> ""20250710"""
82273,02337126,RIVA-OLANZAPINE (olanzapine 2.5 mg oral tablet) LABORATOIRE RIVA INC.,"RIVA-OLANZAPINE (olanzapine 2,5 mg comprimé oral) LABORATOIRE RIVA INC.","mp_status: ""ACTIVE"" -> ""INACTIVE""
mp_status_effective_time: ""20100217"" -> ""20250704"""
82274,02337134,RIVA-OLANZAPINE (olanzapine 5 mg oral tablet) LABORATOIRE RIVA INC.,RIVA-OLANZAPINE (olanzapine 5 mg comprimé oral) LABORATOIRE RIVA INC.,"mp_status: ""ACTIVE"" -> ""INACTIVE""
mp_status_effective_time: ""20100217"" -> ""20250704"""
82275,02337142,RIVA-OLANZAPINE (olanzapine 7.5 mg oral tablet) LABORATOIRE RIVA INC.,"RIVA-OLANZAPINE (olanzapine 7,5 mg comprimé oral) LABORATOIRE RIVA INC.","mp_status: ""ACTIVE"" -> ""INACTIVE""
mp_status_effective_time: ""20100217"" -> ""20250704"""
82276,02337150,RIVA-OLANZAPINE (olanzapine 10 mg oral tablet) LABORATOIRE RIVA INC.,RIVA-OLANZAPINE (olanzapine 10 mg comprimé oral) LABORATOIRE RIVA INC.,"mp_status: ""ACTIVE"" -> ""INACTIVE""
mp_status_effective_time: ""20100217"" -> ""20250704"""
82277,02337169,RIVA-OLANZAPINE (olanzapine 15 mg oral tablet) LABORATOIRE RIVA INC.,RIVA-OLANZAPINE (olanzapine 15 mg comprimé oral) LABORATOIRE RIVA INC.,"mp_status: ""ACTIVE"" -> ""INACTIVE""
mp_status_effective_time: ""20100217"" -> ""20250704"""
83056,02345110,"BENYLIN ALL-IN-ONE COLD, FLU & COUGH LIQUID GELS (acetaminophen 250 mg and dextromethorphan hydrobromide 10 mg and guaifenesin 100 mg and pseudoephedrine hydrochloride 30 mg oral capsule) MCNEIL CONSUMER HEALTHCARE DIVISION OF JOHNSON & JOHNSON INC","BENYLIN ALL-IN-ONE COLD, FLU & COUGH LIQUID GELS (acétaminophène 250 mg et bromhydrate de dextrométhorphane 10 mg et guaïfénésine 100 mg et chlorhydrate de pseudoéphédrine 30 mg capsule orale) MCNEIL CONSUMER HEALTHCARE DIVISION OF JOHNSON & JOHNSON INC","mp_status: ""ACTIVE"" -> ""INACTIVE""
mp_status_effective_time: ""20100811"" -> ""20250217"""
83781,02352559,APO-MYCOPHENOLATE (mycophenolate mofetil 250 mg oral capsule) APOTEX INC,APO-MYCOPHENOLATE (mycophénolate mofétil 250 mg capsule orale) APOTEX INC,"mp_status: ""ACTIVE"" -> ""INACTIVE""
mp_status_effective_time: ""20111201"" -> ""20250629"""
84267,02357569,JAMPOLYCIN (bacitracin 500 unit per g and polymyxin B (polymyxin B sulfate) 10000 unit per g cutaneous ointment) JAMP PHARMA CORPORATION,JAMPOLYCIN (bacitracine 500 unité par g et polymyxine B (sulfate de polymyxine B) 10000 unité par g pommade cutanée) JAMP PHARMA CORPORATION,"mp_status: ""ACTIVE"" -> ""INACTIVE""
mp_status_effective_time: ""20131209"" -> ""20250731"""
84339,02358336,IMIPENEM AND CILASTATIN FOR INJECTION USP (cilastatin (cilastatin sodium) 250 mg per vial and imipenem 250 mg per vial powder for solution for injection) SANDOZ CANADA INCORPORATED,IMIPENEM AND CILASTATIN FOR INJECTION USP (cilastatine (cilastatine sodique) 250 mg par fiole et imipénem 250 mg par fiole poudre pour solution injectable) SANDOZ CANADA INCORPORATED,"mp_status_effective_time: ""20240731"" -> ""20250731"""
85328,02368307,"BENZOYL PEROXIDE ACNE TREATMENT 5% (benzoyl peroxide 5 % lotion) MARINI SKINSOLUTIONS, INC.","BENZOYL PEROXIDE ACNE TREATMENT 5% (peroxyde de benzoyle 5 % lotion) MARINI SKINSOLUTIONS, INC.","mp_formal_name: ""BENZOYL PEROXIDE ACNE TREATMENT 5% (benzoyl peroxide 5 % lotion) J̲A̲N̲ ̲M̲A̲R̲I̲N̲I̲ ̲S̲K̲I̲N̲ ̲R̲E̲S̲E̲A̲R̲C̲H̲ ̲I̲N̲C̲"" -> ""BENZOYL PEROXIDE ACNE TREATMENT 5% (benzoyl peroxide 5 % lotion) M̲A̲R̲I̲N̲I̲ ̲S̲K̲I̲N̲S̲O̲L̲U̲T̲I̲O̲N̲S̲,̲ ̲I̲N̲C̲.̲""
mp_fr_description: ""BENZOYL PEROXIDE ACNE TREATMENT 5% (peroxyde de benzoyle 5 % lotion) J̲A̲N̲ ̲M̲A̲R̲I̲N̲I̲ ̲S̲K̲I̲N̲ ̲R̲E̲S̲E̲A̲R̲C̲H̲ ̲I̲N̲C̲"" -> ""BENZOYL PEROXIDE ACNE TREATMENT 5% (peroxyde de benzoyle 5 % lotion) M̲A̲R̲I̲N̲I̲ ̲S̲K̲I̲N̲S̲O̲L̲U̲T̲I̲O̲N̲S̲,̲ ̲I̲N̲C̲.̲"""
85383,02368862,JAMP-PAROXETINE (paroxetine (paroxetine hydrochloride hemihydrate) 10 mg oral tablet) JAMP PHARMA CORPORATION,JAMP-PAROXETINE (paroxétine (chlorhydrate de paroxétine hémihydraté) 10 mg comprimé oral) JAMP PHARMA CORPORATION,"mp_status: ""ACTIVE"" -> ""INACTIVE""
mp_status_effective_time: ""20111006"" -> ""20250731"""
85411,02369176,AG-ATENOLOL (atenolol 25 mg oral tablet) ANGITA PHARMA INC.,AG-ATENOLOL (aténolol 25 mg comprimé oral) ANGITA PHARMA INC.,"mp_status: ""ACTIVE"" -> ""INACTIVE""
mp_status_effective_time: ""20180718"" -> ""20250730"""
85412,02369184,AG-ATENOLOL (atenolol 50 mg oral tablet) ANGITA PHARMA INC.,AG-ATENOLOL (aténolol 50 mg comprimé oral) ANGITA PHARMA INC.,"mp_status: ""ACTIVE"" -> ""INACTIVE""
mp_status_effective_time: ""20180718"" -> ""20250730"""
85518,02370166,PIPERACILLIN / TAZOBACTAM POWDER FOR INJECTION (piperacillin (piperacillin sodium) 3 g per vial and tazobactam (tazobactam sodium) 0.375 g per vial powder for solution for injection) TEVA CANADA LIMITED,"PIPERACILLIN / TAZOBACTAM POWDER FOR INJECTION (pipéracilline (pipéracilline sodique) 3 g par fiole et tazobactam (tazobactam sodique) 0,375 g par fiole poudre pour solution injectable) TEVA CANADA LIMITED","mp_status: ""ACTIVE"" -> ""INACTIVE""
mp_status_effective_time: ""20130617"" -> ""20191118"""
85519,02370174,PIPERACILLIN / TAZOBACTAM POWDER FOR INJECTION (piperacillin (piperacillin sodium) 4 g per vial and tazobactam (tazobactam sodium) 0.5 g per vial powder for solution for injection) TEVA CANADA LIMITED,"PIPERACILLIN / TAZOBACTAM POWDER FOR INJECTION (pipéracilline (pipéracilline sodique) 4 g par fiole et tazobactam (tazobactam sodique) 0,5 g par fiole poudre pour solution injectable) TEVA CANADA LIMITED","mp_status: ""ACTIVE"" -> ""INACTIVE""
mp_status_effective_time: ""20130617"" -> ""20180220"""
85575,02370611,ACT DILTIAZEM CD (diltiazem hydrochloride 120 mg prolonged-release oral capsule) TEVA CANADA LIMITED,ACT DILTIAZEM CD (chlorhydrate de diltiazem 120 mg capsule orale à libération prolongée) TEVA CANADA LIMITED,"mp_status: ""ACTIVE"" -> ""INACTIVE""
mp_status_effective_time: ""20111006"" -> ""20210311"""
85576,02370638,ACT DILTIAZEM CD (diltiazem hydrochloride 180 mg prolonged-release oral capsule) TEVA CANADA LIMITED,ACT DILTIAZEM CD (chlorhydrate de diltiazem 180 mg capsule orale à libération prolongée) TEVA CANADA LIMITED,"mp_status: ""ACTIVE"" -> ""INACTIVE""
mp_status_effective_time: ""20111006"" -> ""20201028"""
85577,02370646,ACT DILTIAZEM CD (diltiazem hydrochloride 240 mg prolonged-release oral capsule) TEVA CANADA LIMITED,ACT DILTIAZEM CD (chlorhydrate de diltiazem 240 mg capsule orale à libération prolongée) TEVA CANADA LIMITED,"mp_status_effective_time: ""20180724"" -> ""20210312"""
85578,02370654,ACT DILTIAZEM CD (diltiazem hydrochloride 300 mg prolonged-release oral capsule) TEVA CANADA LIMITED,ACT DILTIAZEM CD (chlorhydrate de diltiazem 300 mg capsule orale à libération prolongée) TEVA CANADA LIMITED,"mp_status: ""ACTIVE"" -> ""INACTIVE""
mp_status_effective_time: ""20111006"" -> ""20210311"""
86042,02375028,CREST PRO-HEALTH INVIGORATING CLEAN MULTI-PROTECTION (cetylpyridinium chloride 0.07 % mouthwash) PROCTER & GAMBLE INC,"CREST PRO-HEALTH INVIGORATING CLEAN MULTI-PROTECTION (chlorure de cétylpyridinium 0,07 % solution pour bain de bouche) PROCTER & GAMBLE INC","mp_status: ""ACTIVE"" -> ""INACTIVE""
mp_status_effective_time: ""20120723"" -> ""20250716"""
86080,02375397,FOOTWORKS HEALTHY ANTIFUNGAL SPRAY FOR ATHLETE'S FOOT (tolnaftate 1 % cutaneous spray) THE AVON COMPANY CANADA LIMITED,FOOTWORKS HEALTHY ANTIFUNGAL SPRAY FOR ATHLETE'S FOOT (tolnaftate 1 % vaporisation cutanée) THE AVON COMPANY CANADA LIMITED,"mp_status_effective_time: ""20240619"" -> ""20250721"""
86482,02379007,JAMP-VITAMIN D (cholecalciferol 10000 unit oral tablet) JAMP PHARMA CORPORATION,JAMP-VITAMIN D (cholécalciférol 10000 unité comprimé oral) JAMP PHARMA CORPORATION,"mp_status: ""ACTIVE"" -> ""INACTIVE""
mp_status_effective_time: ""20120502"" -> ""20250731"""
86619,02380382,JAMP-MYCOPHENOLATE (mycophenolate mofetil 500 mg oral tablet) JAMP PHARMA CORPORATION,JAMP-MYCOPHENOLATE (mycophénolate mofétil 500 mg comprimé oral) JAMP PHARMA CORPORATION,"mp_status: ""ACTIVE"" -> ""INACTIVE""
mp_status_effective_time: ""20120323"" -> ""20250731"""
87198,02386399,JAMP-MYCOPHENOLATE CAPSULES (mycophenolate mofetil 250 mg oral capsule) JAMP PHARMA CORPORATION,JAMP-MYCOPHENOLATE CAPSULES (mycophénolate mofétil 250 mg capsule orale) JAMP PHARMA CORPORATION,"mp_status: ""ACTIVE"" -> ""INACTIVE""
mp_status_effective_time: ""20120613"" -> ""20250731"""
87643,02391066,JAMP-ATORVASTATIN (atorvastatin (atorvastatin calcium) 20 mg oral tablet) JAMP PHARMA CORPORATION,JAMP-ATORVASTATIN (atorvastatine (atorvastatine calcique) 20 mg comprimé oral) JAMP PHARMA CORPORATION,"mp_status: ""ACTIVE"" -> ""INACTIVE""
mp_status_effective_time: ""20120910"" -> ""20250731"""
87644,02391074,JAMP-ATORVASTATIN (atorvastatin (atorvastatin calcium) 40 mg oral tablet) JAMP PHARMA CORPORATION,JAMP-ATORVASTATIN (atorvastatine (atorvastatine calcique) 40 mg comprimé oral) JAMP PHARMA CORPORATION,"mp_status: ""ACTIVE"" -> ""INACTIVE""
mp_status_effective_time: ""20120910"" -> ""20250731"""
87645,02391082,JAMP-ATORVASTATIN (atorvastatin (atorvastatin calcium) 80 mg oral tablet) JAMP PHARMA CORPORATION,JAMP-ATORVASTATIN (atorvastatine (atorvastatine calcique) 80 mg comprimé oral) JAMP PHARMA CORPORATION,"mp_status: ""ACTIVE"" -> ""INACTIVE""
mp_status_effective_time: ""20120910"" -> ""20250731"""
88252,02397587,FOOTWORKS HEALTHY CRACKED HEEL CREAM (benzalkonium chloride 0.13 % and lidocaine 4 % cutaneous cream) THE AVON COMPANY CANADA LIMITED,"FOOTWORKS HEALTHY CRACKED HEEL CREAM (chlorure de benzalkonium 0,13 % et lidocaïne 4 % crème cutanée) THE AVON COMPANY CANADA LIMITED","mp_status_effective_time: ""20240619"" -> ""20250721"""
88789,02403064,RAN-OLANZAPINE (olanzapine 2.5 mg oral tablet) RANBAXY PHARMACEUTICALS CANADA INC.,"RAN-OLANZAPINE (olanzapine 2,5 mg comprimé oral) RANBAXY PHARMACEUTICALS CANADA INC.","mp_status_effective_time: ""20180716"" -> ""20250710"""
88790,02403072,RAN-OLANZAPINE (olanzapine 5 mg oral tablet) RANBAXY PHARMACEUTICALS CANADA INC.,RAN-OLANZAPINE (olanzapine 5 mg comprimé oral) RANBAXY PHARMACEUTICALS CANADA INC.,"mp_status_effective_time: ""20180716"" -> ""20250710"""
88791,02403080,RAN-OLANZAPINE (olanzapine 7.5 mg oral tablet) RANBAXY PHARMACEUTICALS CANADA INC.,"RAN-OLANZAPINE (olanzapine 7,5 mg comprimé oral) RANBAXY PHARMACEUTICALS CANADA INC.","mp_status_effective_time: ""20180716"" -> ""20250710"""
88792,02403099,RAN-OLANZAPINE (olanzapine 10 mg oral tablet) RANBAXY PHARMACEUTICALS CANADA INC.,RAN-OLANZAPINE (olanzapine 10 mg comprimé oral) RANBAXY PHARMACEUTICALS CANADA INC.,"mp_status_effective_time: ""20180716"" -> ""20250710"""
88793,02403102,RAN-OLANZAPINE (olanzapine 15 mg oral tablet) RANBAXY PHARMACEUTICALS CANADA INC.,RAN-OLANZAPINE (olanzapine 15 mg comprimé oral) RANBAXY PHARMACEUTICALS CANADA INC.,"mp_status_effective_time: ""20170718"" -> ""20250710"""
88915,02404389,ACT DORZOTIMOLOL (dorzolamide (dorzolamide hydrochloride) 20 mg per mL and timolol (timolol maleate) 5 mg per mL ophthalmic drops) TEVA CANADA LIMITED,ACT DORZOTIMOLOL (dorzolamide (chlorhydrate de dorzolamide) 20 mg par mL et timolol (maléate de timolol) 5 mg par mL gouttes ophtalmiques) TEVA CANADA LIMITED,"mp_status: ""ACTIVE"" -> ""INACTIVE""
mp_status_effective_time: ""20130501"" -> ""20190312"""
89131,02406624,JAMP OLANZAPINE ODT (olanzapine 5 mg orodispersible tablet) JAMP PHARMA CORPORATION,JAMP OLANZAPINE ODT (olanzapine 5 mg comprimé orodispersible) JAMP PHARMA CORPORATION,"mp_status: ""ACTIVE"" -> ""INACTIVE""
mp_status_effective_time: ""20140801"" -> ""20250731"""
89132,02406632,JAMP OLANZAPINE ODT (olanzapine 10 mg orodispersible tablet) JAMP PHARMA CORPORATION,JAMP OLANZAPINE ODT (olanzapine 10 mg comprimé orodispersible) JAMP PHARMA CORPORATION,"mp_status: ""ACTIVE"" -> ""INACTIVE""
mp_status_effective_time: ""20140801"" -> ""20250731"""
89133,02406640,JAMP OLANZAPINE ODT (olanzapine 15 mg orodispersible tablet) JAMP PHARMA CORPORATION,JAMP OLANZAPINE ODT (olanzapine 15 mg comprimé orodispersible) JAMP PHARMA CORPORATION,"mp_status: ""ACTIVE"" -> ""INACTIVE""
mp_status_effective_time: ""20140801"" -> ""20250731"""
89134,02406659,JAMP OLANZAPINE ODT (olanzapine 20 mg orodispersible tablet) JAMP PHARMA CORPORATION,JAMP OLANZAPINE ODT (olanzapine 20 mg comprimé orodispersible) JAMP PHARMA CORPORATION,"mp_status: ""ACTIVE"" -> ""INACTIVE""
mp_status_effective_time: ""20140801"" -> ""20250731"""
89236,02407639,ZOLEDRONIC ACID FOR INJECTION (zoledronic acid (zoledronic acid monohydrate) 4 mg per 5 mL solution for injection vial) TEVA CANADA LIMITED,ZOLEDRONIC ACID FOR INJECTION (acide zolédronique (acide zolédronique monohydraté) 4 mg par 5 mL solution injectable fiole) TEVA CANADA LIMITED,"mp_status: ""ACTIVE"" -> ""INACTIVE""
mp_status_effective_time: ""20140226"" -> ""20200515"""
89700,02412373,TARO-CELECOXIB (celecoxib 100 mg oral capsule) SUN PHARMA CANADA INC,TARO-CELECOXIB (célécoxib 100 mg capsule orale) SUN PHARMA CANADA INC,"mp_status_effective_time: ""20220728"" -> ""20250710"""
89701,02412381,TARO-CELECOXIB (celecoxib 200 mg oral capsule) SUN PHARMA CANADA INC,TARO-CELECOXIB (célécoxib 200 mg capsule orale) SUN PHARMA CANADA INC,"mp_status_effective_time: ""20220728"" -> ""20250710"""
89736,02412691,ACT DUTASTERIDE (dutasteride 0.5 mg oral capsule) TEVA CANADA LIMITED,"ACT DUTASTERIDE (dutastéride 0,5 mg capsule orale) TEVA CANADA LIMITED","mp_status: ""ACTIVE"" -> ""INACTIVE""
mp_status_effective_time: ""20140905"" -> ""20190418"""
89876,02414090,RAN-OLANZAPINE ODT (olanzapine 5 mg orodispersible tablet) RANBAXY PHARMACEUTICALS CANADA INC.,RAN-OLANZAPINE ODT (olanzapine 5 mg comprimé orodispersible) RANBAXY PHARMACEUTICALS CANADA INC.,"mp_status_effective_time: ""20210726"" -> ""20250710"""
89877,02414104,RAN-OLANZAPINE ODT (olanzapine 10 mg orodispersible tablet) RANBAXY PHARMACEUTICALS CANADA INC.,RAN-OLANZAPINE ODT (olanzapine 10 mg comprimé orodispersible) RANBAXY PHARMACEUTICALS CANADA INC.,"mp_status_effective_time: ""20220728"" -> ""20250710"""
89878,02414112,RAN-OLANZAPINE ODT (olanzapine 15 mg orodispersible tablet) RANBAXY PHARMACEUTICALS CANADA INC.,RAN-OLANZAPINE ODT (olanzapine 15 mg comprimé orodispersible) RANBAXY PHARMACEUTICALS CANADA INC.,"mp_status_effective_time: ""20220728"" -> ""20250710"""
89879,02414120,RAN-OLANZAPINE ODT (olanzapine 20 mg orodispersible tablet) RANBAXY PHARMACEUTICALS CANADA INC.,RAN-OLANZAPINE ODT (olanzapine 20 mg comprimé orodispersible) RANBAXY PHARMACEUTICALS CANADA INC.,"mp_status_effective_time: ""20210726"" -> ""20250710"""
89990,02415283,JAMP RABEPRAZOLE (rabeprazole sodium 10 mg gastro-resistant tablet) JAMP PHARMA CORPORATION,JAMP RABEPRAZOLE (rabéprazole sodique 10 mg comprimé gastrorésistant) JAMP PHARMA CORPORATION,"mp_status: ""ACTIVE"" -> ""INACTIVE""
mp_status_effective_time: ""20230217"" -> ""20250731"""
89991,02415291,JAMP RABEPRAZOLE (rabeprazole sodium 20 mg gastro-resistant tablet) JAMP PHARMA CORPORATION,JAMP RABEPRAZOLE (rabéprazole sodique 20 mg comprimé gastrorésistant) JAMP PHARMA CORPORATION,"mp_status: ""ACTIVE"" -> ""INACTIVE""
mp_status_effective_time: ""20221027"" -> ""20250731"""
90003,02415429,TEVA-TRANDOLAPRIL (trandolapril 0.5 mg oral capsule) TEVA CANADA LIMITED,"TEVA-TRANDOLAPRIL (trandolapril 0,5 mg capsule orale) TEVA CANADA LIMITED","mp_status: ""ACTIVE"" -> ""INACTIVE""
mp_status_effective_time: ""20180926"" -> ""20200226"""
90004,02415437,TEVA-TRANDOLAPRIL (trandolapril 1 mg oral capsule) TEVA CANADA LIMITED,TEVA-TRANDOLAPRIL (trandolapril 1 mg capsule orale) TEVA CANADA LIMITED,"mp_status: ""ACTIVE"" -> ""INACTIVE""
mp_status_effective_time: ""20180926"" -> ""20200212"""
90005,02415445,TEVA-TRANDOLAPRIL (trandolapril 2 mg oral capsule) TEVA CANADA LIMITED,TEVA-TRANDOLAPRIL (trandolapril 2 mg capsule orale) TEVA CANADA LIMITED,"mp_status: ""ACTIVE"" -> ""INACTIVE""
mp_status_effective_time: ""20180926"" -> ""20200212"""
90006,02415453,TEVA-TRANDOLAPRIL (trandolapril 4 mg oral capsule) TEVA CANADA LIMITED,TEVA-TRANDOLAPRIL (trandolapril 4 mg capsule orale) TEVA CANADA LIMITED,"mp_status: ""ACTIVE"" -> ""INACTIVE""
mp_status_effective_time: ""20180926"" -> ""20190411"""
90068,02416255,APO-ABACAVIR-LAMIVUDINE-ZIDOVUDINE (abacavir (abacavir sulfate) 300 mg and lamivudine 150 mg and zidovudine 300 mg oral tablet) APOTEX INC,APO-ABACAVIR-LAMIVUDINE-ZIDOVUDINE (abacavir (sulfate d'abacavir) 300 mg et lamivudine 150 mg et zidovudine 300 mg comprimé oral) APOTEX INC,"mp_status_effective_time: ""20191121"" -> ""20250417"""
90165,02417014,RIVASTIGMINE (rivastigmine (rivastigmine hydrogen tartrate) 4.5 mg oral capsule) PRO DOC LIMITEE,"RIVASTIGMINE (rivastigmine (tartrate hydrogéné de rivastigmine) 4,5 mg capsule orale) PRO DOC LIMITEE","mp_status: ""ACTIVE"" -> ""INACTIVE""
mp_status_effective_time: ""20131205"" -> ""20250405"""
90230,02417685,VIDEXTRA (cholecalciferol 10000 unit oral tablet) ORIMED PHARMA INC,VIDEXTRA (cholécalciférol 10000 unité comprimé oral) ORIMED PHARMA INC,"mp_status: ""ACTIVE"" -> ""INACTIVE""
mp_status_effective_time: ""20140320"" -> ""20250730"""
90599,02421364,RAN-MEMANTINE (memantine hydrochloride 10 mg oral tablet) RANBAXY PHARMACEUTICALS CANADA INC.,RAN-MEMANTINE (chlorhydrate de mémantine 10 mg comprimé oral) RANBAXY PHARMACEUTICALS CANADA INC.,"mp_status_effective_time: ""20190718"" -> ""20250710"""
90796,02423227,AMIODARONE HYDROCHLORIDE FOR INJECTION (amiodarone hydrochloride 150 mg per 3 mL solution for injection vial) JAMP PHARMA CORPORATION,AMIODARONE HYDROCHLORIDE FOR INJECTION (chlorhydrate d'amiodarone 150 mg par 3 mL solution injectable fiole) JAMP PHARMA CORPORATION,"mp_status: ""ACTIVE"" -> ""INACTIVE""
mp_status_effective_time: ""20221003"" -> ""20250731"""
91304,02428628,ACT TADALAFIL (tadalafil 2.5 mg oral tablet) TEVA CANADA LIMITED,"ACT TADALAFIL (tadalafil 2,5 mg comprimé oral) TEVA CANADA LIMITED","mp_status_effective_time: ""20200316"" -> ""20250730"""
91308,02428636,ACT TADALAFIL (tadalafil 5 mg oral tablet) TEVA CANADA LIMITED,ACT TADALAFIL (tadalafil 5 mg comprimé oral) TEVA CANADA LIMITED,"mp_status_effective_time: ""20200316"" -> ""20250730"""
91309,02428644,ACT TADALAFIL (tadalafil 10 mg oral tablet) TEVA CANADA LIMITED,ACT TADALAFIL (tadalafil 10 mg comprimé oral) TEVA CANADA LIMITED,"mp_status_effective_time: ""20200316"" -> ""20250730"""
91310,02428652,ACT TADALAFIL (tadalafil 20 mg oral tablet) TEVA CANADA LIMITED,ACT TADALAFIL (tadalafil 20 mg comprimé oral) TEVA CANADA LIMITED,"mp_status_effective_time: ""20200316"" -> ""20250730"""
91994,02435608,JAMP-TOPIRAMATE (topiramate 25 mg oral tablet) JAMP PHARMA CORPORATION,JAMP-TOPIRAMATE (topiramate 25 mg comprimé oral) JAMP PHARMA CORPORATION,"mp_status: ""ACTIVE"" -> ""INACTIVE""
mp_status_effective_time: ""20150206"" -> ""20250731"""
91996,02435624,JAMP-TOPIRAMATE (topiramate 200 mg oral tablet) JAMP PHARMA CORPORATION,JAMP-TOPIRAMATE (topiramate 200 mg comprimé oral) JAMP PHARMA CORPORATION,"mp_status: ""ACTIVE"" -> ""INACTIVE""
mp_status_effective_time: ""20150206"" -> ""20250731"""
92337,02439018,OMEPRAZOLE (omeprazole (omeprazole magnesium) 20 mg gastro-resistant tablet) LABORATOIRE RIVA INC.,OMEPRAZOLE (oméprazole (oméprazole magnésium) 20 mg comprimé gastrorésistant) LABORATOIRE RIVA INC.,"mp_status: ""ACTIVE"" -> ""INACTIVE""
mp_status_effective_time: ""20151116"" -> ""20250722"""
92870,02443929,JAMP-MOXIFLOXACIN (moxifloxacin (moxifloxacin hydrochloride) 400 mg oral tablet) JAMP PHARMA CORPORATION,JAMP-MOXIFLOXACIN (moxifloxacine (chlorhydrate de moxifloxacine) 400 mg comprimé oral) JAMP PHARMA CORPORATION,"mp_status: ""ACTIVE"" -> ""INACTIVE""
mp_status_effective_time: ""20151104"" -> ""20250731"""
93510,02449277,ASA 81 MG (acetylsalicylic acid 81 mg gastro-resistant tablet) LABORATOIRES TRIANON INC.,ASA 81 MG (acide acétylsalicylique 81 mg comprimé gastrorésistant) LABORATOIRES TRIANON INC.,"mp_status: ""ACTIVE"" -> ""INACTIVE""
mp_status_effective_time: ""20160420"" -> ""20250722"""
93668,02450526,PRO-CETIRIZINE (cetirizine hydrochloride 20 mg oral tablet) PRO DOC LIMITEE,PRO-CETIRIZINE (chlorhydrate de cétirizine 20 mg comprimé oral) PRO DOC LIMITEE,"Health_Canada_product_name: ""CETIRIZINE"" -> ""PRO-CETIRIZINE""
mp_formal_name: ""CETIRIZINE (cetirizine hydrochloride 20 mg oral tablet) PRO DOC LIMITEE"" -> ""P̲R̲O̲-̲CETIRIZINE (cetirizine hydrochloride 20 mg oral tablet) PRO DOC LIMITEE""
mp_fr_description: ""CETIRIZINE (chlorhydrate de cétirizine 20 mg comprimé oral) PRO DOC LIMITEE"" -> ""P̲R̲O̲-̲CETIRIZINE (chlorhydrate de cétirizine 20 mg comprimé oral) PRO DOC LIMITEE"""
94083,02454319,JAMP-RISPERIDONE (risperidone (risperidone tartrate) 1 mg per mL oral solution) JAMP PHARMA CORPORATION,JAMP-RISPERIDONE (rispéridone (tartrate de rispéridone) 1 mg par mL solution orale) JAMP PHARMA CORPORATION,"mp_status: ""ACTIVE"" -> ""INACTIVE""
mp_status_effective_time: ""20180822"" -> ""20250731"""
94142,02454734,RIVA-TADALAFIL (tadalafil 10 mg oral tablet) LABORATOIRE RIVA INC.,RIVA-TADALAFIL (tadalafil 10 mg comprimé oral) LABORATOIRE RIVA INC.,ADDED
94459,02457539,JAMP DORZOLAMIDE-TIMOLOL (dorzolamide (dorzolamide hydrochloride) 20 mg per mL and timolol (timolol maleate) 5 mg per mL ophthalmic drops) JAMP PHARMA CORPORATION,JAMP DORZOLAMIDE-TIMOLOL (dorzolamide (chlorhydrate de dorzolamide) 20 mg par mL et timolol (maléate de timolol) 5 mg par mL gouttes ophtalmiques) JAMP PHARMA CORPORATION,"mp_status: ""ACTIVE"" -> ""INACTIVE""
mp_status_effective_time: ""20191213"" -> ""20250731"""
94530,02458233,JAMP-EFAVIRENZ (efavirenz 600 mg oral tablet) JAMP PHARMA CORPORATION,JAMP-EFAVIRENZ (éfavirenz 600 mg comprimé oral) JAMP PHARMA CORPORATION,"mp_status: ""ACTIVE"" -> ""INACTIVE""
mp_status_effective_time: ""20190614"" -> ""20250731"""
94555,02458411,JAMP-OLOPATADINE (olopatadine (olopatadine hydrochloride) 0.1 % ophthalmic drops) JAMP PHARMA CORPORATION,"JAMP-OLOPATADINE (olopatadine (chlorhydrate d'olopatadine) 0,1 % gouttes ophtalmiques) JAMP PHARMA CORPORATION","mp_status: ""ACTIVE"" -> ""INACTIVE""
mp_status_effective_time: ""20171006"" -> ""20250731"""
95446,02466171,JAMP-CETIRIZINE (cetirizine hydrochloride 20 mg oral tablet) JAMP PHARMA CORPORATION,JAMP-CETIRIZINE (chlorhydrate de cétirizine 20 mg comprimé oral) JAMP PHARMA CORPORATION,"mp_status: ""ACTIVE"" -> ""INACTIVE""
mp_status_effective_time: ""20171005"" -> ""20250731"""
95690,02468476,RIVA-CLINDAMYCIN (clindamycin (clindamycin hydrochloride) 150 mg oral capsule) LABORATOIRE RIVA INC.,RIVA-CLINDAMYCIN (clindamycine (chlorhydrate de clindamycine) 150 mg capsule orale) LABORATOIRE RIVA INC.,"mp_status: ""ACTIVE"" -> ""INACTIVE""
mp_status_effective_time: ""20171013"" -> ""20250722"""
95885,02469936,APO-FINGOLIMOD (fingolimod (fingolimod hydrochloride) 0.5 mg oral capsule) APOTEX INC,"APO-FINGOLIMOD (fingolimod (chlorhydrate de fingolimod) 0,5 mg capsule orale) APOTEX INC","mp_status: ""ACTIVE"" -> ""INACTIVE""
mp_status_effective_time: ""20191101"" -> ""20250612"""
96141,02472120,JAMP-MOXIFLOXACIN (moxifloxacin (moxifloxacin hydrochloride) 0.5 % ophthalmic drops) JAMP PHARMA CORPORATION,"JAMP-MOXIFLOXACIN (moxifloxacine (chlorhydrate de moxifloxacine) 0,5 % gouttes ophtalmiques) JAMP PHARMA CORPORATION","mp_status: ""ACTIVE"" -> ""INACTIVE""
mp_status_effective_time: ""20190228"" -> ""20250731"""
96530,02475022,ATORVASTATIN (atorvastatin (atorvastatin calcium) 10 mg oral tablet) LABORATOIRE RIVA INC.,ATORVASTATIN (atorvastatine (atorvastatine calcique) 10 mg comprimé oral) LABORATOIRE RIVA INC.,"mp_status: ""ACTIVE"" -> ""INACTIVE""
mp_status_effective_time: ""20180516"" -> ""20250722"""
96531,02475030,ATORVASTATIN (atorvastatin (atorvastatin calcium) 20 mg oral tablet) LABORATOIRE RIVA INC.,ATORVASTATIN (atorvastatine (atorvastatine calcique) 20 mg comprimé oral) LABORATOIRE RIVA INC.,"mp_status: ""ACTIVE"" -> ""INACTIVE""
mp_status_effective_time: ""20180516"" -> ""20250722"""
96532,02475049,ATORVASTATIN (atorvastatin (atorvastatin calcium) 40 mg oral tablet) LABORATOIRE RIVA INC.,ATORVASTATIN (atorvastatine (atorvastatine calcique) 40 mg comprimé oral) LABORATOIRE RIVA INC.,"mp_status: ""ACTIVE"" -> ""INACTIVE""
mp_status_effective_time: ""20180516"" -> ""20250722"""
96533,02475057,ATORVASTATIN (atorvastatin (atorvastatin calcium) 80 mg oral tablet) LABORATOIRE RIVA INC.,ATORVASTATIN (atorvastatine (atorvastatine calcique) 80 mg comprimé oral) LABORATOIRE RIVA INC.,"mp_status: ""ACTIVE"" -> ""INACTIVE""
mp_status_effective_time: ""20180516"" -> ""20250722"""
96640,02476002,AG-QUETIAPINE (quetiapine (quetiapine fumarate) 300 mg oral tablet) ANGITA PHARMA INC.,AG-QUETIAPINE (quétiapine (fumarate de quétiapine) 300 mg comprimé oral) ANGITA PHARMA INC.,"mp_status: ""ACTIVE"" -> ""INACTIVE""
mp_status_effective_time: ""20180926"" -> ""20250730"""
96680,02475936,AG-TOPIRAMATE (topiramate 25 mg oral tablet) ANGITA PHARMA INC.,AG-TOPIRAMATE (topiramate 25 mg comprimé oral) ANGITA PHARMA INC.,"mp_status: ""ACTIVE"" -> ""INACTIVE""
mp_status_effective_time: ""20180726"" -> ""20250730"""
96681,02475944,AG-TOPIRAMATE (topiramate 100 mg oral tablet) ANGITA PHARMA INC.,AG-TOPIRAMATE (topiramate 100 mg comprimé oral) ANGITA PHARMA INC.,"mp_status: ""ACTIVE"" -> ""INACTIVE""
mp_status_effective_time: ""20180726"" -> ""20250730"""
96699,02476045,PYRITHIONE ZINC DANDRUFF SHAMPOO 2IN1 MEN FULL & THICK (pyrithione zinc 1 % shampoo) PROCTER & GAMBLE INC,PYRITHIONE ZINC DANDRUFF SHAMPOO 2IN1 MEN FULL & THICK (pyrithione zincique 1 % shampoing) PROCTER & GAMBLE INC,"mp_status: ""ACTIVE"" -> ""INACTIVE""
mp_status_effective_time: ""20190501"" -> ""20250716"""
96700,02476053,PYRITHIONE ZINC DANDRUFF SHAMPOO 2IN1 MEN REFRESHING MENTHOL (pyrithione zinc 1 % shampoo) PROCTER & GAMBLE INC,PYRITHIONE ZINC DANDRUFF SHAMPOO 2IN1 MEN REFRESHING MENTHOL (pyrithione zincique 1 % shampoing) PROCTER & GAMBLE INC,"mp_status: ""ACTIVE"" -> ""INACTIVE""
mp_status_effective_time: ""20190501"" -> ""20250716"""
96701,02476061,PYRITHIONE ZINC DANDRUFF SHAMPOO MEN REFRESHING MENTHOL (pyrithione zinc 1 % shampoo) PROCTER & GAMBLE INC,PYRITHIONE ZINC DANDRUFF SHAMPOO MEN REFRESHING MENTHOL (pyrithione zincique 1 % shampoing) PROCTER & GAMBLE INC,"mp_status: ""ACTIVE"" -> ""INACTIVE""
mp_status_effective_time: ""20190501"" -> ""20250716"""
96775,02477009,JAMP PERINDOPRIL (perindopril erbumine 2 mg oral tablet) JAMP PHARMA CORPORATION,JAMP PERINDOPRIL (périndopril erbumine 2 mg comprimé oral) JAMP PHARMA CORPORATION,"mp_status: ""ACTIVE"" -> ""INACTIVE""
mp_status_effective_time: ""20190208"" -> ""20250731"""
96776,02477017,JAMP PERINDOPRIL (perindopril erbumine 4 mg oral tablet) JAMP PHARMA CORPORATION,JAMP PERINDOPRIL (périndopril erbumine 4 mg comprimé oral) JAMP PHARMA CORPORATION,"mp_status: ""ACTIVE"" -> ""INACTIVE""
mp_status_effective_time: ""20190208"" -> ""20250731"""
96777,02477025,JAMP PERINDOPRIL (perindopril erbumine 8 mg oral tablet) JAMP PHARMA CORPORATION,JAMP PERINDOPRIL (périndopril erbumine 8 mg comprimé oral) JAMP PHARMA CORPORATION,"mp_status: ""ACTIVE"" -> ""INACTIVE""
mp_status_effective_time: ""20190208"" -> ""20250731"""
97179,02481308,AG-METOPROLOL-L (metoprolol tartrate 25 mg oral tablet) ANGITA PHARMA INC.,AG-METOPROLOL-L (tartrate de métoprolol 25 mg comprimé oral) ANGITA PHARMA INC.,"mp_status: ""ACTIVE"" -> ""INACTIVE""
mp_status_effective_time: ""20181227"" -> ""20250730"""
97180,02481316,AG-METOPROLOL-L (metoprolol tartrate 50 mg oral tablet) ANGITA PHARMA INC.,AG-METOPROLOL-L (tartrate de métoprolol 50 mg comprimé oral) ANGITA PHARMA INC.,"mp_status: ""ACTIVE"" -> ""INACTIVE""
mp_status_effective_time: ""20181227"" -> ""20250730"""
97181,02481324,AG-METOPROLOL-L (metoprolol tartrate 100 mg oral tablet) ANGITA PHARMA INC.,AG-METOPROLOL-L (tartrate de métoprolol 100 mg comprimé oral) ANGITA PHARMA INC.,"mp_status: ""ACTIVE"" -> ""INACTIVE""
mp_status_effective_time: ""20181227"" -> ""20250730"""
97216,02481677,AG-PERINDOPRIL (perindopril erbumine 2 mg oral tablet) ANGITA PHARMA INC.,AG-PERINDOPRIL (périndopril erbumine 2 mg comprimé oral) ANGITA PHARMA INC.,"mp_status: ""ACTIVE"" -> ""INACTIVE""
mp_status_effective_time: ""20181224"" -> ""20250730"""
97217,02481685,AG-PERINDOPRIL (perindopril erbumine 4 mg oral tablet) ANGITA PHARMA INC.,AG-PERINDOPRIL (périndopril erbumine 4 mg comprimé oral) ANGITA PHARMA INC.,"mp_status: ""ACTIVE"" -> ""INACTIVE""
mp_status_effective_time: ""20181224"" -> ""20250730"""
97218,02481693,AG-PERINDOPRIL (perindopril erbumine 8 mg oral tablet) ANGITA PHARMA INC.,AG-PERINDOPRIL (périndopril erbumine 8 mg comprimé oral) ANGITA PHARMA INC.,"mp_status: ""ACTIVE"" -> ""INACTIVE""
mp_status_effective_time: ""20181224"" -> ""20250730"""
97486,02484560,AG TELMISARTAN-HCT (hydrochlorothiazide 12.5 mg and telmisartan 80 mg oral tablet) ANGITA PHARMA INC.,"AG TELMISARTAN-HCT (hydrochlorothiazide 12,5 mg et telmisartan 80 mg comprimé oral) ANGITA PHARMA INC.","mp_status: ""ACTIVE"" -> ""INACTIVE""
mp_status_effective_time: ""20220907"" -> ""20250730"""
97504,02484757,AG-MOXIFLOXACIN (moxifloxacin (moxifloxacin hydrochloride) 0.5 % ophthalmic drops) ANGITA PHARMA INC.,"AG-MOXIFLOXACIN (moxifloxacine (chlorhydrate de moxifloxacine) 0,5 % gouttes ophtalmiques) ANGITA PHARMA INC.","mp_status: ""ACTIVE"" -> ""INACTIVE""
mp_status_effective_time: ""20200709"" -> ""20250730"""
97531,02485052,AG-FLUOXETINE (fluoxetine (fluoxetine hydrochloride) 10 mg oral capsule) ANGITA PHARMA INC.,AG-FLUOXETINE (fluoxétine (chlorhydrate de fluoxétine) 10 mg capsule orale) ANGITA PHARMA INC.,"mp_status: ""ACTIVE"" -> ""INACTIVE""
mp_status_effective_time: ""20190315"" -> ""20250730"""
97532,02485060,AG-FLUOXETINE (fluoxetine (fluoxetine hydrochloride) 20 mg oral capsule) ANGITA PHARMA INC.,AG-FLUOXETINE (fluoxétine (chlorhydrate de fluoxétine) 20 mg capsule orale) ANGITA PHARMA INC.,"mp_status: ""ACTIVE"" -> ""INACTIVE""
mp_status_effective_time: ""20190315"" -> ""20250730"""
97543,02485184,AG-ALENDRONATE (alendronic acid (alendronate sodium) 70 mg oral tablet) ANGITA PHARMA INC.,AG-ALENDRONATE (acide alendronique (alendronate sodique) 70 mg comprimé oral) ANGITA PHARMA INC.,"mp_status: ""ACTIVE"" -> ""INACTIVE""
mp_status_effective_time: ""20210205"" -> ""20250730"""
97706,02486903,COUGH AND ALLERGY SYRUP WITH CODEINE (ammonium chloride 125 mg per 5 mL and codeine phosphate 3.3 mg per 5 mL and diphenhydramine hydrochloride 12.5 mg per 5 mL syrup) LABORATOIRE RIVA INC.,"COUGH AND ALLERGY SYRUP WITH CODEINE (chlorure d'ammonium 125 mg par 5 mL et phosphate de codéine 3,3 mg par 5 mL et chlorhydrate de diphenhydramine 12,5 mg par 5 mL sirop) LABORATOIRE RIVA INC.","mp_status: ""ACTIVE"" -> ""INACTIVE""
mp_status_effective_time: ""20191008"" -> ""20250722"""
97775,02487608,AG-OLANZAPINE FC (olanzapine 2.5 mg oral tablet) ANGITA PHARMA INC.,"AG-OLANZAPINE FC (olanzapine 2,5 mg comprimé oral) ANGITA PHARMA INC.","mp_status: ""ACTIVE"" -> ""INACTIVE""
mp_status_effective_time: ""20200121"" -> ""20250730"""
97988,02489805,M-LANSOPRAZOLE (lansoprazole 15 mg gastro-resistant capsule) MANTRA PHARMA INC,M-LANSOPRAZOLE (lansoprazole 15 mg capsule gastrorésistante) MANTRA PHARMA INC,"mp_status: ""ACTIVE"" -> ""INACTIVE""
mp_status_effective_time: ""20191213"" -> ""20250724"""
97989,02489813,M-LANSOPRAZOLE (lansoprazole 30 mg gastro-resistant capsule) MANTRA PHARMA INC,M-LANSOPRAZOLE (lansoprazole 30 mg capsule gastrorésistante) MANTRA PHARMA INC,"mp_status: ""ACTIVE"" -> ""INACTIVE""
mp_status_effective_time: ""20191213"" -> ""20250724"""
98179,02491788,CALQUENCE (acalabrutinib 100 mg oral capsule) ASTRAZENECA CANADA INC,CALQUENCE (acalabrutinib 100 mg capsule orale) ASTRAZENECA CANADA INC,"mp_status: ""ACTIVE"" -> ""INACTIVE""
mp_status_effective_time: ""20191002"" -> ""20250725"""
98218,02492199,AMLODIPINE (amlodipine (amlodipine besylate) 2.5 mg oral tablet) JAMP PHARMA CORPORATION,"AMLODIPINE (amlodipine (bésylate d'amlodipine) 2,5 mg comprimé oral) JAMP PHARMA CORPORATION","mp_status: ""ACTIVE"" -> ""INACTIVE""
mp_status_effective_time: ""20200824"" -> ""20250731"""
98289,02492903,PYRITHIONE ZINC DANDRUFF SHAMPOO 2IN1 MEN SANDALWOOD (pyrithione zinc 1 % shampoo) PROCTER & GAMBLE INC,PYRITHIONE ZINC DANDRUFF SHAMPOO 2IN1 MEN SANDALWOOD (pyrithione zincique 1 % shampoing) PROCTER & GAMBLE INC,"mp_status: ""ACTIVE"" -> ""INACTIVE""
mp_status_effective_time: ""20200115"" -> ""20250716"""
98368,02493683,JAMP ELETRIPTAN (eletriptan (eletriptan hydrobromide) 20 mg oral tablet) JAMP PHARMA CORPORATION,JAMP ELETRIPTAN (élétriptan (bromhydrate d'élétriptan) 20 mg comprimé oral) JAMP PHARMA CORPORATION,"mp_status: ""ACTIVE"" -> ""INACTIVE""
mp_status_effective_time: ""20211216"" -> ""20250731"""
98369,02493691,JAMP ELETRIPTAN (eletriptan (eletriptan hydrobromide) 40 mg oral tablet) JAMP PHARMA CORPORATION,JAMP ELETRIPTAN (élétriptan (bromhydrate d'élétriptan) 40 mg comprimé oral) JAMP PHARMA CORPORATION,"mp_status: ""ACTIVE"" -> ""INACTIVE""
mp_status_effective_time: ""20211216"" -> ""20250731"""
98378,02493780,MINT-ACARBOSE (acarbose 50 mg oral tablet) MINT PHARMACEUTICALS INC,MINT-ACARBOSE (acarbose 50 mg comprimé oral) MINT PHARMACEUTICALS INC,"mp_status: ""ACTIVE"" -> ""INACTIVE""
mp_status_effective_time: ""20200528"" -> ""20250718"""
98379,02493799,MINT-ACARBOSE (acarbose 100 mg oral tablet) MINT PHARMACEUTICALS INC,MINT-ACARBOSE (acarbose 100 mg comprimé oral) MINT PHARMACEUTICALS INC,"mp_status: ""ACTIVE"" -> ""INACTIVE""
mp_status_effective_time: ""20200528"" -> ""20250718"""
98501,02495066,JAMP IMATINIB (imatinib (imatinib mesylate) 100 mg oral tablet) JAMP PHARMA CORPORATION,JAMP IMATINIB (imatinib (mésylate d'imatinib) 100 mg comprimé oral) JAMP PHARMA CORPORATION,"mp_status: ""ACTIVE"" -> ""INACTIVE""
mp_status_effective_time: ""20210427"" -> ""20250731"""
98502,02495074,JAMP IMATINIB (imatinib (imatinib mesylate) 400 mg oral tablet) JAMP PHARMA CORPORATION,JAMP IMATINIB (imatinib (mésylate d'imatinib) 400 mg comprimé oral) JAMP PHARMA CORPORATION,"mp_status: ""ACTIVE"" -> ""INACTIVE""
mp_status_effective_time: ""20210427"" -> ""20250731"""
98584,02495945,CALCIUM CHLORIDE INJECTION BP (calcium chloride 1000 mg per 10 mL solution for injection syringe) STERIMAX INC,CALCIUM CHLORIDE INJECTION BP (chlorure de calcium 1000 mg par 10 mL solution injectable seringue) STERIMAX INC,"mp_status: ""ACTIVE"" -> ""INACTIVE""
mp_status_effective_time: ""20210625"" -> ""20250730"""
98811,02498332,JAMP ROSUVASTATIN TABLETS (rosuvastatin (rosuvastatin calcium) 5 mg oral tablet) JAMP PHARMA CORPORATION,JAMP ROSUVASTATIN TABLETS (rosuvastatine (rosuvastatine calcique) 5 mg comprimé oral) JAMP PHARMA CORPORATION,"Health_Canada_product_name: ""JAMP ROSUVASTATIN CALCIUM"" -> ""JAMP ROSUVASTATIN TABLETS""
mp_formal_name: ""JAMP ROSUVASTATIN C̲A̲L̲C̲I̲U̲M̲ (rosuvastatin (rosuvastatin calcium) 5 mg oral tablet) JAMP PHARMA CORPORATION"" -> ""JAMP ROSUVASTATIN T̲A̲B̲L̲E̲T̲S̲ (rosuvastatin (rosuvastatin calcium) 5 mg oral tablet) JAMP PHARMA CORPORATION""
mp_fr_description: ""JAMP ROSUVASTATIN C̲A̲L̲C̲I̲U̲M̲ (rosuvastatine (rosuvastatine calcique) 5 mg comprimé oral) JAMP PHARMA CORPORATION"" -> ""JAMP ROSUVASTATIN T̲A̲B̲L̲E̲T̲S̲ (rosuvastatine (rosuvastatine calcique) 5 mg comprimé oral) JAMP PHARMA CORPORATION"""
98812,02498340,JAMP ROSUVASTATIN TABLETS (rosuvastatin (rosuvastatin calcium) 10 mg oral tablet) JAMP PHARMA CORPORATION,JAMP ROSUVASTATIN TABLETS (rosuvastatine (rosuvastatine calcique) 10 mg comprimé oral) JAMP PHARMA CORPORATION,"Health_Canada_product_name: ""JAMP ROSUVASTATIN CALCIUM"" -> ""JAMP ROSUVASTATIN TABLETS""
mp_formal_name: ""JAMP ROSUVASTATIN C̲A̲L̲C̲I̲U̲M̲ (rosuvastatin (rosuvastatin calcium) 10 mg oral tablet) JAMP PHARMA CORPORATION"" -> ""JAMP ROSUVASTATIN T̲A̲B̲L̲E̲T̲S̲ (rosuvastatin (rosuvastatin calcium) 10 mg oral tablet) JAMP PHARMA CORPORATION""
mp_fr_description: ""JAMP ROSUVASTATIN C̲A̲L̲C̲I̲U̲M̲ (rosuvastatine (rosuvastatine calcique) 10 mg comprimé oral) JAMP PHARMA CORPORATION"" -> ""JAMP ROSUVASTATIN T̲A̲B̲L̲E̲T̲S̲ (rosuvastatine (rosuvastatine calcique) 10 mg comprimé oral) JAMP PHARMA CORPORATION"""
98813,02498359,JAMP ROSUVASTATIN TABLETS (rosuvastatin (rosuvastatin calcium) 20 mg oral tablet) JAMP PHARMA CORPORATION,JAMP ROSUVASTATIN TABLETS (rosuvastatine (rosuvastatine calcique) 20 mg comprimé oral) JAMP PHARMA CORPORATION,"Health_Canada_product_name: ""JAMP ROSUVASTATIN CALCIUM"" -> ""JAMP ROSUVASTATIN TABLETS""
mp_formal_name: ""JAMP ROSUVASTATIN C̲A̲L̲C̲I̲U̲M̲ (rosuvastatin (rosuvastatin calcium) 20 mg oral tablet) JAMP PHARMA CORPORATION"" -> ""JAMP ROSUVASTATIN T̲A̲B̲L̲E̲T̲S̲ (rosuvastatin (rosuvastatin calcium) 20 mg oral tablet) JAMP PHARMA CORPORATION""
mp_fr_description: ""JAMP ROSUVASTATIN C̲A̲L̲C̲I̲U̲M̲ (rosuvastatine (rosuvastatine calcique) 20 mg comprimé oral) JAMP PHARMA CORPORATION"" -> ""JAMP ROSUVASTATIN T̲A̲B̲L̲E̲T̲S̲ (rosuvastatine (rosuvastatine calcique) 20 mg comprimé oral) JAMP PHARMA CORPORATION"""
98814,02498367,JAMP ROSUVASTATIN TABLETS (rosuvastatin (rosuvastatin calcium) 40 mg oral tablet) JAMP PHARMA CORPORATION,JAMP ROSUVASTATIN TABLETS (rosuvastatine (rosuvastatine calcique) 40 mg comprimé oral) JAMP PHARMA CORPORATION,"Health_Canada_product_name: ""JAMP ROSUVASTATIN CALCIUM"" -> ""JAMP ROSUVASTATIN TABLETS""
mp_formal_name: ""JAMP ROSUVASTATIN C̲A̲L̲C̲I̲U̲M̲ (rosuvastatin (rosuvastatin calcium) 40 mg oral tablet) JAMP PHARMA CORPORATION"" -> ""JAMP ROSUVASTATIN T̲A̲B̲L̲E̲T̲S̲ (rosuvastatin (rosuvastatin calcium) 40 mg oral tablet) JAMP PHARMA CORPORATION""
mp_fr_description: ""JAMP ROSUVASTATIN C̲A̲L̲C̲I̲U̲M̲ (rosuvastatine (rosuvastatine calcique) 40 mg comprimé oral) JAMP PHARMA CORPORATION"" -> ""JAMP ROSUVASTATIN T̲A̲B̲L̲E̲T̲S̲ (rosuvastatine (rosuvastatine calcique) 40 mg comprimé oral) JAMP PHARMA CORPORATION"""
98980,02500094,JAMP CINACALCET TABLETS (cinacalcet (cinacalcet hydrochloride) 30 mg oral tablet) JAMP PHARMA CORPORATION,JAMP CINACALCET TABLETS (cinacalcet (chlorhydrate de cinacalcet) 30 mg comprimé oral) JAMP PHARMA CORPORATION,"mp_status: ""ACTIVE"" -> ""INACTIVE""
mp_status_effective_time: ""20210215"" -> ""20250731"""
98981,02500108,JAMP CINACALCET TABLETS (cinacalcet (cinacalcet hydrochloride) 60 mg oral tablet) JAMP PHARMA CORPORATION,JAMP CINACALCET TABLETS (cinacalcet (chlorhydrate de cinacalcet) 60 mg comprimé oral) JAMP PHARMA CORPORATION,"mp_status: ""ACTIVE"" -> ""INACTIVE""
mp_status_effective_time: ""20210215"" -> ""20250731"""
99140,02501791,AZACITIDINE FOR INJECTION (azacitidine 100 mg per vial powder for suspension for injection) JAMP PHARMA CORPORATION,AZACITIDINE FOR INJECTION (azacitidine 100 mg par fiole poudre pour suspension injectable) JAMP PHARMA CORPORATION,"mp_status: ""ACTIVE"" -> ""INACTIVE""
mp_status_effective_time: ""20220801"" -> ""20250731"""
99153,02501929,AG-LACOSAMIDE (lacosamide 100 mg oral tablet) ANGITA PHARMA INC.,AG-LACOSAMIDE (lacosamide 100 mg comprimé oral) ANGITA PHARMA INC.,"mp_status: ""ACTIVE"" -> ""INACTIVE""
mp_status_effective_time: ""20211224"" -> ""20250730"""
99155,02501945,AG-LACOSAMIDE (lacosamide 200 mg oral tablet) ANGITA PHARMA INC.,AG-LACOSAMIDE (lacosamide 200 mg comprimé oral) ANGITA PHARMA INC.,"mp_status: ""ACTIVE"" -> ""INACTIVE""
mp_status_effective_time: ""20220429"" -> ""20250730"""
99227,02502720,PYRITHIONE ZINC DANDRUFF CONDITIONER SUPRÊME COLOUR PROTECT (pyrithione zinc 0.5 % shampoo) PROCTER & GAMBLE INC,"PYRITHIONE ZINC DANDRUFF CONDITIONER SUPRÊME COLOUR PROTECT (pyrithione zincique 0,5 % shampoing) PROCTER & GAMBLE INC","mp_status: ""ACTIVE"" -> ""INACTIVE""
mp_status_effective_time: ""20201031"" -> ""20250716"""
99231,02502763,PYRITHIONE ZINC DANDRUFF SHAMPOO SUPRÊME COLOUR PROTECT (pyrithione zinc 1 % shampoo) PROCTER & GAMBLE INC,PYRITHIONE ZINC DANDRUFF SHAMPOO SUPRÊME COLOUR PROTECT (pyrithione zincique 1 % shampoing) PROCTER & GAMBLE INC,"mp_status: ""ACTIVE"" -> ""INACTIVE""
mp_status_effective_time: ""20201102"" -> ""20250716"""
99232,02502771,ITCH RELIEF SCALP MIST (pyrithione zinc 0.1 % cutaneous spray) PROCTER & GAMBLE INC,"ITCH RELIEF SCALP MIST (pyrithione zincique 0,1 % vaporisation cutanée) PROCTER & GAMBLE INC","mp_status: ""ACTIVE"" -> ""INACTIVE""
mp_status_effective_time: ""20230615"" -> ""20250716"""
99472,02505363,AG-URSODIOL (ursodiol 250 mg oral tablet) ANGITA PHARMA INC.,AG-URSODIOL (ursodiol 250 mg comprimé oral) ANGITA PHARMA INC.,"mp_status: ""ACTIVE"" -> ""INACTIVE""
mp_status_effective_time: ""20210430"" -> ""20250730"""
99961,02510383,POLY ANTIBIOTIC OINTMENT (bacitracin 500 unit per g and polymyxin B (polymyxin B sulfate) 10000 unit per g cutaneous ointment) THE AVON COMPANY CANADA LIMITED,POLY ANTIBIOTIC OINTMENT (bacitracine 500 unité par g et polymyxine B (sulfate de polymyxine B) 10000 unité par g pommade cutanée) THE AVON COMPANY CANADA LIMITED,"mp_status_effective_time: ""20240619"" -> ""20250721"""
100015,02510871,ORAL-B GUM THERAPY (cetylpyridinium chloride 0.07 % mouthwash) PROCTER & GAMBLE INC,"ORAL-B GUM THERAPY (chlorure de cétylpyridinium 0,07 % solution pour bain de bouche) PROCTER & GAMBLE INC","mp_status: ""ACTIVE"" -> ""INACTIVE""
mp_status_effective_time: ""20210705"" -> ""20250716"""
100180,02512513,JAMP DULOXETINE CAPSULES (duloxetine (duloxetine hydrochloride) 60 mg gastro-resistant capsule) JAMP PHARMA CORPORATION,JAMP DULOXETINE CAPSULES (duloxétine (chlorhydrate de duloxétine) 60 mg capsule gastrorésistante) JAMP PHARMA CORPORATION,"mp_status: ""ACTIVE"" -> ""INACTIVE""
mp_status_effective_time: ""20231117"" -> ""20250731"""
100708,02517728,JAMP MIDODRINE (midodrine hydrochloride 5 mg oral tablet) JAMP PHARMA CORPORATION,JAMP MIDODRINE (chlorhydrate de midodrine 5 mg comprimé oral) JAMP PHARMA CORPORATION,"mp_status: ""ACTIVE"" -> ""INACTIVE""
mp_status_effective_time: ""20220221"" -> ""20250731"""
100726,02517914,SCALP CALMING TREATMENT (pyrithione zinc 0.2 % cutaneous cream) PROCTER & GAMBLE INC,"SCALP CALMING TREATMENT (pyrithione zincique 0,2 % crème cutanée) PROCTER & GAMBLE INC","mp_status: ""ACTIVE"" -> ""INACTIVE""
mp_status_effective_time: ""20211230"" -> ""20250717"""
100801,02518716,RIVA-EFAVIRENZ/EMTRICITABINE/TENOFOVIR (efavirenz 600 mg and emtricitabine 200 mg and tenofovir disoproxil fumarate 300 mg oral tablet) LABORATOIRE RIVA INC.,RIVA-EFAVIRENZ/EMTRICITABINE/TENOFOVIR (éfavirenz 600 mg et emtricitabine 200 mg et fumarate de ténofovir disoproxil 300 mg comprimé oral) LABORATOIRE RIVA INC.,"mp_status: ""ACTIVE"" -> ""INACTIVE""
mp_status_effective_time: ""20210825"" -> ""20250704"""
100886,02519615,QUETIAPINE XR (quetiapine (quetiapine fumarate) 150 mg prolonged-release oral tablet) JAMP PHARMA CORPORATION,QUETIAPINE XR (quétiapine (fumarate de quétiapine) 150 mg comprimé oral à libération prolongée) JAMP PHARMA CORPORATION,"mp_status: ""ACTIVE"" -> ""INACTIVE""
mp_status_effective_time: ""20220427"" -> ""20250731"""
100887,02519623,QUETIAPINE XR (quetiapine (quetiapine fumarate) 200 mg prolonged-release oral tablet) JAMP PHARMA CORPORATION,QUETIAPINE XR (quétiapine (fumarate de quétiapine) 200 mg comprimé oral à libération prolongée) JAMP PHARMA CORPORATION,"mp_status: ""ACTIVE"" -> ""INACTIVE""
mp_status_effective_time: ""20220427"" -> ""20250731"""
100900,02519763,QUETIAPINE XR (quetiapine (quetiapine fumarate) 400 mg prolonged-release oral tablet) JAMP PHARMA CORPORATION,QUETIAPINE XR (quétiapine (fumarate de quétiapine) 400 mg comprimé oral à libération prolongée) JAMP PHARMA CORPORATION,"mp_status: ""ACTIVE"" -> ""INACTIVE""
mp_status_effective_time: ""20220427"" -> ""20250731"""
100973,02520532,AG-QUETIAPINE XR (quetiapine (quetiapine fumarate) 50 mg prolonged-release oral tablet) ANGITA PHARMA INC.,AG-QUETIAPINE XR (quétiapine (fumarate de quétiapine) 50 mg comprimé oral à libération prolongée) ANGITA PHARMA INC.,"mp_status: ""ACTIVE"" -> ""INACTIVE""
mp_status_effective_time: ""20220427"" -> ""20250730"""
100974,02520540,AG-QUETIAPINE XR (quetiapine (quetiapine fumarate) 150 mg prolonged-release oral tablet) ANGITA PHARMA INC.,AG-QUETIAPINE XR (quétiapine (fumarate de quétiapine) 150 mg comprimé oral à libération prolongée) ANGITA PHARMA INC.,"mp_status: ""ACTIVE"" -> ""INACTIVE""
mp_status_effective_time: ""20220427"" -> ""20250730"""
100975,02520559,AG-QUETIAPINE XR (quetiapine (quetiapine fumarate) 200 mg prolonged-release oral tablet) ANGITA PHARMA INC.,AG-QUETIAPINE XR (quétiapine (fumarate de quétiapine) 200 mg comprimé oral à libération prolongée) ANGITA PHARMA INC.,"mp_status: ""ACTIVE"" -> ""INACTIVE""
mp_status_effective_time: ""20220427"" -> ""20250730"""
100977,02520575,AG-QUETIAPINE XR (quetiapine (quetiapine fumarate) 400 mg prolonged-release oral tablet) ANGITA PHARMA INC.,AG-QUETIAPINE XR (quétiapine (fumarate de quétiapine) 400 mg comprimé oral à libération prolongée) ANGITA PHARMA INC.,"mp_status: ""ACTIVE"" -> ""INACTIVE""
mp_status_effective_time: ""20220427"" -> ""20250730"""
101001,02520818,PYRITHIONE ZINC DANDRUFF SHAMPOO SUPRÊME CLARIFY & VOLUMIZE (pyrithione zinc 1 % shampoo) PROCTER & GAMBLE INC,PYRITHIONE ZINC DANDRUFF SHAMPOO SUPRÊME CLARIFY & VOLUMIZE (pyrithione zincique 1 % shampoing) PROCTER & GAMBLE INC,"mp_status: ""ACTIVE"" -> ""INACTIVE""
mp_status_effective_time: ""20211230"" -> ""20250716"""
101002,02520826,PYRITHIONE ZINC DANDRUFF CONDITIONER SUPRÊME CLARIFY & VOLUMIZE (pyrithione zinc 0.5 % shampoo) PROCTER & GAMBLE INC,"PYRITHIONE ZINC DANDRUFF CONDITIONER SUPRÊME CLARIFY & VOLUMIZE (pyrithione zincique 0,5 % shampoing) PROCTER & GAMBLE INC","mp_status: ""ACTIVE"" -> ""INACTIVE""
mp_status_effective_time: ""20211230"" -> ""20250716"""
101110,02521938,JAMP AMBRISENTAN (ambrisentan 5 mg oral tablet) JAMP PHARMA CORPORATION,JAMP AMBRISENTAN (ambrisentan 5 mg comprimé oral) JAMP PHARMA CORPORATION,"mp_status: ""ACTIVE"" -> ""INACTIVE""
mp_status_effective_time: ""20221006"" -> ""20250731"""
101111,02521946,JAMP AMBRISENTAN (ambrisentan 10 mg oral tablet) JAMP PHARMA CORPORATION,JAMP AMBRISENTAN (ambrisentan 10 mg comprimé oral) JAMP PHARMA CORPORATION,"mp_status: ""ACTIVE"" -> ""INACTIVE""
mp_status_effective_time: ""20221006"" -> ""20250731"""
101135,02522209,MINT-QUETIAPINE XR (quetiapine (quetiapine fumarate) 200 mg prolonged-release oral tablet) MINT PHARMACEUTICALS INC,MINT-QUETIAPINE XR (quétiapine (fumarate de quétiapine) 200 mg comprimé oral à libération prolongée) MINT PHARMACEUTICALS INC,"mp_status: ""ACTIVE"" -> ""INACTIVE""
mp_status_effective_time: ""20220407"" -> ""20250524"""
101161,02522497,PYRITHIONE ZINC DANDRUFF SHAMPOO 2IN1 MEN LAVENDER MINT (pyrithione zinc 1 % shampoo) PROCTER & GAMBLE INC,PYRITHIONE ZINC DANDRUFF SHAMPOO 2IN1 MEN LAVENDER MINT (pyrithione zincique 1 % shampoing) PROCTER & GAMBLE INC,"mp_status: ""ACTIVE"" -> ""INACTIVE""
mp_status_effective_time: ""20211230"" -> ""20250716"""
101219,02523124,ACETAMINOPHEN ARTHRITIS PAIN (acetaminophen 650 mg prolonged-release oral tablet) SUN PHARMA CANADA INC,ACETAMINOPHEN ARTHRITIS PAIN (acétaminophène 650 mg comprimé oral à libération prolongée) SUN PHARMA CANADA INC,"mp_status: ""ACTIVE"" -> ""INACTIVE""
mp_status_effective_time: ""20220527"" -> ""20250710"""
101295,02523906,TEPADINA (thiotepa 400 mg powder for solution for injection with diluent solution per bag) ADIENNE SA,TEPADINA (thiotépa 400 mg poudre pour solution injectable avec solution diluante par sac) ADIENNE SA,ADDED
101394,02524910,AG-CETIRIZINE (cetirizine hydrochloride 20 mg oral tablet) ANGITA PHARMA INC.,AG-CETIRIZINE (chlorhydrate de cétirizine 20 mg comprimé oral) ANGITA PHARMA INC.,"mp_status: ""ACTIVE"" -> ""INACTIVE""
mp_status_effective_time: ""20220511"" -> ""20250730"""
101440,02525380,ABIRATERONE (abiraterone acetate 500 mg oral tablet) JAMP PHARMA CORPORATION,ABIRATERONE (acétate d'abiratérone 500 mg comprimé oral) JAMP PHARMA CORPORATION,"mp_status: ""ACTIVE"" -> ""INACTIVE""
mp_status_effective_time: ""20220712"" -> ""20250731"""
101597,02526913,PRO-DESVENLAFAXINE (desvenlafaxine (desvenlafaxine succinate) 50 mg prolonged-release oral tablet) PRO DOC LIMITEE,PRO-DESVENLAFAXINE (desvenlafaxine (succinate de desvenlafaxine) 50 mg comprimé oral à libération prolongée) PRO DOC LIMITEE,"mp_status: ""ACTIVE"" -> ""INACTIVE""
mp_status_effective_time: ""20221005"" -> ""20240524"""
101598,02526921,PRO-DESVENLAFAXINE (desvenlafaxine (desvenlafaxine succinate) 100 mg prolonged-release oral tablet) PRO DOC LIMITEE,PRO-DESVENLAFAXINE (desvenlafaxine (succinate de desvenlafaxine) 100 mg comprimé oral à libération prolongée) PRO DOC LIMITEE,"mp_status: ""ACTIVE"" -> ""INACTIVE""
mp_status_effective_time: ""20221005"" -> ""20240531"""
101993,02530775,METHOFILL SELF-DOSE INJECTOR (methotrexate (methotrexate sodium) 10 mg per 0.2 mL solution for injection syringe) ACCORD HEALTHCARE INC,"METHOFILL SELF-DOSE INJECTOR (méthotrexate (méthotrexate sodique) 10 mg par 0,2 mL solution injectable seringue) ACCORD HEALTHCARE INC",ADDED
101994,02530783,METHOFILL SELF-DOSE INJECTOR (methotrexate (methotrexate sodium) 12.5 mg per 0.25 mL solution for injection syringe) ACCORD HEALTHCARE INC,"METHOFILL SELF-DOSE INJECTOR (méthotrexate (méthotrexate sodique) 12,5 mg par 0,25 mL solution injectable seringue) ACCORD HEALTHCARE INC",ADDED
101995,02530791,METHOFILL SELF-DOSE INJECTOR (methotrexate (methotrexate sodium) 15 mg per 0.3 mL solution for injection syringe) ACCORD HEALTHCARE INC,"METHOFILL SELF-DOSE INJECTOR (méthotrexate (méthotrexate sodique) 15 mg par 0,3 mL solution injectable seringue) ACCORD HEALTHCARE INC",ADDED
101996,02530805,METHOFILL SELF-DOSE INJECTOR (methotrexate (methotrexate sodium) 17.5 mg per 0.35 mL solution for injection syringe) ACCORD HEALTHCARE INC,"METHOFILL SELF-DOSE INJECTOR (méthotrexate (méthotrexate sodique) 17,5 mg par 0,35 mL solution injectable seringue) ACCORD HEALTHCARE INC",ADDED
101999,02530813,METHOFILL SELF-DOSE INJECTOR (methotrexate (methotrexate sodium) 20 mg per 0.4 mL solution for injection syringe) ACCORD HEALTHCARE INC,"METHOFILL SELF-DOSE INJECTOR (méthotrexate (méthotrexate sodique) 20 mg par 0,4 mL solution injectable seringue) ACCORD HEALTHCARE INC",ADDED
102001,02530848,METHOFILL SELF-DOSE INJECTOR (methotrexate (methotrexate sodium) 22.5 mg per 0.45 mL solution for injection syringe) ACCORD HEALTHCARE INC,"METHOFILL SELF-DOSE INJECTOR (méthotrexate (méthotrexate sodique) 22,5 mg par 0,45 mL solution injectable seringue) ACCORD HEALTHCARE INC",ADDED
102002,02530856,METHOFILL SELF-DOSE INJECTOR (methotrexate (methotrexate sodium) 25 mg per 0.5 mL solution for injection syringe) ACCORD HEALTHCARE INC,"METHOFILL SELF-DOSE INJECTOR (méthotrexate (méthotrexate sodique) 25 mg par 0,5 mL solution injectable seringue) ACCORD HEALTHCARE INC",ADDED
102400,02535122,JAMP LISDEXAMFETAMINE (lisdexamfetamine dimesylate 10 mg oral capsule) JAMP PHARMA CORPORATION,JAMP LISDEXAMFETAMINE (dimésylate de lisdexamfétamine 10 mg capsule orale) JAMP PHARMA CORPORATION,ADDED
102401,02535130,JAMP LISDEXAMFETAMINE (lisdexamfetamine dimesylate 20 mg oral capsule) JAMP PHARMA CORPORATION,JAMP LISDEXAMFETAMINE (dimésylate de lisdexamfétamine 20 mg capsule orale) JAMP PHARMA CORPORATION,ADDED
102402,02535149,JAMP LISDEXAMFETAMINE (lisdexamfetamine dimesylate 30 mg oral capsule) JAMP PHARMA CORPORATION,JAMP LISDEXAMFETAMINE (dimésylate de lisdexamfétamine 30 mg capsule orale) JAMP PHARMA CORPORATION,ADDED
102403,02535157,JAMP LISDEXAMFETAMINE (lisdexamfetamine dimesylate 40 mg oral capsule) JAMP PHARMA CORPORATION,JAMP LISDEXAMFETAMINE (dimésylate de lisdexamfétamine 40 mg capsule orale) JAMP PHARMA CORPORATION,ADDED
102404,02535165,JAMP LISDEXAMFETAMINE (lisdexamfetamine dimesylate 50 mg oral capsule) JAMP PHARMA CORPORATION,JAMP LISDEXAMFETAMINE (dimésylate de lisdexamfétamine 50 mg capsule orale) JAMP PHARMA CORPORATION,ADDED
102405,02535173,JAMP LISDEXAMFETAMINE (lisdexamfetamine dimesylate 60 mg oral capsule) JAMP PHARMA CORPORATION,JAMP LISDEXAMFETAMINE (dimésylate de lisdexamfétamine 60 mg capsule orale) JAMP PHARMA CORPORATION,ADDED
102406,02535181,JAMP LISDEXAMFETAMINE (lisdexamfetamine dimesylate 70 mg oral capsule) JAMP PHARMA CORPORATION,JAMP LISDEXAMFETAMINE (dimésylate de lisdexamfétamine 70 mg capsule orale) JAMP PHARMA CORPORATION,ADDED
102708,02538350,ACID CONTROLLER MAXIMUM STRENGTH (famotidine 20 mg oral tablet) ANGITA PHARMA INC.,ACID CONTROLLER MAXIMUM STRENGTH (famotidine 20 mg comprimé oral) ANGITA PHARMA INC.,ADDED
103206,02543591,ZZZQUIL SLEEP AID (diphenhydramine hydrochloride 50 mg per 30 mL oral solution) PROCTER & GAMBLE INC,ZZZQUIL SLEEP AID (chlorhydrate de diphenhydramine 50 mg par 30 mL solution orale) PROCTER & GAMBLE INC,ADDED
103210,02543656,NUVAXOVID (SARS-CoV-2 recombinant spike protein 5 mcg per 0.5 mL suspension for injection 5 mL vial) NOVAVAX INC.,"NUVAXOVID (protéine de spicule du SRAS-CoV-2 recombinante 5 mcg par 0,5 mL suspension injectable 5 mL fiole) NOVAVAX INC.","mp_status: ""ACTIVE"" -> ""INACTIVE""
mp_status_effective_time: ""20231208"" -> ""20250714"""
103325,02544687,EXTRA STRENGTH TYLENOL DAYTIME RELIEF (acetaminophen 500 mg and caffeine 65 mg oral tablet) KENVUE CANADA INC.,EXTRA STRENGTH TYLENOL DAYTIME RELIEF (acétaminophène 500 mg et caféine 65 mg comprimé oral) KENVUE CANADA INC.,"mp_formal_name: ""EXTRA STRENGTH TYLENOL DAYTIME RELIEF (acetaminophen 500 mg and caffeine 65 mg oral tablet) M̲C̲N̲E̲I̲L̲ ̲C̲O̲N̲S̲U̲M̲E̲R̲ ̲H̲E̲A̲L̲T̲H̲C̲A̲R̲E̲ ̲D̲I̲V̲I̲S̲I̲O̲N̲ ̲O̲F̲ ̲J̲O̲H̲N̲S̲O̲N̲ ̲&̲ ̲J̲O̲H̲N̲S̲O̲N̲ ̲I̲N̲C̲"" -> ""EXTRA STRENGTH TYLENOL DAYTIME RELIEF (acetaminophen 500 mg and caffeine 65 mg oral tablet) K̲E̲N̲V̲U̲E̲ ̲C̲A̲N̲A̲D̲A̲ ̲I̲N̲C̲.̲""
mp_fr_description: ""EXTRA STRENGTH TYLENOL DAYTIME RELIEF (acétaminophène 500 mg et caféine 65 mg comprimé oral) M̲C̲N̲E̲I̲L̲ ̲C̲O̲N̲S̲U̲M̲E̲R̲ ̲H̲E̲A̲L̲T̲H̲C̲A̲R̲E̲ ̲D̲I̲V̲I̲S̲I̲O̲N̲ ̲O̲F̲ ̲J̲O̲H̲N̲S̲O̲N̲ ̲&̲ ̲J̲O̲H̲N̲S̲O̲N̲ ̲I̲N̲C̲"" -> ""EXTRA STRENGTH TYLENOL DAYTIME RELIEF (acétaminophène 500 mg et caféine 65 mg comprimé oral) K̲E̲N̲V̲U̲E̲ ̲C̲A̲N̲A̲D̲A̲ ̲I̲N̲C̲.̲"""
103358,02544962,BARE MINIMAL INGREDIENTS SHAMPOO ITCH CONTROL (pyrithione zinc 1 % shampoo) PROCTER & GAMBLE INC,BARE MINIMAL INGREDIENTS SHAMPOO ITCH CONTROL (pyrithione zincique 1 % shampoing) PROCTER & GAMBLE INC,ADDED
103444,02545691,IBUPROFEN MINI LIQUID CAPSULES (ibuprofen 200 mg oral capsule) JUNO OTC INC,IBUPROFEN MINI LIQUID CAPSULES (ibuprofène 200 mg capsule orale) JUNO OTC INC,ADDED
103467,02545950,ERIBULIN MESYLATE INJECTION (eribulin mesylate 1 mg per 2 mL solution for injection vial) DR REDDY'S LABORATORIES LTD,ERIBULIN MESYLATE INJECTION (mésylate d'éribuline 1 mg par 2 mL solution injectable fiole) DR REDDY'S LABORATORIES LTD,ADDED
103517,02546485,BARE MINIMAL INGREDIENTS 2IN1 SHAMPOO PURE CLEAN (pyrithione zinc 1 % shampoo) PROCTER & GAMBLE INC,BARE MINIMAL INGREDIENTS 2IN1 SHAMPOO PURE CLEAN (pyrithione zincique 1 % shampoing) PROCTER & GAMBLE INC,ADDED
103673,02547805,AURO-SITAGLIPTIN HYDROCHLORIDE AND METFORMIN HYDROCHLORIDE (metformin hydrochloride 500 mg and sitagliptin (sitagliptin hydrochloride monohydrate) 50 mg oral tablet) AURO PHARMA INC,AURO-SITAGLIPTIN HYDROCHLORIDE AND METFORMIN HYDROCHLORIDE (chlorhydrate de metformine 500 mg et sitagliptine (chlorhydrate de sitagliptine monohydraté) 50 mg comprimé oral) AURO PHARMA INC,ADDED
103674,02547813,AURO-SITAGLIPTIN HYDROCHLORIDE AND METFORMIN HYDROCHLORIDE (metformin hydrochloride 850 mg and sitagliptin (sitagliptin hydrochloride monohydrate) 50 mg oral tablet) AURO PHARMA INC,AURO-SITAGLIPTIN HYDROCHLORIDE AND METFORMIN HYDROCHLORIDE (chlorhydrate de metformine 850 mg et sitagliptine (chlorhydrate de sitagliptine monohydraté) 50 mg comprimé oral) AURO PHARMA INC,ADDED
103675,02547821,AURO-SITAGLIPTIN HYDROCHLORIDE AND METFORMIN HYDROCHLORIDE (metformin hydrochloride 1000 mg and sitagliptin (sitagliptin hydrochloride monohydrate) 50 mg oral tablet) AURO PHARMA INC,AURO-SITAGLIPTIN HYDROCHLORIDE AND METFORMIN HYDROCHLORIDE (chlorhydrate de metformine 1000 mg et sitagliptine (chlorhydrate de sitagliptine monohydraté) 50 mg comprimé oral) AURO PHARMA INC,ADDED
103734,02548461,MYSTEP (levonorgestrel 1.5 mg oral tablet) JAMP PHARMA CORPORATION,"MYSTEP (lévonorgestrel 1,5 mg comprimé oral) JAMP PHARMA CORPORATION",ADDED
103815,02549360,DAYQUIL KIDS HONEY (dextromethorphan hydrobromide 10 mg per 15 mL syrup) PROCTER & GAMBLE INC,DAYQUIL KIDS HONEY (bromhydrate de dextrométhorphane 10 mg par 15 mL sirop) PROCTER & GAMBLE INC,ADDED
103999,02551268,M-PROGESTERONE (progesterone 100 mg oral capsule) MANTRA PHARMA INC,M-PROGESTERONE (progestérone 100 mg capsule orale) MANTRA PHARMA INC,ADDED
104039,02551667,NYQUIL COLD & FLU ALCOHOL FREE (acetaminophen 650 mg per 30 mL and chlorpheniramine maleate 4 mg per 30 mL and dextromethorphan hydrobromide 30 mg per 30 mL syrup) PROCTER & GAMBLE INC,NYQUIL COLD & FLU ALCOHOL FREE (acétaminophène 650 mg par 30 mL et maléate de chlorphéniramine 4 mg par 30 mL et bromhydrate de dextrométhorphane 30 mg par 30 mL sirop) PROCTER & GAMBLE INC,ADDED
104041,02551683,MAR-DIENOGEST (dienogest 2 mg oral tablet) MARCAN PHARMACEUTICALS INC,MAR-DIENOGEST (diénogest 2 mg comprimé oral) MARCAN PHARMACEUTICALS INC,ADDED
104068,02551985,MOUNJARO KWIKPEN (tirzepatide 10 mg per actuation solution for injection pre-filled pen) ELI LILLY CANADA INC,MOUNJARO KWIKPEN (tirzépatide 10 mg par actionnement solution injectable stylo prérempli) ELI LILLY CANADA INC,"mp_formal_name: ""MOUNJARO KWIKPEN (tirzepatide 10 mg per acu̲t̲ation solution for injection pre-filled pen) ELI LILLY CANADA INC"" -> ""MOUNJARO KWIKPEN (tirzepatide 10 mg per act̲u̲ation solution for injection pre-filled pen) ELI LILLY CANADA INC"""
104093,02552256,JAMP RIVASTIGMINE CAPSULES (rivastigmine (rivastigmine hydrogen tartrate) 1.5 mg oral capsule) JAMP PHARMA CORPORATION,"JAMP RIVASTIGMINE CAPSULES (rivastigmine (tartrate hydrogéné de rivastigmine) 1,5 mg capsule orale) JAMP PHARMA CORPORATION",ADDED
104094,02552264,JAMP RIVASTIGMINE CAPSULES (rivastigmine (rivastigmine hydrogen tartrate) 3 mg oral capsule) JAMP PHARMA CORPORATION,JAMP RIVASTIGMINE CAPSULES (rivastigmine (tartrate hydrogéné de rivastigmine) 3 mg capsule orale) JAMP PHARMA CORPORATION,ADDED
104095,02552272,JAMP RIVASTIGMINE CAPSULES (rivastigmine (rivastigmine hydrogen tartrate) 4.5 mg oral capsule) JAMP PHARMA CORPORATION,"JAMP RIVASTIGMINE CAPSULES (rivastigmine (tartrate hydrogéné de rivastigmine) 4,5 mg capsule orale) JAMP PHARMA CORPORATION",ADDED
104096,02552280,JAMP RIVASTIGMINE CAPSULES (rivastigmine (rivastigmine hydrogen tartrate) 6 mg oral capsule) JAMP PHARMA CORPORATION,JAMP RIVASTIGMINE CAPSULES (rivastigmine (tartrate hydrogéné de rivastigmine) 6 mg capsule orale) JAMP PHARMA CORPORATION,ADDED
104192,02552957,EUGIA-PAZOPANIB (pazopanib (pazopanib hydrochloride) 200 mg oral tablet) EUGIA PHARMA INC.,EUGIA-PAZOPANIB (pazopanib (chlorhydrate de pazopanib) 200 mg comprimé oral) EUGIA PHARMA INC.,ADDED
104240,02553465,MEN'S GLN-MINOXIDIL (minoxidil 5 % cutaneous foam) GLENMARK PHARMACEUTICALS CANADA INC.,MEN'S GLN-MINOXIDIL (minoxidil 5 % mousse cutanée) GLENMARK PHARMACEUTICALS CANADA INC.,ADDED
104259,02553686,AG-ANASTROZOLE TABLETS (anastrozole 1 mg oral tablet) ANGITA PHARMA INC.,AG-ANASTROZOLE TABLETS (anastrozole 1 mg comprimé oral) ANGITA PHARMA INC.,ADDED
104289,02554003,VABYSMO (faricimab 6 mg per 0.05 mL solution for injection syringe) HOFFMANN-LA ROCHE LIMITED,"VABYSMO (faricimab 6 mg par 0,05 mL solution injectable seringue) HOFFMANN-LA ROCHE LIMITED",ADDED
104303,02554151,VABOMERE (meropenem (meropenem trihydrate) 1 g per vial and vaborbactam 1 g per vial powder for solution for injection) XEDITON PHARMACEUTICALS INC,VABOMERE (méropénem (méropénem trihydraté) 1 g par fiole et vaborbactam 1 g par fiole poudre pour solution injectable) XEDITON PHARMACEUTICALS INC,ADDED
104305,02554178,AFLIVU (aflibercept 2 mg per 0.05 mL solution for injection syringe) APOTEX INC,"AFLIVU (aflibercept 2 mg par 0,05 mL solution injectable seringue) APOTEX INC",ADDED
104306,02554194,AFLIVU (aflibercept 2 mg per 0.05 mL solution for injection vial) APOTEX INC,"AFLIVU (aflibercept 2 mg par 0,05 mL solution injectable fiole) APOTEX INC",ADDED
104325,02554399,AURO-DIGOXIN (digoxin 0.0625 mg oral tablet) AURO PHARMA INC,"AURO-DIGOXIN (digoxine 0,0625 mg comprimé oral) AURO PHARMA INC",ADDED
104326,02554402,AURO-DIGOXIN (digoxin 0.125 mg oral tablet) AURO PHARMA INC,"AURO-DIGOXIN (digoxine 0,125 mg comprimé oral) AURO PHARMA INC",ADDED
104404,02555255,AG-RIVAROXABAN (rivaroxaban 2.5 mg oral tablet) ANGITA PHARMA INC.,"AG-RIVAROXABAN (rivaroxaban 2,5 mg comprimé oral) ANGITA PHARMA INC.",ADDED
104444,02555697,NB-PERINDOPRIL (perindopril erbumine 2 mg oral tablet) NB PHARMA INC.,NB-PERINDOPRIL (périndopril erbumine 2 mg comprimé oral) NB PHARMA INC.,ADDED
104445,02555700,NB-PERINDOPRIL (perindopril erbumine 4 mg oral tablet) NB PHARMA INC.,NB-PERINDOPRIL (périndopril erbumine 4 mg comprimé oral) NB PHARMA INC.,ADDED
104446,02555719,NB-PERINDOPRIL (perindopril erbumine 8 mg oral tablet) NB PHARMA INC.,NB-PERINDOPRIL (périndopril erbumine 8 mg comprimé oral) NB PHARMA INC.,ADDED
104459,02555867,MYTOLAC (lanreotide (lanreotide acetate) 60 mg per 0.2 mL prolonged-release solution for injection syringe) ADVANZ PHARMA CANADA INC.,"MYTOLAC (lanréotide (acétate de lanréotide) 60 mg par 0,2 mL solution injectable à libération prolongée seringue) ADVANZ PHARMA CANADA INC.",ADDED
104460,02555875,MYTOLAC (lanreotide (lanreotide acetate) 90 mg per 0.3 mL prolonged-release solution for injection syringe) ADVANZ PHARMA CANADA INC.,"MYTOLAC (lanréotide (acétate de lanréotide) 90 mg par 0,3 mL solution injectable à libération prolongée seringue) ADVANZ PHARMA CANADA INC.",ADDED
104461,02555883,MYTOLAC (lanreotide (lanreotide acetate) 120 mg per 0.5 mL prolonged-release solution for injection syringe) ADVANZ PHARMA CANADA INC.,"MYTOLAC (lanréotide (acétate de lanréotide) 120 mg par 0,5 mL solution injectable à libération prolongée seringue) ADVANZ PHARMA CANADA INC.",ADDED
104466,02555948,REBYOTA (fecal microbiota 5e10 cfu per mL rectal suspension 150 mL bag) FERRING INC,REBYOTA (microbiota fécal 5e10 cfu par mL suspension rectale 150 mL sac) FERRING INC,ADDED
104472,02555999,NB-CITALOPRAM (citalopram (citalopram hydrobromide) 10 mg oral tablet) NB PHARMA INC.,NB-CITALOPRAM (citalopram (bromhydrate de citalopram) 10 mg comprimé oral) NB PHARMA INC.,ADDED
104473,02556006,NB-CITALOPRAM (citalopram (citalopram hydrobromide) 20 mg oral tablet) NB PHARMA INC.,NB-CITALOPRAM (citalopram (bromhydrate de citalopram) 20 mg comprimé oral) NB PHARMA INC.,ADDED
104488,02556189,JAMP SITAGLIPTIN HYDROCHLORIDE / METFORMIN (metformin hydrochloride 500 mg and sitagliptin (sitagliptin hydrochloride monohydrate) 50 mg oral tablet) JAMP PHARMA CORPORATION,JAMP SITAGLIPTIN HYDROCHLORIDE / METFORMIN (chlorhydrate de metformine 500 mg et sitagliptine (chlorhydrate de sitagliptine monohydraté) 50 mg comprimé oral) JAMP PHARMA CORPORATION,ADDED
104489,02556197,JAMP SITAGLIPTIN HYDROCHLORIDE / METFORMIN (metformin hydrochloride 850 mg and sitagliptin (sitagliptin hydrochloride monohydrate) 50 mg oral tablet) JAMP PHARMA CORPORATION,JAMP SITAGLIPTIN HYDROCHLORIDE / METFORMIN (chlorhydrate de metformine 850 mg et sitagliptine (chlorhydrate de sitagliptine monohydraté) 50 mg comprimé oral) JAMP PHARMA CORPORATION,ADDED
104490,02556200,JAMP SITAGLIPTIN HYDROCHLORIDE / METFORMIN (metformin hydrochloride 1000 mg and sitagliptin (sitagliptin hydrochloride monohydrate) 50 mg oral tablet) JAMP PHARMA CORPORATION,JAMP SITAGLIPTIN HYDROCHLORIDE / METFORMIN (chlorhydrate de metformine 1000 mg et sitagliptine (chlorhydrate de sitagliptine monohydraté) 50 mg comprimé oral) JAMP PHARMA CORPORATION,ADDED
104494,02556235,NB-SERTRALINE (sertraline (sertraline hydrochloride) 25 mg oral capsule) NB PHARMA INC.,NB-SERTRALINE (sertraline (chlorhydrate de sertraline) 25 mg capsule orale) NB PHARMA INC.,ADDED
104495,02556243,NB-SERTRALINE (sertraline (sertraline hydrochloride) 50 mg oral capsule) NB PHARMA INC.,NB-SERTRALINE (sertraline (chlorhydrate de sertraline) 50 mg capsule orale) NB PHARMA INC.,ADDED
104496,02556251,NB-SERTRALINE (sertraline (sertraline hydrochloride) 100 mg oral capsule) NB PHARMA INC.,NB-SERTRALINE (sertraline (chlorhydrate de sertraline) 100 mg capsule orale) NB PHARMA INC.,ADDED
106082,02557509,ZEPBOUND KWIKPEN (tirzepatide 2.5 mg per actuation solution for injection pre-filled pen) ELI LILLY CANADA INC,"ZEPBOUND KWIKPEN (tirzépatide 2,5 mg par actionnement solution injectable stylo prérempli) ELI LILLY CANADA INC",ADDED
106083,02557517,ZEPBOUND KWIKPEN (tirzepatide 5 mg per actuation solution for injection pre-filled pen) ELI LILLY CANADA INC,ZEPBOUND KWIKPEN (tirzépatide 5 mg par actionnement solution injectable stylo prérempli) ELI LILLY CANADA INC,ADDED
106084,02557525,ZEPBOUND KWIKPEN (tirzepatide 7.5 mg per actuation solution for injection pre-filled pen) ELI LILLY CANADA INC,"ZEPBOUND KWIKPEN (tirzépatide 7,5 mg par actionnement solution injectable stylo prérempli) ELI LILLY CANADA INC",ADDED
106085,02557533,ZEPBOUND KWIKPEN (tirzepatide 10 mg per actuation solution for injection pre-filled pen) ELI LILLY CANADA INC,ZEPBOUND KWIKPEN (tirzépatide 10 mg par actionnement solution injectable stylo prérempli) ELI LILLY CANADA INC,ADDED
106086,02557541,ZEPBOUND KWIKPEN (tirzepatide 12.5 mg per actuation solution for injection pre-filled pen) ELI LILLY CANADA INC,"ZEPBOUND KWIKPEN (tirzépatide 12,5 mg par actionnement solution injectable stylo prérempli) ELI LILLY CANADA INC",ADDED
106087,02557568,ZEPBOUND KWIKPEN (tirzepatide 15 mg per actuation solution for injection pre-filled pen) ELI LILLY CANADA INC,ZEPBOUND KWIKPEN (tirzépatide 15 mg par actionnement solution injectable stylo prérempli) ELI LILLY CANADA INC,ADDED
NA,77700636,CLOPIXOL ACUPHASE  (zuclopenthixol acetate 50 mg per 1 mL solution for injection ampoule) LUNDBECK CANADA INC,CLOPIXOL ACUPHASE  (acétate de zuclopenthixol 50 mg par 1 mL solution injectable ampoule) LUNDBECK CANADA INC,"Health_Canada_product_name: ""CLOPIXOL-ACUPHASE 50MG/ML"" -> ""CLOPIXOL ACUPHASE ""
mp_formal_name: ""CLOPIXOL-̲ACUPHASE 5̲0̲M̲G̲/̲M̲L̲ (zuclopenthixol acetate 50 mg per 1 mL solution for injection ampoule) LUNDBECK CANADA INC"" -> ""CLOPIXOL ̲ACUPHASE  (zuclopenthixol acetate 50 mg per 1 mL solution for injection ampoule) LUNDBECK CANADA INC""
mp_fr_description: ""CLOPIXOL-̲ACUPHASE 5̲0̲M̲G̲/̲M̲L̲ (acétate de zuclopenthixol 50 mg par 1 mL solution injectable ampoule) LUNDBECK CANADA INC"" -> ""CLOPIXOL ̲ACUPHASE  (acétate de zuclopenthixol 50 mg par 1 mL solution injectable ampoule) LUNDBECK CANADA INC"""
NA,77700637,CLOPIXOL ACUPHASE  (zuclopenthixol acetate 100 mg per 2 mL solution for injection ampoule) LUNDBECK CANADA INC,CLOPIXOL ACUPHASE  (acétate de zuclopenthixol 100 mg par 2 mL solution injectable ampoule) LUNDBECK CANADA INC,"Health_Canada_product_name: ""CLOPIXOL-ACUPHASE 50MG/ML"" -> ""CLOPIXOL ACUPHASE ""
mp_formal_name: ""CLOPIXOL-̲ACUPHASE 5̲0̲M̲G̲/̲M̲L̲ (zuclopenthixol acetate 100 mg per 2 mL solution for injection ampoule) LUNDBECK CANADA INC"" -> ""CLOPIXOL ̲ACUPHASE  (zuclopenthixol acetate 100 mg per 2 mL solution for injection ampoule) LUNDBECK CANADA INC""
mp_fr_description: ""CLOPIXOL-̲ACUPHASE 5̲0̲M̲G̲/̲M̲L̲ (acétate de zuclopenthixol 100 mg par 2 mL solution injectable ampoule) LUNDBECK CANADA INC"" -> ""CLOPIXOL ̲ACUPHASE  (acétate de zuclopenthixol 100 mg par 2 mL solution injectable ampoule) LUNDBECK CANADA INC"""
NA,77700638,CLOPIXOL DEPOT (zuclopenthixol decanoate 200 mg per mL solution for injection 10 mL vial) LUNDBECK CANADA INC,CLOPIXOL DEPOT (décanoate de zuclopenthixol 200 mg par mL solution injectable 10 mL fiole) LUNDBECK CANADA INC,"Health_Canada_product_name: ""CLOPIXOL DEPOT 200MG/ML"" -> ""CLOPIXOL DEPOT""
mp_formal_name: ""CLOPIXOL DEPOT ̲2̲0̲0̲M̲G̲/̲M̲L̲ (zuclopenthixol decanoate 200 mg per mL solution for injection 10 mL vial) LUNDBECK CANADA INC"" -> ""CLOPIXOL DEPOT (zuclopenthixol decanoate 200 mg per mL solution for injection 10 mL vial) LUNDBECK CANADA INC""
mp_fr_description: ""CLOPIXOL DEPOT ̲2̲0̲0̲M̲G̲/̲M̲L̲ (décanoate de zuclopenthixol 200 mg par mL solution injectable 10 mL fiole) LUNDBECK CANADA INC"" -> ""CLOPIXOL DEPOT (décanoate de zuclopenthixol 200 mg par mL solution injectable 10 mL fiole) LUNDBECK CANADA INC"""
NA,77700639,CLOPIXOL DEPOT (zuclopenthixol decanoate 200 mg per 1 mL solution for injection ampoule) LUNDBECK CANADA INC,CLOPIXOL DEPOT (décanoate de zuclopenthixol 200 mg par 1 mL solution injectable ampoule) LUNDBECK CANADA INC,"Health_Canada_product_name: ""CLOPIXOL DEPOT 200MG/ML"" -> ""CLOPIXOL DEPOT""
mp_formal_name: ""CLOPIXOL DEPOT ̲2̲0̲0̲M̲G̲/̲M̲L̲ (zuclopenthixol decanoate 200 mg per 1 mL solution for injection ampoule) LUNDBECK CANADA INC"" -> ""CLOPIXOL DEPOT (zuclopenthixol decanoate 200 mg per 1 mL solution for injection ampoule) LUNDBECK CANADA INC""
mp_fr_description: ""CLOPIXOL DEPOT ̲2̲0̲0̲M̲G̲/̲M̲L̲ (décanoate de zuclopenthixol 200 mg par 1 mL solution injectable ampoule) LUNDBECK CANADA INC"" -> ""CLOPIXOL DEPOT (décanoate de zuclopenthixol 200 mg par 1 mL solution injectable ampoule) LUNDBECK CANADA INC"""
NA,77700730,MILRINONE LACTATE INJECTION (milrinone (milrinone lactate) 20 mg per 20 mL solution for injection vial) SANDOZ CANADA INCORPORATED,MILRINONE LACTATE INJECTION (milrinone (lactate de milrinone) 20 mg par 20 mL solution injectable fiole) SANDOZ CANADA INCORPORATED,"mp_status_effective_time: ""20240731"" -> ""20250731"""
NA,77700731,MILRINONE LACTATE INJECTION (milrinone (milrinone lactate) 10 mg per 10 mL solution for injection vial) SANDOZ CANADA INCORPORATED,MILRINONE LACTATE INJECTION (milrinone (lactate de milrinone) 10 mg par 10 mL solution injectable fiole) SANDOZ CANADA INCORPORATED,"mp_status_effective_time: ""20240731"" -> ""20250731"""
NA,77701089,"BUPIVACAINE HYDROCHLORIDE INJECTION, USP (bupivacaine hydrochloride 150 mg per 20 mL solution for injection vial) STERIMAX INC","BUPIVACAINE HYDROCHLORIDE INJECTION, USP (chlorhydrate de bupivacaïne 150 mg par 20 mL solution injectable fiole) STERIMAX INC","mp_status: ""ACTIVE"" -> ""INACTIVE""
mp_status_effective_time: ""20210823"" -> ""20250730"""
NA,77701090,"BUPIVACAINE HYDROCHLORIDE INJECTION, USP (bupivacaine hydrochloride 75 mg per 10 mL solution for injection vial) STERIMAX INC","BUPIVACAINE HYDROCHLORIDE INJECTION, USP (chlorhydrate de bupivacaïne 75 mg par 10 mL solution injectable fiole) STERIMAX INC","mp_status: ""ACTIVE"" -> ""INACTIVE""
mp_status_effective_time: ""20210823"" -> ""20250730"""
NA,77701091,"BUPIVACAINE HYDROCHLORIDE INJECTION, USP (bupivacaine hydrochloride 225 mg per 30 mL solution for injection vial) STERIMAX INC","BUPIVACAINE HYDROCHLORIDE INJECTION, USP (chlorhydrate de bupivacaïne 225 mg par 30 mL solution injectable fiole) STERIMAX INC","mp_status: ""ACTIVE"" -> ""INACTIVE""
mp_status_effective_time: ""20210823"" -> ""20250730"""
NA,77701182,SUGAMMADEX INJECTION (sugammadex (sugammadex sodium) 200 mg per 2 mL solution for injection vial) JUNO PHARMACEUTICALS CORP.,SUGAMMADEX INJECTION (sugammadex (sugammadex sodique) 200 mg par 2 mL solution injectable fiole) JUNO PHARMACEUTICALS CORP.,ADDED
NA,77701183,SUGAMMADEX INJECTION (sugammadex (sugammadex sodium) 500 mg per 5 mL solution for injection vial) JUNO PHARMACEUTICALS CORP.,SUGAMMADEX INJECTION (sugammadex (sugammadex sodique) 500 mg par 5 mL solution injectable fiole) JUNO PHARMACEUTICALS CORP.,ADDED
NA,77701184,ETOPOSIDE INJECTION (etoposide 100 mg per 5 mL solution for injection vial) HIKMA CANADA LIMITED,ETOPOSIDE INJECTION (étoposide 100 mg par 5 mL solution injectable fiole) HIKMA CANADA LIMITED,ADDED
NA,77701185,ETOPOSIDE INJECTION (etoposide 200 mg per 10 mL solution for injection vial) HIKMA CANADA LIMITED,ETOPOSIDE INJECTION (étoposide 200 mg par 10 mL solution injectable fiole) HIKMA CANADA LIMITED,ADDED
NA,77701186,ETOPOSIDE INJECTION (etoposide 400 mg per 20 mL solution for injection vial) HIKMA CANADA LIMITED,ETOPOSIDE INJECTION (étoposide 400 mg par 20 mL solution injectable fiole) HIKMA CANADA LIMITED,ADDED
