drug_code,mp_code,mp_formal_name,mp_fr_description,changes
NA,77700158,PHENYTOIN SODIUM INJECTION USP (phenytoin sodium 250 mg per 5 mL solution for injection vial) JUNO PHARMA CANADA INC.,PHENYTOIN SODIUM INJECTION USP (phénytoïne sodique 250 mg par 5 mL solution injectable fiole) JUNO PHARMA CANADA INC.,"mp_status: ""ACTIVE"" -> ""INACTIVE""
mp_status_effective_time: ""19921231"" -> ""20260730"""
85801,02372908,IRBESARTAN/HCTZ (hydrochlorothiazide 25 mg and irbesartan 300 mg oral tablet) SANIS HEALTH INC,IRBESARTAN/HCTZ (hydrochlorothiazide 25 mg et irbésartan 300 mg comprimé oral) SANIS HEALTH INC,"mp_status: ""ACTIVE"" -> ""INACTIVE""
mp_status_effective_time: ""20111018"" -> ""20260723"""
79716,02311607,PRO-CLONAZEPAM (clonazepam 1 mg oral tablet) PRO DOC LIMITEE,PRO-CLONAZEPAM (clonazépam 1 mg comprimé oral) PRO DOC LIMITEE,"mp_status: ""ACTIVE"" -> ""INACTIVE""
mp_status_effective_time: ""20080709"" -> ""20260713"""
5069,00572349,COLCHICINE TAB 0.6MG (colchicine 0.6 mg oral tablet) ODAN LABORATORIESLTD,"COLCHICINE TAB 0.6MG (colchicine 0,6 mg comprimé oral) ODAN LABORATORIESLTD","mp_formal_name: ""COLCHICINE TAB 0.6MG (colchicine 0.6 mg oral tablet) ODAN LABORATORIES ̲LTD"" -> ""COLCHICINE TAB 0.6MG (colchicine 0.6 mg oral tablet) ODAN LABORATORIESLTD""
mp_fr_description: ""COLCHICINE TAB 0.6MG (colchicine 0,6 mg comprimé oral) ODAN LABORATORIES ̲LTD"" -> ""COLCHICINE TAB 0.6MG (colchicine 0,6 mg comprimé oral) ODAN LABORATORIESLTD"""
94496,02457938,STUBBORN ACNE SOLUTION (benzoyl peroxide 2.5 % cutaneous gel with benzoyl peroxide 3.5 % cutaneous paste with moisturizer) JOHNSON & JOHNSON INC,"STUBBORN ACNE SOLUTION (peroxyde de benzoyle 2,5 % gel cutané avec peroxyde de benzoyle 3,5 % pâte cutanée avec hydratant) JOHNSON & JOHNSON INC","mp_status: ""ACTIVE"" -> ""INACTIVE""
mp_status_effective_time: ""20170130"" -> ""20221201"""
99989,02510693,NRA-QUETIAPINE XR (quetiapine (quetiapine fumarate) 200 mg prolonged-release oral tablet) NORA PHARMA INC,NRA-QUETIAPINE XR (quétiapine (fumarate de quétiapine) 200 mg comprimé oral à libération prolongée) NORA PHARMA INC,"mp_status: ""ACTIVE"" -> ""INACTIVE""
mp_status_effective_time: ""20210720"" -> ""20260710"""
103806,02549190,ODAN-VALPROIC ACID (valproic acid (sodium valproate) 250 mg per 5 mL oral solution) ODAN LABORATORIESLTD,ODAN-VALPROIC ACID (acide valproïque (valproate de sodium) 250 mg par 5 mL solution orale) ODAN LABORATORIESLTD,"mp_formal_name: ""ODAN-VALPROIC ACID (valproic acid (sodium valproate) 250 mg per 5 mL oral solution) ODAN LABORATORIES ̲LTD"" -> ""ODAN-VALPROIC ACID (valproic acid (sodium valproate) 250 mg per 5 mL oral solution) ODAN LABORATORIESLTD""
mp_fr_description: ""ODAN-VALPROIC ACID (acide valproïque (valproate de sodium) 250 mg par 5 mL solution orale) ODAN LABORATORIES ̲LTD"" -> ""ODAN-VALPROIC ACID (acide valproïque (valproate de sodium) 250 mg par 5 mL solution orale) ODAN LABORATORIESLTD"""
71635,02247390,SANDOZ SENNA S (docusate sodium 50 mg and sennosides 8.6 mg oral tablet) SANDOZ CANADA INCORPORATED,"SANDOZ SENNA S (docusate sodique 50 mg et sennosides 8,6 mg comprimé oral) SANDOZ CANADA INCORPORATED","mp_status: ""ACTIVE"" -> ""INACTIVE""
mp_status_effective_time: ""20041210"" -> ""20260727"""
91951,02435233,ZONOVATE (turoctocog alfa 3000 unit per vial powder for solution for injection with diluent solution syringe) NOVO NORDISK CANADA INC,ZONOVATE (turoctocog alfa 3000 unité par fiole poudre pour solution injectable avec solution diluante seringue) NOVO NORDISK CANADA INC,"mp_status: ""ACTIVE"" -> ""INACTIVE""
mp_status_effective_time: ""20180323"" -> ""20260724"""
90747,02422816,RIVA-LANSOPRAZOLE (lansoprazole 30 mg gastro-resistant capsule) LABORATOIRE RIVA INC.,RIVA-LANSOPRAZOLE (lansoprazole 30 mg capsule gastrorésistante) LABORATOIRE RIVA INC.,"mp_status: ""ACTIVE"" -> ""INACTIVE""
mp_status_effective_time: ""20140612"" -> ""20260724"""
98578,02495880,"ODAN-METHADONE DYE FREE, SUGAR FREE, UNFLAVORED (methadone hydrochloride 10 mg per mL oral solution) ODAN LABORATORIESLTD","ODAN-METHADONE DYE FREE, SUGAR FREE, UNFLAVORED (chlorhydrate de méthadone 10 mg par mL solution orale) ODAN LABORATORIESLTD","mp_formal_name: ""ODAN-METHADONE DYE FREE, SUGAR FREE, UNFLAVORED (methadone hydrochloride 10 mg per mL oral solution) ODAN LABORATORIES ̲LTD"" -> ""ODAN-METHADONE DYE FREE, SUGAR FREE, UNFLAVORED (methadone hydrochloride 10 mg per mL oral solution) ODAN LABORATORIESLTD""
mp_fr_description: ""ODAN-METHADONE DYE FREE, SUGAR FREE, UNFLAVORED (chlorhydrate de méthadone 10 mg par mL solution orale) ODAN LABORATORIES ̲LTD"" -> ""ODAN-METHADONE DYE FREE, SUGAR FREE, UNFLAVORED (chlorhydrate de méthadone 10 mg par mL solution orale) ODAN LABORATORIESLTD"""
100300,02513781,SANDOZ DIMETHYL FUMARATE DELAYED-RELEASE CAPSULES (dimethyl fumarate 120 mg gastro-resistant capsule) SANDOZ CANADA INCORPORATED,SANDOZ DIMETHYL FUMARATE DELAYED-RELEASE CAPSULES (fumarate de diméthyle 120 mg capsule gastrorésistante) SANDOZ CANADA INCORPORATED,"mp_status: ""ACTIVE"" -> ""INACTIVE""
mp_status_effective_time: ""20211004"" -> ""20260727"""
89273,02408031,FENTORA (fentanyl (fentanyl citrate) 600 mcg buccal tablet) PHOENIX LABS UNLIMITED COMPANY,FENTORA (fentanyl (citrate de fentanyl) 600 mcg comprimé buccogingival) PHOENIX LABS UNLIMITED COMPANY,"mp_formal_name: ""FENTORA (fentanyl (fentanyl citrate) 600 mcg buccal tablet) T̲E̲V̲A̲ ̲C̲A̲N̲A̲D̲A̲ ̲L̲I̲M̲I̲T̲E̲D̲"" -> ""FENTORA (fentanyl (fentanyl citrate) 600 mcg buccal tablet) P̲H̲O̲E̲N̲I̲X̲ ̲L̲A̲B̲S̲ ̲U̲N̲L̲I̲M̲I̲T̲E̲D̲ ̲C̲O̲M̲P̲A̲N̲Y̲""
mp_fr_description: ""FENTORA (fentanyl (citrate de fentanyl) 600 mcg comprimé buccogingival) T̲E̲V̲A̲ ̲C̲A̲N̲A̲D̲A̲ ̲L̲I̲M̲I̲T̲E̲D̲"" -> ""FENTORA (fentanyl (citrate de fentanyl) 600 mcg comprimé buccogingival) P̲H̲O̲E̲N̲I̲X̲ ̲L̲A̲B̲S̲ ̲U̲N̲L̲I̲M̲I̲T̲E̲D̲ ̲C̲O̲M̲P̲A̲N̲Y̲"""
77957,02294222,MYCAMINE (micafungin sodium 50 mg per vial powder for solution for injection) SANDOZ CANADA INCORPORATED,MYCAMINE (micafungine sodique 50 mg par fiole poudre pour solution injectable) SANDOZ CANADA INCORPORATED,"mp_status: ""ACTIVE"" -> ""INACTIVE""
mp_status_effective_time: ""20070918"" -> ""20260731"""
107120,02568934,EXDENSUR (depemokimab 100 mg per 1 mL solution for injection syringe) GLAXOSMITHKLINE INC,EXDENSUR (dépémokimab 100 mg par 1 mL solution injectable seringue) GLAXOSMITHKLINE INC,ADDED
74930,02263890,METHACHOLINE OMEGA (methacholine chloride 100 mg per vial powder for nebulizer solution) OMEGA LABORATORIES LIMITED,METHACHOLINE OMEGA (chlorure de méthacholine 100 mg par fiole poudre pour solution pour inhalation par nébuliseur) OMEGA LABORATORIES LIMITED,"mp_status: ""ACTIVE"" -> ""INACTIVE""
mp_status_effective_time: ""20060327"" -> ""20260729"""
16804,02126559,IMDUR (isosorbide mononitrate 60 mg prolonged-release oral tablet) JUNO PHARMACEUTICALS CORP.,IMDUR (mononitrate d'isosorbide 60 mg comprimé oral à libération prolongée) JUNO PHARMACEUTICALS CORP.,"mp_status: ""ACTIVE"" -> ""INACTIVE""
mp_status_effective_time: ""19941231"" -> ""20260729"""
85800,02372894,IRBESARTAN/HCTZ (hydrochlorothiazide 12.5 mg and irbesartan 300 mg oral tablet) SANIS HEALTH INC,"IRBESARTAN/HCTZ (hydrochlorothiazide 12,5 mg et irbésartan 300 mg comprimé oral) SANIS HEALTH INC","mp_status: ""ACTIVE"" -> ""INACTIVE""
mp_status_effective_time: ""20111018"" -> ""20260723"""
NA,77701080,PHENYLEPHRINE HYDROCHLORIDE INJECTION USP (phenylephrine hydrochloride 100 mg per 10 mL solution for injection vial) STERIMAX INC,PHENYLEPHRINE HYDROCHLORIDE INJECTION USP (chlorhydrate de phényléphrine 100 mg par 10 mL solution injectable fiole) STERIMAX INC,"mp_status: ""ACTIVE"" -> ""INACTIVE""
mp_status_effective_time: ""20210602"" -> ""20250103"""
87183,02386259,LISINOPRIL (lisinopril 20 mg oral tablet) SIVEM PHARMACEUTICALS ULC,LISINOPRIL (lisinopril 20 mg comprimé oral) SIVEM PHARMACEUTICALS ULC,"mp_status: ""ACTIVE"" -> ""INACTIVE""
mp_status_effective_time: ""20120611"" -> ""20260703"""
64442,02240851,PROCTODAN-HC SUPPOSITORIES (hydrocortisone acetate 10 mg and pramoxine hydrochloride 20 mg and zinc sulfate 10 mg suppository) ODAN LABORATORIESLTD,PROCTODAN-HC SUPPOSITORIES (acétate d'hydrocortisone 10 mg et chlorhydrate de pramoxine 20 mg et sulfate de zinc 10 mg suppositoire) ODAN LABORATORIESLTD,"mp_formal_name: ""PROCTODAN-HC SUPPOSITORIES (hydrocortisone acetate 10 mg and pramoxine hydrochloride 20 mg and zinc sulfate 10 mg suppository) ODAN LABORATORIES ̲LTD"" -> ""PROCTODAN-HC SUPPOSITORIES (hydrocortisone acetate 10 mg and pramoxine hydrochloride 20 mg and zinc sulfate 10 mg suppository) ODAN LABORATORIESLTD""
mp_fr_description: ""PROCTODAN-HC SUPPOSITORIES (acétate d'hydrocortisone 10 mg et chlorhydrate de pramoxine 20 mg et sulfate de zinc 10 mg suppositoire) ODAN LABORATORIES ̲LTD"" -> ""PROCTODAN-HC SUPPOSITORIES (acétate d'hydrocortisone 10 mg et chlorhydrate de pramoxine 20 mg et sulfate de zinc 10 mg suppositoire) ODAN LABORATORIESLTD"""
106468,02561743,EXTRA STRENGTH TYLENOL COUGH & SORE THROAT DAYTIME (acetaminophen 500 mg and dextromethorphan hydrobromide 15 mg oral tablet) KENVUE CANADA INC.,EXTRA STRENGTH TYLENOL COUGH & SORE THROAT DAYTIME (acétaminophène 500 mg et bromhydrate de dextrométhorphane 15 mg comprimé oral) KENVUE CANADA INC.,ADDED
103582,02547171,ODAN-ETHOSUXIMIDE (ethosuximide 250 mg oral capsule) ODAN LABORATORIESLTD,ODAN-ETHOSUXIMIDE (éthosuximide 250 mg capsule orale) ODAN LABORATORIESLTD,"mp_formal_name: ""ODAN-ETHOSUXIMIDE (ethosuximide 250 mg oral capsule) ODAN LABORATORIES ̲LTD"" -> ""ODAN-ETHOSUXIMIDE (ethosuximide 250 mg oral capsule) ODAN LABORATORIESLTD""
mp_fr_description: ""ODAN-ETHOSUXIMIDE (éthosuximide 250 mg capsule orale) ODAN LABORATORIES ̲LTD"" -> ""ODAN-ETHOSUXIMIDE (éthosuximide 250 mg capsule orale) ODAN LABORATORIESLTD"""
12875,00641324,ODAN-ERYTHROMYCIN (erythromycin 5 mg per g ophthalmic ointment) ODAN LABORATORIESLTD,ODAN-ERYTHROMYCIN (érythromycine 5 mg par g pommade ophtalmique) ODAN LABORATORIESLTD,"mp_formal_name: ""ODAN-ERYTHROMYCIN (erythromycin 5 mg per g ophthalmic ointment) ODAN LABORATORIES ̲LTD"" -> ""ODAN-ERYTHROMYCIN (erythromycin 5 mg per g ophthalmic ointment) ODAN LABORATORIESLTD""
mp_fr_description: ""ODAN-ERYTHROMYCIN (érythromycine 5 mg par g pommade ophtalmique) ODAN LABORATORIES ̲LTD"" -> ""ODAN-ERYTHROMYCIN (érythromycine 5 mg par g pommade ophtalmique) ODAN LABORATORIESLTD"""
106736,02564688,VOXZOGO (vosoritide 1.2 mg per vial powder for solution for injection with diluent solution syringe) BIOMARIN INTERNATIONAL LIMITED,"VOXZOGO (vosoritide 1,2 mg par fiole poudre pour solution injectable avec solution diluante seringue) BIOMARIN INTERNATIONAL LIMITED",ADDED
95692,02468492,ALTA-ZOPICLONE (zopiclone 5 mg oral tablet) ALTAMED PHARMA,ALTA-ZOPICLONE (zopiclone 5 mg comprimé oral) ALTAMED PHARMA,"Health_Canada_product_name: ""ZOPICLONE"" -> ""ALTA-ZOPICLONE""
mp_formal_name: ""ZOPICLONE (zopiclone 5 mg oral tablet) ALTAMED PHARMA"" -> ""A̲L̲T̲A̲-̲ZOPICLONE (zopiclone 5 mg oral tablet) ALTAMED PHARMA""
mp_fr_description: ""ZOPICLONE (zopiclone 5 mg comprimé oral) ALTAMED PHARMA"" -> ""A̲L̲T̲A̲-̲ZOPICLONE (zopiclone 5 mg comprimé oral) ALTAMED PHARMA"""
89495,02410303,MOVISSE (norethindrone 0.35 mg oral tablet) SENADOR LABORATORIES PRIVATE LIMITED,"MOVISSE (noréthindrone 0,35 mg comprimé oral) SENADOR LABORATORIES PRIVATE LIMITED","mp_formal_name: ""MOVISSE (norethindrone 0.35 mg oral tablet) M̲Y̲L̲A̲N̲ ̲P̲H̲A̲R̲M̲A̲C̲E̲U̲T̲I̲C̲A̲L̲S̲ ̲U̲L̲C̲"" -> ""MOVISSE (norethindrone 0.35 mg oral tablet) S̲E̲N̲A̲D̲O̲R̲ ̲L̲A̲B̲O̲R̲A̲T̲O̲R̲I̲E̲S̲ ̲P̲R̲I̲V̲A̲T̲E̲ ̲L̲I̲M̲I̲T̲E̲D̲ ̲""
mp_fr_description: ""MOVISSE (noréthindrone 0,35 mg comprimé oral) M̲Y̲L̲A̲N̲ ̲P̲H̲A̲R̲M̲A̲C̲E̲U̲T̲I̲C̲A̲L̲S̲ ̲U̲L̲C̲"" -> ""MOVISSE (noréthindrone 0,35 mg comprimé oral) S̲E̲N̲A̲D̲O̲R̲ ̲L̲A̲B̲O̲R̲A̲T̲O̲R̲I̲E̲S̲ ̲P̲R̲I̲V̲A̲T̲E̲ ̲L̲I̲M̲I̲T̲E̲D̲ ̲"""
102163,02532611,RADICAVA (edaravone 105 mg per 5 mL oral suspension) SHIONOGI INC.,RADICAVA (édavarone 105 mg par 5 mL suspension orale) SHIONOGI INC.,"mp_formal_name: ""RADICAVA (edaravone 105 mg per 5 mL oral suspension) T̲A̲N̲A̲B̲E̲ ̲P̲H̲A̲R̲M̲A̲ ̲C̲O̲R̲P̲O̲R̲A̲T̲I̲O̲N̲"" -> ""RADICAVA (edaravone 105 mg per 5 mL oral suspension) S̲H̲I̲O̲N̲O̲G̲I̲ ̲I̲N̲C̲.̲""
mp_fr_description: ""RADICAVA (édavarone 105 mg par 5 mL suspension orale) T̲A̲N̲A̲B̲E̲ ̲P̲H̲A̲R̲M̲A̲ ̲C̲O̲R̲P̲O̲R̲A̲T̲I̲O̲N̲"" -> ""RADICAVA (édavarone 105 mg par 5 mL suspension orale) S̲H̲I̲O̲N̲O̲G̲I̲ ̲I̲N̲C̲.̲"""
99987,02510677,NRA-QUETIAPINE XR (quetiapine (quetiapine fumarate) 50 mg prolonged-release oral tablet) NORA PHARMA INC,NRA-QUETIAPINE XR (quétiapine (fumarate de quétiapine) 50 mg comprimé oral à libération prolongée) NORA PHARMA INC,"mp_status: ""ACTIVE"" -> ""INACTIVE""
mp_status_effective_time: ""20210720"" -> ""20260710"""
46758,01983873,MOTRIN GELCAPS (ibuprofen 200 mg oral tablet) MCNEIL CONSUMER HEALTHCARE DIVISION OF JOHNSON & JOHNSON INC,MOTRIN GELCAPS (ibuprofène 200 mg comprimé oral) MCNEIL CONSUMER HEALTHCARE DIVISION OF JOHNSON & JOHNSON INC,"mp_status_effective_time: ""20170803"" -> ""20260717"""
76170,02276038,EXTRA STRENGTH TYLENOL SINUS NIGHTTIME (acetaminophen 500 mg and chlorpheniramine maleate 2 mg and phenylephrine hydrochloride 5 mg oral tablet) KENVUE CANADA INC.,EXTRA STRENGTH TYLENOL SINUS NIGHTTIME (acétaminophène 500 mg et maléate de chlorphéniramine 2 mg et chlorhydrate de phényléphrine 5 mg comprimé oral) KENVUE CANADA INC.,"mp_formal_name: ""EXTRA STRENGTH TYLENOL SINUS NIGHTTIME (acetaminophen 500 mg and chlorpheniramine maleate 2 mg and phenylephrine hydrochloride 5 mg oral tablet) M̲C̲N̲E̲I̲L̲ ̲C̲O̲N̲S̲U̲M̲E̲R̲ ̲H̲E̲A̲L̲T̲H̲C̲A̲R̲E̲ ̲D̲I̲V̲I̲S̲I̲O̲N̲ ̲O̲F̲ ̲J̲O̲H̲N̲S̲O̲N̲ ̲&̲ ̲J̲O̲H̲N̲S̲O̲N̲ ̲I̲N̲C̲"" -> ""EXTRA STRENGTH TYLENOL SINUS NIGHTTIME (acetaminophen 500 mg and chlorpheniramine maleate 2 mg and phenylephrine hydrochloride 5 mg oral tablet) K̲E̲N̲V̲U̲E̲ ̲C̲A̲N̲A̲D̲A̲ ̲I̲N̲C̲.̲""
mp_fr_description: ""EXTRA STRENGTH TYLENOL SINUS NIGHTTIME (acétaminophène 500 mg et maléate de chlorphéniramine 2 mg et chlorhydrate de phényléphrine 5 mg comprimé oral) M̲C̲N̲E̲I̲L̲ ̲C̲O̲N̲S̲U̲M̲E̲R̲ ̲H̲E̲A̲L̲T̲H̲C̲A̲R̲E̲ ̲D̲I̲V̲I̲S̲I̲O̲N̲ ̲O̲F̲ ̲J̲O̲H̲N̲S̲O̲N̲ ̲&̲ ̲J̲O̲H̲N̲S̲O̲N̲ ̲I̲N̲C̲"" -> ""EXTRA STRENGTH TYLENOL SINUS NIGHTTIME (acétaminophène 500 mg et maléate de chlorphéniramine 2 mg et chlorhydrate de phényléphrine 5 mg comprimé oral) K̲E̲N̲V̲U̲E̲ ̲C̲A̲N̲A̲D̲A̲ ̲I̲N̲C̲.̲"""
80636,02320940,BENYLIN EXTRA STRENGTH MUCUS & PHLEGM (guaifenesin 200 mg per 5 mL and menthol 15 mg per 5 mL syrup) KENVUE CANADA INC.,BENYLIN EXTRA STRENGTH MUCUS & PHLEGM (guaïfénésine 200 mg par 5 mL et menthol 15 mg par 5 mL sirop) KENVUE CANADA INC.,"mp_formal_name: ""BENYLIN EXTRA STRENGTH MUCUS & PHLEGM (guaifenesin 200 mg per 5 mL and menthol 15 mg per 5 mL syrup) M̲C̲N̲E̲I̲L̲ ̲C̲O̲N̲S̲U̲M̲E̲R̲ ̲H̲E̲A̲L̲T̲H̲C̲A̲R̲E̲ ̲D̲I̲V̲I̲S̲I̲O̲N̲ ̲O̲F̲ ̲J̲O̲H̲N̲S̲O̲N̲ ̲&̲ ̲J̲O̲H̲N̲S̲O̲N̲ ̲I̲N̲C̲"" -> ""BENYLIN EXTRA STRENGTH MUCUS & PHLEGM (guaifenesin 200 mg per 5 mL and menthol 15 mg per 5 mL syrup) K̲E̲N̲V̲U̲E̲ ̲C̲A̲N̲A̲D̲A̲ ̲I̲N̲C̲.̲""
mp_fr_description: ""BENYLIN EXTRA STRENGTH MUCUS & PHLEGM (guaïfénésine 200 mg par 5 mL et menthol 15 mg par 5 mL sirop) M̲C̲N̲E̲I̲L̲ ̲C̲O̲N̲S̲U̲M̲E̲R̲ ̲H̲E̲A̲L̲T̲H̲C̲A̲R̲E̲ ̲D̲I̲V̲I̲S̲I̲O̲N̲ ̲O̲F̲ ̲J̲O̲H̲N̲S̲O̲N̲ ̲&̲ ̲J̲O̲H̲N̲S̲O̲N̲ ̲I̲N̲C̲"" -> ""BENYLIN EXTRA STRENGTH MUCUS & PHLEGM (guaïfénésine 200 mg par 5 mL et menthol 15 mg par 5 mL sirop) K̲E̲N̲V̲U̲E̲ ̲C̲A̲N̲A̲D̲A̲ ̲I̲N̲C̲.̲"""
NA,77701081,PHENYLEPHRINE HYDROCHLORIDE INJECTION USP (phenylephrine hydrochloride 50 mg per 5 mL solution for injection vial) STERIMAX INC,PHENYLEPHRINE HYDROCHLORIDE INJECTION USP (chlorhydrate de phényléphrine 50 mg par 5 mL solution injectable fiole) STERIMAX INC,"mp_status: ""ACTIVE"" -> ""INACTIVE""
mp_status_effective_time: ""20210602"" -> ""20250103"""
59873,02236399,ANODAN-HC 10MG SUPPOSITORIES (hydrocortisone acetate 10 mg and zinc sulfate 10 mg suppository) ODAN LABORATORIESLTD,ANODAN-HC 10MG SUPPOSITORIES (acétate d'hydrocortisone 10 mg et sulfate de zinc 10 mg suppositoire) ODAN LABORATORIESLTD,"mp_formal_name: ""ANODAN-HC 10MG SUPPOSITORIES (hydrocortisone acetate 10 mg and zinc sulfate 10 mg suppository) ODAN LABORATORIES ̲LTD"" -> ""ANODAN-HC 10MG SUPPOSITORIES (hydrocortisone acetate 10 mg and zinc sulfate 10 mg suppository) ODAN LABORATORIESLTD""
mp_fr_description: ""ANODAN-HC 10MG SUPPOSITORIES (acétate d'hydrocortisone 10 mg et sulfate de zinc 10 mg suppositoire) ODAN LABORATORIES ̲LTD"" -> ""ANODAN-HC 10MG SUPPOSITORIES (acétate d'hydrocortisone 10 mg et sulfate de zinc 10 mg suppositoire) ODAN LABORATORIESLTD"""
102778,02539136,NAT-ERIBULIN (eribulin mesylate 1 mg per 2 mL solution for injection vial) NATCO PHARMA (CANADA) INC,NAT-ERIBULIN (mésylate d'éribuline 1 mg par 2 mL solution injectable fiole) NATCO PHARMA (CANADA) INC,"mp_status: ""ACTIVE"" -> ""INACTIVE""
mp_status_effective_time: ""20240108"" -> ""20260702"""
8199,00754129,ELAVIL (amitriptyline hydrochloride 75 mg oral tablet) AA PHARMA INC,ELAVIL (chlorhydrate d'amitriptyline 75 mg comprimé oral) AA PHARMA INC,"mp_status: ""ACTIVE"" -> ""INACTIVE""
mp_status_effective_time: ""19871231"" -> ""20260607"""
82775,02342243,VTRS-ELETRIPTAN (eletriptan (eletriptan hydrobromide) 40 mg oral tablet) MYLAN PHARMACEUTICALS ULC,VTRS-ELETRIPTAN (élétriptan (bromhydrate d'élétriptan) 40 mg comprimé oral) MYLAN PHARMACEUTICALS ULC,"Health_Canada_product_name: ""MYLAN-ELETRIPTAN"" -> ""VTRS-ELETRIPTAN""
mp_formal_name: ""M̲Y̲L̲A̲N̲-ELETRIPTAN (eletriptan (eletriptan hydrobromide) 40 mg oral tablet) MYLAN PHARMACEUTICALS ULC"" -> ""V̲T̲R̲S̲-ELETRIPTAN (eletriptan (eletriptan hydrobromide) 40 mg oral tablet) MYLAN PHARMACEUTICALS ULC""
mp_fr_description: ""M̲Y̲L̲A̲N̲-ELETRIPTAN (élétriptan (bromhydrate d'élétriptan) 40 mg comprimé oral) MYLAN PHARMACEUTICALS ULC"" -> ""V̲T̲R̲S̲-ELETRIPTAN (élétriptan (bromhydrate d'élétriptan) 40 mg comprimé oral) MYLAN PHARMACEUTICALS ULC"""
103523,02546558,NORDIMET (methotrexate (methotrexate sodium) 10 mg per 0.4 mL solution for injection pen) NORDIC GROUP B.V.,"NORDIMET (méthotrexate (méthotrexate sodique) 10 mg par 0,4 mL solution injectable stylo) NORDIC GROUP B.V.","mp_status: ""ACTIVE"" -> ""INACTIVE""
mp_status_effective_time: ""20240801"" -> ""20260313"""
9919,00789720,ODAN-PROCHLORPERAZINE (prochlorperazine 10 mg suppository) ODAN LABORATORIESLTD,ODAN-PROCHLORPERAZINE (prochlorpérazine 10 mg suppositoire) ODAN LABORATORIESLTD,"mp_formal_name: ""ODAN-PROCHLORPERAZINE (prochlorperazine 10 mg suppository) ODAN LABORATORIES ̲LTD"" -> ""ODAN-PROCHLORPERAZINE (prochlorperazine 10 mg suppository) ODAN LABORATORIESLTD""
mp_fr_description: ""ODAN-PROCHLORPERAZINE (prochlorpérazine 10 mg suppositoire) ODAN LABORATORIES ̲LTD"" -> ""ODAN-PROCHLORPERAZINE (prochlorpérazine 10 mg suppositoire) ODAN LABORATORIESLTD"""
101779,02528584,ODAN-DEXAMETHASONE ELIXIR (dexamethasone 0.5 mg per 5 mL oral solution) ODAN LABORATORIESLTD,"ODAN-DEXAMETHASONE ELIXIR (dexaméthasone 0,5 mg par 5 mL solution orale) ODAN LABORATORIESLTD","mp_formal_name: ""ODAN-DEXAMETHASONE ELIXIR (dexamethasone 0.5 mg per 5 mL oral solution) ODAN LABORATORIES ̲LTD"" -> ""ODAN-DEXAMETHASONE ELIXIR (dexamethasone 0.5 mg per 5 mL oral solution) ODAN LABORATORIESLTD""
mp_fr_description: ""ODAN-DEXAMETHASONE ELIXIR (dexaméthasone 0,5 mg par 5 mL solution orale) ODAN LABORATORIES ̲LTD"" -> ""ODAN-DEXAMETHASONE ELIXIR (dexaméthasone 0,5 mg par 5 mL solution orale) ODAN LABORATORIESLTD"""
10525,00868981,SUPRAX (cefixime 400 mg oral tablet) ODAN LABORATORIESLTD,SUPRAX (céfixime 400 mg comprimé oral) ODAN LABORATORIESLTD,"mp_formal_name: ""SUPRAX (cefixime 400 mg oral tablet) ODAN LABORATORIES ̲LTD"" -> ""SUPRAX (cefixime 400 mg oral tablet) ODAN LABORATORIESLTD""
mp_fr_description: ""SUPRAX (céfixime 400 mg comprimé oral) ODAN LABORATORIES ̲LTD"" -> ""SUPRAX (céfixime 400 mg comprimé oral) ODAN LABORATORIESLTD"""
63447,02239944,KETOROLAC TROMETHAMINE INJECTION USP (ketorolac tromethamine 30 mg per 1 mL solution for injection vial) SANDOZ CANADA INCORPORATED,KETOROLAC TROMETHAMINE INJECTION USP (trométhamine de kétorolac 30 mg par 1 mL solution injectable fiole) SANDOZ CANADA INCORPORATED,"mp_status: ""ACTIVE"" -> ""INACTIVE""
mp_status_effective_time: ""19990521"" -> ""20260731"""
76056,02275058,TEVA-VENLAFAXINE XR (venlafaxine (venlafaxine hydrochloride) 150 mg prolonged-release oral capsule) TEVA CANADA LIMITED,TEVA-VENLAFAXINE XR (venlafaxine (chlorhydrate de venlafaxine) 150 mg capsule orale à libération prolongée) TEVA CANADA LIMITED,"mp_status: ""ACTIVE"" -> ""INACTIVE""
mp_status_effective_time: ""20061201"" -> ""20250416"""
78528,02299933,SANDOZ ENALAPRIL (enalapril maleate 2.5 mg oral tablet) SANDOZ CANADA INCORPORATED,"SANDOZ ENALAPRIL (maléate d'énalapril 2,5 mg comprimé oral) SANDOZ CANADA INCORPORATED","mp_status: ""ACTIVE"" -> ""INACTIVE""
mp_status_effective_time: ""20071017"" -> ""20260731"""
51232,02231799,ODAN-INDOMETHACIN (indomethacin 50 mg suppository) ODAN LABORATORIESLTD,ODAN-INDOMETHACIN (indométhacine 50 mg suppositoire) ODAN LABORATORIESLTD,"mp_formal_name: ""ODAN-INDOMETHACIN (indomethacin 50 mg suppository) ODAN LABORATORIES ̲LTD"" -> ""ODAN-INDOMETHACIN (indomethacin 50 mg suppository) ODAN LABORATORIESLTD""
mp_fr_description: ""ODAN-INDOMETHACIN (indométhacine 50 mg suppositoire) ODAN LABORATORIES ̲LTD"" -> ""ODAN-INDOMETHACIN (indométhacine 50 mg suppositoire) ODAN LABORATORIESLTD"""
76917,02283573,RIVA-RISPERIDONE (risperidone 0.5 mg oral tablet) LABORATOIRE RIVA INC.,"RIVA-RISPERIDONE (rispéridone 0,5 mg comprimé oral) LABORATOIRE RIVA INC.","mp_status: ""ACTIVE"" -> ""INACTIVE""
mp_status_effective_time: ""20060731"" -> ""20260724"""
101894,02529718,M-SOLIFENACIN SUCCINATE (solifenacin succinate 10 mg oral tablet) MANTRA PHARMA INC,M-SOLIFENACIN SUCCINATE (succinate de solifénacine 10 mg comprimé oral) MANTRA PHARMA INC,"mp_status: ""ACTIVE"" -> ""INACTIVE""
mp_status_effective_time: ""20230818"" -> ""20231017"""
107011,02567725,KISUNLA (donanemab 350 mg per 20 mL solution for injection vial) ELI LILLY CANADA INC,KISUNLA (donanémab 350 mg par 20 mL solution injectable fiole) ELI LILLY CANADA INC,ADDED
81046,02325047,PRO-CITALOPRAM (citalopram (citalopram hydrobromide) 10 mg oral tablet) PRO DOC LIMITEE,PRO-CITALOPRAM (citalopram (bromhydrate de citalopram) 10 mg comprimé oral) PRO DOC LIMITEE,"Health_Canada_product_name: ""CITALOPRAM - 10"" -> ""PRO-CITALOPRAM""
mp_formal_name: ""CITALOPRAM ̲-̲ ̲1̲0̲ (citalopram (citalopram hydrobromide) 10 mg oral tablet) PRO DOC LIMITEE"" -> ""P̲R̲O̲-̲CITALOPRAM (citalopram (citalopram hydrobromide) 10 mg oral tablet) PRO DOC LIMITEE""
mp_fr_description: ""CITALOPRAM ̲-̲ ̲1̲0̲ (citalopram (bromhydrate de citalopram) 10 mg comprimé oral) PRO DOC LIMITEE"" -> ""P̲R̲O̲-̲CITALOPRAM (citalopram (bromhydrate de citalopram) 10 mg comprimé oral) PRO DOC LIMITEE"""
86769,02381850,"BUPIVACAINE HCL 0.5% AND EPINEPHRINE 1:200,000 INJECTION (bupivacaine hydrochloride 5 mg per mL and epinephrine (epinephrine bitartrate) 0.005 mg per mL solution for injection 1.8 mL cartridge) NOVOCOL PHARMACEUTICAL OF CANADA INC","BUPIVACAINE HCL 0.5% et EPINEPHRINE 1:200,000 INJECTION (chlorhydrate de bupivacaïne 5 mg par mL et épinéphrine (bitartrate d'épinéphrine) 0,005 mg par mL solution injectable 1,8 mL cartouche) NOVOCOL PHARMACEUTICAL OF CANADA INC","mp_status: ""ACTIVE"" -> ""INACTIVE""
mp_status_effective_time: ""20120507"" -> ""20260716"""
89074,02405997,RIVA-ATOMOXETINE (atomoxetine (atomoxetine hydrochloride) 40 mg oral capsule) LABORATOIRE RIVA INC.,RIVA-ATOMOXETINE (atomoxétine (chlorhydrate d'atomoxétine) 40 mg capsule orale) LABORATOIRE RIVA INC.,"mp_status: ""ACTIVE"" -> ""INACTIVE""
mp_status_effective_time: ""20130719"" -> ""20260727"""
98587,02495988,ODAN ITRACONAZOLE (itraconazole 10 mg per mL oral solution) ODAN LABORATORIESLTD,ODAN ITRACONAZOLE (itraconazole 10 mg par mL solution orale) ODAN LABORATORIESLTD,"mp_formal_name: ""ODAN ITRACONAZOLE (itraconazole 10 mg per mL oral solution) ODAN LABORATORIES ̲LTD"" -> ""ODAN ITRACONAZOLE (itraconazole 10 mg per mL oral solution) ODAN LABORATORIESLTD""
mp_fr_description: ""ODAN ITRACONAZOLE (itraconazole 10 mg par mL solution orale) ODAN LABORATORIES ̲LTD"" -> ""ODAN ITRACONAZOLE (itraconazole 10 mg par mL solution orale) ODAN LABORATORIESLTD"""
91946,02435187,ZONOVATE (turoctocog alfa 250 unit per vial powder for solution for injection with diluent solution syringe) NOVO NORDISK CANADA INC,ZONOVATE (turoctocog alfa 250 unité par fiole poudre pour solution injectable avec solution diluante seringue) NOVO NORDISK CANADA INC,"mp_status: ""ACTIVE"" -> ""INACTIVE""
mp_status_effective_time: ""20180323"" -> ""20260724"""
8398,00621366,BIODERM OINTMENT (bacitracin 500 unit per g and polymyxin B (polymyxin B sulfate) 10000 unit per g cutaneous ointment) ODAN LABORATORIESLTD,BIODERM OINTMENT (bacitracine 500 unité par g et polymyxine B (sulfate de polymyxine B) 10000 unité par g pommade cutanée) ODAN LABORATORIESLTD,"mp_formal_name: ""BIODERM OINTMENT (bacitracin 500 unit per g and polymyxin B (polymyxin B sulfate) 10000 unit per g cutaneous ointment) ODAN LABORATORIES ̲LTD"" -> ""BIODERM OINTMENT (bacitracin 500 unit per g and polymyxin B (polymyxin B sulfate) 10000 unit per g cutaneous ointment) ODAN LABORATORIESLTD""
mp_fr_description: ""BIODERM OINTMENT (bacitracine 500 unité par g et polymyxine B (sulfate de polymyxine B) 10000 unité par g pommade cutanée) ODAN LABORATORIES ̲LTD"" -> ""BIODERM OINTMENT (bacitracine 500 unité par g et polymyxine B (sulfate de polymyxine B) 10000 unité par g pommade cutanée) ODAN LABORATORIESLTD"""
38055,00695440,QUININE - ODAN (quinine sulfate 200 mg oral capsule) ODAN LABORATORIESLTD,QUININE - ODAN (sulfate de quinine 200 mg capsule orale) ODAN LABORATORIESLTD,"mp_formal_name: ""QUININE - ODAN (quinine sulfate 200 mg oral capsule) ODAN LABORATORIES ̲LTD"" -> ""QUININE - ODAN (quinine sulfate 200 mg oral capsule) ODAN LABORATORIESLTD""
mp_fr_description: ""QUININE - ODAN (sulfate de quinine 200 mg capsule orale) ODAN LABORATORIES ̲LTD"" -> ""QUININE - ODAN (sulfate de quinine 200 mg capsule orale) ODAN LABORATORIESLTD"""
89274,02408058,FENTORA (fentanyl (fentanyl citrate) 800 mcg buccal tablet) PHOENIX LABS UNLIMITED COMPANY,FENTORA (fentanyl (citrate de fentanyl) 800 mcg comprimé buccogingival) PHOENIX LABS UNLIMITED COMPANY,"mp_formal_name: ""FENTORA (fentanyl (fentanyl citrate) 800 mcg buccal tablet) T̲E̲V̲A̲ ̲C̲A̲N̲A̲D̲A̲ ̲L̲I̲M̲I̲T̲E̲D̲"" -> ""FENTORA (fentanyl (fentanyl citrate) 800 mcg buccal tablet) P̲H̲O̲E̲N̲I̲X̲ ̲L̲A̲B̲S̲ ̲U̲N̲L̲I̲M̲I̲T̲E̲D̲ ̲C̲O̲M̲P̲A̲N̲Y̲""
mp_fr_description: ""FENTORA (fentanyl (citrate de fentanyl) 800 mcg comprimé buccogingival) T̲E̲V̲A̲ ̲C̲A̲N̲A̲D̲A̲ ̲L̲I̲M̲I̲T̲E̲D̲"" -> ""FENTORA (fentanyl (citrate de fentanyl) 800 mcg comprimé buccogingival) P̲H̲O̲E̲N̲I̲X̲ ̲L̲A̲B̲S̲ ̲U̲N̲L̲I̲M̲I̲T̲E̲D̲ ̲C̲O̲M̲P̲A̲N̲Y̲"""
102710,02538377,CARBOPROST TROMETHAMINE INJECTION USP (carboprost (carboprost tromethamine) 250 mcg per 1 mL solution for injection vial) JUNO PHARMA CANADA INC.,CARBOPROST TROMETHAMINE INJECTION USP (carboprost (trométhamine de carboprost) 250 mcg par 1 mL solution injectable fiole) JUNO PHARMA CANADA INC.,"mp_formal_name: ""CARBOPROST TROMETHAMINE INJECTION USP (carboprost (carboprost tromethamine) 250 mcg per 1 mL solution for injection vial) JUNO PHARMAC̲E̲U̲T̲I̲C̲A̲L̲S̲ ̲C̲O̲R̲P̲."" -> ""CARBOPROST TROMETHAMINE INJECTION USP (carboprost (carboprost tromethamine) 250 mcg per 1 mL solution for injection vial) JUNO PHARMA ̲C̲A̲N̲A̲D̲A̲ ̲I̲N̲C̲.""
mp_fr_description: ""CARBOPROST TROMETHAMINE INJECTION USP (carboprost (trométhamine de carboprost) 250 mcg par 1 mL solution injectable fiole) JUNO PHARMAC̲E̲U̲T̲I̲C̲A̲L̲S̲ ̲C̲O̲R̲P̲."" -> ""CARBOPROST TROMETHAMINE INJECTION USP (carboprost (trométhamine de carboprost) 250 mcg par 1 mL solution injectable fiole) JUNO PHARMA ̲C̲A̲N̲A̲D̲A̲ ̲I̲N̲C̲."""
31563,02143879,LIDODAN JELLY 2% (lidocaine hydrochloride 2 % cutaneous gel) ODAN LABORATORIESLTD,LIDODAN JELLY 2% (chlorhydrate de lidocaïne 2 % gel cutané) ODAN LABORATORIESLTD,"mp_formal_name: ""LIDODAN JELLY 2% (lidocaine hydrochloride 2 % cutaneous gel) ODAN LABORATORIES ̲LTD"" -> ""LIDODAN JELLY 2% (lidocaine hydrochloride 2 % cutaneous gel) ODAN LABORATORIESLTD""
mp_fr_description: ""LIDODAN JELLY 2% (chlorhydrate de lidocaïne 2 % gel cutané) ODAN LABORATORIES ̲LTD"" -> ""LIDODAN JELLY 2% (chlorhydrate de lidocaïne 2 % gel cutané) ODAN LABORATORIESLTD"""
106366,02560615,JAMP OXCARBAZEPINE (oxcarbazepine 600 mg oral tablet) JAMP PHARMA CORPORATION,JAMP OXCARBAZEPINE (oxcarbazépine 600 mg comprimé oral) JAMP PHARMA CORPORATION,ADDED
6054,00622885,ODAN-TROPICAMIDE (tropicamide 1 % ophthalmic drops) ODAN LABORATORIESLTD,ODAN-TROPICAMIDE (tropicamide 1 % gouttes ophtalmiques) ODAN LABORATORIESLTD,"mp_formal_name: ""ODAN-TROPICAMIDE (tropicamide 1 % ophthalmic drops) ODAN LABORATORIES ̲LTD"" -> ""ODAN-TROPICAMIDE (tropicamide 1 % ophthalmic drops) ODAN LABORATORIESLTD""
mp_fr_description: ""ODAN-TROPICAMIDE (tropicamide 1 % gouttes ophtalmiques) ODAN LABORATORIES ̲LTD"" -> ""ODAN-TROPICAMIDE (tropicamide 1 % gouttes ophtalmiques) ODAN LABORATORIESLTD"""
106330,02560224,CYCLOPHOSPHAMIDE FOR INJECTION USP (cyclophosphamide 2000 mg per vial powder for solution for injection) MARCAN PHARMACEUTICALS INC,CYCLOPHOSPHAMIDE FOR INJECTION USP (cyclophosphamide 2000 mg par fiole poudre pour solution injectable) MARCAN PHARMACEUTICALS INC,ADDED
46885,01914022,UROCIT-K (potassium citrate 5 mEq prolonged-release oral tablet) MISSION PHARMACAL COMPANY,UROCIT-K (citrate de potassium 5 mEq comprimé oral à libération prolongée) MISSION PHARMACAL COMPANY,"mp_status: ""ACTIVE"" -> ""INACTIVE""
mp_status_effective_time: ""19950101"" -> ""20240917"""
95781,02469154,ALTA-ZOPICLONE (zopiclone 7.5 mg oral tablet) ALTAMED PHARMA,"ALTA-ZOPICLONE (zopiclone 7,5 mg comprimé oral) ALTAMED PHARMA","Health_Canada_product_name: ""ZOPICLONE"" -> ""ALTA-ZOPICLONE""
mp_formal_name: ""ZOPICLONE (zopiclone 7.5 mg oral tablet) ALTAMED PHARMA"" -> ""A̲L̲T̲A̲-̲ZOPICLONE (zopiclone 7.5 mg oral tablet) ALTAMED PHARMA""
mp_fr_description: ""ZOPICLONE (zopiclone 7,5 mg comprimé oral) ALTAMED PHARMA"" -> ""A̲L̲T̲A̲-̲ZOPICLONE (zopiclone 7,5 mg comprimé oral) ALTAMED PHARMA"""
97486,02484560,AG TELMISARTAN-HCT (hydrochlorothiazide 12.5 mg and telmisartan 80 mg oral tablet) ANGITA PHARMA INC.,"AG TELMISARTAN-HCT (hydrochlorothiazide 12,5 mg et telmisartan 80 mg comprimé oral) ANGITA PHARMA INC.","mp_status: ""INACTIVE"" -> ""ACTIVE""
mp_status_effective_time: ""20250730"" -> ""20220907"""
9703,00636622,PROZAC CAPSULES 20MG (fluoxetine (fluoxetine hydrochloride) 20 mg oral capsule) ELI LILLY CANADA INC,PROZAC CAPSULES 20MG (fluoxétine (chlorhydrate de fluoxétine) 20 mg capsule orale) ELI LILLY CANADA INC,"mp_status: ""ACTIVE"" -> ""INACTIVE""
mp_status_effective_time: ""19891231"" -> ""20240925"""
91618,02431718,FOOT CARE FOAM (tolnaftate 1 % cutaneous foam) NSC PHARMA GMBH & CO.KG,FOOT CARE FOAM (tolnaftate 1 % mousse cutanée) NSC PHARMA GMBH & CO.KG,"mp_status: ""ACTIVE"" -> ""INACTIVE""
mp_status_effective_time: ""20150930"" -> ""20260730"""
91226,02427753,RIVA-DUTASTERIDE (dutasteride 0.5 mg oral capsule) LABORATOIRE RIVA INC.,"RIVA-DUTASTERIDE (dutastéride 0,5 mg capsule orale) LABORATOIRE RIVA INC.","mp_status: ""ACTIVE"" -> ""INACTIVE""
mp_status_effective_time: ""20140918"" -> ""20260724"""
80192,02316412,TEVA-IRBESARTAN (irbesartan 300 mg oral tablet) TEVA CANADA LIMITED,TEVA-IRBESARTAN (irbésartan 300 mg comprimé oral) TEVA CANADA LIMITED,"mp_status: ""ACTIVE"" -> ""INACTIVE""
mp_status_effective_time: ""20110321"" -> ""20250515"""
107119,02568926,EXDENSUR (depemokimab 100 mg per 1 mL solution for injection pen) GLAXOSMITHKLINE INC,EXDENSUR (dépémokimab 100 mg par 1 mL solution injectable stylo) GLAXOSMITHKLINE INC,ADDED
65768,02242093,RIVA-ATENOLOL (atenolol 100 mg oral tablet) LABORATOIRE RIVA INC.,RIVA-ATENOLOL (aténolol 100 mg comprimé oral) LABORATOIRE RIVA INC.,"mp_status: ""ACTIVE"" -> ""INACTIVE""
mp_status_effective_time: ""20000523"" -> ""20260724"""
106703,02564327,"REDEMPLO (plozasiran (plozasiran sodium) 25 mg per 0.5 mL solution for injection syringe) ARROWHEAD PHARMACEUTICALS, INC.","REDEMPLO (plozasiran (plozasiran sodique) 25 mg par 0,5 mL solution injectable seringue) ARROWHEAD PHARMACEUTICALS, INC.",ADDED
NA,77701079,PHENYLEPHRINE HYDROCHLORIDE INJECTION USP (phenylephrine hydrochloride 10 mg per 1 mL solution for injection vial) STERIMAX INC,PHENYLEPHRINE HYDROCHLORIDE INJECTION USP (chlorhydrate de phényléphrine 10 mg par 1 mL solution injectable fiole) STERIMAX INC,"mp_status: ""ACTIVE"" -> ""INACTIVE""
mp_status_effective_time: ""20210602"" -> ""20250103"""
78529,02299941,SANDOZ ENALAPRIL (enalapril maleate 5 mg oral tablet) SANDOZ CANADA INCORPORATED,SANDOZ ENALAPRIL (maléate d'énalapril 5 mg comprimé oral) SANDOZ CANADA INCORPORATED,"mp_status: ""ACTIVE"" -> ""INACTIVE""
mp_status_effective_time: ""20071017"" -> ""20260731"""
84678,02361736,NIPRIDE (sodium nitroprusside 50 mg per 2 mL solution for injection vial) PFIZER CANADA ULC,NIPRIDE (nitroprussiate de sodium 50 mg par 2 mL solution injectable fiole) PFIZER CANADA ULC,"mp_status: ""ACTIVE"" -> ""INACTIVE""
mp_status_effective_time: ""20110517"" -> ""20260619"""
106417,02561182,ATHLETE'S FOOT CREAM (tolnaftate 1 % cutaneous cream) SCHOLL'S WELLNESS COMPANY,ATHLETE'S FOOT CREAM (tolnaftate 1 % crème cutanée) SCHOLL'S WELLNESS COMPANY,ADDED
97591,02485680,NOREPINEPHRINE BITARTRATE INJECTION USP (norepinephrine (norepinephrine bitartrate) 4 mg per 4 mL solution for injection ampoule) GENERIC MEDICAL PARTNERS INC,NOREPINEPHRINE BITARTRATE INJECTION USP (norépinéphrine (bitartrate de norépinéphrine) 4 mg par 4 mL solution injectable ampoule) GENERIC MEDICAL PARTNERS INC,"mp_status: ""ACTIVE"" -> ""INACTIVE""
mp_status_effective_time: ""20200504"" -> ""20260722"""
106382,02560798,SLENYTO (melatonin 1 mg prolonged-release oral tablet) NEURIM PHARMACEUTICALS LTD.,SLENYTO (mélatonine 1 mg comprimé oral à libération prolongée) NEURIM PHARMACEUTICALS LTD.,ADDED
66276,02242528,ODAN PROCTOMYXIN HC SUPPOSITORIES (dibucaine hydrochloride 5 mg and esculin 10 mg and framycetin sulfate 10 mg and hydrocortisone 5 mg suppository) ODAN LABORATORIESLTD,ODAN PROCTOMYXIN HC SUPPOSITORIES (chlorhydrate de dibucaïne 5 mg et esculine 10 mg et sulfate de framycétine 10 mg et hydrocortisone 5 mg suppositoire) ODAN LABORATORIESLTD,"mp_formal_name: ""ODAN PROCTOMYXIN HC SUPPOSITORIES (dibucaine hydrochloride 5 mg and esculin 10 mg and framycetin sulfate 10 mg and hydrocortisone 5 mg suppository) ODAN LABORATORIES ̲LTD"" -> ""ODAN PROCTOMYXIN HC SUPPOSITORIES (dibucaine hydrochloride 5 mg and esculin 10 mg and framycetin sulfate 10 mg and hydrocortisone 5 mg suppository) ODAN LABORATORIESLTD""
mp_fr_description: ""ODAN PROCTOMYXIN HC SUPPOSITORIES (chlorhydrate de dibucaïne 5 mg et esculine 10 mg et sulfate de framycétine 10 mg et hydrocortisone 5 mg suppositoire) ODAN LABORATORIES ̲LTD"" -> ""ODAN PROCTOMYXIN HC SUPPOSITORIES (chlorhydrate de dibucaïne 5 mg et esculine 10 mg et sulfate de framycétine 10 mg et hydrocortisone 5 mg suppositoire) ODAN LABORATORIESLTD"""
1667,00266493,TARDAN SHP (coal tar 5 % and salicylic acid 2 % and triclosan 0.3 % shampoo) ODAN LABORATORIESLTD,"TARDAN SHP (goudron de houille 5 % et acide salicylique 2 % et triclosan 0,3 % shampoing) ODAN LABORATORIESLTD","mp_formal_name: ""TARDAN SHP (coal tar 5 % and salicylic acid 2 % and triclosan 0.3 % shampoo) ODAN LABORATORIES ̲LTD"" -> ""TARDAN SHP (coal tar 5 % and salicylic acid 2 % and triclosan 0.3 % shampoo) ODAN LABORATORIESLTD""
mp_fr_description: ""TARDAN SHP (goudron de houille 5 % et acide salicylique 2 % et triclosan 0,3 % shampoing) ODAN LABORATORIES ̲LTD"" -> ""TARDAN SHP (goudron de houille 5 % et acide salicylique 2 % et triclosan 0,3 % shampoing) ODAN LABORATORIESLTD"""
106479,02561867,EXTRA STRENGTH TYLENOL COUGH & SORE THROAT (acetaminophen 500 mg and chlorpheniramine maleate 2 mg and dextromethorphan hydrobromide 15 mg oral tablet with acetaminophen 500 mg and dextromethorphan hydrobromide 15 mg oral tablet) KENVUE CANADA INC.,EXTRA STRENGTH TYLENOL COUGH & SORE THROAT (acétaminophène 500 mg et maléate de chlorphéniramine 2 mg et bromhydrate de dextrométhorphane 15 mg comprimé oral avec acétaminophène 500 mg et bromhydrate de dextrométhorphane 15 mg comprimé oral) KENVUE CANADA INC.,ADDED
51233,02231800,ODAN-INDOMETHACIN (indomethacin 100 mg suppository) ODAN LABORATORIESLTD,ODAN-INDOMETHACIN (indométhacine 100 mg suppositoire) ODAN LABORATORIESLTD,"mp_formal_name: ""ODAN-INDOMETHACIN (indomethacin 100 mg suppository) ODAN LABORATORIES ̲LTD"" -> ""ODAN-INDOMETHACIN (indomethacin 100 mg suppository) ODAN LABORATORIESLTD""
mp_fr_description: ""ODAN-INDOMETHACIN (indométhacine 100 mg suppositoire) ODAN LABORATORIES ̲LTD"" -> ""ODAN-INDOMETHACIN (indométhacine 100 mg suppositoire) ODAN LABORATORIESLTD"""
106455,02561603,HYDROMORPHONE HYDROCHLORIDE INJECTION USP (hydromorphone hydrochloride 20 mg per 100 mL solution for injection bag) STERINOVA INC.,HYDROMORPHONE HYDROCHLORIDE INJECTION USP (chlorhydrate d'hydromorphone 20 mg par 100 mL solution injectable sac) STERINOVA INC.,ADDED
106839,02565838,ODAN-BUPROPION XL (bupropion hydrochloride 150 mg prolonged-release oral tablet) ODAN LABORATORIESLTD,ODAN-BUPROPION XL (chlorhydrate de bupropion 150 mg comprimé oral à libération prolongée) ODAN LABORATORIESLTD,ADDED
50030,02230769,DALMACOL (alcohol anhydrous 0.25 mL per 5 mL and doxylamine succinate 6 mg per 5 mL and etafedrine hydrochloride 16.65 mg per 5 mL and hydrocodone bitartrate 1.65 mg per 5 mL and sodium citrate 200 mg per 5 mL syrup) LABORATOIRE RIVA INC.,"DALMACOL (alcool anhydre 0,25 mL par 5 mL et succinate de doxylamine 6 mg par 5 mL et chlorhydrate d'étafédrine 16,65 mg par 5 mL et bitartrate d'hydrocodone 1,65 mg par 5 mL et citrate de sodium 200 mg par 5 mL sirop) LABORATOIRE RIVA INC.","mp_status: ""ACTIVE"" -> ""INACTIVE""
mp_status_effective_time: ""19970326"" -> ""20260724"""
89149,02406810,SPC-IRBESARTAN (irbesartan 75 mg oral tablet) SUN PHARMA CANADA INC,SPC-IRBESARTAN (irbésartan 75 mg comprimé oral) SUN PHARMA CANADA INC,"Health_Canada_product_name: ""TARO-IRBESARTAN"" -> ""SPC-IRBESARTAN""
mp_formal_name: ""T̲A̲R̲O̲-IRBESARTAN (irbesartan 75 mg oral tablet) SUN PHARMA CANADA INC"" -> ""S̲P̲C̲-IRBESARTAN (irbesartan 75 mg oral tablet) SUN PHARMA CANADA INC""
mp_fr_description: ""T̲A̲R̲O̲-IRBESARTAN (irbésartan 75 mg comprimé oral) SUN PHARMA CANADA INC"" -> ""S̲P̲C̲-IRBESARTAN (irbésartan 75 mg comprimé oral) SUN PHARMA CANADA INC"""
91612,02431637,CALCITRIOL-ODAN (calcitriol 0.25 mcg oral capsule) ODAN LABORATORIESLTD,"CALCITRIOL-ODAN (calcitriol 0,25 mcg capsule orale) ODAN LABORATORIESLTD","mp_formal_name: ""CALCITRIOL-ODAN (calcitriol 0.25 mcg oral capsule) ODAN LABORATORIES ̲LTD"" -> ""CALCITRIOL-ODAN (calcitriol 0.25 mcg oral capsule) ODAN LABORATORIESLTD""
mp_fr_description: ""CALCITRIOL-ODAN (calcitriol 0,25 mcg capsule orale) ODAN LABORATORIES ̲LTD"" -> ""CALCITRIOL-ODAN (calcitriol 0,25 mcg capsule orale) ODAN LABORATORIESLTD"""
6258,00514888,SELAX CAP 100MG (docusate sodium 100 mg oral capsule) ODAN LABORATORIESLTD,SELAX CAP 100MG (docusate sodique 100 mg capsule orale) ODAN LABORATORIESLTD,"mp_formal_name: ""SELAX CAP 100MG (docusate sodium 100 mg oral capsule) ODAN LABORATORIES ̲LTD"" -> ""SELAX CAP 100MG (docusate sodium 100 mg oral capsule) ODAN LABORATORIESLTD""
mp_fr_description: ""SELAX CAP 100MG (docusate sodique 100 mg capsule orale) ODAN LABORATORIES ̲LTD"" -> ""SELAX CAP 100MG (docusate sodique 100 mg capsule orale) ODAN LABORATORIESLTD"""
106926,02566788,ODAN-ARIPIPRAZOLE SOLUTION (aripiprazole 1 mg per mL oral solution) ODAN LABORATORIESLTD,ODAN-ARIPIPRAZOLE SOLUTION (aripiprazole 1 mg par mL solution orale) ODAN LABORATORIESLTD,ADDED
17236,02083795,LIDODAN OINTMENT 5% (lidocaine 5 % cutaneous ointment) ODAN LABORATORIESLTD,LIDODAN OINTMENT 5% (lidocaïne 5 % pommade cutanée) ODAN LABORATORIESLTD,"mp_formal_name: ""LIDODAN OINTMENT 5% (lidocaine 5 % cutaneous ointment) ODAN LABORATORIES ̲LTD"" -> ""LIDODAN OINTMENT 5% (lidocaine 5 % cutaneous ointment) ODAN LABORATORIESLTD""
mp_fr_description: ""LIDODAN OINTMENT 5% (lidocaïne 5 % pommade cutanée) ODAN LABORATORIES ̲LTD"" -> ""LIDODAN OINTMENT 5% (lidocaïne 5 % pommade cutanée) ODAN LABORATORIESLTD"""
72943,02248588,INFACOL (simethicone 40 mg per mL oral drops) PHOENIX LABS UNLIMITED COMPANY,INFACOL (siméticone 40 mg par mL gouttes orales) PHOENIX LABS UNLIMITED COMPANY,"mp_status: ""ACTIVE"" -> ""INACTIVE""
mp_status_effective_time: ""20060727"" -> ""20260706"""
50454,02231147,LIDODAN ENDOTRACHEAL NON-AEROSOL SPRAY (lidocaine (lidocaine hydrochloride) 10 mg per actuation endotracheopulmonary instillation) ODAN LABORATORIESLTD,LIDODAN ENDOTRACHEAL NON-AEROSOL SPRAY (lidocaïne (chlorhydrate de lidocaïne) 10 mg par actionnement instillation endotrachéobronchique) ODAN LABORATORIESLTD,"mp_formal_name: ""LIDODAN ENDOTRACHEAL NON-AEROSOL SPRAY (lidocaine (lidocaine hydrochloride) 10 mg per actuation endotracheopulmonary instillation) ODAN LABORATORIES ̲LTD"" -> ""LIDODAN ENDOTRACHEAL NON-AEROSOL SPRAY (lidocaine (lidocaine hydrochloride) 10 mg per actuation endotracheopulmonary instillation) ODAN LABORATORIESLTD""
mp_fr_description: ""LIDODAN ENDOTRACHEAL NON-AEROSOL SPRAY (lidocaïne (chlorhydrate de lidocaïne) 10 mg par actionnement instillation endotrachéobronchique) ODAN LABORATORIES ̲LTD"" -> ""LIDODAN ENDOTRACHEAL NON-AEROSOL SPRAY (lidocaïne (chlorhydrate de lidocaïne) 10 mg par actionnement instillation endotrachéobronchique) ODAN LABORATORIESLTD"""
91410,02429659,EZETIMIBE (ezetimibe 10 mg oral tablet) SIVEM PHARMACEUTICALS ULC,EZETIMIBE (ézétimibe 10 mg comprimé oral) SIVEM PHARMACEUTICALS ULC,"mp_status: ""ACTIVE"" -> ""INACTIVE""
mp_status_effective_time: ""20140916"" -> ""20260703"""
91613,02431645,CALCITRIOL-ODAN (calcitriol 0.5 mcg oral capsule) ODAN LABORATORIESLTD,"CALCITRIOL-ODAN (calcitriol 0,5 mcg capsule orale) ODAN LABORATORIESLTD","mp_formal_name: ""CALCITRIOL-ODAN (calcitriol 0.5 mcg oral capsule) ODAN LABORATORIES ̲LTD"" -> ""CALCITRIOL-ODAN (calcitriol 0.5 mcg oral capsule) ODAN LABORATORIESLTD""
mp_fr_description: ""CALCITRIOL-ODAN (calcitriol 0,5 mcg capsule orale) ODAN LABORATORIES ̲LTD"" -> ""CALCITRIOL-ODAN (calcitriol 0,5 mcg capsule orale) ODAN LABORATORIESLTD"""
106506,02562162,GALANTAMINE ER (galantamine (galantamine hydrobromide) 16 mg prolonged-release oral capsule) SIVEM PHARMACEUTICALS ULC,GALANTAMINE ER (galantamine (bromhydrate de galantamine) 16 mg capsule orale à libération prolongée) SIVEM PHARMACEUTICALS ULC,ADDED
79718,02311615,PRO-CLONAZEPAM (clonazepam 2 mg oral tablet) PRO DOC LIMITEE,PRO-CLONAZEPAM (clonazépam 2 mg comprimé oral) PRO DOC LIMITEE,"mp_status: ""ACTIVE"" -> ""INACTIVE""
mp_status_effective_time: ""20080709"" -> ""20260713"""
106723,02564548,APO-NAPROXEN / ESOMEPRAZOLE (esomeprazole (esomeprazole magnesium trihydrate) 20 mg and naproxen 500 mg modified-release oral tablet) APOTEX INC,APO-NAPROXEN / ESOMEPRAZOLE (ésoméprazole (ésoméprazole magnésien trihydraté) 20 mg et naproxène 500 mg comprimé oral à libération modifiée) APOTEX INC,ADDED
101358,02524562,M-LEVETIRACETAM (levetiracetam 250 mg oral tablet) MANTRA PHARMA INC,M-LEVETIRACETAM (lévétiracétam 250 mg comprimé oral) MANTRA PHARMA INC,"mp_status: ""ACTIVE"" -> ""INACTIVE""
mp_status_effective_time: ""20220823"" -> ""20241223"""
106520,02562316,BRIMONIDINE (brimonidine tartrate 0.2 % ophthalmic drops) STERI-MED PHARMA INC.,"BRIMONIDINE (tartrate de brimonidine 0,2 % gouttes ophtalmiques) STERI-MED PHARMA INC.",ADDED
85004,02365197,PRO-IRBESARTAN (irbesartan 75 mg oral tablet) PRO DOC LIMITEE,PRO-IRBESARTAN (irbésartan 75 mg comprimé oral) PRO DOC LIMITEE,"Health_Canada_product_name: ""IRBESARTAN"" -> ""PRO-IRBESARTAN""
mp_formal_name: ""IRBESARTAN (irbesartan 75 mg oral tablet) PRO DOC LIMITEE"" -> ""P̲R̲O̲-̲IRBESARTAN (irbesartan 75 mg oral tablet) PRO DOC LIMITEE""
mp_fr_description: ""IRBESARTAN (irbésartan 75 mg comprimé oral) PRO DOC LIMITEE"" -> ""P̲R̲O̲-̲IRBESARTAN (irbésartan 75 mg comprimé oral) PRO DOC LIMITEE"""
86274,02377152,TEVA-LOSARTAN/HCTZ (hydrochlorothiazide 25 mg and losartan potassium 100 mg oral tablet) TEVA CANADA LIMITED,TEVA-LOSARTAN/HCTZ (hydrochlorothiazide 25 mg et losartan potassique 100 mg comprimé oral) TEVA CANADA LIMITED,"mp_status: ""ACTIVE"" -> ""INACTIVE""
mp_status_effective_time: ""20120125"" -> ""20201215"""
NA,77701210,"FUROSEMIDE INJECTION, USP (furosemide 40 mg per 4 mL solution for injection vial) EUGIA PHARMA INC.","FUROSEMIDE INJECTION, USP (furosémide 40 mg par 4 mL solution injectable fiole) EUGIA PHARMA INC.",ADDED
88422,02399334,CALCITRIOL INJECTION USP (calcitriol 1 mcg per 1 mL solution for injection ampoule) STERIMAX INC,CALCITRIOL INJECTION USP (calcitriol 1 mcg par 1 mL solution injectable ampoule) STERIMAX INC,"mp_status: ""ACTIVE"" -> ""INACTIVE""
mp_status_effective_time: ""20150327"" -> ""20250423"""
106840,02565846,ODAN-BUPROPION XL (bupropion hydrochloride 300 mg prolonged-release oral tablet) ODAN LABORATORIESLTD,ODAN-BUPROPION XL (chlorhydrate de bupropion 300 mg comprimé oral à libération prolongée) ODAN LABORATORIESLTD,ADDED
106572,02562871,ROSUVASTATIN (rosuvastatin (rosuvastatin calcium) 10 mg oral tablet) 10445517 CANADA INC / NORTH PHARMACEUTICALS / DAC PHARMACEUTICALS,ROSUVASTATIN (rosuvastatine (rosuvastatine calcique) 10 mg comprimé oral) 10445517 CANADA INC / NORTH PHARMACEUTICALS / DAC PHARMACEUTICALS,ADDED
101386,02524856,GLICLAZIDE MR (gliclazide 30 mg prolonged-release oral tablet) SANIS HEALTH INC,GLICLAZIDE MR (gliclazide 30 mg comprimé oral à libération prolongée) SANIS HEALTH INC,"mp_status_effective_time: ""20251024"" -> ""20260723"""
94657,02459361,ODAN-FLUOXETINE (fluoxetine (fluoxetine hydrochloride) 20 mg per 5 mL oral solution) ODAN LABORATORIESLTD,ODAN-FLUOXETINE (fluoxétine (chlorhydrate de fluoxétine) 20 mg par 5 mL solution orale) ODAN LABORATORIESLTD,"mp_formal_name: ""ODAN-FLUOXETINE (fluoxetine (fluoxetine hydrochloride) 20 mg per 5 mL oral solution) ODAN LABORATORIES ̲LTD"" -> ""ODAN-FLUOXETINE (fluoxetine (fluoxetine hydrochloride) 20 mg per 5 mL oral solution) ODAN LABORATORIESLTD""
mp_fr_description: ""ODAN-FLUOXETINE (fluoxétine (chlorhydrate de fluoxétine) 20 mg par 5 mL solution orale) ODAN LABORATORIES ̲LTD"" -> ""ODAN-FLUOXETINE (fluoxétine (chlorhydrate de fluoxétine) 20 mg par 5 mL solution orale) ODAN LABORATORIESLTD"""
101160,02522489,M-FINASTERIDE (finasteride 5 mg oral tablet) MANTRA PHARMA INC,M-FINASTERIDE (finastéride 5 mg comprimé oral) MANTRA PHARMA INC,"mp_status: ""ACTIVE"" -> ""INACTIVE""
mp_status_effective_time: ""20221007"" -> ""20260731"""
100285,02513676,AG-CITALOPRAM TABLETS (citalopram (citalopram hydrobromide) 10 mg oral tablet) ANGITA PHARMA INC.,AG-CITALOPRAM TABLETS (citalopram (bromhydrate de citalopram) 10 mg comprimé oral) ANGITA PHARMA INC.,ADDED
76059,02275082,ODAN BUPROPION SR (bupropion hydrochloride 150 mg prolonged-release oral tablet) ODAN LABORATORIESLTD,ODAN BUPROPION SR (chlorhydrate de bupropion 150 mg comprimé oral à libération prolongée) ODAN LABORATORIESLTD,"mp_formal_name: ""ODAN BUPROPION SR (bupropion hydrochloride 150 mg prolonged-release oral tablet) ODAN LABORATORIES ̲LTD"" -> ""ODAN BUPROPION SR (bupropion hydrochloride 150 mg prolonged-release oral tablet) ODAN LABORATORIESLTD""
mp_fr_description: ""ODAN BUPROPION SR (chlorhydrate de bupropion 150 mg comprimé oral à libération prolongée) ODAN LABORATORIES ̲LTD"" -> ""ODAN BUPROPION SR (chlorhydrate de bupropion 150 mg comprimé oral à libération prolongée) ODAN LABORATORIESLTD"""
106662,02563886,TRYNGOLZA (olezarsen (olezarsen sodium) 80 mg per 0.8 mL solution for injection syringe) CELYSTRA PHARMA INC.,"TRYNGOLZA (olezarsen (olezarsen sodique) 80 mg par 0,8 mL solution injectable seringue) CELYSTRA PHARMA INC.","mp_formal_name: ""TRYNGOLZA (olezarsen (olezarsen sodium) 80 mg per 0.8 mL solution for injection syringe) T̲H̲E̲R̲A̲T̲E̲C̲H̲N̲O̲L̲O̲G̲I̲E̲S̲ ̲I̲N̲C̲"" -> ""TRYNGOLZA (olezarsen (olezarsen sodium) 80 mg per 0.8 mL solution for injection syringe) C̲E̲L̲Y̲S̲T̲R̲A̲ ̲P̲H̲A̲R̲M̲A̲ ̲I̲N̲C̲.̲""
mp_fr_description: ""TRYNGOLZA (olezarsen (olezarsen sodique) 80 mg par 0,8 mL solution injectable seringue) T̲H̲E̲R̲A̲T̲E̲C̲H̲N̲O̲L̲O̲G̲I̲E̲S̲ ̲I̲N̲C̲"" -> ""TRYNGOLZA (olezarsen (olezarsen sodique) 80 mg par 0,8 mL solution injectable seringue) C̲E̲L̲Y̲S̲T̲R̲A̲ ̲P̲H̲A̲R̲M̲A̲ ̲I̲N̲C̲.̲"""
94242,02455609,CHOLESTYRAMINE-ODAN (cholestyramine 4 g per sachet powder for oral suspension) ODAN LABORATORIESLTD,CHOLESTYRAMINE-ODAN (cholestyramine 4 g par sachet poudre pour suspension orale) ODAN LABORATORIESLTD,"mp_formal_name: ""CHOLESTYRAMINE-ODAN (cholestyramine 4 g per sachet powder for oral suspension) ODAN LABORATORIES ̲LTD"" -> ""CHOLESTYRAMINE-ODAN (cholestyramine 4 g per sachet powder for oral suspension) ODAN LABORATORIESLTD""
mp_fr_description: ""CHOLESTYRAMINE-ODAN (cholestyramine 4 g par sachet poudre pour suspension orale) ODAN LABORATORIES ̲LTD"" -> ""CHOLESTYRAMINE-ODAN (cholestyramine 4 g par sachet poudre pour suspension orale) ODAN LABORATORIESLTD"""
17817,02041456,ATIVAN (lorazepam 0.5 mg sublingual tablet) PFIZER CANADA ULC,"ATIVAN (lorazépam 0,5 mg comprimé sublingual) PFIZER CANADA ULC","mp_status: ""ACTIVE"" -> ""INACTIVE""
mp_status_effective_time: ""19951231"" -> ""20260703"""
69814,02245710,"BENYLIN EXTRA STRENGTH ALL-IN-ONE COUGH, COLD & FLU (acetaminophen 500 mg per 15 mL and dextromethorphan hydrobromide 15 mg per 15 mL and guaifenesin 100 mg per 15 mL and pseudoephedrine hydrochloride 30 mg per 15 mL syrup) KENVUE CANADA INC.","BENYLIN EXTRA STRENGTH ALL-IN-ONE COUGH, COLD & FLU (acétaminophène 500 mg par 15 mL et bromhydrate de dextrométhorphane 15 mg par 15 mL et guaïfénésine 100 mg par 15 mL et chlorhydrate de pseudoéphédrine 30 mg par 15 mL sirop) KENVUE CANADA INC.","mp_formal_name: ""BENYLIN EXTRA STRENGTH ALL-IN-ONE COUGH, COLD & FLU (acetaminophen 500 mg per 15 mL and dextromethorphan hydrobromide 15 mg per 15 mL and guaifenesin 100 mg per 15 mL and pseudoephedrine hydrochloride 30 mg per 15 mL syrup) M̲C̲N̲E̲I̲L̲ ̲C̲O̲N̲S̲U̲M̲E̲R̲ ̲H̲E̲A̲L̲T̲H̲C̲A̲R̲E̲ ̲D̲I̲V̲I̲S̲I̲O̲N̲ ̲O̲F̲ ̲J̲O̲H̲N̲S̲O̲N̲ ̲&̲ ̲J̲O̲H̲N̲S̲O̲N̲ ̲I̲N̲C̲"" -> ""BENYLIN EXTRA STRENGTH ALL-IN-ONE COUGH, COLD & FLU (acetaminophen 500 mg per 15 mL and dextromethorphan hydrobromide 15 mg per 15 mL and guaifenesin 100 mg per 15 mL and pseudoephedrine hydrochloride 30 mg per 15 mL syrup) K̲E̲N̲V̲U̲E̲ ̲C̲A̲N̲A̲D̲A̲ ̲I̲N̲C̲.̲""
mp_fr_description: ""BENYLIN EXTRA STRENGTH ALL-IN-ONE COUGH, COLD & FLU (acétaminophène 500 mg par 15 mL et bromhydrate de dextrométhorphane 15 mg par 15 mL et guaïfénésine 100 mg par 15 mL et chlorhydrate de pseudoéphédrine 30 mg par 15 mL sirop) M̲C̲N̲E̲I̲L̲ ̲C̲O̲N̲S̲U̲M̲E̲R̲ ̲H̲E̲A̲L̲T̲H̲C̲A̲R̲E̲ ̲D̲I̲V̲I̲S̲I̲O̲N̲ ̲O̲F̲ ̲J̲O̲H̲N̲S̲O̲N̲ ̲&̲ ̲J̲O̲H̲N̲S̲O̲N̲ ̲I̲N̲C̲"" -> ""BENYLIN EXTRA STRENGTH ALL-IN-ONE COUGH, COLD & FLU (acétaminophène 500 mg par 15 mL et bromhydrate de dextrométhorphane 15 mg par 15 mL et guaïfénésine 100 mg par 15 mL et chlorhydrate de pseudoéphédrine 30 mg par 15 mL sirop) K̲E̲N̲V̲U̲E̲ ̲C̲A̲N̲A̲D̲A̲ ̲I̲N̲C̲.̲"""
4037,00510335,TARGEL SA (coal tar 10 % and salicylic acid 3 % cutaneous gel) ODAN LABORATORIESLTD,TARGEL SA (goudron de houille 10 % et acide salicylique 3 % gel cutané) ODAN LABORATORIESLTD,"mp_formal_name: ""TARGEL SA (coal tar 10 % and salicylic acid 3 % cutaneous gel) ODAN LABORATORIES ̲LTD"" -> ""TARGEL SA (coal tar 10 % and salicylic acid 3 % cutaneous gel) ODAN LABORATORIESLTD""
mp_fr_description: ""TARGEL SA (goudron de houille 10 % et acide salicylique 3 % gel cutané) ODAN LABORATORIES ̲LTD"" -> ""TARGEL SA (goudron de houille 10 % et acide salicylique 3 % gel cutané) ODAN LABORATORIESLTD"""
35795,02194163,TEVA-NYSTATIN (nystatin 100000 unit per g vaginal cream) TEVA CANADA LIMITED,TEVA-NYSTATIN (nystatine 100000 unité par g crème vaginale) TEVA CANADA LIMITED,"mp_status: ""ACTIVE"" -> ""INACTIVE""
mp_status_effective_time: ""19981014"" -> ""20200117"""
102386,02534975,"NALOXONE HYDROCHLORIDE INJECTION, USP (naloxone hydrochloride 4 mg per 10 mL solution for injection vial) EUGIA PHARMA INC.","NALOXONE HYDROCHLORIDE INJECTION, USP (chlorhydrate de naloxone 4 mg par 10 mL solution injectable fiole) EUGIA PHARMA INC.",ADDED
106574,02562901,ROSUVASTATIN (rosuvastatin (rosuvastatin calcium) 40 mg oral tablet) 10445517 CANADA INC / NORTH PHARMACEUTICALS / DAC PHARMACEUTICALS,ROSUVASTATIN (rosuvastatine (rosuvastatine calcique) 40 mg comprimé oral) 10445517 CANADA INC / NORTH PHARMACEUTICALS / DAC PHARMACEUTICALS,ADDED
101843,02529181,NORDITROPIN FLEXPRO (somatropin 5 mg per 1.5 mL solution for injection pen) NOVO NORDISK CANADA INC,"NORDITROPIN FLEXPRO (somatropine 5 mg par 1,5 mL solution injectable stylo) NOVO NORDISK CANADA INC","mp_status: ""ACTIVE"" -> ""INACTIVE""
mp_status_effective_time: ""20221207"" -> ""20260724"""
83828,02353059,ROPINIROLE (ropinirole (ropinirole hydrochloride) 1 mg oral tablet) SANIS HEALTH INC,ROPINIROLE (ropinirole (chlorhydrate de ropinirole) 1 mg comprimé oral) SANIS HEALTH INC,"mp_status_effective_time: ""20220719"" -> ""20260723"""
90086,02416298,MED-DUTASTERIDE (dutasteride 0.5 mg oral capsule) GENERIC MEDICAL PARTNERS INC,"MED-DUTASTERIDE (dutastéride 0,5 mg capsule orale) GENERIC MEDICAL PARTNERS INC","mp_status: ""ACTIVE"" -> ""INACTIVE""
mp_status_effective_time: ""20141010"" -> ""20260722"""
13120,01938371,EXTRA STRENGTH SINUTAB SINUS DAYTIME (acetaminophen 500 mg and pseudoephedrine hydrochloride 30 mg oral tablet) KENVUE CANADA INC.,EXTRA STRENGTH SINUTAB SINUS DAYTIME (acétaminophène 500 mg et chlorhydrate de pseudoéphédrine 30 mg comprimé oral) KENVUE CANADA INC.,"mp_formal_name: ""EXTRA STRENGTH SINUTAB SINUS DAYTIME (acetaminophen 500 mg and pseudoephedrine hydrochloride 30 mg oral tablet) M̲C̲N̲E̲I̲L̲ ̲C̲O̲N̲S̲U̲M̲E̲R̲ ̲H̲E̲A̲L̲T̲H̲C̲A̲R̲E̲ ̲D̲I̲V̲I̲S̲I̲O̲N̲ ̲O̲F̲ ̲J̲O̲H̲N̲S̲O̲N̲ ̲&̲ ̲J̲O̲H̲N̲S̲O̲N̲ ̲I̲N̲C̲"" -> ""EXTRA STRENGTH SINUTAB SINUS DAYTIME (acetaminophen 500 mg and pseudoephedrine hydrochloride 30 mg oral tablet) K̲E̲N̲V̲U̲E̲ ̲C̲A̲N̲A̲D̲A̲ ̲I̲N̲C̲.̲""
mp_fr_description: ""EXTRA STRENGTH SINUTAB SINUS DAYTIME (acétaminophène 500 mg et chlorhydrate de pseudoéphédrine 30 mg comprimé oral) M̲C̲N̲E̲I̲L̲ ̲C̲O̲N̲S̲U̲M̲E̲R̲ ̲H̲E̲A̲L̲T̲H̲C̲A̲R̲E̲ ̲D̲I̲V̲I̲S̲I̲O̲N̲ ̲O̲F̲ ̲J̲O̲H̲N̲S̲O̲N̲ ̲&̲ ̲J̲O̲H̲N̲S̲O̲N̲ ̲I̲N̲C̲"" -> ""EXTRA STRENGTH SINUTAB SINUS DAYTIME (acétaminophène 500 mg et chlorhydrate de pseudoéphédrine 30 mg comprimé oral) K̲E̲N̲V̲U̲E̲ ̲C̲A̲N̲A̲D̲A̲ ̲I̲N̲C̲.̲"""
85799,02372886,IRBESARTAN/HCTZ (hydrochlorothiazide 12.5 mg and irbesartan 150 mg oral tablet) SANIS HEALTH INC,"IRBESARTAN/HCTZ (hydrochlorothiazide 12,5 mg et irbésartan 150 mg comprimé oral) SANIS HEALTH INC","mp_status: ""ACTIVE"" -> ""INACTIVE""
mp_status_effective_time: ""20111018"" -> ""20260723"""
79195,02306409,BENYLIN EXTRA STRENGTH COLD & SINUS NIGHT (acetaminophen 500 mg and chlorpheniramine maleate 2 mg and phenylephrine hydrochloride 5 mg oral tablet) KENVUE CANADA INC.,BENYLIN EXTRA STRENGTH COLD & SINUS NIGHT (acétaminophène 500 mg et maléate de chlorphéniramine 2 mg et chlorhydrate de phényléphrine 5 mg comprimé oral) KENVUE CANADA INC.,"mp_formal_name: ""BENYLIN EXTRA STRENGTH COLD & SINUS NIGHT (acetaminophen 500 mg and chlorpheniramine maleate 2 mg and phenylephrine hydrochloride 5 mg oral tablet) M̲C̲N̲E̲I̲L̲ ̲C̲O̲N̲S̲U̲M̲E̲R̲ ̲H̲E̲A̲L̲T̲H̲C̲A̲R̲E̲ ̲D̲I̲V̲I̲S̲I̲O̲N̲ ̲O̲F̲ ̲J̲O̲H̲N̲S̲O̲N̲ ̲&̲ ̲J̲O̲H̲N̲S̲O̲N̲ ̲I̲N̲C̲"" -> ""BENYLIN EXTRA STRENGTH COLD & SINUS NIGHT (acetaminophen 500 mg and chlorpheniramine maleate 2 mg and phenylephrine hydrochloride 5 mg oral tablet) K̲E̲N̲V̲U̲E̲ ̲C̲A̲N̲A̲D̲A̲ ̲I̲N̲C̲.̲""
mp_fr_description: ""BENYLIN EXTRA STRENGTH COLD & SINUS NIGHT (acétaminophène 500 mg et maléate de chlorphéniramine 2 mg et chlorhydrate de phényléphrine 5 mg comprimé oral) M̲C̲N̲E̲I̲L̲ ̲C̲O̲N̲S̲U̲M̲E̲R̲ ̲H̲E̲A̲L̲T̲H̲C̲A̲R̲E̲ ̲D̲I̲V̲I̲S̲I̲O̲N̲ ̲O̲F̲ ̲J̲O̲H̲N̲S̲O̲N̲ ̲&̲ ̲J̲O̲H̲N̲S̲O̲N̲ ̲I̲N̲C̲"" -> ""BENYLIN EXTRA STRENGTH COLD & SINUS NIGHT (acétaminophène 500 mg et maléate de chlorphéniramine 2 mg et chlorhydrate de phényléphrine 5 mg comprimé oral) K̲E̲N̲V̲U̲E̲ ̲C̲A̲N̲A̲D̲A̲ ̲I̲N̲C̲.̲"""
102632,02537613,AG-LISDEXAMFETAMINE (lisdexamfetamine dimesylate 60 mg oral capsule) ANGITA PHARMA INC.,AG-LISDEXAMFETAMINE (dimésylate de lisdexamfétamine 60 mg capsule orale) ANGITA PHARMA INC.,ADDED
98076,02490706,ODAN CLOBETASOL SPRAY (clobetasol propionate 0.05 % cutaneous spray) ODAN LABORATORIESLTD,"ODAN CLOBETASOL SPRAY (propionate de clobétasol 0,05 % vaporisation cutanée) ODAN LABORATORIESLTD","mp_formal_name: ""ODAN CLOBETASOL SPRAY (clobetasol propionate 0.05 % cutaneous spray) ODAN LABORATORIES ̲LTD"" -> ""ODAN CLOBETASOL SPRAY (clobetasol propionate 0.05 % cutaneous spray) ODAN LABORATORIESLTD""
mp_fr_description: ""ODAN CLOBETASOL SPRAY (propionate de clobétasol 0,05 % vaporisation cutanée) ODAN LABORATORIES ̲LTD"" -> ""ODAN CLOBETASOL SPRAY (propionate de clobétasol 0,05 % vaporisation cutanée) ODAN LABORATORIESLTD"""
80131,02315793,BAZA PROTECT II (dimethicone 1 % and zinc oxide 12 % cutaneous cream) COLOPLAST A/S,BAZA PROTECT II (diméthicone 1 % et oxyde de zinc 12 % crème cutanée) COLOPLAST A/S,"mp_status: ""ACTIVE"" -> ""INACTIVE""
mp_status_effective_time: ""20090520"" -> ""20260729"""
66275,02242527,ODAN PROCTOMYXIN HC (dibucaine hydrochloride 0.5 % and esculin 1 % and framycetin sulfate 1 % and hydrocortisone 0.5 % rectal ointment) ODAN LABORATORIESLTD,"ODAN PROCTOMYXIN HC (chlorhydrate de dibucaïne 0,5 % et esculine 1 % et sulfate de framycétine 1 % et hydrocortisone 0,5 % pommade rectale) ODAN LABORATORIESLTD","mp_formal_name: ""ODAN PROCTOMYXIN HC (dibucaine hydrochloride 0.5 % and esculin 1 % and framycetin sulfate 1 % and hydrocortisone 0.5 % rectal ointment) ODAN LABORATORIES ̲LTD"" -> ""ODAN PROCTOMYXIN HC (dibucaine hydrochloride 0.5 % and esculin 1 % and framycetin sulfate 1 % and hydrocortisone 0.5 % rectal ointment) ODAN LABORATORIESLTD""
mp_fr_description: ""ODAN PROCTOMYXIN HC (chlorhydrate de dibucaïne 0,5 % et esculine 1 % et sulfate de framycétine 1 % et hydrocortisone 0,5 % pommade rectale) ODAN LABORATORIES ̲LTD"" -> ""ODAN PROCTOMYXIN HC (chlorhydrate de dibucaïne 0,5 % et esculine 1 % et sulfate de framycétine 1 % et hydrocortisone 0,5 % pommade rectale) ODAN LABORATORIESLTD"""
94884,02461331,SANDOZ GLICLAZIDE MR (gliclazide 60 mg prolonged-release oral tablet) SANDOZ CANADA INCORPORATED,SANDOZ GLICLAZIDE MR (gliclazide 60 mg comprimé oral à libération prolongée) SANDOZ CANADA INCORPORATED,"mp_status: ""ACTIVE"" -> ""INACTIVE""
mp_status_effective_time: ""20170602"" -> ""20260731"""
94601,02458837,DOAK OIL (coal tar 2 % cutaneous solution) ODAN LABORATORIESLTD,DOAK OIL (goudron de houille 2 % solution pour application cutanée) ODAN LABORATORIESLTD,"mp_formal_name: ""DOAK OIL (coal tar 2 % cutaneous solution) ODAN LABORATORIES ̲LTD"" -> ""DOAK OIL (coal tar 2 % cutaneous solution) ODAN LABORATORIESLTD""
mp_fr_description: ""DOAK OIL (goudron de houille 2 % solution pour application cutanée) ODAN LABORATORIES ̲LTD"" -> ""DOAK OIL (goudron de houille 2 % solution pour application cutanée) ODAN LABORATORIESLTD"""
91947,02435195,ZONOVATE (turoctocog alfa 500 unit per vial powder for solution for injection with diluent solution syringe) NOVO NORDISK CANADA INC,ZONOVATE (turoctocog alfa 500 unité par fiole poudre pour solution injectable avec solution diluante seringue) NOVO NORDISK CANADA INC,"mp_status: ""ACTIVE"" -> ""INACTIVE""
mp_status_effective_time: ""20180323"" -> ""20260724"""
85006,02365219,PRO-IRBESARTAN (irbesartan 300 mg oral tablet) PRO DOC LIMITEE,PRO-IRBESARTAN (irbésartan 300 mg comprimé oral) PRO DOC LIMITEE,"Health_Canada_product_name: ""IRBESARTAN"" -> ""PRO-IRBESARTAN""
mp_formal_name: ""IRBESARTAN (irbesartan 300 mg oral tablet) PRO DOC LIMITEE"" -> ""P̲R̲O̲-̲IRBESARTAN (irbesartan 300 mg oral tablet) PRO DOC LIMITEE""
mp_fr_description: ""IRBESARTAN (irbésartan 300 mg comprimé oral) PRO DOC LIMITEE"" -> ""P̲R̲O̲-̲IRBESARTAN (irbésartan 300 mg comprimé oral) PRO DOC LIMITEE"""
73724,02252376,"BENYLIN EXTRA STRENGTH ALL-IN-ONE COUGH, COLD & FLU NIGHT (acetaminophen 500 mg per 15 mL and chlorpheniramine maleate 2 mg per 15 mL and dextromethorphan hydrobromide 15 mg per 15 mL and guaifenesin 100 mg per 15 mL and pseudoephedrine hydrochloride 30 mg per 15 mL syrup) KENVUE CANADA INC.","BENYLIN EXTRA STRENGTH ALL-IN-ONE COUGH, COLD & FLU NIGHT (acétaminophène 500 mg par 15 mL et maléate de chlorphéniramine 2 mg par 15 mL et bromhydrate de dextrométhorphane 15 mg par 15 mL et guaïfénésine 100 mg par 15 mL et chlorhydrate de pseudoéphédrine 30 mg par 15 mL sirop) KENVUE CANADA INC.","mp_formal_name: ""BENYLIN EXTRA STRENGTH ALL-IN-ONE COUGH, COLD & FLU NIGHT (acetaminophen 500 mg per 15 mL and chlorpheniramine maleate 2 mg per 15 mL and dextromethorphan hydrobromide 15 mg per 15 mL and guaifenesin 100 mg per 15 mL and pseudoephedrine hydrochloride 30 mg per 15 mL syrup) M̲C̲N̲E̲I̲L̲ ̲C̲O̲N̲S̲U̲M̲E̲R̲ ̲H̲E̲A̲L̲T̲H̲C̲A̲R̲E̲ ̲D̲I̲V̲I̲S̲I̲O̲N̲ ̲O̲F̲ ̲J̲O̲H̲N̲S̲O̲N̲ ̲&̲ ̲J̲O̲H̲N̲S̲O̲N̲ ̲I̲N̲C̲"" -> ""BENYLIN EXTRA STRENGTH ALL-IN-ONE COUGH, COLD & FLU NIGHT (acetaminophen 500 mg per 15 mL and chlorpheniramine maleate 2 mg per 15 mL and dextromethorphan hydrobromide 15 mg per 15 mL and guaifenesin 100 mg per 15 mL and pseudoephedrine hydrochloride 30 mg per 15 mL syrup) K̲E̲N̲V̲U̲E̲ ̲C̲A̲N̲A̲D̲A̲ ̲I̲N̲C̲.̲""
mp_fr_description: ""BENYLIN EXTRA STRENGTH ALL-IN-ONE COUGH, COLD & FLU NIGHT (acétaminophène 500 mg par 15 mL et maléate de chlorphéniramine 2 mg par 15 mL et bromhydrate de dextrométhorphane 15 mg par 15 mL et guaïfénésine 100 mg par 15 mL et chlorhydrate de pseudoéphédrine 30 mg par 15 mL sirop) M̲C̲N̲E̲I̲L̲ ̲C̲O̲N̲S̲U̲M̲E̲R̲ ̲H̲E̲A̲L̲T̲H̲C̲A̲R̲E̲ ̲D̲I̲V̲I̲S̲I̲O̲N̲ ̲O̲F̲ ̲J̲O̲H̲N̲S̲O̲N̲ ̲&̲ ̲J̲O̲H̲N̲S̲O̲N̲ ̲I̲N̲C̲"" -> ""BENYLIN EXTRA STRENGTH ALL-IN-ONE COUGH, COLD & FLU NIGHT (acétaminophène 500 mg par 15 mL et maléate de chlorphéniramine 2 mg par 15 mL et bromhydrate de dextrométhorphane 15 mg par 15 mL et guaïfénésine 100 mg par 15 mL et chlorhydrate de pseudoéphédrine 30 mg par 15 mL sirop) K̲E̲N̲V̲U̲E̲ ̲C̲A̲N̲A̲D̲A̲ ̲I̲N̲C̲.̲"""
81003,02324598,SANDOZ RIVASTIGMINE (rivastigmine (rivastigmine hydrogen tartrate) 4.5 mg oral capsule) SANDOZ CANADA INCORPORATED,"SANDOZ RIVASTIGMINE (rivastigmine (tartrate hydrogéné de rivastigmine) 4,5 mg capsule orale) SANDOZ CANADA INCORPORATED","mp_status: ""ACTIVE"" -> ""INACTIVE""
mp_status_effective_time: ""20090721"" -> ""20260731"""
93974,02453207,LUNESTA (eszopiclone 1 mg oral tablet) KNIGHT THERAPEUTICS INC.,LUNESTA (eszopiclone 1 mg comprimé oral) KNIGHT THERAPEUTICS INC.,"mp_formal_name: ""LUNESTA (eszopiclone 1 mg oral tablet) S̲U̲M̲I̲T̲O̲M̲O̲ ̲P̲H̲A̲R̲M̲A̲ ̲C̲A̲N̲A̲D̲A̲,̲ INC."" -> ""LUNESTA (eszopiclone 1 mg oral tablet) K̲N̲I̲G̲H̲T̲ ̲T̲H̲E̲R̲A̲P̲E̲U̲T̲I̲C̲S̲ INC.""
mp_fr_description: ""LUNESTA (eszopiclone 1 mg comprimé oral) S̲U̲M̲I̲T̲O̲M̲O̲ ̲P̲H̲A̲R̲M̲A̲ ̲C̲A̲N̲A̲D̲A̲,̲ INC."" -> ""LUNESTA (eszopiclone 1 mg comprimé oral) K̲N̲I̲G̲H̲T̲ ̲T̲H̲E̲R̲A̲P̲E̲U̲T̲I̲C̲S̲ INC."""
89272,02408023,FENTORA (fentanyl (fentanyl citrate) 400 mcg buccal tablet) PHOENIX LABS UNLIMITED COMPANY,FENTORA (fentanyl (citrate de fentanyl) 400 mcg comprimé buccogingival) PHOENIX LABS UNLIMITED COMPANY,"mp_formal_name: ""FENTORA (fentanyl (fentanyl citrate) 400 mcg buccal tablet) T̲E̲V̲A̲ ̲C̲A̲N̲A̲D̲A̲ ̲L̲I̲M̲I̲T̲E̲D̲"" -> ""FENTORA (fentanyl (fentanyl citrate) 400 mcg buccal tablet) P̲H̲O̲E̲N̲I̲X̲ ̲L̲A̲B̲S̲ ̲U̲N̲L̲I̲M̲I̲T̲E̲D̲ ̲C̲O̲M̲P̲A̲N̲Y̲""
mp_fr_description: ""FENTORA (fentanyl (citrate de fentanyl) 400 mcg comprimé buccogingival) T̲E̲V̲A̲ ̲C̲A̲N̲A̲D̲A̲ ̲L̲I̲M̲I̲T̲E̲D̲"" -> ""FENTORA (fentanyl (citrate de fentanyl) 400 mcg comprimé buccogingival) P̲H̲O̲E̲N̲I̲X̲ ̲L̲A̲B̲S̲ ̲U̲N̲L̲I̲M̲I̲T̲E̲D̲ ̲C̲O̲M̲P̲A̲N̲Y̲"""
72190,02247882,PROCTOL SUPPOSITORIES (dibucaine hydrochloride 5 mg and esculin 10 mg and framycetin sulfate 10 mg and hydrocortisone 5 mg suppository) ODAN LABORATORIESLTD,PROCTOL SUPPOSITORIES (chlorhydrate de dibucaïne 5 mg et esculine 10 mg et sulfate de framycétine 10 mg et hydrocortisone 5 mg suppositoire) ODAN LABORATORIESLTD,"mp_formal_name: ""PROCTOL SUPPOSITORIES (dibucaine hydrochloride 5 mg and esculin 10 mg and framycetin sulfate 10 mg and hydrocortisone 5 mg suppository) ODAN LABORATORIES ̲LTD"" -> ""PROCTOL SUPPOSITORIES (dibucaine hydrochloride 5 mg and esculin 10 mg and framycetin sulfate 10 mg and hydrocortisone 5 mg suppository) ODAN LABORATORIESLTD""
mp_fr_description: ""PROCTOL SUPPOSITORIES (chlorhydrate de dibucaïne 5 mg et esculine 10 mg et sulfate de framycétine 10 mg et hydrocortisone 5 mg suppositoire) ODAN LABORATORIES ̲LTD"" -> ""PROCTOL SUPPOSITORIES (chlorhydrate de dibucaïne 5 mg et esculine 10 mg et sulfate de framycétine 10 mg et hydrocortisone 5 mg suppositoire) ODAN LABORATORIESLTD"""
87182,02386240,LISINOPRIL (lisinopril 10 mg oral tablet) SIVEM PHARMACEUTICALS ULC,LISINOPRIL (lisinopril 10 mg comprimé oral) SIVEM PHARMACEUTICALS ULC,"mp_status: ""ACTIVE"" -> ""INACTIVE""
mp_status_effective_time: ""20120611"" -> ""20260703"""
101740,02528142,LETYBO (letibotulinumtoxinA 100 unit per vial powder for solution for injection) HUGEL CANADA INC.,LETYBO (létibotulinumtoxinA 100 unité par fiole poudre pour solution injectable) HUGEL CANADA INC.,"mp_formal_name: ""LETYBO (letibotulinumtoxina̲ 100 unit per vial powder for solution for injection) HUGEL CANADA INC."" -> ""LETYBO (letibotulinumtoxinA̲ 100 unit per vial powder for solution for injection) HUGEL CANADA INC.""
mp_fr_description: ""LETYBO (létibotulinumtoxina̲ 100 unité par fiole poudre pour solution injectable) HUGEL CANADA INC."" -> ""LETYBO (létibotulinumtoxinA̲ 100 unité par fiole poudre pour solution injectable) HUGEL CANADA INC."""
103525,02546574,NORDIMET (methotrexate (methotrexate sodium) 15 mg per 0.6 mL solution for injection pen) NORDIC GROUP B.V.,"NORDIMET (méthotrexate (méthotrexate sodique) 15 mg par 0,6 mL solution injectable stylo) NORDIC GROUP B.V.","mp_status: ""ACTIVE"" -> ""INACTIVE""
mp_status_effective_time: ""20240801"" -> ""20260313"""
78474,02299364,RIVA-OXYBUTYNIN (oxybutynin chloride 5 mg oral tablet) LABORATOIRE RIVA INC.,RIVA-OXYBUTYNIN (chlorure d'oxybutynine 5 mg comprimé oral) LABORATOIRE RIVA INC.,"mp_status: ""ACTIVE"" -> ""INACTIVE""
mp_status_effective_time: ""20080609"" -> ""20260724"""
101893,02529696,M-SOLIFENACIN SUCCINATE (solifenacin succinate 5 mg oral tablet) MANTRA PHARMA INC,M-SOLIFENACIN SUCCINATE (succinate de solifénacine 5 mg comprimé oral) MANTRA PHARMA INC,"mp_status: ""ACTIVE"" -> ""INACTIVE""
mp_status_effective_time: ""20230818"" -> ""20231017"""
91135,02426781,TEVA-VARENICLINE (varenicline (varenicline tartrate) 0.5 mg oral tablet with varenicline (varenicline tartrate) 1 mg oral tablet) TEVA CANADA LIMITED,"TEVA-VARENICLINE (varénicline (tartrate de varénicline) 0,5 mg comprimé oral avec varénicline (tartrate de varénicline) 1 mg comprimé oral) TEVA CANADA LIMITED","mp_status_effective_time: ""20240503"" -> ""20260730"""
95481,02466457,BETAHISTINE (betahistine hydrochloride 24 mg oral tablet) SANIS HEALTH INC,BETAHISTINE (chlorhydrate de bétahistine 24 mg comprimé oral) SANIS HEALTH INC,"mp_status: ""ACTIVE"" -> ""INACTIVE""
mp_status_effective_time: ""20180307"" -> ""20260723"""
82774,02342235,VTRS-ELETRIPTAN (eletriptan (eletriptan hydrobromide) 20 mg oral tablet) MYLAN PHARMACEUTICALS ULC,VTRS-ELETRIPTAN (élétriptan (bromhydrate d'élétriptan) 20 mg comprimé oral) MYLAN PHARMACEUTICALS ULC,"Health_Canada_product_name: ""MYLAN-ELETRIPTAN"" -> ""VTRS-ELETRIPTAN""
mp_formal_name: ""M̲Y̲L̲A̲N̲-ELETRIPTAN (eletriptan (eletriptan hydrobromide) 20 mg oral tablet) MYLAN PHARMACEUTICALS ULC"" -> ""V̲T̲R̲S̲-ELETRIPTAN (eletriptan (eletriptan hydrobromide) 20 mg oral tablet) MYLAN PHARMACEUTICALS ULC""
mp_fr_description: ""M̲Y̲L̲A̲N̲-ELETRIPTAN (élétriptan (bromhydrate d'élétriptan) 20 mg comprimé oral) MYLAN PHARMACEUTICALS ULC"" -> ""V̲T̲R̲S̲-ELETRIPTAN (élétriptan (bromhydrate d'élétriptan) 20 mg comprimé oral) MYLAN PHARMACEUTICALS ULC"""
104462,02555891,AG-FLUCONAZOLE (fluconazole 150 mg oral capsule) ANGITA PHARMA INC.,AG-FLUCONAZOLE (fluconazole 150 mg capsule orale) ANGITA PHARMA INC.,ADDED
98478,02494809,GLN-DIMETHYL FUMARATE (dimethyl fumarate 120 mg gastro-resistant capsule) GLENMARK PHARMACEUTICALS CANADA INC.,GLN-DIMETHYL FUMARATE (fumarate de diméthyle 120 mg capsule gastrorésistante) GLENMARK PHARMACEUTICALS CANADA INC.,"mp_status: ""ACTIVE"" -> ""INACTIVE""
mp_status_effective_time: ""20211019"" -> ""20241028"""
101517,02526050,NRA-APIXABAN (apixaban 2.5 mg oral tablet) NORA PHARMA INC,"NRA-APIXABAN (apixaban 2,5 mg comprimé oral) NORA PHARMA INC","mp_status: ""ACTIVE"" -> ""INACTIVE""
mp_status_effective_time: ""20221005"" -> ""20260710"""
106571,02562863,ROSUVASTATIN (rosuvastatin (rosuvastatin calcium) 5 mg oral tablet) 10445517 CANADA INC / NORTH PHARMACEUTICALS / DAC PHARMACEUTICALS,ROSUVASTATIN (rosuvastatine (rosuvastatine calcique) 5 mg comprimé oral) 10445517 CANADA INC / NORTH PHARMACEUTICALS / DAC PHARMACEUTICALS,ADDED
94777,02460424,FIASP (insulin aspart 100 unit per mL solution for injection 3 mL pen) NOVO NORDISK CANADA INC,FIASP (insuline asparte 100 unité par mL solution injectable 3 mL stylo) NOVO NORDISK CANADA INC,"mp_status: ""ACTIVE"" -> ""INACTIVE""
mp_status_effective_time: ""20170303"" -> ""20260724"""
103261,02544083,DEXRAZOXANE FOR INJECTION (dexrazoxane 250 mg per vial powder for solution for injection) JUNO PHARMA CANADA INC.,DEXRAZOXANE FOR INJECTION (dexrazoxane 250 mg par fiole poudre pour solution injectable) JUNO PHARMA CANADA INC.,"mp_formal_name: ""DEXRAZOXANE FOR INJECTION (dexrazoxane 250 mg per vial powder for solution for injection) JUNO PHARMAC̲E̲U̲T̲I̲C̲A̲L̲S̲ ̲C̲O̲R̲P̲."" -> ""DEXRAZOXANE FOR INJECTION (dexrazoxane 250 mg per vial powder for solution for injection) JUNO PHARMA ̲C̲A̲N̲A̲D̲A̲ ̲I̲N̲C̲.""
mp_fr_description: ""DEXRAZOXANE FOR INJECTION (dexrazoxane 250 mg par fiole poudre pour solution injectable) JUNO PHARMAC̲E̲U̲T̲I̲C̲A̲L̲S̲ ̲C̲O̲R̲P̲."" -> ""DEXRAZOXANE FOR INJECTION (dexrazoxane 250 mg par fiole poudre pour solution injectable) JUNO PHARMA ̲C̲A̲N̲A̲D̲A̲ ̲I̲N̲C̲."""
79922,02313715,SPC-ATORVASTATIN (atorvastatin (atorvastatin calcium) 20 mg oral tablet) SUN PHARMA CANADA INC,SPC-ATORVASTATIN (atorvastatine (atorvastatine calcique) 20 mg comprimé oral) SUN PHARMA CANADA INC,"Health_Canada_product_name: ""TARO-ATORVASTATIN"" -> ""SPC-ATORVASTATIN""
mp_formal_name: ""T̲A̲R̲O̲-ATORVASTATIN (atorvastatin (atorvastatin calcium) 20 mg oral tablet) T̲A̲R̲O̲ ̲P̲H̲A̲R̲M̲A̲C̲E̲U̲T̲I̲C̲A̲L̲S̲ INC"" -> ""S̲P̲C̲-ATORVASTATIN (atorvastatin (atorvastatin calcium) 20 mg oral tablet) S̲U̲N̲ ̲P̲H̲A̲R̲M̲A̲ ̲C̲A̲N̲A̲D̲A̲ INC""
mp_fr_description: ""T̲A̲R̲O̲-ATORVASTATIN (atorvastatine (atorvastatine calcique) 20 mg comprimé oral) T̲A̲R̲O̲ ̲P̲H̲A̲R̲M̲A̲C̲E̲U̲T̲I̲C̲A̲L̲S̲ INC"" -> ""S̲P̲C̲-ATORVASTATIN (atorvastatine (atorvastatine calcique) 20 mg comprimé oral) S̲U̲N̲ ̲P̲H̲A̲R̲M̲A̲ ̲C̲A̲N̲A̲D̲A̲ INC"""
106522,02562332,RIVA-FAMOTIDINE (famotidine 20 mg oral tablet) LABORATOIRE RIVA INC.,RIVA-FAMOTIDINE (famotidine 20 mg comprimé oral) LABORATOIRE RIVA INC.,ADDED
50758,02231441,NITROLINGUAL PUMPSPRAY (nitroglycerin 0.4 mg per actuation sublingual spray) G POHL-BOSKAMP GMBH & CO KG,"NITROLINGUAL PUMPSPRAY (nitroglycérine 0,4 mg par actionnement vaporisation sublinguale) G POHL-BOSKAMP GMBH & CO KG","mp_formal_name: ""NITROLINGUAL PUMPSPRAY (nitroglycerin 0.4 mg per actuation sublingual spray) S̲A̲N̲O̲F̲I̲-̲A̲V̲E̲N̲T̲I̲S̲ ̲C̲A̲N̲A̲D̲A̲ ̲I̲N̲C̲"" -> ""NITROLINGUAL PUMPSPRAY (nitroglycerin 0.4 mg per actuation sublingual spray) G̲ ̲P̲O̲H̲L̲-̲B̲O̲S̲K̲A̲M̲P̲ ̲G̲M̲B̲H̲ ̲&̲ ̲C̲O̲ ̲K̲G̲""
mp_fr_description: ""NITROLINGUAL PUMPSPRAY (nitroglycérine 0,4 mg par actionnement vaporisation sublinguale) S̲A̲N̲O̲F̲I̲-̲A̲V̲E̲N̲T̲I̲S̲ ̲C̲A̲N̲A̲D̲A̲ ̲I̲N̲C̲"" -> ""NITROLINGUAL PUMPSPRAY (nitroglycérine 0,4 mg par actionnement vaporisation sublinguale) G̲ ̲P̲O̲H̲L̲-̲B̲O̲S̲K̲A̲M̲P̲ ̲G̲M̲B̲H̲ ̲&̲ ̲C̲O̲ ̲K̲G̲"""
26863,02039982,CHILDREN'S TYLENOL COLD (acetaminophen 160 mg per 5 mL and chlorpheniramine maleate 1 mg per 5 mL and pseudoephedrine hydrochloride 15 mg per 5 mL oral suspension) KENVUE CANADA INC.,CHILDREN'S TYLENOL COLD (acétaminophène 160 mg par 5 mL et maléate de chlorphéniramine 1 mg par 5 mL et chlorhydrate de pseudoéphédrine 15 mg par 5 mL suspension orale) KENVUE CANADA INC.,"mp_formal_name: ""CHILDREN'S TYLENOL COLD (acetaminophen 160 mg per 5 mL and chlorpheniramine maleate 1 mg per 5 mL and pseudoephedrine hydrochloride 15 mg per 5 mL oral suspension) M̲C̲N̲E̲I̲L̲ ̲C̲O̲N̲S̲U̲M̲E̲R̲ ̲H̲E̲A̲L̲T̲H̲C̲A̲R̲E̲ ̲D̲I̲V̲I̲S̲I̲O̲N̲ ̲O̲F̲ ̲J̲O̲H̲N̲S̲O̲N̲ ̲&̲ ̲J̲O̲H̲N̲S̲O̲N̲ ̲I̲N̲C̲"" -> ""CHILDREN'S TYLENOL COLD (acetaminophen 160 mg per 5 mL and chlorpheniramine maleate 1 mg per 5 mL and pseudoephedrine hydrochloride 15 mg per 5 mL oral suspension) K̲E̲N̲V̲U̲E̲ ̲C̲A̲N̲A̲D̲A̲ ̲I̲N̲C̲.̲""
mp_fr_description: ""CHILDREN'S TYLENOL COLD (acétaminophène 160 mg par 5 mL et maléate de chlorphéniramine 1 mg par 5 mL et chlorhydrate de pseudoéphédrine 15 mg par 5 mL suspension orale) M̲C̲N̲E̲I̲L̲ ̲C̲O̲N̲S̲U̲M̲E̲R̲ ̲H̲E̲A̲L̲T̲H̲C̲A̲R̲E̲ ̲D̲I̲V̲I̲S̲I̲O̲N̲ ̲O̲F̲ ̲J̲O̲H̲N̲S̲O̲N̲ ̲&̲ ̲J̲O̲H̲N̲S̲O̲N̲ ̲I̲N̲C̲"" -> ""CHILDREN'S TYLENOL COLD (acétaminophène 160 mg par 5 mL et maléate de chlorphéniramine 1 mg par 5 mL et chlorhydrate de pseudoéphédrine 15 mg par 5 mL suspension orale) K̲E̲N̲V̲U̲E̲ ̲C̲A̲N̲A̲D̲A̲ ̲I̲N̲C̲.̲"""
91950,02435225,ZONOVATE (turoctocog alfa 2000 unit per vial powder for solution for injection with diluent solution syringe) NOVO NORDISK CANADA INC,ZONOVATE (turoctocog alfa 2000 unité par fiole poudre pour solution injectable avec solution diluante seringue) NOVO NORDISK CANADA INC,"mp_status: ""ACTIVE"" -> ""INACTIVE""
mp_status_effective_time: ""20180323"" -> ""20260724"""
101359,02524570,M-LEVETIRACETAM (levetiracetam 500 mg oral tablet) MANTRA PHARMA INC,M-LEVETIRACETAM (lévétiracétam 500 mg comprimé oral) MANTRA PHARMA INC,"mp_status: ""ACTIVE"" -> ""INACTIVE""
mp_status_effective_time: ""20220823"" -> ""20240417"""
88193,02396920,PRO-ATOMOXETINE (atomoxetine (atomoxetine hydrochloride) 25 mg oral capsule) PRO DOC LIMITEE,PRO-ATOMOXETINE (atomoxétine (chlorhydrate d'atomoxétine) 25 mg capsule orale) PRO DOC LIMITEE,"Health_Canada_product_name: ""ATOMOXETINE"" -> ""PRO-ATOMOXETINE""
mp_formal_name: ""ATOMOXETINE (atomoxetine (atomoxetine hydrochloride) 25 mg oral capsule) PRO DOC LIMITEE"" -> ""P̲R̲O̲-̲ATOMOXETINE (atomoxetine (atomoxetine hydrochloride) 25 mg oral capsule) PRO DOC LIMITEE""
mp_fr_description: ""ATOMOXETINE (atomoxétine (chlorhydrate d'atomoxétine) 25 mg capsule orale) PRO DOC LIMITEE"" -> ""P̲R̲O̲-̲ATOMOXETINE (atomoxétine (chlorhydrate d'atomoxétine) 25 mg capsule orale) PRO DOC LIMITEE"""
79268,02307006,PRO-BISOPROLOL (bisoprolol fumarate 10 mg oral tablet) PRO DOC LIMITEE,PRO-BISOPROLOL (fumarate de bisoprolol 10 mg comprimé oral) PRO DOC LIMITEE,"Health_Canada_product_name: ""PRO-BISOPROLOL - 10"" -> ""PRO-BISOPROLOL""
mp_formal_name: ""PRO-BISOPROLOL ̲-̲ ̲1̲0̲ (bisoprolol fumarate 10 mg oral tablet) PRO DOC LIMITEE"" -> ""PRO-BISOPROLOL (bisoprolol fumarate 10 mg oral tablet) PRO DOC LIMITEE""
mp_fr_description: ""PRO-BISOPROLOL ̲-̲ ̲1̲0̲ (fumarate de bisoprolol 10 mg comprimé oral) PRO DOC LIMITEE"" -> ""PRO-BISOPROLOL (fumarate de bisoprolol 10 mg comprimé oral) PRO DOC LIMITEE"""
89270,02408007,FENTORA (fentanyl (fentanyl citrate) 100 mcg buccal tablet) PHOENIX LABS UNLIMITED COMPANY,FENTORA (fentanyl (citrate de fentanyl) 100 mcg comprimé buccogingival) PHOENIX LABS UNLIMITED COMPANY,"mp_formal_name: ""FENTORA (fentanyl (fentanyl citrate) 100 mcg buccal tablet) T̲E̲V̲A̲ ̲C̲A̲N̲A̲D̲A̲ ̲L̲I̲M̲I̲T̲E̲D̲"" -> ""FENTORA (fentanyl (fentanyl citrate) 100 mcg buccal tablet) P̲H̲O̲E̲N̲I̲X̲ ̲L̲A̲B̲S̲ ̲U̲N̲L̲I̲M̲I̲T̲E̲D̲ ̲C̲O̲M̲P̲A̲N̲Y̲""
mp_fr_description: ""FENTORA (fentanyl (citrate de fentanyl) 100 mcg comprimé buccogingival) T̲E̲V̲A̲ ̲C̲A̲N̲A̲D̲A̲ ̲L̲I̲M̲I̲T̲E̲D̲"" -> ""FENTORA (fentanyl (citrate de fentanyl) 100 mcg comprimé buccogingival) P̲H̲O̲E̲N̲I̲X̲ ̲L̲A̲B̲S̲ ̲U̲N̲L̲I̲M̲I̲T̲E̲D̲ ̲C̲O̲M̲P̲A̲N̲Y̲"""
2531,00360430,CEENU (lomustine 10 mg oral capsule) SEPTA PHARMACEUTICALS INC,CEENU (lomustine 10 mg capsule orale) SEPTA PHARMACEUTICALS INC,"mp_formal_name: ""CEENU (lomustine 10 mg oral capsule) B̲R̲I̲S̲T̲O̲L̲-̲M̲Y̲E̲R̲S̲ ̲S̲Q̲U̲I̲B̲B̲ ̲C̲A̲N̲A̲D̲A̲"" -> ""CEENU (lomustine 10 mg oral capsule) S̲E̲P̲T̲A̲ ̲P̲H̲A̲R̲M̲A̲C̲E̲U̲T̲I̲C̲A̲L̲S̲ ̲I̲N̲C̲""
mp_fr_description: ""CEENU (lomustine 10 mg capsule orale) B̲R̲I̲S̲T̲O̲L̲-̲M̲Y̲E̲R̲S̲ ̲S̲Q̲U̲I̲B̲B̲ ̲C̲A̲N̲A̲D̲A̲"" -> ""CEENU (lomustine 10 mg capsule orale) S̲E̲P̲T̲A̲ ̲P̲H̲A̲R̲M̲A̲C̲E̲U̲T̲I̲C̲A̲L̲S̲ ̲I̲N̲C̲"""
106817,02565587,TARO-SODIUM FUSIDATE (fusidate sodium 2 % cutaneous ointment) TARO PHARMACEUTICALS INC,TARO-SODIUM FUSIDATE (fusidate sodique 2 % pommade cutanée) TARO PHARMACEUTICALS INC,ADDED
103935,02550547,"PYZCHIVA (ustekinumab 90 mg per 1 mL solution for injection syringe) SAMSUNG BIOEPIS CO., LTD","PYZCHIVA (ustékinumab 90 mg par 1 mL solution injectable seringue) SAMSUNG BIOEPIS CO., LTD",ADDED
106438,02561417,NRA-AMOXICILLIN (amoxicillin (amoxicillin trihydrate) 500 mg oral capsule) NORA PHARMA INC,NRA-AMOXICILLIN (amoxicilline (trihydrate d'amoxicilline) 500 mg capsule orale) NORA PHARMA INC,ADDED
71470,02247228,STIEPROX SHAMPOO (ciclopirox olamine 1.5 % shampoo) GLAXOSMITHKLINE INC,"STIEPROX SHAMPOO (ciclopirox olamine 1,5 % shampoing) GLAXOSMITHKLINE INC","mp_status: ""ACTIVE"" -> ""INACTIVE""
mp_status_effective_time: ""20031117"" -> ""20240131"""
76301,02277379,RIVA-ATENOLOL (atenolol 25 mg oral tablet) LABORATOIRE RIVA INC.,RIVA-ATENOLOL (aténolol 25 mg comprimé oral) LABORATOIRE RIVA INC.,"mp_status: ""ACTIVE"" -> ""INACTIVE""
mp_status_effective_time: ""20060712"" -> ""20260724"""
95103,02463105,ODAN-BENZYDAMINE (benzydamine hydrochloride 0.15 % gargle/mouthwash) ODAN LABORATORIESLTD,"ODAN-BENZYDAMINE (chlorhydrate de benzydamine 0,15 % solution pour gargarisme/bain de bouche) ODAN LABORATORIESLTD","mp_formal_name: ""ODAN-BENZYDAMINE (benzydamine hydrochloride 0.15 % gargle/mouthwash) ODAN LABORATORIES ̲LTD"" -> ""ODAN-BENZYDAMINE (benzydamine hydrochloride 0.15 % gargle/mouthwash) ODAN LABORATORIESLTD""
mp_fr_description: ""ODAN-BENZYDAMINE (chlorhydrate de benzydamine 0,15 % solution pour gargarisme/bain de bouche) ODAN LABORATORIES ̲LTD"" -> ""ODAN-BENZYDAMINE (chlorhydrate de benzydamine 0,15 % solution pour gargarisme/bain de bouche) ODAN LABORATORIESLTD"""
80682,02321432,"BENYLIN EXTRA STRENGTH ALL-IN-ONE COUGH, COLD & FLU WITH WARMING SENSATION (acetaminophen 500 mg per 15 mL and dextromethorphan hydrobromide 15 mg per 15 mL and guaifenesin 100 mg per 15 mL and pseudoephedrine hydrochloride 30 mg per 15 mL syrup) KENVUE CANADA INC.","BENYLIN EXTRA STRENGTH ALL-IN-ONE COUGH, COLD & FLU WITH WARMING SENSATION (acétaminophène 500 mg par 15 mL et bromhydrate de dextrométhorphane 15 mg par 15 mL et guaïfénésine 100 mg par 15 mL et chlorhydrate de pseudoéphédrine 30 mg par 15 mL sirop) KENVUE CANADA INC.","mp_formal_name: ""BENYLIN EXTRA STRENGTH ALL-IN-ONE COUGH, COLD & FLU WITH WARMING SENSATION (acetaminophen 500 mg per 15 mL and dextromethorphan hydrobromide 15 mg per 15 mL and guaifenesin 100 mg per 15 mL and pseudoephedrine hydrochloride 30 mg per 15 mL syrup) M̲C̲N̲E̲I̲L̲ ̲C̲O̲N̲S̲U̲M̲E̲R̲ ̲H̲E̲A̲L̲T̲H̲C̲A̲R̲E̲ ̲D̲I̲V̲I̲S̲I̲O̲N̲ ̲O̲F̲ ̲J̲O̲H̲N̲S̲O̲N̲ ̲&̲ ̲J̲O̲H̲N̲S̲O̲N̲ ̲I̲N̲C̲"" -> ""BENYLIN EXTRA STRENGTH ALL-IN-ONE COUGH, COLD & FLU WITH WARMING SENSATION (acetaminophen 500 mg per 15 mL and dextromethorphan hydrobromide 15 mg per 15 mL and guaifenesin 100 mg per 15 mL and pseudoephedrine hydrochloride 30 mg per 15 mL syrup) K̲E̲N̲V̲U̲E̲ ̲C̲A̲N̲A̲D̲A̲ ̲I̲N̲C̲.̲""
mp_fr_description: ""BENYLIN EXTRA STRENGTH ALL-IN-ONE COUGH, COLD & FLU WITH WARMING SENSATION (acétaminophène 500 mg par 15 mL et bromhydrate de dextrométhorphane 15 mg par 15 mL et guaïfénésine 100 mg par 15 mL et chlorhydrate de pseudoéphédrine 30 mg par 15 mL sirop) M̲C̲N̲E̲I̲L̲ ̲C̲O̲N̲S̲U̲M̲E̲R̲ ̲H̲E̲A̲L̲T̲H̲C̲A̲R̲E̲ ̲D̲I̲V̲I̲S̲I̲O̲N̲ ̲O̲F̲ ̲J̲O̲H̲N̲S̲O̲N̲ ̲&̲ ̲J̲O̲H̲N̲S̲O̲N̲ ̲I̲N̲C̲"" -> ""BENYLIN EXTRA STRENGTH ALL-IN-ONE COUGH, COLD & FLU WITH WARMING SENSATION (acétaminophène 500 mg par 15 mL et bromhydrate de dextrométhorphane 15 mg par 15 mL et guaïfénésine 100 mg par 15 mL et chlorhydrate de pseudoéphédrine 30 mg par 15 mL sirop) K̲E̲N̲V̲U̲E̲ ̲C̲A̲N̲A̲D̲A̲ ̲I̲N̲C̲.̲"""
76058,02275074,ODAN BUPROPION SR (bupropion hydrochloride 100 mg prolonged-release oral tablet) ODAN LABORATORIESLTD,ODAN BUPROPION SR (chlorhydrate de bupropion 100 mg comprimé oral à libération prolongée) ODAN LABORATORIESLTD,"mp_formal_name: ""ODAN BUPROPION SR (bupropion hydrochloride 100 mg prolonged-release oral tablet) ODAN LABORATORIES ̲LTD"" -> ""ODAN BUPROPION SR (bupropion hydrochloride 100 mg prolonged-release oral tablet) ODAN LABORATORIESLTD""
mp_fr_description: ""ODAN BUPROPION SR (chlorhydrate de bupropion 100 mg comprimé oral à libération prolongée) ODAN LABORATORIES ̲LTD"" -> ""ODAN BUPROPION SR (chlorhydrate de bupropion 100 mg comprimé oral à libération prolongée) ODAN LABORATORIESLTD"""
71882,02247621,CHLORAL HYDRATE SYRUP ODAN (chloral hydrate 500 mg per 5 mL syrup) ODAN LABORATORIESLTD,CHLORAL HYDRATE SYRUP ODAN (hydrate de chloral 500 mg par 5 mL sirop) ODAN LABORATORIESLTD,"mp_formal_name: ""CHLORAL HYDRATE SYRUP ODAN (chloral hydrate 500 mg per 5 mL syrup) ODAN LABORATORIES ̲LTD"" -> ""CHLORAL HYDRATE SYRUP ODAN (chloral hydrate 500 mg per 5 mL syrup) ODAN LABORATORIESLTD""
mp_fr_description: ""CHLORAL HYDRATE SYRUP ODAN (hydrate de chloral 500 mg par 5 mL sirop) ODAN LABORATORIES ̲LTD"" -> ""CHLORAL HYDRATE SYRUP ODAN (hydrate de chloral 500 mg par 5 mL sirop) ODAN LABORATORIESLTD"""
102419,02535335,ESOMEPRAZOLE (esomeprazole (esomeprazole magnesium dihydrate) 20 mg gastro-resistant tablet) SANIS HEALTH INC,ESOMEPRAZOLE (ésoméprazole (ésoméprazole magnésien dihydraté) 20 mg comprimé gastrorésistant) SANIS HEALTH INC,"mp_status: ""ACTIVE"" -> ""INACTIVE""
mp_status_effective_time: ""20240320"" -> ""20260723"""
106364,02560593,JAMP OXCARBAZEPINE (oxcarbazepine 150 mg oral tablet) JAMP PHARMA CORPORATION,JAMP OXCARBAZEPINE (oxcarbazépine 150 mg comprimé oral) JAMP PHARMA CORPORATION,ADDED
103901,02550172,LEVETIRACETAM INJECTION USP (levetiracetam 500 mg per 5 mL solution for injection vial) OMEGA LABORATORIES LIMITED,LEVETIRACETAM INJECTION USP (lévétiracétam 500 mg par 5 mL solution injectable fiole) OMEGA LABORATORIES LIMITED,"mp_status: ""ACTIVE"" -> ""INACTIVE""
mp_status_effective_time: ""20250505"" -> ""20260729"""
73994,02254786,TEVA-LATANOPROST (latanoprost 50 mcg per mL ophthalmic drops) TEVA CANADA LIMITED,TEVA-LATANOPROST (latanoprost 50 mcg par mL gouttes ophtalmiques) TEVA CANADA LIMITED,"mp_status: ""ACTIVE"" -> ""INACTIVE""
mp_status_effective_time: ""20111013"" -> ""20240320"""
106523,02562340,RIVA-FAMOTIDINE (famotidine 40 mg oral tablet) LABORATOIRE RIVA INC.,RIVA-FAMOTIDINE (famotidine 40 mg comprimé oral) LABORATOIRE RIVA INC.,ADDED
19534,02108135,CEFAZOLIN FOR INJECTION (cefazolin (cefazolin sodium) 10 g per vial powder for solution for injection) TEVA CANADA LIMITED,CEFAZOLIN FOR INJECTION (céfazoline (céfazoline sodique) 10 g par fiole poudre pour solution injectable) TEVA CANADA LIMITED,"mp_status: ""ACTIVE"" -> ""INACTIVE""
mp_status_effective_time: ""19951231"" -> ""20220927"""
106365,02560607,JAMP OXCARBAZEPINE (oxcarbazepine 300 mg oral tablet) JAMP PHARMA CORPORATION,JAMP OXCARBAZEPINE (oxcarbazépine 300 mg comprimé oral) JAMP PHARMA CORPORATION,ADDED
84332,02358263,TEVA-LOSARTAN/HCTZ (hydrochlorothiazide 12.5 mg and losartan potassium 50 mg oral tablet) TEVA CANADA LIMITED,"TEVA-LOSARTAN/HCTZ (hydrochlorothiazide 12,5 mg et losartan potassique 50 mg comprimé oral) TEVA CANADA LIMITED","mp_status: ""ACTIVE"" -> ""INACTIVE""
mp_status_effective_time: ""20120416"" -> ""20260731"""
37037,02215241,EXTRA STRENGTH SINUTAB SINUS NIGHTTIME (acetaminophen 500 mg and diphenhydramine hydrochloride 25 mg and pseudoephedrine hydrochloride 30 mg oral tablet) KENVUE CANADA INC.,EXTRA STRENGTH SINUTAB SINUS NIGHTTIME (acétaminophène 500 mg et chlorhydrate de diphenhydramine 25 mg et chlorhydrate de pseudoéphédrine 30 mg comprimé oral) KENVUE CANADA INC.,"mp_formal_name: ""EXTRA STRENGTH SINUTAB SINUS NIGHTTIME (acetaminophen 500 mg and diphenhydramine hydrochloride 25 mg and pseudoephedrine hydrochloride 30 mg oral tablet) M̲C̲N̲E̲I̲L̲ ̲C̲O̲N̲S̲U̲M̲E̲R̲ ̲H̲E̲A̲L̲T̲H̲C̲A̲R̲E̲ ̲D̲I̲V̲I̲S̲I̲O̲N̲ ̲O̲F̲ ̲J̲O̲H̲N̲S̲O̲N̲ ̲&̲ ̲J̲O̲H̲N̲S̲O̲N̲ ̲I̲N̲C̲"" -> ""EXTRA STRENGTH SINUTAB SINUS NIGHTTIME (acetaminophen 500 mg and diphenhydramine hydrochloride 25 mg and pseudoephedrine hydrochloride 30 mg oral tablet) K̲E̲N̲V̲U̲E̲ ̲C̲A̲N̲A̲D̲A̲ ̲I̲N̲C̲.̲""
mp_fr_description: ""EXTRA STRENGTH SINUTAB SINUS NIGHTTIME (acétaminophène 500 mg et chlorhydrate de diphenhydramine 25 mg et chlorhydrate de pseudoéphédrine 30 mg comprimé oral) M̲C̲N̲E̲I̲L̲ ̲C̲O̲N̲S̲U̲M̲E̲R̲ ̲H̲E̲A̲L̲T̲H̲C̲A̲R̲E̲ ̲D̲I̲V̲I̲S̲I̲O̲N̲ ̲O̲F̲ ̲J̲O̲H̲N̲S̲O̲N̲ ̲&̲ ̲J̲O̲H̲N̲S̲O̲N̲ ̲I̲N̲C̲"" -> ""EXTRA STRENGTH SINUTAB SINUS NIGHTTIME (acétaminophène 500 mg et chlorhydrate de diphenhydramine 25 mg et chlorhydrate de pseudoéphédrine 30 mg comprimé oral) K̲E̲N̲V̲U̲E̲ ̲C̲A̲N̲A̲D̲A̲ ̲I̲N̲C̲.̲"""
98491,02494930,BORTEZOMIB FOR INJECTION (bortezomib (bortezomib mannitol boronic ester) 2.5 mg per vial powder for solution for injection) JUNO PHARMACEUTICALS CORP.,"BORTEZOMIB FOR INJECTION (bortézomib (bortézomib ester boronique de mannitol) 2,5 mg par fiole poudre pour solution injectable) JUNO PHARMACEUTICALS CORP.","mp_status_effective_time: ""20240719"" -> ""20260729"""
5997,00626627,ODAN-CYCLOPENTOLATE (cyclopentolate hydrochloride 1 % ophthalmic drops) ODAN LABORATORIESLTD,ODAN-CYCLOPENTOLATE (chlorhydrate de cyclopentolate 1 % gouttes ophtalmiques) ODAN LABORATORIESLTD,"mp_formal_name: ""ODAN-CYCLOPENTOLATE (cyclopentolate hydrochloride 1 % ophthalmic drops) ODAN LABORATORIES ̲LTD"" -> ""ODAN-CYCLOPENTOLATE (cyclopentolate hydrochloride 1 % ophthalmic drops) ODAN LABORATORIESLTD""
mp_fr_description: ""ODAN-CYCLOPENTOLATE (chlorhydrate de cyclopentolate 1 % gouttes ophtalmiques) ODAN LABORATORIES ̲LTD"" -> ""ODAN-CYCLOPENTOLATE (chlorhydrate de cyclopentolate 1 % gouttes ophtalmiques) ODAN LABORATORIESLTD"""
NA,77700882,ROCURONIUM BROMIDE INJECTION (rocuronium bromide 100 mg per 10 mL solution for injection vial) OMEGA LABORATORIES LIMITED,ROCURONIUM BROMIDE INJECTION (bromure de rocuronium 100 mg par 10 mL solution injectable fiole) OMEGA LABORATORIES LIMITED,"mp_status_effective_time: ""20200728"" -> ""20260729"""
106633,02563568,ELFABRIO (pegunigalsidase alfa 5 mg per 2.5 mL solution for injection vial) CHIESI FARMACEUTICI S.P.A.,"ELFABRIO (pégunigalsidase alfa 5 mg par 2,5 mL solution injectable fiole) CHIESI FARMACEUTICI S.P.A.",ADDED
106734,02564653,VOXZOGO (vosoritide 0.4 mg per vial powder for solution for injection with diluent solution syringe) BIOMARIN INTERNATIONAL LIMITED,"VOXZOGO (vosoritide 0,4 mg par fiole poudre pour solution injectable avec solution diluante seringue) BIOMARIN INTERNATIONAL LIMITED",ADDED
101387,02524864,GLICLAZIDE MR (gliclazide 60 mg prolonged-release oral tablet) SANIS HEALTH INC,GLICLAZIDE MR (gliclazide 60 mg comprimé oral à libération prolongée) SANIS HEALTH INC,"mp_status_effective_time: ""20250515"" -> ""20260723"""
NA,77700277,FUROSEMIDE INJECTION (furosemide 40 mg per 4 mL solution for injection vial) OMEGA LABORATORIES LIMITED,FUROSEMIDE INJECTION (furosémide 40 mg par 4 mL solution injectable fiole) OMEGA LABORATORIES LIMITED,"mp_status_effective_time: ""20180727"" -> ""20260729"""
37379,02224801,RYTHMODAN (disopyramide 100 mg oral capsule) CHEPLAPHARM ARZNEIMITTEL GMBH,RYTHMODAN (disopyramide 100 mg capsule orale) CHEPLAPHARM ARZNEIMITTEL GMBH,"mp_status: ""ACTIVE"" -> ""INACTIVE""
mp_status_effective_time: ""20030912"" -> ""20260628"""
106453,02561573,DORZOLAMIDE (dorzolamide (dorzolamide hydrochloride) 2 % ophthalmic drops) STERI-MED PHARMA INC.,DORZOLAMIDE (dorzolamide (chlorhydrate de dorzolamide) 2 % gouttes ophtalmiques) STERI-MED PHARMA INC.,ADDED
102627,02537567,AG-LISDEXAMFETAMINE (lisdexamfetamine dimesylate 10 mg oral capsule) ANGITA PHARMA INC.,AG-LISDEXAMFETAMINE (dimésylate de lisdexamfétamine 10 mg capsule orale) ANGITA PHARMA INC.,ADDED
85106,02366207,BENYLIN EXTRA STRENGTH MUCUS & PHLEGM PLUS COLD RELIEF (acetaminophen 500 mg per 15 mL and dextromethorphan hydrobromide 15 mg per 15 mL and guaifenesin 100 mg per 15 mL and pseudoephedrine hydrochloride 30 mg per 15 mL syrup) KENVUE CANADA INC.,BENYLIN EXTRA STRENGTH MUCUS & PHLEGM PLUS COLD RELIEF (acétaminophène 500 mg par 15 mL et bromhydrate de dextrométhorphane 15 mg par 15 mL et guaïfénésine 100 mg par 15 mL et chlorhydrate de pseudoéphédrine 30 mg par 15 mL sirop) KENVUE CANADA INC.,"mp_formal_name: ""BENYLIN EXTRA STRENGTH MUCUS & PHLEGM PLUS COLD RELIEF (acetaminophen 500 mg per 15 mL and dextromethorphan hydrobromide 15 mg per 15 mL and guaifenesin 100 mg per 15 mL and pseudoephedrine hydrochloride 30 mg per 15 mL syrup) M̲C̲N̲E̲I̲L̲ ̲C̲O̲N̲S̲U̲M̲E̲R̲ ̲H̲E̲A̲L̲T̲H̲C̲A̲R̲E̲ ̲D̲I̲V̲I̲S̲I̲O̲N̲ ̲O̲F̲ ̲J̲O̲H̲N̲S̲O̲N̲ ̲&̲ ̲J̲O̲H̲N̲S̲O̲N̲ ̲I̲N̲C̲"" -> ""BENYLIN EXTRA STRENGTH MUCUS & PHLEGM PLUS COLD RELIEF (acetaminophen 500 mg per 15 mL and dextromethorphan hydrobromide 15 mg per 15 mL and guaifenesin 100 mg per 15 mL and pseudoephedrine hydrochloride 30 mg per 15 mL syrup) K̲E̲N̲V̲U̲E̲ ̲C̲A̲N̲A̲D̲A̲ ̲I̲N̲C̲.̲""
mp_fr_description: ""BENYLIN EXTRA STRENGTH MUCUS & PHLEGM PLUS COLD RELIEF (acétaminophène 500 mg par 15 mL et bromhydrate de dextrométhorphane 15 mg par 15 mL et guaïfénésine 100 mg par 15 mL et chlorhydrate de pseudoéphédrine 30 mg par 15 mL sirop) M̲C̲N̲E̲I̲L̲ ̲C̲O̲N̲S̲U̲M̲E̲R̲ ̲H̲E̲A̲L̲T̲H̲C̲A̲R̲E̲ ̲D̲I̲V̲I̲S̲I̲O̲N̲ ̲O̲F̲ ̲J̲O̲H̲N̲S̲O̲N̲ ̲&̲ ̲J̲O̲H̲N̲S̲O̲N̲ ̲I̲N̲C̲"" -> ""BENYLIN EXTRA STRENGTH MUCUS & PHLEGM PLUS COLD RELIEF (acétaminophène 500 mg par 15 mL et bromhydrate de dextrométhorphane 15 mg par 15 mL et guaïfénésine 100 mg par 15 mL et chlorhydrate de pseudoéphédrine 30 mg par 15 mL sirop) K̲E̲N̲V̲U̲E̲ ̲C̲A̲N̲A̲D̲A̲ ̲I̲N̲C̲.̲"""
90413,02419505,LIDODAN 4% TOPICAL SOLUTION (lidocaine hydrochloride 4 % cutaneous solution) ODAN LABORATORIESLTD,LIDODAN 4% TOPICAL SOLUTION (chlorhydrate de lidocaïne 4 % solution pour application cutanée) ODAN LABORATORIESLTD,"mp_formal_name: ""LIDODAN 4% TOPICAL SOLUTION (lidocaine hydrochloride 4 % cutaneous solution) ODAN LABORATORIES ̲LTD"" -> ""LIDODAN 4% TOPICAL SOLUTION (lidocaine hydrochloride 4 % cutaneous solution) ODAN LABORATORIESLTD""
mp_fr_description: ""LIDODAN 4% TOPICAL SOLUTION (chlorhydrate de lidocaïne 4 % solution pour application cutanée) ODAN LABORATORIES ̲LTD"" -> ""LIDODAN 4% TOPICAL SOLUTION (chlorhydrate de lidocaïne 4 % solution pour application cutanée) ODAN LABORATORIESLTD"""
6261,00623571,SALIJECT 570MG/ML (sodium salicylate 5700 mg per 10 mL solution for injection vial) OMEGA LABORATORIES LIMITED,SALIJECT 570MG/ML (salicylate de sodium 5700 mg par 10 mL solution injectable fiole) OMEGA LABORATORIES LIMITED,"mp_status_effective_time: ""20200728"" -> ""20260729"""
83643,02351242,DOXYCYCLINE TABLETS (doxycycline (doxycycline hyclate) 100 mg oral tablet) SANIS HEALTH INC,DOXYCYCLINE TABLETS (doxycycline (hyclate de doxycycline) 100 mg comprimé oral) SANIS HEALTH INC,"mp_status: ""ACTIVE"" -> ""INACTIVE""
mp_status_effective_time: ""20100615"" -> ""20260723"""
106682,02564092,SHEAMOISTURE SINCE 1912 DANDRUFF & ITCH RELIEF (pyrithione zinc 1 % shampoo) UNILEVER CANADA,SHEAMOISTURE SINCE 1912 DANDRUFF & ITCH RELIEF (pyrithione zincique 1 % shampoing) UNILEVER CANADA,ADDED
79267,02306999,PRO-BISOPROLOL (bisoprolol fumarate 5 mg oral tablet) PRO DOC LIMITEE,PRO-BISOPROLOL (fumarate de bisoprolol 5 mg comprimé oral) PRO DOC LIMITEE,"Health_Canada_product_name: ""PRO-BISOPROLOL - 5"" -> ""PRO-BISOPROLOL""
mp_formal_name: ""PRO-BISOPROLOL ̲-̲ ̲5̲ (bisoprolol fumarate 5 mg oral tablet) PRO DOC LIMITEE"" -> ""PRO-BISOPROLOL (bisoprolol fumarate 5 mg oral tablet) PRO DOC LIMITEE""
mp_fr_description: ""PRO-BISOPROLOL ̲-̲ ̲5̲ (fumarate de bisoprolol 5 mg comprimé oral) PRO DOC LIMITEE"" -> ""PRO-BISOPROLOL (fumarate de bisoprolol 5 mg comprimé oral) PRO DOC LIMITEE"""
84690,02361868,OLEPTRO (trazodone hydrochloride 150 mg prolonged-release oral tablet) ANGELINI PHARMA INC,OLEPTRO (chlohydrate de trazodone 150 mg comprimé oral à libération prolongée) ANGELINI PHARMA INC,"mp_status_effective_time: ""20170914"" -> ""20260630"""
99111,02501481,DAUNORUBICIN INJECTABLE SOLUTION (daunorubicin (daunorubicin hydrochloride) 50 mg per 10 mL solution for injection vial) GENERIC MEDICAL PARTNERS INC,DAUNORUBICIN INJECTABLE SOLUTION (daunorubicine (chlorhydrate de daunorubicine) 50 mg par 10 mL solution injectable fiole) GENERIC MEDICAL PARTNERS INC,ADDED
1403,00028606,ALDACTONE 25 MG (spironolactone 25 mg oral tablet) PFIZER CANADA ULC,ALDACTONE 25 MG (spironolactone 25 mg comprimé oral) PFIZER CANADA ULC,"mp_status: ""ACTIVE"" -> ""INACTIVE""
mp_status_effective_time: ""19591231"" -> ""20260717"""
635,00151874,OCTOCAINE HCL 2% EPINEPHRINE 1:50000 (epinephrine (epinephrine bitartrate) 0.02 mg per mL and lidocaine hydrochloride 20 mg per mL solution for injection 1.8 mL cartridge) NOVOCOL PHARMACEUTICAL OF CANADA INC,"OCTOCAINE HCL 2% EPINEPHRINE 1:50000 (épinéphrine (bitartrate d'épinéphrine) 0,02 mg par mL et chlorhydrate de lidocaïne 20 mg par mL solution injectable 1,8 mL cartouche) NOVOCOL PHARMACEUTICAL OF CANADA INC","mp_status: ""ACTIVE"" -> ""INACTIVE""
mp_status_effective_time: ""19641231"" -> ""20260716"""
102628,02537575,AG-LISDEXAMFETAMINE (lisdexamfetamine dimesylate 20 mg oral capsule) ANGITA PHARMA INC.,AG-LISDEXAMFETAMINE (dimésylate de lisdexamfétamine 20 mg capsule orale) ANGITA PHARMA INC.,ADDED
88378,02398869,INDAYO (ethinyl estradiol 30 mcg and levonorgestrel 150 mcg oral tablet with lactose oral tablet) SENADOR LABORATORIES PRIVATE LIMITED,INDAYO (éthinylestradiol 30 mcg et lévonorgestrel 150 mcg comprimé oral avec lactose comprimé oral) SENADOR LABORATORIES PRIVATE LIMITED,"mp_formal_name: ""INDAYO (ethinyl estradiol 30 mcg and levonorgestrel 150 mcg oral tablet with lactose oral tablet) M̲Y̲L̲A̲N̲ ̲P̲H̲A̲R̲M̲A̲C̲E̲U̲T̲I̲C̲A̲L̲S̲ ̲U̲L̲C̲"" -> ""INDAYO (ethinyl estradiol 30 mcg and levonorgestrel 150 mcg oral tablet with lactose oral tablet) S̲E̲N̲A̲D̲O̲R̲ ̲L̲A̲B̲O̲R̲A̲T̲O̲R̲I̲E̲S̲ ̲P̲R̲I̲V̲A̲T̲E̲ ̲L̲I̲M̲I̲T̲E̲D̲""
mp_fr_description: ""INDAYO (éthinylestradiol 30 mcg et lévonorgestrel 150 mcg comprimé oral avec lactose comprimé oral) M̲Y̲L̲A̲N̲ ̲P̲H̲A̲R̲M̲A̲C̲E̲U̲T̲I̲C̲A̲L̲S̲ ̲U̲L̲C̲"" -> ""INDAYO (éthinylestradiol 30 mcg et lévonorgestrel 150 mcg comprimé oral avec lactose comprimé oral) S̲E̲N̲A̲D̲O̲R̲ ̲L̲A̲B̲O̲R̲A̲T̲O̲R̲I̲E̲S̲ ̲P̲R̲I̲V̲A̲T̲E̲ ̲L̲I̲M̲I̲T̲E̲D̲"""
86193,02376474,"CHILDREN'S TYLENOL COMPLETE COLD, COUGH & FEVER (acetaminophen 160 mg per 5 mL and chlorpheniramine maleate 1 mg per 5 mL and dextromethorphan hydrobromide 7.5 mg per 5 mL and pseudoephedrine hydrochloride 15 mg per 5 mL oral suspension) KENVUE CANADA INC.","CHILDREN'S TYLENOL COMPLETE COLD, COUGH & FEVER (acétaminophène 160 mg par 5 mL et maléate de chlorphéniramine 1 mg par 5 mL et bromhydrate de dextrométhorphane 7,5 mg par 5 mL et chlorhydrate de pseudoéphédrine 15 mg par 5 mL suspension orale) KENVUE CANADA INC.","mp_formal_name: ""CHILDREN'S TYLENOL COMPLETE COLD, COUGH & FEVER (acetaminophen 160 mg per 5 mL and chlorpheniramine maleate 1 mg per 5 mL and dextromethorphan hydrobromide 7.5 mg per 5 mL and pseudoephedrine hydrochloride 15 mg per 5 mL oral suspension) M̲C̲N̲E̲I̲L̲ ̲C̲O̲N̲S̲U̲M̲E̲R̲ ̲H̲E̲A̲L̲T̲H̲C̲A̲R̲E̲ ̲D̲I̲V̲I̲S̲I̲O̲N̲ ̲O̲F̲ ̲J̲O̲H̲N̲S̲O̲N̲ ̲&̲ ̲J̲O̲H̲N̲S̲O̲N̲ ̲I̲N̲C̲"" -> ""CHILDREN'S TYLENOL COMPLETE COLD, COUGH & FEVER (acetaminophen 160 mg per 5 mL and chlorpheniramine maleate 1 mg per 5 mL and dextromethorphan hydrobromide 7.5 mg per 5 mL and pseudoephedrine hydrochloride 15 mg per 5 mL oral suspension) K̲E̲N̲V̲U̲E̲ ̲C̲A̲N̲A̲D̲A̲ ̲I̲N̲C̲.̲""
mp_fr_description: ""CHILDREN'S TYLENOL COMPLETE COLD, COUGH & FEVER (acétaminophène 160 mg par 5 mL et maléate de chlorphéniramine 1 mg par 5 mL et bromhydrate de dextrométhorphane 7,5 mg par 5 mL et chlorhydrate de pseudoéphédrine 15 mg par 5 mL suspension orale) M̲C̲N̲E̲I̲L̲ ̲C̲O̲N̲S̲U̲M̲E̲R̲ ̲H̲E̲A̲L̲T̲H̲C̲A̲R̲E̲ ̲D̲I̲V̲I̲S̲I̲O̲N̲ ̲O̲F̲ ̲J̲O̲H̲N̲S̲O̲N̲ ̲&̲ ̲J̲O̲H̲N̲S̲O̲N̲ ̲I̲N̲C̲"" -> ""CHILDREN'S TYLENOL COMPLETE COLD, COUGH & FEVER (acétaminophène 160 mg par 5 mL et maléate de chlorphéniramine 1 mg par 5 mL et bromhydrate de dextrométhorphane 7,5 mg par 5 mL et chlorhydrate de pseudoéphédrine 15 mg par 5 mL suspension orale) K̲E̲N̲V̲U̲E̲ ̲C̲A̲N̲A̲D̲A̲ ̲I̲N̲C̲.̲"""
104100,02552329,PRZ-SITAGLIPTIN-METFORMIN (metformin hydrochloride 1000 mg and sitagliptin (sitagliptin phosphate monohydrate) 50 mg oral tablet) PHARMARIS CANADA INC,PRZ-SITAGLIPTIN-METFORMIN (chlorhydrate de metformine 1000 mg et sitagliptine (phosphate de sitagliptine monohydraté) 50 mg comprimé oral) PHARMARIS CANADA INC,ADDED
98210,02492105,ODAN LEVOCARNITINE (levocarnitine 100 mg per mL oral solution) ODAN LABORATORIESLTD,ODAN LEVOCARNITINE (lévocarnitine 100 mg par mL solution orale) ODAN LABORATORIESLTD,"mp_formal_name: ""ODAN LEVOCARNITINE (levocarnitine 100 mg per mL oral solution) ODAN LABORATORIES ̲LTD"" -> ""ODAN LEVOCARNITINE (levocarnitine 100 mg per mL oral solution) ODAN LABORATORIESLTD""
mp_fr_description: ""ODAN LEVOCARNITINE (lévocarnitine 100 mg par mL solution orale) ODAN LABORATORIES ̲LTD"" -> ""ODAN LEVOCARNITINE (lévocarnitine 100 mg par mL solution orale) ODAN LABORATORIESLTD"""
106735,02564661,VOXZOGO (vosoritide 0.56 mg per vial powder for solution for injection with diluent solution syringe) BIOMARIN INTERNATIONAL LIMITED,"VOXZOGO (vosoritide 0,56 mg par fiole poudre pour solution injectable avec solution diluante seringue) BIOMARIN INTERNATIONAL LIMITED",ADDED
97947,02489384,NRA-RIZATRIPTAN ODT (rizatriptan (rizatriptan benzoate) 10 mg orodispersible tablet) NORA PHARMA INC,NRA-RIZATRIPTAN ODT (rizatriptan (benzoate de rizatriptan) 10 mg comprimé orodispersible) NORA PHARMA INC,"mp_status: ""ACTIVE"" -> ""INACTIVE""
mp_status_effective_time: ""20200117"" -> ""20260710"""
97932,02489244,CARBETOCIN INJECTION (carbetocin 100 mcg per 1 mL solution for injection syringe) JUNO PHARMA CANADA INC.,CARBETOCIN INJECTION (carbétocine 100 mcg par 1 mL solution injectable seringue) JUNO PHARMA CANADA INC.,"mp_formal_name: ""CARBETOCIN INJECTION (carbetocin 100 mcg per 1 mL solution for injection syringe) JUNO PHARMAC̲E̲U̲T̲I̲C̲A̲L̲S̲ ̲C̲O̲R̲P̲."" -> ""CARBETOCIN INJECTION (carbetocin 100 mcg per 1 mL solution for injection syringe) JUNO PHARMA ̲C̲A̲N̲A̲D̲A̲ ̲I̲N̲C̲.""
mp_fr_description: ""CARBETOCIN INJECTION (carbétocine 100 mcg par 1 mL solution injectable seringue) JUNO PHARMAC̲E̲U̲T̲I̲C̲A̲L̲S̲ ̲C̲O̲R̲P̲."" -> ""CARBETOCIN INJECTION (carbétocine 100 mcg par 1 mL solution injectable seringue) JUNO PHARMA ̲C̲A̲N̲A̲D̲A̲ ̲I̲N̲C̲."""
100301,02513803,SANDOZ DIMETHYL FUMARATE DELAYED-RELEASE CAPSULES (dimethyl fumarate 240 mg gastro-resistant capsule) SANDOZ CANADA INCORPORATED,SANDOZ DIMETHYL FUMARATE DELAYED-RELEASE CAPSULES (fumarate de diméthyle 240 mg capsule gastrorésistante) SANDOZ CANADA INCORPORATED,"mp_status: ""ACTIVE"" -> ""INACTIVE""
mp_status_effective_time: ""20211004"" -> ""20260727"""
106284,02559714,LYNKUET (elinzanetant 60 mg oral capsule) BAYER INC,LYNKUET (élinzanétant 60 mg capsule orale) BAYER INC,ADDED
88725,02402416,RIVA-OMEPRAZOLE DR (omeprazole (omeprazole magnesium) 20 mg gastro-resistant tablet) LABORATOIRE RIVA INC.,RIVA-OMEPRAZOLE DR (oméprazole (oméprazole magnésium) 20 mg comprimé gastrorésistant) LABORATOIRE RIVA INC.,"mp_status: ""ACTIVE"" -> ""INACTIVE""
mp_status_effective_time: ""20130725"" -> ""20260724"""
NA,77701209,"FUROSEMIDE INJECTION, USP (furosemide 20 mg per 2 mL solution for injection vial) EUGIA PHARMA INC.","FUROSEMIDE INJECTION, USP (furosémide 20 mg par 2 mL solution injectable fiole) EUGIA PHARMA INC.",ADDED
102731,02538601,ODAN-AMANTADINE SYRUP (amantadine hydrochloride 50 mg per 5 mL syrup) ODAN LABORATORIESLTD,ODAN-AMANTADINE SYRUP (chlorhydrate d'amantadine 50 mg par 5 mL sirop) ODAN LABORATORIESLTD,"mp_formal_name: ""ODAN-AMANTADINE SYRUP (amantadine hydrochloride 50 mg per 5 mL syrup) ODAN LABORATORIES ̲LTD"" -> ""ODAN-AMANTADINE SYRUP (amantadine hydrochloride 50 mg per 5 mL syrup) ODAN LABORATORIESLTD""
mp_fr_description: ""ODAN-AMANTADINE SYRUP (chlorhydrate d'amantadine 50 mg par 5 mL sirop) ODAN LABORATORIES ̲LTD"" -> ""ODAN-AMANTADINE SYRUP (chlorhydrate d'amantadine 50 mg par 5 mL sirop) ODAN LABORATORIESLTD"""
11254,00779806,NIODAN 500 MG TIME RELEASE TABLETS (nicotinic acid 500 mg prolonged-release oral tablet) ODAN LABORATORIESLTD,NIODAN 500 MG TIME RELEASE TABLETS (acide nicotinique 500 mg comprimé oral à libération prolongée) ODAN LABORATORIESLTD,"mp_formal_name: ""NIODAN 500 MG TIME RELEASE TABLETS (nicotinic acid 500 mg prolonged-release oral tablet) ODAN LABORATORIES ̲LTD"" -> ""NIODAN 500 MG TIME RELEASE TABLETS (nicotinic acid 500 mg prolonged-release oral tablet) ODAN LABORATORIESLTD""
mp_fr_description: ""NIODAN 500 MG TIME RELEASE TABLETS (acide nicotinique 500 mg comprimé oral à libération prolongée) ODAN LABORATORIES ̲LTD"" -> ""NIODAN 500 MG TIME RELEASE TABLETS (acide nicotinique 500 mg comprimé oral à libération prolongée) ODAN LABORATORIESLTD"""
102629,02537583,AG-LISDEXAMFETAMINE (lisdexamfetamine dimesylate 30 mg oral capsule) ANGITA PHARMA INC.,AG-LISDEXAMFETAMINE (dimésylate de lisdexamfétamine 30 mg capsule orale) ANGITA PHARMA INC.,ADDED
106507,02562170,GALANTAMINE ER (galantamine (galantamine hydrobromide) 24 mg prolonged-release oral capsule) SIVEM PHARMACEUTICALS ULC,GALANTAMINE ER (galantamine (bromhydrate de galantamine) 24 mg capsule orale à libération prolongée) SIVEM PHARMACEUTICALS ULC,ADDED
91949,02435217,ZONOVATE (turoctocog alfa 1500 unit per vial powder for solution for injection with diluent solution syringe) NOVO NORDISK CANADA INC,ZONOVATE (turoctocog alfa 1500 unité par fiole poudre pour solution injectable avec solution diluante seringue) NOVO NORDISK CANADA INC,"mp_status: ""ACTIVE"" -> ""INACTIVE""
mp_status_effective_time: ""20180323"" -> ""20260724"""
75157,02266121,SATIVEX (cannabidiol 2.5 mg per actuation and tetrahydrocannabinol 2.7 mg per actuation oromucosal spray) CNX THERAPEUTICS LIMITED,"SATIVEX (cannabidiol 2,5 mg par actionnement et tétrahydrocannabinol 2,7 mg par actionnement vaporisation buccale) CNX THERAPEUTICS LIMITED","mp_formal_name: ""SATIVEX (cannabidiol 2.5 mg per actuation and tetrahydrocannabinol 2.7 mg per actuation oromucosal spray) J̲A̲Z̲Z̲ ̲P̲H̲A̲R̲M̲A̲C̲E̲U̲T̲I̲C̲A̲L̲S̲ ̲O̲P̲E̲R̲A̲T̲I̲O̲N̲S̲ ̲U̲K̲ LIMITED"" -> ""SATIVEX (cannabidiol 2.5 mg per actuation and tetrahydrocannabinol 2.7 mg per actuation oromucosal spray) C̲N̲X̲ ̲T̲H̲E̲R̲A̲P̲E̲U̲T̲I̲C̲S̲ LIMITED""
mp_fr_description: ""SATIVEX (cannabidiol 2,5 mg par actionnement et tétrahydrocannabinol 2,7 mg par actionnement vaporisation buccale) J̲A̲Z̲Z̲ ̲P̲H̲A̲R̲M̲A̲C̲E̲U̲T̲I̲C̲A̲L̲S̲ ̲O̲P̲E̲R̲A̲T̲I̲O̲N̲S̲ ̲U̲K̲ LIMITED"" -> ""SATIVEX (cannabidiol 2,5 mg par actionnement et tétrahydrocannabinol 2,7 mg par actionnement vaporisation buccale) C̲N̲X̲ ̲T̲H̲E̲R̲A̲P̲E̲U̲T̲I̲C̲S̲ LIMITED"""
88191,02396904,PRO-ATOMOXETINE (atomoxetine (atomoxetine hydrochloride) 10 mg oral capsule) PRO DOC LIMITEE,PRO-ATOMOXETINE (atomoxétine (chlorhydrate d'atomoxétine) 10 mg capsule orale) PRO DOC LIMITEE,"Health_Canada_product_name: ""ATOMOXETINE"" -> ""PRO-ATOMOXETINE""
mp_formal_name: ""ATOMOXETINE (atomoxetine (atomoxetine hydrochloride) 10 mg oral capsule) PRO DOC LIMITEE"" -> ""P̲R̲O̲-̲ATOMOXETINE (atomoxetine (atomoxetine hydrochloride) 10 mg oral capsule) PRO DOC LIMITEE""
mp_fr_description: ""ATOMOXETINE (atomoxétine (chlorhydrate d'atomoxétine) 10 mg capsule orale) PRO DOC LIMITEE"" -> ""P̲R̲O̲-̲ATOMOXETINE (atomoxétine (chlorhydrate d'atomoxétine) 10 mg capsule orale) PRO DOC LIMITEE"""
80802,02322579,SANDOZ FINASTERIDE (finasteride 5 mg oral tablet) SANDOZ CANADA INCORPORATED,SANDOZ FINASTERIDE (finastéride 5 mg comprimé oral) SANDOZ CANADA INCORPORATED,"mp_status: ""ACTIVE"" -> ""INACTIVE""
mp_status_effective_time: ""20100201"" -> ""20260731"""
79923,02313723,SPC-ATORVASTATIN (atorvastatin (atorvastatin calcium) 40 mg oral tablet) SUN PHARMA CANADA INC,SPC-ATORVASTATIN (atorvastatine (atorvastatine calcique) 40 mg comprimé oral) SUN PHARMA CANADA INC,"Health_Canada_product_name: ""TARO-ATORVASTATIN"" -> ""SPC-ATORVASTATIN""
mp_formal_name: ""T̲A̲R̲O̲-ATORVASTATIN (atorvastatin (atorvastatin calcium) 40 mg oral tablet) T̲A̲R̲O̲ ̲P̲H̲A̲R̲M̲A̲C̲E̲U̲T̲I̲C̲A̲L̲S̲ INC"" -> ""S̲P̲C̲-ATORVASTATIN (atorvastatin (atorvastatin calcium) 40 mg oral tablet) S̲U̲N̲ ̲P̲H̲A̲R̲M̲A̲ ̲C̲A̲N̲A̲D̲A̲ INC""
mp_fr_description: ""T̲A̲R̲O̲-ATORVASTATIN (atorvastatine (atorvastatine calcique) 40 mg comprimé oral) T̲A̲R̲O̲ ̲P̲H̲A̲R̲M̲A̲C̲E̲U̲T̲I̲C̲A̲L̲S̲ INC"" -> ""S̲P̲C̲-ATORVASTATIN (atorvastatine (atorvastatine calcique) 40 mg comprimé oral) S̲U̲N̲ ̲P̲H̲A̲R̲M̲A̲ ̲C̲A̲N̲A̲D̲A̲ INC"""
88195,02396947,PRO-ATOMOXETINE (atomoxetine (atomoxetine hydrochloride) 60 mg oral capsule) PRO DOC LIMITEE,PRO-ATOMOXETINE (atomoxétine (chlorhydrate d'atomoxétine) 60 mg capsule orale) PRO DOC LIMITEE,"Health_Canada_product_name: ""ATOMOXETINE"" -> ""PRO-ATOMOXETINE""
mp_formal_name: ""ATOMOXETINE (atomoxetine (atomoxetine hydrochloride) 60 mg oral capsule) PRO DOC LIMITEE"" -> ""P̲R̲O̲-̲ATOMOXETINE (atomoxetine (atomoxetine hydrochloride) 60 mg oral capsule) PRO DOC LIMITEE""
mp_fr_description: ""ATOMOXETINE (atomoxétine (chlorhydrate d'atomoxétine) 60 mg capsule orale) PRO DOC LIMITEE"" -> ""P̲R̲O̲-̲ATOMOXETINE (atomoxétine (chlorhydrate d'atomoxétine) 60 mg capsule orale) PRO DOC LIMITEE"""
63111,02239639,HALOPERIDOL-LA OMEGA (haloperidol (haloperidol decanoate) 250 mg per 5 mL solution for injection vial) OMEGA LABORATORIES LIMITED,HALOPERIDOL-LA OMEGA (halopéridol (décanoate d'halopéridol) 250 mg par 5 mL solution injectable fiole) OMEGA LABORATORIES LIMITED,"mp_status_effective_time: ""20170804"" -> ""20260729"""
72035,02247749,FLUCONAZOLE OMEGA (fluconazole 200 mg per 100 mL solution for injection vial) OMEGA LABORATORIES LIMITED,FLUCONAZOLE OMEGA (fluconazole 200 mg par 100 mL solution injectable fiole) OMEGA LABORATORIES LIMITED,"mp_status_effective_time: ""20170804"" -> ""20260729"""
103980,02551047,PRZ-TRAMADOL/ACET (acetaminophen 325 mg and tramadol hydrochloride 37.5 mg oral tablet) PHARMARIS CANADA INC,"PRZ-TRAMADOL/ACET (acétaminophène 325 mg et chlorhydrate de tramadol 37,5 mg comprimé oral) PHARMARIS CANADA INC",ADDED
102631,02537605,AG-LISDEXAMFETAMINE (lisdexamfetamine dimesylate 50 mg oral capsule) ANGITA PHARMA INC.,AG-LISDEXAMFETAMINE (dimésylate de lisdexamfétamine 50 mg capsule orale) ANGITA PHARMA INC.,ADDED
80190,02316390,TEVA-IRBESARTAN (irbesartan 75 mg oral tablet) TEVA CANADA LIMITED,TEVA-IRBESARTAN (irbésartan 75 mg comprimé oral) TEVA CANADA LIMITED,"mp_status: ""ACTIVE"" -> ""INACTIVE""
mp_status_effective_time: ""20110321"" -> ""20240215"""
79715,02311593,PRO-CLONAZEPAM (clonazepam 0.5 mg oral tablet) PRO DOC LIMITEE,"PRO-CLONAZEPAM (clonazépam 0,5 mg comprimé oral) PRO DOC LIMITEE","mp_status: ""ACTIVE"" -> ""INACTIVE""
mp_status_effective_time: ""20080728"" -> ""20260713"""
20312,02186926,LANSOYL SUGAR FREE - JELLY - 78% (mineral oil heavy 78 % oral gel) AURIUM PHARMA INC.,LANSOYL SUGAR FREE - JELLY - 78% (huile minérale lourde 78 % gel oral) AURIUM PHARMA INC.,"mp_status: ""ACTIVE"" -> ""INACTIVE""
mp_status_effective_time: ""19961231"" -> ""20260723"""
2197,00344508,TARGEL (coal tar 10 % cutaneous gel) ODAN LABORATORIESLTD,TARGEL (goudron de houille 10 % gel cutané) ODAN LABORATORIESLTD,"mp_formal_name: ""TARGEL (coal tar 10 % cutaneous gel) ODAN LABORATORIES ̲LTD"" -> ""TARGEL (coal tar 10 % cutaneous gel) ODAN LABORATORIESLTD""
mp_fr_description: ""TARGEL (goudron de houille 10 % gel cutané) ODAN LABORATORIES ̲LTD"" -> ""TARGEL (goudron de houille 10 % gel cutané) ODAN LABORATORIESLTD"""
94824,02460750,GLN-EZETIMIBE (ezetimibe 10 mg oral tablet) GLENMARK PHARMACEUTICALS CANADA INC.,GLN-EZETIMIBE (ézétimibe 10 mg comprimé oral) GLENMARK PHARMACEUTICALS CANADA INC.,"mp_status: ""ACTIVE"" -> ""INACTIVE""
mp_status_effective_time: ""20190723"" -> ""20250619"""
13132,01985604,YOHIMBINE-ODAN 6MG (yohimbine hydrochloride 6 mg oral tablet) ODAN LABORATORIESLTD,YOHIMBINE-ODAN 6MG (chlorhydrate de yohimbine 6 mg comprimé oral) ODAN LABORATORIESLTD,"mp_formal_name: ""YOHIMBINE-ODAN 6MG (yohimbine hydrochloride 6 mg oral tablet) ODAN LABORATORIES ̲LTD"" -> ""YOHIMBINE-ODAN 6MG (yohimbine hydrochloride 6 mg oral tablet) ODAN LABORATORIESLTD""
mp_fr_description: ""YOHIMBINE-ODAN 6MG (chlorhydrate de yohimbine 6 mg comprimé oral) ODAN LABORATORIES ̲LTD"" -> ""YOHIMBINE-ODAN 6MG (chlorhydrate de yohimbine 6 mg comprimé oral) ODAN LABORATORIESLTD"""
75889,02273411,BISACODYL-ODAN (bisacodyl 5 mg gastro-resistant tablet) ODAN LABORATORIESLTD,BISACODYL-ODAN (bisacodyl 5 mg comprimé gastrorésistant) ODAN LABORATORIESLTD,"mp_formal_name: ""BISACODYL-ODAN (bisacodyl 5 mg gastro-resistant tablet) ODAN LABORATORIES ̲LTD"" -> ""BISACODYL-ODAN (bisacodyl 5 mg gastro-resistant tablet) ODAN LABORATORIESLTD""
mp_fr_description: ""BISACODYL-ODAN (bisacodyl 5 mg comprimé gastrorésistant) ODAN LABORATORIES ̲LTD"" -> ""BISACODYL-ODAN (bisacodyl 5 mg comprimé gastrorésistant) ODAN LABORATORIESLTD"""
16118,02041464,ATIVAN (lorazepam 1 mg sublingual tablet) PFIZER CANADA ULC,ATIVAN (lorazépam 1 mg comprimé sublingual) PFIZER CANADA ULC,"mp_status: ""ACTIVE"" -> ""INACTIVE""
mp_status_effective_time: ""19941231"" -> ""20260703"""
85005,02365200,PRO-IRBESARTAN (irbesartan 150 mg oral tablet) PRO DOC LIMITEE,PRO-IRBESARTAN (irbésartan 150 mg comprimé oral) PRO DOC LIMITEE,"Health_Canada_product_name: ""IRBESARTAN"" -> ""PRO-IRBESARTAN""
mp_formal_name: ""IRBESARTAN (irbesartan 150 mg oral tablet) PRO DOC LIMITEE"" -> ""P̲R̲O̲-̲IRBESARTAN (irbesartan 150 mg oral tablet) PRO DOC LIMITEE""
mp_fr_description: ""IRBESARTAN (irbésartan 150 mg comprimé oral) PRO DOC LIMITEE"" -> ""P̲R̲O̲-̲IRBESARTAN (irbésartan 150 mg comprimé oral) PRO DOC LIMITEE"""
87879,02393573,MINT-ANASTROZOLE (anastrozole 1 mg oral tablet) MINT PHARMACEUTICALS INC,MINT-ANASTROZOLE (anastrozole 1 mg comprimé oral) MINT PHARMACEUTICALS INC,"mp_status: ""INACTIVE"" -> ""ACTIVE""
mp_status_effective_time: ""20260124"" -> ""20121025"""
5704,00582654,AMINOPHYLLINE INJ 50MG/ML (aminophylline 500 mg per 10 mL solution for injection vial) OMEGA LABORATORIES LIMITED,AMINOPHYLLINE INJ 50MG/ML (aminophylline 500 mg par 10 mL solution injectable fiole) OMEGA LABORATORIES LIMITED,"mp_status_effective_time: ""20190801"" -> ""20260729"""
88192,02396912,PRO-ATOMOXETINE (atomoxetine (atomoxetine hydrochloride) 18 mg oral capsule) PRO DOC LIMITEE,PRO-ATOMOXETINE (atomoxétine (chlorhydrate d'atomoxétine) 18 mg capsule orale) PRO DOC LIMITEE,"Health_Canada_product_name: ""ATOMOXETINE"" -> ""PRO-ATOMOXETINE""
mp_formal_name: ""ATOMOXETINE (atomoxetine (atomoxetine hydrochloride) 18 mg oral capsule) PRO DOC LIMITEE"" -> ""P̲R̲O̲-̲ATOMOXETINE (atomoxetine (atomoxetine hydrochloride) 18 mg oral capsule) PRO DOC LIMITEE""
mp_fr_description: ""ATOMOXETINE (atomoxétine (chlorhydrate d'atomoxétine) 18 mg capsule orale) PRO DOC LIMITEE"" -> ""P̲R̲O̲-̲ATOMOXETINE (atomoxétine (chlorhydrate d'atomoxétine) 18 mg capsule orale) PRO DOC LIMITEE"""
80191,02316404,TEVA-IRBESARTAN (irbesartan 150 mg oral tablet) TEVA CANADA LIMITED,TEVA-IRBESARTAN (irbésartan 150 mg comprimé oral) TEVA CANADA LIMITED,"mp_status: ""ACTIVE"" -> ""INACTIVE""
mp_status_effective_time: ""20110321"" -> ""20250424"""
83642,02351234,DOXYCYCLINE CAPSULES (doxycycline (doxycycline hyclate) 100 mg oral capsule) SANIS HEALTH INC,DOXYCYCLINE CAPSULES (doxycycline (hyclate de doxycycline) 100 mg capsule orale) SANIS HEALTH INC,"mp_status: ""ACTIVE"" -> ""INACTIVE""
mp_status_effective_time: ""20100615"" -> ""20260723"""
86020,02374854,RAMIPRIL (ramipril 5 mg oral capsule) SANIS HEALTH INC,RAMIPRIL (ramipril 5 mg capsule orale) SANIS HEALTH INC,"mp_status: ""ACTIVE"" -> ""INACTIVE""
mp_status_effective_time: ""20111124"" -> ""20241210"""
74278,02257521,PRO-CITALOPRAM (citalopram (citalopram hydrobromide) 40 mg oral tablet) PRO DOC LIMITEE,PRO-CITALOPRAM (citalopram (bromhydrate de citalopram) 40 mg comprimé oral) PRO DOC LIMITEE,"Health_Canada_product_name: ""CITALOPRAM - 40"" -> ""PRO-CITALOPRAM""
mp_formal_name: ""CITALOPRAM ̲-̲ ̲4̲0̲ (citalopram (citalopram hydrobromide) 40 mg oral tablet) PRO DOC LIMITEE"" -> ""P̲R̲O̲-̲CITALOPRAM (citalopram (citalopram hydrobromide) 40 mg oral tablet) PRO DOC LIMITEE""
mp_fr_description: ""CITALOPRAM ̲-̲ ̲4̲0̲ (citalopram (bromhydrate de citalopram) 40 mg comprimé oral) PRO DOC LIMITEE"" -> ""P̲R̲O̲-̲CITALOPRAM (citalopram (bromhydrate de citalopram) 40 mg comprimé oral) PRO DOC LIMITEE"""
96059,02471477,OZEMPIC MULTIDOSE PREFILLED PEN DISPENSES 0.25MG OR 0.5MG DOSE (semaglutide 1.34 mg per mL solution for injection 1.5 mL pen) NOVO NORDISK CANADA INC,"OZEMPIC MULTIDOSE PREFILLED PEN DISPENSES 0.25MG OR 0.5MG DOSE (sémaglutide 1,34 mg par mL solution injectable 1,5 mL stylo) NOVO NORDISK CANADA INC","mp_status: ""ACTIVE"" -> ""INACTIVE""
mp_status_effective_time: ""20180222"" -> ""20260724"""
103934,02550539,"PYZCHIVA (ustekinumab 45 mg per 0.5 mL solution for injection syringe) SAMSUNG BIOEPIS CO., LTD","PYZCHIVA (ustékinumab 45 mg par 0,5 mL solution injectable seringue) SAMSUNG BIOEPIS CO., LTD",ADDED
18240,02128446,ANODAN-HC OINTMENT (hydrocortisone acetate 0.5 % and zinc sulfate 0.5 % rectal ointment) ODAN LABORATORIESLTD,"ANODAN-HC OINTMENT (acétate d'hydrocortisone 0,5 % et sulfate de zinc 0,5 % pommade rectale) ODAN LABORATORIESLTD","mp_formal_name: ""ANODAN-HC OINTMENT (hydrocortisone acetate 0.5 % and zinc sulfate 0.5 % rectal ointment) ODAN LABORATORIES ̲LTD"" -> ""ANODAN-HC OINTMENT (hydrocortisone acetate 0.5 % and zinc sulfate 0.5 % rectal ointment) ODAN LABORATORIESLTD""
mp_fr_description: ""ANODAN-HC OINTMENT (acétate d'hydrocortisone 0,5 % et sulfate de zinc 0,5 % pommade rectale) ODAN LABORATORIES ̲LTD"" -> ""ANODAN-HC OINTMENT (acétate d'hydrocortisone 0,5 % et sulfate de zinc 0,5 % pommade rectale) ODAN LABORATORIESLTD"""
12575,00885533,YOHIMBINE HYDROCHLORIDE TAB 2MG (yohimbine hydrochloride 2 mg oral tablet) ODAN LABORATORIESLTD,YOHIMBINE HYDROCHLORIDE TAB 2MG (chlorhydrate de yohimbine 2 mg comprimé oral) ODAN LABORATORIESLTD,"mp_formal_name: ""YOHIMBINE HYDROCHLORIDE TAB 2MG (yohimbine hydrochloride 2 mg oral tablet) ODAN LABORATORIES ̲LTD"" -> ""YOHIMBINE HYDROCHLORIDE TAB 2MG (yohimbine hydrochloride 2 mg oral tablet) ODAN LABORATORIESLTD""
mp_fr_description: ""YOHIMBINE HYDROCHLORIDE TAB 2MG (chlorhydrate de yohimbine 2 mg comprimé oral) ODAN LABORATORIES ̲LTD"" -> ""YOHIMBINE HYDROCHLORIDE TAB 2MG (chlorhydrate de yohimbine 2 mg comprimé oral) ODAN LABORATORIESLTD"""
2530,00360422,CEENU (lomustine 40 mg oral capsule) SEPTA PHARMACEUTICALS INC,CEENU (lomustine 40 mg capsule orale) SEPTA PHARMACEUTICALS INC,"mp_formal_name: ""CEENU (lomustine 40 mg oral capsule) B̲R̲I̲S̲T̲O̲L̲-̲M̲Y̲E̲R̲S̲ ̲S̲Q̲U̲I̲B̲B̲ ̲C̲A̲N̲A̲D̲A̲"" -> ""CEENU (lomustine 40 mg oral capsule) S̲E̲P̲T̲A̲ ̲P̲H̲A̲R̲M̲A̲C̲E̲U̲T̲I̲C̲A̲L̲S̲ ̲I̲N̲C̲""
mp_fr_description: ""CEENU (lomustine 40 mg capsule orale) B̲R̲I̲S̲T̲O̲L̲-̲M̲Y̲E̲R̲S̲ ̲S̲Q̲U̲I̲B̲B̲ ̲C̲A̲N̲A̲D̲A̲"" -> ""CEENU (lomustine 40 mg capsule orale) S̲E̲P̲T̲A̲ ̲P̲H̲A̲R̲M̲A̲C̲E̲U̲T̲I̲C̲A̲L̲S̲ ̲I̲N̲C̲"""
75736,02271842,LEVEMIR PENFILL (insulin detemir 100 unit per mL solution for injection 3 mL cartridge) NOVO NORDISK CANADA INC,LEVEMIR PENFILL (insuline détemir 100 unité par mL solution injectable 3 mL cartouche) NOVO NORDISK CANADA INC,"mp_status: ""ACTIVE"" -> ""INACTIVE""
mp_status_effective_time: ""20051114"" -> ""20260724"""
2145,00285455,ALDACTONE 100 MG (spironolactone 100 mg oral tablet) PFIZER CANADA ULC,ALDACTONE 100 MG (spironolactone 100 mg comprimé oral) PFIZER CANADA ULC,"mp_status: ""ACTIVE"" -> ""INACTIVE""
mp_status_effective_time: ""19751231"" -> ""20260717"""
NA,77700883,ROCURONIUM BROMIDE INJECTION (rocuronium bromide 50 mg per 5 mL solution for injection vial) OMEGA LABORATORIES LIMITED,ROCURONIUM BROMIDE INJECTION (bromure de rocuronium 50 mg par 5 mL solution injectable fiole) OMEGA LABORATORIES LIMITED,"mp_status_effective_time: ""20200728"" -> ""20260729"""
79925,02313758,SPC-ATORVASTATIN (atorvastatin (atorvastatin calcium) 80 mg oral tablet) SUN PHARMA CANADA INC,SPC-ATORVASTATIN (atorvastatine (atorvastatine calcique) 80 mg comprimé oral) SUN PHARMA CANADA INC,"Health_Canada_product_name: ""TARO-ATORVASTATIN"" -> ""SPC-ATORVASTATIN""
mp_formal_name: ""T̲A̲R̲O̲-ATORVASTATIN (atorvastatin (atorvastatin calcium) 80 mg oral tablet) T̲A̲R̲O̲ ̲P̲H̲A̲R̲M̲A̲C̲E̲U̲T̲I̲C̲A̲L̲S̲ INC"" -> ""S̲P̲C̲-ATORVASTATIN (atorvastatin (atorvastatin calcium) 80 mg oral tablet) S̲U̲N̲ ̲P̲H̲A̲R̲M̲A̲ ̲C̲A̲N̲A̲D̲A̲ INC""
mp_fr_description: ""T̲A̲R̲O̲-ATORVASTATIN (atorvastatine (atorvastatine calcique) 80 mg comprimé oral) T̲A̲R̲O̲ ̲P̲H̲A̲R̲M̲A̲C̲E̲U̲T̲I̲C̲A̲L̲S̲ INC"" -> ""S̲P̲C̲-ATORVASTATIN (atorvastatine (atorvastatine calcique) 80 mg comprimé oral) S̲U̲N̲ ̲P̲H̲A̲R̲M̲A̲ ̲C̲A̲N̲A̲D̲A̲ INC"""
97788,02487748,SANDOZ GEFITINIB (gefitinib 250 mg oral tablet) SANDOZ CANADA INCORPORATED,SANDOZ GEFITINIB (géfitinib 250 mg comprimé oral) SANDOZ CANADA INCORPORATED,"mp_status: ""ACTIVE"" -> ""INACTIVE""
mp_status_effective_time: ""20190626"" -> ""20260731"""
79242,02306727,PANTOPRAZOLE SODIUM FOR INJECTION (pantoprazole (pantoprazole sodium) 40 mg per vial powder for solution for injection) SANDOZ CANADA INCORPORATED,PANTOPRAZOLE SODIUM FOR INJECTION (pantoprazole (pantoprazole sodique) 40 mg par fiole poudre pour solution injectable) SANDOZ CANADA INCORPORATED,"mp_status: ""ACTIVE"" -> ""INACTIVE""
mp_status_effective_time: ""20080311"" -> ""20260731"""
91561,02431173,ESOMEPRAZOLE (esomeprazole (esomeprazole magnesium dihydrate) 40 mg gastro-resistant tablet) SANIS HEALTH INC,ESOMEPRAZOLE (ésoméprazole (ésoméprazole magnésien dihydraté) 40 mg comprimé gastrorésistant) SANIS HEALTH INC,"mp_status: ""ACTIVE"" -> ""INACTIVE""
mp_status_effective_time: ""20140922"" -> ""20260723"""
104324,02554380,NYQUIL HOT REMEDY (acetaminophen 650 mg per sachet and diphenhydramine hydrochloride 25 mg per sachet powder for oral solution) PROCTER & GAMBLE INC,NYQUIL HOT REMEDY (acétaminophène 650 mg par sachet et chlorhydrate de diphenhydramine 25 mg par sachet poudre pour solution orale) PROCTER & GAMBLE INC,ADDED
106627,02563495,SEPTRA PEDIATRIC ORAL SUSPENSION (sulfamethoxazole 40 mg per mL and trimethoprim 8 mg per mL oral suspension) ASPEN PHARMACARE CANADA INC.,SEPTRA PEDIATRIC ORAL SUSPENSION (sulfaméthoxazole 40 mg par mL et triméthoprime 8 mg par mL suspension orale) ASPEN PHARMACARE CANADA INC.,ADDED
99283,02503352,BORTEZOMIB FOR INJECTION SDZ (bortezomib (bortezomib mannitol boronic ester) 3.5 mg per vial powder for solution for injection) SANDOZ CANADA INCORPORATED,"BORTEZOMIB FOR INJECTION SDZ (bortézomib (bortézomib ester boronique de mannitol) 3,5 mg par fiole poudre pour solution injectable) SANDOZ CANADA INCORPORATED","mp_status: ""ACTIVE"" -> ""INACTIVE""
mp_status_effective_time: ""20220131"" -> ""20260731"""
78530,02299968,SANDOZ ENALAPRIL (enalapril maleate 10 mg oral tablet) SANDOZ CANADA INCORPORATED,SANDOZ ENALAPRIL (maléate d'énalapril 10 mg comprimé oral) SANDOZ CANADA INCORPORATED,"mp_status: ""ACTIVE"" -> ""INACTIVE""
mp_status_effective_time: ""20071017"" -> ""20260731"""
89271,02408015,FENTORA (fentanyl (fentanyl citrate) 200 mcg buccal tablet) PHOENIX LABS UNLIMITED COMPANY,FENTORA (fentanyl (citrate de fentanyl) 200 mcg comprimé buccogingival) PHOENIX LABS UNLIMITED COMPANY,"mp_formal_name: ""FENTORA (fentanyl (fentanyl citrate) 200 mcg buccal tablet) T̲E̲V̲A̲ ̲C̲A̲N̲A̲D̲A̲ ̲L̲I̲M̲I̲T̲E̲D̲"" -> ""FENTORA (fentanyl (fentanyl citrate) 200 mcg buccal tablet) P̲H̲O̲E̲N̲I̲X̲ ̲L̲A̲B̲S̲ ̲U̲N̲L̲I̲M̲I̲T̲E̲D̲ ̲C̲O̲M̲P̲A̲N̲Y̲""
mp_fr_description: ""FENTORA (fentanyl (citrate de fentanyl) 200 mcg comprimé buccogingival) T̲E̲V̲A̲ ̲C̲A̲N̲A̲D̲A̲ ̲L̲I̲M̲I̲T̲E̲D̲"" -> ""FENTORA (fentanyl (citrate de fentanyl) 200 mcg comprimé buccogingival) P̲H̲O̲E̲N̲I̲X̲ ̲L̲A̲B̲S̲ ̲U̲N̲L̲I̲M̲I̲T̲E̲D̲ ̲C̲O̲M̲P̲A̲N̲Y̲"""
77539,02290081,ADASEPT B.P.5 ACNE GEL (benzoyl peroxide 5 % cutaneous gel) ODAN LABORATORIESLTD,ADASEPT B.P.5 ACNE GEL (peroxyde de benzoyle 5 % gel cutané) ODAN LABORATORIESLTD,"mp_formal_name: ""ADASEPT B.P.5 ACNE GEL (benzoyl peroxide 5 % cutaneous gel) ODAN LABORATORIES ̲LTD"" -> ""ADASEPT B.P.5 ACNE GEL (benzoyl peroxide 5 % cutaneous gel) ODAN LABORATORIESLTD""
mp_fr_description: ""ADASEPT B.P.5 ACNE GEL (peroxyde de benzoyle 5 % gel cutané) ODAN LABORATORIES ̲LTD"" -> ""ADASEPT B.P.5 ACNE GEL (peroxyde de benzoyle 5 % gel cutané) ODAN LABORATORIESLTD"""
86273,02377144,TEVA-LOSARTAN/HCTZ (hydrochlorothiazide 12.5 mg and losartan potassium 100 mg oral tablet) TEVA CANADA LIMITED,"TEVA-LOSARTAN/HCTZ (hydrochlorothiazide 12,5 mg et losartan potassique 100 mg comprimé oral) TEVA CANADA LIMITED","mp_status: ""ACTIVE"" -> ""INACTIVE""
mp_status_effective_time: ""20120125"" -> ""20201014"""
65769,02242094,RIVA-ATENOLOL (atenolol 50 mg oral tablet) LABORATOIRE RIVA INC.,RIVA-ATENOLOL (aténolol 50 mg comprimé oral) LABORATOIRE RIVA INC.,"mp_status: ""ACTIVE"" -> ""INACTIVE""
mp_status_effective_time: ""20000523"" -> ""20260724"""
88194,02396939,PRO-ATOMOXETINE (atomoxetine (atomoxetine hydrochloride) 40 mg oral capsule) PRO DOC LIMITEE,PRO-ATOMOXETINE (atomoxétine (chlorhydrate d'atomoxétine) 40 mg capsule orale) PRO DOC LIMITEE,"Health_Canada_product_name: ""ATOMOXETINE"" -> ""PRO-ATOMOXETINE""
mp_formal_name: ""ATOMOXETINE (atomoxetine (atomoxetine hydrochloride) 40 mg oral capsule) PRO DOC LIMITEE"" -> ""P̲R̲O̲-̲ATOMOXETINE (atomoxetine (atomoxetine hydrochloride) 40 mg oral capsule) PRO DOC LIMITEE""
mp_fr_description: ""ATOMOXETINE (atomoxétine (chlorhydrate d'atomoxétine) 40 mg capsule orale) PRO DOC LIMITEE"" -> ""P̲R̲O̲-̲ATOMOXETINE (atomoxétine (chlorhydrate d'atomoxétine) 40 mg capsule orale) PRO DOC LIMITEE"""
78176,02296446,SANDOZ OMEPRAZOLE (omeprazole 20 mg gastro-resistant capsule) SANDOZ CANADA INCORPORATED,SANDOZ OMEPRAZOLE (oméprazole 20 mg capsule gastrorésistante) SANDOZ CANADA INCORPORATED,"mp_status: ""ACTIVE"" -> ""INACTIVE""
mp_status_effective_time: ""20070914"" -> ""20260731"""
96396,02473941,ODAN-SODIUM POLYSTYRENE SULFONATE (sodium polystyrene sulfonate 1 g per g powder for oral/rectal suspension) ODAN LABORATORIESLTD,ODAN-SODIUM POLYSTYRENE SULFONATE (polystyrène sulfonate de sodium 1 g par g poudre pour suspension orale/rectale) ODAN LABORATORIESLTD,"mp_formal_name: ""ODAN-SODIUM POLYSTYRENE SULFONATE (sodium polystyrene sulfonate 1 g per g powder for oral/rectal suspension) ODAN LABORATORIES ̲LTD"" -> ""ODAN-SODIUM POLYSTYRENE SULFONATE (sodium polystyrene sulfonate 1 g per g powder for oral/rectal suspension) ODAN LABORATORIESLTD""
mp_fr_description: ""ODAN-SODIUM POLYSTYRENE SULFONATE (polystyrène sulfonate de sodium 1 g par g poudre pour suspension orale/rectale) ODAN LABORATORIES ̲LTD"" -> ""ODAN-SODIUM POLYSTYRENE SULFONATE (polystyrène sulfonate de sodium 1 g par g poudre pour suspension orale/rectale) ODAN LABORATORIESLTD"""
94883,02461323,SANDOZ GLICLAZIDE MR (gliclazide 30 mg prolonged-release oral tablet) SANDOZ CANADA INCORPORATED,SANDOZ GLICLAZIDE MR (gliclazide 30 mg comprimé oral à libération prolongée) SANDOZ CANADA INCORPORATED,"mp_status: ""ACTIVE"" -> ""INACTIVE""
mp_status_effective_time: ""20170602"" -> ""20260731"""
80347,02317966,PURG-ODAN (citric acid 12 g per sachet and magnesium oxide 3.5 g per sachet and sodium picosulfate 10 mg per sachet powder for oral solution) ODAN LABORATORIESLTD,"PURG-ODAN (acide citrique 12 g par sachet et oxyde de magnésium 3,5 g par sachet et picosulfate de sodium 10 mg par sachet poudre pour solution orale) ODAN LABORATORIESLTD","mp_formal_name: ""PURG-ODAN (citric acid 12 g per sachet and magnesium oxide 3.5 g per sachet and sodium picosulfate 10 mg per sachet powder for oral solution) ODAN LABORATORIES ̲LTD"" -> ""PURG-ODAN (citric acid 12 g per sachet and magnesium oxide 3.5 g per sachet and sodium picosulfate 10 mg per sachet powder for oral solution) ODAN LABORATORIESLTD""
mp_fr_description: ""PURG-ODAN (acide citrique 12 g par sachet et oxyde de magnésium 3,5 g par sachet et picosulfate de sodium 10 mg par sachet poudre pour solution orale) ODAN LABORATORIES ̲LTD"" -> ""PURG-ODAN (acide citrique 12 g par sachet et oxyde de magnésium 3,5 g par sachet et picosulfate de sodium 10 mg par sachet poudre pour solution orale) ODAN LABORATORIESLTD"""
76584,02280167,ASATAB 80 MG CHEWABLE TABLETS (acetylsalicylic acid 80 mg chewable tablet) ODAN LABORATORIESLTD,ASATAB 80 MG CHEWABLE TABLETS (acide acétylsalicylique 80 mg comprimé à croquer) ODAN LABORATORIESLTD,"mp_formal_name: ""ASATAB 80 MG CHEWABLE TABLETS (acetylsalicylic acid 80 mg chewable tablet) ODAN LABORATORIES ̲LTD"" -> ""ASATAB 80 MG CHEWABLE TABLETS (acetylsalicylic acid 80 mg chewable tablet) ODAN LABORATORIESLTD""
mp_fr_description: ""ASATAB 80 MG CHEWABLE TABLETS (acide acétylsalicylique 80 mg comprimé à croquer) ODAN LABORATORIES ̲LTD"" -> ""ASATAB 80 MG CHEWABLE TABLETS (acide acétylsalicylique 80 mg comprimé à croquer) ODAN LABORATORIESLTD"""
26864,02039990,CHILDREN'S TYLENOL COLD AND COUGH (acetaminophen 160 mg per 5 mL and chlorpheniramine maleate 1 mg per 5 mL and dextromethorphan hydrobromide 7.5 mg per 5 mL and pseudoephedrine hydrochloride 15 mg per 5 mL oral suspension) KENVUE CANADA INC.,"CHILDREN'S TYLENOL COLD AND COUGH (acétaminophène 160 mg par 5 mL et maléate de chlorphéniramine 1 mg par 5 mL et bromhydrate de dextrométhorphane 7,5 mg par 5 mL et chlorhydrate de pseudoéphédrine 15 mg par 5 mL suspension orale) KENVUE CANADA INC.","mp_formal_name: ""CHILDREN'S TYLENOL COLD AND COUGH (acetaminophen 160 mg per 5 mL and chlorpheniramine maleate 1 mg per 5 mL and dextromethorphan hydrobromide 7.5 mg per 5 mL and pseudoephedrine hydrochloride 15 mg per 5 mL oral suspension) M̲C̲N̲E̲I̲L̲ ̲C̲O̲N̲S̲U̲M̲E̲R̲ ̲H̲E̲A̲L̲T̲H̲C̲A̲R̲E̲ ̲D̲I̲V̲I̲S̲I̲O̲N̲ ̲O̲F̲ ̲J̲O̲H̲N̲S̲O̲N̲ ̲&̲ ̲J̲O̲H̲N̲S̲O̲N̲ ̲I̲N̲C̲"" -> ""CHILDREN'S TYLENOL COLD AND COUGH (acetaminophen 160 mg per 5 mL and chlorpheniramine maleate 1 mg per 5 mL and dextromethorphan hydrobromide 7.5 mg per 5 mL and pseudoephedrine hydrochloride 15 mg per 5 mL oral suspension) K̲E̲N̲V̲U̲E̲ ̲C̲A̲N̲A̲D̲A̲ ̲I̲N̲C̲.̲""
mp_fr_description: ""CHILDREN'S TYLENOL COLD AND COUGH (acétaminophène 160 mg par 5 mL et maléate de chlorphéniramine 1 mg par 5 mL et bromhydrate de dextrométhorphane 7,5 mg par 5 mL et chlorhydrate de pseudoéphédrine 15 mg par 5 mL suspension orale) M̲C̲N̲E̲I̲L̲ ̲C̲O̲N̲S̲U̲M̲E̲R̲ ̲H̲E̲A̲L̲T̲H̲C̲A̲R̲E̲ ̲D̲I̲V̲I̲S̲I̲O̲N̲ ̲O̲F̲ ̲J̲O̲H̲N̲S̲O̲N̲ ̲&̲ ̲J̲O̲H̲N̲S̲O̲N̲ ̲I̲N̲C̲"" -> ""CHILDREN'S TYLENOL COLD AND COUGH (acétaminophène 160 mg par 5 mL et maléate de chlorphéniramine 1 mg par 5 mL et bromhydrate de dextrométhorphane 7,5 mg par 5 mL et chlorhydrate de pseudoéphédrine 15 mg par 5 mL suspension orale) K̲E̲N̲V̲U̲E̲ ̲C̲A̲N̲A̲D̲A̲ ̲I̲N̲C̲.̲"""
106895,02566443,AURO-CLADRIBINE (cladribine 10 mg oral tablet) AURO PHARMA INC,AURO-CLADRIBINE (cladribine 10 mg comprimé oral) AURO PHARMA INC,ADDED
106634,02563576,ELFABRIO (pegunigalsidase alfa 20 mg per 10 mL solution for injection vial) CHIESI FARMACEUTICI S.P.A.,ELFABRIO (pégunigalsidase alfa 20 mg par 10 mL solution injectable fiole) CHIESI FARMACEUTICI S.P.A.,ADDED
2317,00358495,ODANS LIQUOR CARBONIS DETERGENS (coal tar 20 % cutaneous solution) ODAN LABORATORIESLTD,ODANS LIQUOR CARBONIS DETERGENS (goudron de houille 20 % solution pour application cutanée) ODAN LABORATORIESLTD,"mp_formal_name: ""ODANS LIQUOR CARBONIS DETERGENS (coal tar 20 % cutaneous solution) ODAN LABORATORIES ̲LTD"" -> ""ODANS LIQUOR CARBONIS DETERGENS (coal tar 20 % cutaneous solution) ODAN LABORATORIESLTD""
mp_fr_description: ""ODANS LIQUOR CARBONIS DETERGENS (goudron de houille 20 % solution pour application cutanée) ODAN LABORATORIES ̲LTD"" -> ""ODANS LIQUOR CARBONIS DETERGENS (goudron de houille 20 % solution pour application cutanée) ODAN LABORATORIESLTD"""
103933,02550520,"PYZCHIVA I.V. (ustekinumab 130 mg per 26 mL solution for injection vial) SAMSUNG BIOEPIS CO., LTD","PYZCHIVA I.V. (ustékinumab 130 mg par 26 mL solution injectable fiole) SAMSUNG BIOEPIS CO., LTD",ADDED
84539,02360446,FUROSEMIDE SPECIAL INJECTION (furosemide 250 mg per 25 mL solution for injection vial) OMEGA LABORATORIES LIMITED,FUROSEMIDE SPECIAL INJECTION (furosémide 250 mg par 25 mL solution injectable fiole) OMEGA LABORATORIES LIMITED,"mp_status_effective_time: ""20180727"" -> ""20260729"""
106329,02560216,CYCLOPHOSPHAMIDE FOR INJECTION USP (cyclophosphamide 1000 mg per vial powder for solution for injection) MARCAN PHARMACEUTICALS INC,CYCLOPHOSPHAMIDE FOR INJECTION USP (cyclophosphamide 1000 mg par fiole poudre pour solution injectable) MARCAN PHARMACEUTICALS INC,ADDED
71630,02247385,SANDOZ DOCUSATE SODIUM (docusate sodium 100 mg oral capsule) SANDOZ CANADA INCORPORATED,SANDOZ DOCUSATE SODIUM (docusate sodique 100 mg capsule orale) SANDOZ CANADA INCORPORATED,"mp_status: ""ACTIVE"" -> ""INACTIVE""
mp_status_effective_time: ""20061120"" -> ""20260731"""
10523,00868965,SUPRAX (cefixime 100 mg per 5 mL oral suspension) ODAN LABORATORIESLTD,SUPRAX (céfixime 100 mg par 5 mL suspension orale) ODAN LABORATORIESLTD,"mp_formal_name: ""SUPRAX (cefixime 100 mg per 5 mL oral suspension) ODAN LABORATORIES ̲LTD"" -> ""SUPRAX (cefixime 100 mg per 5 mL oral suspension) ODAN LABORATORIESLTD""
mp_fr_description: ""SUPRAX (céfixime 100 mg par 5 mL suspension orale) ODAN LABORATORIES ̲LTD"" -> ""SUPRAX (céfixime 100 mg par 5 mL suspension orale) ODAN LABORATORIESLTD"""
83566,02350459,GLYBURIDE (glyburide 2.5 mg oral tablet) SANIS HEALTH INC,"GLYBURIDE (glyburide 2,5 mg comprimé oral) SANIS HEALTH INC","mp_status_effective_time: ""20230322"" -> ""20260723"""
98577,02495872,ODAN-METHADONE (methadone hydrochloride 10 mg per mL oral solution) ODAN LABORATORIESLTD,ODAN-METHADONE (chlorhydrate de méthadone 10 mg par mL solution orale) ODAN LABORATORIESLTD,"mp_formal_name: ""ODAN-METHADONE (methadone hydrochloride 10 mg per mL oral solution) ODAN LABORATORIES ̲LTD"" -> ""ODAN-METHADONE (methadone hydrochloride 10 mg per mL oral solution) ODAN LABORATORIESLTD""
mp_fr_description: ""ODAN-METHADONE (chlorhydrate de méthadone 10 mg par mL solution orale) ODAN LABORATORIES ̲LTD"" -> ""ODAN-METHADONE (chlorhydrate de méthadone 10 mg par mL solution orale) ODAN LABORATORIESLTD"""
103529,02546612,NORDIMET (methotrexate (methotrexate sodium) 25 mg per mL solution for injection pen) NORDIC GROUP B.V.,NORDIMET (méthotrexate (méthotrexate sodique) 25 mg par mL solution injectable stylo) NORDIC GROUP B.V.,"mp_status: ""ACTIVE"" -> ""INACTIVE""
mp_status_effective_time: ""20240801"" -> ""20260313"""
12449,01944762,BENYLIN REGULAR STRENGTH COUGH PLUS CHEST CONGESTION RELIEF (dextromethorphan hydrobromide 15 mg per 5 mL and guaifenesin 100 mg per 5 mL syrup) KENVUE CANADA INC.,BENYLIN REGULAR STRENGTH COUGH PLUS CHEST CONGESTION RELIEF (bromhydrate de dextrométhorphane 15 mg par 5 mL et guaïfénésine 100 mg par 5 mL sirop) KENVUE CANADA INC.,"mp_formal_name: ""BENYLIN REGULAR STRENGTH COUGH PLUS CHEST CONGESTION RELIEF (dextromethorphan hydrobromide 15 mg per 5 mL and guaifenesin 100 mg per 5 mL syrup) M̲C̲N̲E̲I̲L̲ ̲C̲O̲N̲S̲U̲M̲E̲R̲ ̲H̲E̲A̲L̲T̲H̲C̲A̲R̲E̲ ̲D̲I̲V̲I̲S̲I̲O̲N̲ ̲O̲F̲ ̲J̲O̲H̲N̲S̲O̲N̲ ̲&̲ ̲J̲O̲H̲N̲S̲O̲N̲ ̲I̲N̲C̲"" -> ""BENYLIN REGULAR STRENGTH COUGH PLUS CHEST CONGESTION RELIEF (dextromethorphan hydrobromide 15 mg per 5 mL and guaifenesin 100 mg per 5 mL syrup) K̲E̲N̲V̲U̲E̲ ̲C̲A̲N̲A̲D̲A̲ ̲I̲N̲C̲.̲""
mp_fr_description: ""BENYLIN REGULAR STRENGTH COUGH PLUS CHEST CONGESTION RELIEF (bromhydrate de dextrométhorphane 15 mg par 5 mL et guaïfénésine 100 mg par 5 mL sirop) M̲C̲N̲E̲I̲L̲ ̲C̲O̲N̲S̲U̲M̲E̲R̲ ̲H̲E̲A̲L̲T̲H̲C̲A̲R̲E̲ ̲D̲I̲V̲I̲S̲I̲O̲N̲ ̲O̲F̲ ̲J̲O̲H̲N̲S̲O̲N̲ ̲&̲ ̲J̲O̲H̲N̲S̲O̲N̲ ̲I̲N̲C̲"" -> ""BENYLIN REGULAR STRENGTH COUGH PLUS CHEST CONGESTION RELIEF (bromhydrate de dextrométhorphane 15 mg par 5 mL et guaïfénésine 100 mg par 5 mL sirop) K̲E̲N̲V̲U̲E̲ ̲C̲A̲N̲A̲D̲A̲ ̲I̲N̲C̲.̲"""
74277,02257513,PRO-CITALOPRAM (citalopram (citalopram hydrobromide) 20 mg oral tablet) PRO DOC LIMITEE,PRO-CITALOPRAM (citalopram (bromhydrate de citalopram) 20 mg comprimé oral) PRO DOC LIMITEE,"Health_Canada_product_name: ""CITALOPRAM - 20"" -> ""PRO-CITALOPRAM""
mp_formal_name: ""CITALOPRAM ̲-̲ ̲2̲0̲ (citalopram (citalopram hydrobromide) 20 mg oral tablet) PRO DOC LIMITEE"" -> ""P̲R̲O̲-̲CITALOPRAM (citalopram (citalopram hydrobromide) 20 mg oral tablet) PRO DOC LIMITEE""
mp_fr_description: ""CITALOPRAM ̲-̲ ̲2̲0̲ (citalopram (bromhydrate de citalopram) 20 mg comprimé oral) PRO DOC LIMITEE"" -> ""P̲R̲O̲-̲CITALOPRAM (citalopram (bromhydrate de citalopram) 20 mg comprimé oral) PRO DOC LIMITEE"""
106722,02564521,APO-NAPROXEN / ESOMEPRAZOLE (esomeprazole (esomeprazole magnesium trihydrate) 20 mg and naproxen 375 mg modified-release oral tablet) APOTEX INC,APO-NAPROXEN / ESOMEPRAZOLE (ésoméprazole (ésoméprazole magnésien trihydraté) 20 mg et naproxène 375 mg comprimé oral à libération modifiée) APOTEX INC,ADDED
73813,02253178,SANDOZ D 10 000 (cholecalciferol 10000 unit oral capsule) SANDOZ CANADA INCORPORATED,SANDOZ D 10 000 (cholécalciférol 10000 unité capsule orale) SANDOZ CANADA INCORPORATED,"mp_status: ""ACTIVE"" -> ""INACTIVE""
mp_status_effective_time: ""20050406"" -> ""20260727"""
75443,02269023,TARCEVA (erlotinib (erlotinib hydrochloride) 150 mg oral tablet) HOFFMANN-LA ROCHE LIMITED,TARCEVA (erlotinib (chlorhydrate d'erlotinib) 150 mg comprimé oral) HOFFMANN-LA ROCHE LIMITED,"mp_status: ""ACTIVE"" -> ""INACTIVE""
mp_status_effective_time: ""20050719"" -> ""20241001"""
55837,02234466,PROCTODAN-HC OINTMENT (hydrocortisone acetate 0.5 % and pramoxine hydrochloride 1 % and zinc sulfate 0.5 % rectal ointment) ODAN LABORATORIESLTD,"PROCTODAN-HC OINTMENT (acétate d'hydrocortisone 0,5 % et chlorhydrate de pramoxine 1 % et sulfate de zinc 0,5 % pommade rectale) ODAN LABORATORIESLTD","mp_formal_name: ""PROCTODAN-HC OINTMENT (hydrocortisone acetate 0.5 % and pramoxine hydrochloride 1 % and zinc sulfate 0.5 % rectal ointment) ODAN LABORATORIES ̲LTD"" -> ""PROCTODAN-HC OINTMENT (hydrocortisone acetate 0.5 % and pramoxine hydrochloride 1 % and zinc sulfate 0.5 % rectal ointment) ODAN LABORATORIESLTD""
mp_fr_description: ""PROCTODAN-HC OINTMENT (acétate d'hydrocortisone 0,5 % et chlorhydrate de pramoxine 1 % et sulfate de zinc 0,5 % pommade rectale) ODAN LABORATORIES ̲LTD"" -> ""PROCTODAN-HC OINTMENT (acétate d'hydrocortisone 0,5 % et chlorhydrate de pramoxine 1 % et sulfate de zinc 0,5 % pommade rectale) ODAN LABORATORIESLTD"""
98479,02494817,GLN-DIMETHYL FUMARATE (dimethyl fumarate 240 mg gastro-resistant capsule) GLENMARK PHARMACEUTICALS CANADA INC.,GLN-DIMETHYL FUMARATE (fumarate de diméthyle 240 mg capsule gastrorésistante) GLENMARK PHARMACEUTICALS CANADA INC.,"mp_status: ""ACTIVE"" -> ""INACTIVE""
mp_status_effective_time: ""20211021"" -> ""20241129"""
NA,77700157,PHENYTOIN SODIUM INJECTION USP (phenytoin sodium 100 mg per 2 mL solution for injection vial) JUNO PHARMA CANADA INC.,PHENYTOIN SODIUM INJECTION USP (phénytoïne sodique 100 mg par 2 mL solution injectable fiole) JUNO PHARMA CANADA INC.,"mp_status: ""ACTIVE"" -> ""INACTIVE""
mp_status_effective_time: ""19921231"" -> ""20260730"""
106505,02562154,GALANTAMINE ER (galantamine (galantamine hydrobromide) 8 mg prolonged-release oral capsule) SIVEM PHARMACEUTICALS ULC,GALANTAMINE ER (galantamine (bromhydrate de galantamine) 8 mg capsule orale à libération prolongée) SIVEM PHARMACEUTICALS ULC,ADDED
90637,02421712,DUTASTERIDE (dutasteride 0.5 mg oral capsule) PRO DOC LIMITEE,"DUTASTERIDE (dutastéride 0,5 mg capsule orale) PRO DOC LIMITEE","mp_status_effective_time: ""20260101"" -> ""20260713"""
89150,02406829,SPC-IRBESARTAN (irbesartan 150 mg oral tablet) SUN PHARMA CANADA INC,SPC-IRBESARTAN (irbésartan 150 mg comprimé oral) SUN PHARMA CANADA INC,"Health_Canada_product_name: ""TARO-IRBESARTAN"" -> ""SPC-IRBESARTAN""
mp_formal_name: ""T̲A̲R̲O̲-IRBESARTAN (irbesartan 150 mg oral tablet) SUN PHARMA CANADA INC"" -> ""S̲P̲C̲-IRBESARTAN (irbesartan 150 mg oral tablet) SUN PHARMA CANADA INC""
mp_fr_description: ""T̲A̲R̲O̲-IRBESARTAN (irbésartan 150 mg comprimé oral) SUN PHARMA CANADA INC"" -> ""S̲P̲C̲-IRBESARTAN (irbésartan 150 mg comprimé oral) SUN PHARMA CANADA INC"""
98895,02499207,NRA-LEVETIRACETAM (levetiracetam 500 mg oral tablet) NORA PHARMA INC,NRA-LEVETIRACETAM (lévétiracétam 500 mg comprimé oral) NORA PHARMA INC,"mp_status: ""ACTIVE"" -> ""INACTIVE""
mp_status_effective_time: ""20210217"" -> ""20260710"""
79665,02311054,MYCAMINE (micafungin sodium 100 mg per vial powder for solution for injection) SANDOZ CANADA INCORPORATED,MYCAMINE (micafungine sodique 100 mg par fiole poudre pour solution injectable) SANDOZ CANADA INCORPORATED,"mp_status: ""ACTIVE"" -> ""INACTIVE""
mp_status_effective_time: ""20091217"" -> ""20260731"""
NA,77700276,FUROSEMIDE INJECTION (furosemide 20 mg per 2 mL solution for injection vial) OMEGA LABORATORIES LIMITED,FUROSEMIDE INJECTION (furosémide 20 mg par 2 mL solution injectable fiole) OMEGA LABORATORIES LIMITED,"mp_status_effective_time: ""20180727"" -> ""20260729"""
102630,02537591,AG-LISDEXAMFETAMINE (lisdexamfetamine dimesylate 40 mg oral capsule) ANGITA PHARMA INC.,AG-LISDEXAMFETAMINE (dimésylate de lisdexamfétamine 40 mg capsule orale) ANGITA PHARMA INC.,ADDED
104209,02553139,DIARRHEA RELIEF LIQUID GELS (loperamide hydrochloride 2 mg oral capsule) ANGITA PHARMA INC.,DIARRHEA RELIEF LIQUID GELS (chlorhydrate de lopéramide 2 mg capsule orale) ANGITA PHARMA INC.,ADDED
71565,02247322,PROCTOL OINTMENT (dibucaine hydrochloride 0.5 % and esculin 1 % and framycetin sulfate 1 % and hydrocortisone 0.5 % rectal ointment) ODAN LABORATORIESLTD,"PROCTOL OINTMENT (chlorhydrate de dibucaïne 0,5 % et esculine 1 % et sulfate de framycétine 1 % et hydrocortisone 0,5 % pommade rectale) ODAN LABORATORIESLTD","mp_formal_name: ""PROCTOL OINTMENT (dibucaine hydrochloride 0.5 % and esculin 1 % and framycetin sulfate 1 % and hydrocortisone 0.5 % rectal ointment) ODAN LABORATORIES ̲LTD"" -> ""PROCTOL OINTMENT (dibucaine hydrochloride 0.5 % and esculin 1 % and framycetin sulfate 1 % and hydrocortisone 0.5 % rectal ointment) ODAN LABORATORIESLTD""
mp_fr_description: ""PROCTOL OINTMENT (chlorhydrate de dibucaïne 0,5 % et esculine 1 % et sulfate de framycétine 1 % et hydrocortisone 0,5 % pommade rectale) ODAN LABORATORIES ̲LTD"" -> ""PROCTOL OINTMENT (chlorhydrate de dibucaïne 0,5 % et esculine 1 % et sulfate de framycétine 1 % et hydrocortisone 0,5 % pommade rectale) ODAN LABORATORIESLTD"""
12601,01927817,ROVAMYCINE 500 CAPSULE 1500000 UNIT (spiramycin 1500000 unit oral capsule) ODAN LABORATORIESLTD,ROVAMYCINE 500 CAPSULE 1500000 UNIT (spiramycine 1500000 unité capsule orale) ODAN LABORATORIESLTD,"mp_formal_name: ""ROVAMYCINE 500 CAPSULE 1500000 UNIT (spiramycin 1500000 unit oral capsule) ODAN LABORATORIES ̲LTD"" -> ""ROVAMYCINE 500 CAPSULE 1500000 UNIT (spiramycin 1500000 unit oral capsule) ODAN LABORATORIESLTD""
mp_fr_description: ""ROVAMYCINE 500 CAPSULE 1500000 UNIT (spiramycine 1500000 unité capsule orale) ODAN LABORATORIES ̲LTD"" -> ""ROVAMYCINE 500 CAPSULE 1500000 UNIT (spiramycine 1500000 unité capsule orale) ODAN LABORATORIESLTD"""
92700,02442655,ZOLMITRIPTAN (zolmitriptan 2.5 mg oral tablet) SANIS HEALTH INC,"ZOLMITRIPTAN (zolmitriptan 2,5 mg comprimé oral) SANIS HEALTH INC","mp_status: ""ACTIVE"" -> ""INACTIVE""
mp_status_effective_time: ""20151014"" -> ""20260723"""
83827,02353040,ROPINIROLE (ropinirole (ropinirole hydrochloride) 0.25 mg oral tablet) SANIS HEALTH INC,"ROPINIROLE (ropinirole (chlorhydrate de ropinirole) 0,25 mg comprimé oral) SANIS HEALTH INC","mp_status_effective_time: ""20220719"" -> ""20260723"""
81004,02324601,SANDOZ RIVASTIGMINE (rivastigmine (rivastigmine hydrogen tartrate) 6 mg oral capsule) SANDOZ CANADA INCORPORATED,SANDOZ RIVASTIGMINE (rivastigmine (tartrate hydrogéné de rivastigmine) 6 mg capsule orale) SANDOZ CANADA INCORPORATED,"mp_status: ""ACTIVE"" -> ""INACTIVE""
mp_status_effective_time: ""20090721"" -> ""20260731"""
16823,01968823,LIDODAN VISCOUS 2% (lidocaine hydrochloride 2 % oromucosal/laryngopharyngeal solution) ODAN LABORATORIESLTD,LIDODAN VISCOUS 2% (chlorhydrate de lidocaïne 2 % solution buccale/laryngopharyngée) ODAN LABORATORIESLTD,"mp_formal_name: ""LIDODAN VISCOUS 2% (lidocaine hydrochloride 2 % oromucosal/laryngopharyngeal solution) ODAN LABORATORIES ̲LTD"" -> ""LIDODAN VISCOUS 2% (lidocaine hydrochloride 2 % oromucosal/laryngopharyngeal solution) ODAN LABORATORIESLTD""
mp_fr_description: ""LIDODAN VISCOUS 2% (chlorhydrate de lidocaïne 2 % solution buccale/laryngopharyngée) ODAN LABORATORIES ̲LTD"" -> ""LIDODAN VISCOUS 2% (chlorhydrate de lidocaïne 2 % solution buccale/laryngopharyngée) ODAN LABORATORIESLTD"""
75895,02273462,BENYLIN EXTRA STRENGTH COLD & SINUS DAY (acetaminophen 500 mg and phenylephrine hydrochloride 5 mg oral tablet) KENVUE CANADA INC.,BENYLIN EXTRA STRENGTH COLD & SINUS DAY (acétaminophène 500 mg et chlorhydrate de phényléphrine 5 mg comprimé oral) KENVUE CANADA INC.,"mp_formal_name: ""BENYLIN EXTRA STRENGTH COLD & SINUS DAY (acetaminophen 500 mg and phenylephrine hydrochloride 5 mg oral tablet) M̲C̲N̲E̲I̲L̲ ̲C̲O̲N̲S̲U̲M̲E̲R̲ ̲H̲E̲A̲L̲T̲H̲C̲A̲R̲E̲ ̲D̲I̲V̲I̲S̲I̲O̲N̲ ̲O̲F̲ ̲J̲O̲H̲N̲S̲O̲N̲ ̲&̲ ̲J̲O̲H̲N̲S̲O̲N̲ ̲I̲N̲C̲"" -> ""BENYLIN EXTRA STRENGTH COLD & SINUS DAY (acetaminophen 500 mg and phenylephrine hydrochloride 5 mg oral tablet) K̲E̲N̲V̲U̲E̲ ̲C̲A̲N̲A̲D̲A̲ ̲I̲N̲C̲.̲""
mp_fr_description: ""BENYLIN EXTRA STRENGTH COLD & SINUS DAY (acétaminophène 500 mg et chlorhydrate de phényléphrine 5 mg comprimé oral) M̲C̲N̲E̲I̲L̲ ̲C̲O̲N̲S̲U̲M̲E̲R̲ ̲H̲E̲A̲L̲T̲H̲C̲A̲R̲E̲ ̲D̲I̲V̲I̲S̲I̲O̲N̲ ̲O̲F̲ ̲J̲O̲H̲N̲S̲O̲N̲ ̲&̲ ̲J̲O̲H̲N̲S̲O̲N̲ ̲I̲N̲C̲"" -> ""BENYLIN EXTRA STRENGTH COLD & SINUS DAY (acétaminophène 500 mg et chlorhydrate de phényléphrine 5 mg comprimé oral) K̲E̲N̲V̲U̲E̲ ̲C̲A̲N̲A̲D̲A̲ ̲I̲N̲C̲.̲"""
89151,02406837,SPC-IRBESARTAN (irbesartan 300 mg oral tablet) SUN PHARMA CANADA INC,SPC-IRBESARTAN (irbésartan 300 mg comprimé oral) SUN PHARMA CANADA INC,"Health_Canada_product_name: ""TARO-IRBESARTAN"" -> ""SPC-IRBESARTAN""
mp_formal_name: ""T̲A̲R̲O̲-IRBESARTAN (irbesartan 300 mg oral tablet) SUN PHARMA CANADA INC"" -> ""S̲P̲C̲-IRBESARTAN (irbesartan 300 mg oral tablet) SUN PHARMA CANADA INC""
mp_fr_description: ""T̲A̲R̲O̲-IRBESARTAN (irbésartan 300 mg comprimé oral) SUN PHARMA CANADA INC"" -> ""S̲P̲C̲-IRBESARTAN (irbésartan 300 mg comprimé oral) SUN PHARMA CANADA INC"""
60571,02237250,TEVA-TRYPTOPHAN (tryptophan 1 g oral tablet) TEVA CANADA LIMITED,TEVA-TRYPTOPHAN (tryptophane 1 g comprimé oral) TEVA CANADA LIMITED,"mp_status: ""ACTIVE"" -> ""INACTIVE""
mp_status_effective_time: ""19980807"" -> ""20250128"""
106383,02560801,SLENYTO (melatonin 5 mg prolonged-release oral tablet) NEURIM PHARMACEUTICALS LTD.,SLENYTO (mélatonine 5 mg comprimé oral à libération prolongée) NEURIM PHARMACEUTICALS LTD.,ADDED
12016,01901885,YOHIMBINE TAB 5.4MG (yohimbine hydrochloride 5.4 mg oral tablet) ODAN LABORATORIESLTD,"YOHIMBINE TAB 5.4MG (chlorhydrate de yohimbine 5,4 mg comprimé oral) ODAN LABORATORIESLTD","mp_formal_name: ""YOHIMBINE TAB 5.4MG (yohimbine hydrochloride 5.4 mg oral tablet) ODAN LABORATORIES ̲LTD"" -> ""YOHIMBINE TAB 5.4MG (yohimbine hydrochloride 5.4 mg oral tablet) ODAN LABORATORIESLTD""
mp_fr_description: ""YOHIMBINE TAB 5.4MG (chlorhydrate de yohimbine 5,4 mg comprimé oral) ODAN LABORATORIES ̲LTD"" -> ""YOHIMBINE TAB 5.4MG (chlorhydrate de yohimbine 5,4 mg comprimé oral) ODAN LABORATORIESLTD"""
106573,02562898,ROSUVASTATIN (rosuvastatin (rosuvastatin calcium) 20 mg oral tablet) 10445517 CANADA INC / NORTH PHARMACEUTICALS / DAC PHARMACEUTICALS,ROSUVASTATIN (rosuvastatine (rosuvastatine calcique) 20 mg comprimé oral) 10445517 CANADA INC / NORTH PHARMACEUTICALS / DAC PHARMACEUTICALS,ADDED
47448,02229538,CHILDREN'S TYLENOL COLD & STUFFY NOSE (acetaminophen 160 mg per 5 mL and pseudoephedrine hydrochloride 15 mg per 5 mL oral suspension) KENVUE CANADA INC.,CHILDREN'S TYLENOL COLD & STUFFY NOSE (acétaminophène 160 mg par 5 mL et chlorhydrate de pseudoéphédrine 15 mg par 5 mL suspension orale) KENVUE CANADA INC.,"mp_formal_name: ""CHILDREN'S TYLENOL COLD & STUFFY NOSE (acetaminophen 160 mg per 5 mL and pseudoephedrine hydrochloride 15 mg per 5 mL oral suspension) M̲C̲N̲E̲I̲L̲ ̲C̲O̲N̲S̲U̲M̲E̲R̲ ̲H̲E̲A̲L̲T̲H̲C̲A̲R̲E̲ ̲D̲I̲V̲I̲S̲I̲O̲N̲ ̲O̲F̲ ̲J̲O̲H̲N̲S̲O̲N̲ ̲&̲ ̲J̲O̲H̲N̲S̲O̲N̲ ̲I̲N̲C̲"" -> ""CHILDREN'S TYLENOL COLD & STUFFY NOSE (acetaminophen 160 mg per 5 mL and pseudoephedrine hydrochloride 15 mg per 5 mL oral suspension) K̲E̲N̲V̲U̲E̲ ̲C̲A̲N̲A̲D̲A̲ ̲I̲N̲C̲.̲""
mp_fr_description: ""CHILDREN'S TYLENOL COLD & STUFFY NOSE (acétaminophène 160 mg par 5 mL et chlorhydrate de pseudoéphédrine 15 mg par 5 mL suspension orale) M̲C̲N̲E̲I̲L̲ ̲C̲O̲N̲S̲U̲M̲E̲R̲ ̲H̲E̲A̲L̲T̲H̲C̲A̲R̲E̲ ̲D̲I̲V̲I̲S̲I̲O̲N̲ ̲O̲F̲ ̲J̲O̲H̲N̲S̲O̲N̲ ̲&̲ ̲J̲O̲H̲N̲S̲O̲N̲ ̲I̲N̲C̲"" -> ""CHILDREN'S TYLENOL COLD & STUFFY NOSE (acétaminophène 160 mg par 5 mL et chlorhydrate de pseudoéphédrine 15 mg par 5 mL suspension orale) K̲E̲N̲V̲U̲E̲ ̲C̲A̲N̲A̲D̲A̲ ̲I̲N̲C̲.̲"""
38056,00695459,QUININE - ODAN (quinine sulfate 300 mg oral capsule) ODAN LABORATORIESLTD,QUININE - ODAN (sulfate de quinine 300 mg capsule orale) ODAN LABORATORIESLTD,"mp_formal_name: ""QUININE - ODAN (quinine sulfate 300 mg oral capsule) ODAN LABORATORIES ̲LTD"" -> ""QUININE - ODAN (quinine sulfate 300 mg oral capsule) ODAN LABORATORIESLTD""
mp_fr_description: ""QUININE - ODAN (sulfate de quinine 300 mg capsule orale) ODAN LABORATORIES ̲LTD"" -> ""QUININE - ODAN (sulfate de quinine 300 mg capsule orale) ODAN LABORATORIESLTD""
mp_status: ""ACTIVE"" -> ""INACTIVE""
mp_status_effective_time: ""19990501"" -> ""20260708"""
91948,02435209,ZONOVATE (turoctocog alfa 1000 unit per vial powder for solution for injection with diluent solution syringe) NOVO NORDISK CANADA INC,ZONOVATE (turoctocog alfa 1000 unité par fiole poudre pour solution injectable avec solution diluante seringue) NOVO NORDISK CANADA INC,"mp_status: ""ACTIVE"" -> ""INACTIVE""
mp_status_effective_time: ""20180323"" -> ""20260724"""
94083,02454319,JAMP RISPERIDONE (risperidone (risperidone tartrate) 1 mg per mL oral solution) JAMP PHARMA CORPORATION,JAMP RISPERIDONE (rispéridone (tartrate de rispéridone) 1 mg par mL solution orale) JAMP PHARMA CORPORATION,"Health_Canada_product_name: ""JAMP-RISPERIDONE"" -> ""JAMP RISPERIDONE""
mp_formal_name: ""JAMP-̲RISPERIDONE (risperidone (risperidone tartrate) 1 mg per mL oral solution) JAMP PHARMA CORPORATION"" -> ""JAMP ̲RISPERIDONE (risperidone (risperidone tartrate) 1 mg per mL oral solution) JAMP PHARMA CORPORATION""
mp_fr_description: ""JAMP-̲RISPERIDONE (rispéridone (tartrate de rispéridone) 1 mg par mL solution orale) JAMP PHARMA CORPORATION"" -> ""JAMP ̲RISPERIDONE (rispéridone (tartrate de rispéridone) 1 mg par mL solution orale) JAMP PHARMA CORPORATION""
mp_status_effective_time: ""20250731"" -> ""20260710"""
38054,00695432,QUININE - ODAN (quinine sulfate 300 mg oral tablet) ODAN LABORATORIESLTD,QUININE - ODAN (sulfate de quinine 300 mg comprimé oral) ODAN LABORATORIESLTD,"mp_formal_name: ""QUININE - ODAN (quinine sulfate 300 mg oral tablet) ODAN LABORATORIES ̲LTD"" -> ""QUININE - ODAN (quinine sulfate 300 mg oral tablet) ODAN LABORATORIESLTD""
mp_fr_description: ""QUININE - ODAN (sulfate de quinine 300 mg comprimé oral) ODAN LABORATORIES ̲LTD"" -> ""QUININE - ODAN (sulfate de quinine 300 mg comprimé oral) ODAN LABORATORIESLTD"""
85065,02365774,"EXTRA STRENGTH TYLENOL COMPLETE COLD, COUGH & FLU PLUS MUCUS RELIEF (acetaminophen 500 mg per 15 mL and dextromethorphan hydrobromide 15 mg per 15 mL and guaifenesin 100 mg per 15 mL and pseudoephedrine hydrochloride 30 mg per 15 mL syrup) KENVUE CANADA INC.","EXTRA STRENGTH TYLENOL COMPLETE COLD, COUGH & FLU PLUS MUCUS RELIEF (acétaminophène 500 mg par 15 mL et bromhydrate de dextrométhorphane 15 mg par 15 mL et guaïfénésine 100 mg par 15 mL et chlorhydrate de pseudoéphédrine 30 mg par 15 mL sirop) KENVUE CANADA INC.","mp_formal_name: ""EXTRA STRENGTH TYLENOL COMPLETE COLD, COUGH & FLU PLUS MUCUS RELIEF (acetaminophen 500 mg per 15 mL and dextromethorphan hydrobromide 15 mg per 15 mL and guaifenesin 100 mg per 15 mL and pseudoephedrine hydrochloride 30 mg per 15 mL syrup) M̲C̲N̲E̲I̲L̲ ̲C̲O̲N̲S̲U̲M̲E̲R̲ ̲H̲E̲A̲L̲T̲H̲C̲A̲R̲E̲ ̲D̲I̲V̲I̲S̲I̲O̲N̲ ̲O̲F̲ ̲J̲O̲H̲N̲S̲O̲N̲ ̲&̲ ̲J̲O̲H̲N̲S̲O̲N̲ ̲I̲N̲C̲"" -> ""EXTRA STRENGTH TYLENOL COMPLETE COLD, COUGH & FLU PLUS MUCUS RELIEF (acetaminophen 500 mg per 15 mL and dextromethorphan hydrobromide 15 mg per 15 mL and guaifenesin 100 mg per 15 mL and pseudoephedrine hydrochloride 30 mg per 15 mL syrup) K̲E̲N̲V̲U̲E̲ ̲C̲A̲N̲A̲D̲A̲ ̲I̲N̲C̲.̲""
mp_fr_description: ""EXTRA STRENGTH TYLENOL COMPLETE COLD, COUGH & FLU PLUS MUCUS RELIEF (acétaminophène 500 mg par 15 mL et bromhydrate de dextrométhorphane 15 mg par 15 mL et guaïfénésine 100 mg par 15 mL et chlorhydrate de pseudoéphédrine 30 mg par 15 mL sirop) M̲C̲N̲E̲I̲L̲ ̲C̲O̲N̲S̲U̲M̲E̲R̲ ̲H̲E̲A̲L̲T̲H̲C̲A̲R̲E̲ ̲D̲I̲V̲I̲S̲I̲O̲N̲ ̲O̲F̲ ̲J̲O̲H̲N̲S̲O̲N̲ ̲&̲ ̲J̲O̲H̲N̲S̲O̲N̲ ̲I̲N̲C̲"" -> ""EXTRA STRENGTH TYLENOL COMPLETE COLD, COUGH & FLU PLUS MUCUS RELIEF (acétaminophène 500 mg par 15 mL et bromhydrate de dextrométhorphane 15 mg par 15 mL et guaïfénésine 100 mg par 15 mL et chlorhydrate de pseudoéphédrine 30 mg par 15 mL sirop) K̲E̲N̲V̲U̲E̲ ̲C̲A̲N̲A̲D̲A̲ ̲I̲N̲C̲.̲"""
96397,02473968,ODAN-SODIUM POLYSTYRENE SULFONATE (sodium polystyrene sulfonate 250 mg per mL oral/rectal suspension) ODAN LABORATORIESLTD,ODAN-SODIUM POLYSTYRENE SULFONATE (polystyrène sulfonate de sodium 250 mg par mL solution orale/rectale) ODAN LABORATORIESLTD,"mp_formal_name: ""ODAN-SODIUM POLYSTYRENE SULFONATE (sodium polystyrene sulfonate 250 mg per mL oral/rectal suspension) ODAN LABORATORIES ̲LTD"" -> ""ODAN-SODIUM POLYSTYRENE SULFONATE (sodium polystyrene sulfonate 250 mg per mL oral/rectal suspension) ODAN LABORATORIESLTD""
mp_fr_description: ""ODAN-SODIUM POLYSTYRENE SULFONATE (polystyrène sulfonate de sodium 250 mg par mL solution orale/rectale) ODAN LABORATORIES ̲LTD"" -> ""ODAN-SODIUM POLYSTYRENE SULFONATE (polystyrène sulfonate de sodium 250 mg par mL solution orale/rectale) ODAN LABORATORIESLTD"""
100915,02519917,"ALOCANE (lidocaine hydrochloride 4 % cutaneous gel) QUEST PRODUCTS, LLC","ALOCANE (chlorhydrate de lidocaïne 4 % gel cutané) QUEST PRODUCTS, LLC","mp_status: ""ACTIVE"" -> ""INACTIVE""
mp_status_effective_time: ""20220127"" -> ""20260710"""
106469,02561751,EXTRA STRENGTH TYLENOL COUGH & SORE THROAT NIGHTTIME (acetaminophen 500 mg and chlorpheniramine maleate 2 mg and dextromethorphan hydrobromide 15 mg oral tablet) KENVUE CANADA INC.,EXTRA STRENGTH TYLENOL COUGH & SORE THROAT NIGHTTIME (acétaminophène 500 mg et maléate de chlorphéniramine 2 mg et bromhydrate de dextrométhorphane 15 mg comprimé oral) KENVUE CANADA INC.,ADDED
103527,02546590,NORDIMET (methotrexate (methotrexate sodium) 20 mg per 0.8 mL solution for injection pen) NORDIC GROUP B.V.,"NORDIMET (méthotrexate (méthotrexate sodique) 20 mg par 0,8 mL solution injectable stylo) NORDIC GROUP B.V.","mp_status: ""ACTIVE"" -> ""INACTIVE""
mp_status_effective_time: ""20240801"" -> ""20260313"""
63139,02239665,"ALERTEC (modafinil 100 mg oral tablet) NEURAXPHARM PHARMACEUTICALS, S.L.","ALERTEC (modafinil 100 mg comprimé oral) NEURAXPHARM PHARMACEUTICALS, S.L.","mp_formal_name: ""ALERTEC (modafinil 100 mg oral tablet) T̲E̲V̲A̲ ̲C̲A̲N̲A̲D̲A̲ ̲L̲I̲M̲I̲T̲E̲D̲"" -> ""ALERTEC (modafinil 100 mg oral tablet) N̲E̲U̲R̲A̲X̲P̲H̲A̲R̲M̲ ̲P̲H̲A̲R̲M̲A̲C̲E̲U̲T̲I̲C̲A̲L̲S̲,̲ ̲S̲.̲L̲.̲""
mp_fr_description: ""ALERTEC (modafinil 100 mg comprimé oral) T̲E̲V̲A̲ ̲C̲A̲N̲A̲D̲A̲ ̲L̲I̲M̲I̲T̲E̲D̲"" -> ""ALERTEC (modafinil 100 mg comprimé oral) N̲E̲U̲R̲A̲X̲P̲H̲A̲R̲M̲ ̲P̲H̲A̲R̲M̲A̲C̲E̲U̲T̲I̲C̲A̲L̲S̲,̲ ̲S̲.̲L̲.̲"""
77349,02288109,SANDOZ ALENDRONATE (alendronic acid (alendronate sodium) 70 mg oral tablet) SANDOZ CANADA INCORPORATED,SANDOZ ALENDRONATE (acide alendronique (alendronate sodique) 70 mg comprimé oral) SANDOZ CANADA INCORPORATED,"mp_status: ""ACTIVE"" -> ""INACTIVE""
mp_status_effective_time: ""20070111"" -> ""20260731"""
95480,02466449,BETAHISTINE (betahistine hydrochloride 16 mg oral tablet) SANIS HEALTH INC,BETAHISTINE (chlorhydrate de bétahistine 16 mg comprimé oral) SANIS HEALTH INC,"mp_status: ""ACTIVE"" -> ""INACTIVE""
mp_status_effective_time: ""20180307"" -> ""20260723"""
87181,02386232,LISINOPRIL (lisinopril 5 mg oral tablet) SIVEM PHARMACEUTICALS ULC,LISINOPRIL (lisinopril 5 mg comprimé oral) SIVEM PHARMACEUTICALS ULC,"mp_status: ""ACTIVE"" -> ""INACTIVE""
mp_status_effective_time: ""20120611"" -> ""20260703"""
95626,02467917,AERMONY RESPICLICK (fluticasone propionate 232 mcg per actuation inhalation powder) TEVA CANADA LIMITED,AERMONY RESPICLICK (propionate de fluticasone 232 mcg par actionnement poudre pour inhalation) TEVA CANADA LIMITED,"mp_status: ""ACTIVE"" -> ""INACTIVE""
mp_status_effective_time: ""20200930"" -> ""20260604"""
81001,02324563,SANDOZ RIVASTIGMINE (rivastigmine (rivastigmine hydrogen tartrate) 1.5 mg oral capsule) SANDOZ CANADA INCORPORATED,"SANDOZ RIVASTIGMINE (rivastigmine (tartrate hydrogéné de rivastigmine) 1,5 mg capsule orale) SANDOZ CANADA INCORPORATED","mp_status: ""ACTIVE"" -> ""INACTIVE""
mp_status_effective_time: ""20090721"" -> ""20260731"""
78531,02299976,SANDOZ ENALAPRIL (enalapril maleate 20 mg oral tablet) SANDOZ CANADA INCORPORATED,SANDOZ ENALAPRIL (maléate d'énalapril 20 mg comprimé oral) SANDOZ CANADA INCORPORATED,"mp_status: ""ACTIVE"" -> ""INACTIVE""
mp_status_effective_time: ""20071017"" -> ""20260731"""
13090,01927825,ROVAMYCINE 250 CAPSULE 750000 UNIT (spiramycin 750000 unit oral capsule) ODAN LABORATORIESLTD,ROVAMYCINE 250 CAPSULE 750000 UNIT (spiramycine 750000 unité capsule orale) ODAN LABORATORIESLTD,"mp_formal_name: ""ROVAMYCINE 250 CAPSULE 750000 UNIT (spiramycin 750000 unit oral capsule) ODAN LABORATORIES ̲LTD"" -> ""ROVAMYCINE 250 CAPSULE 750000 UNIT (spiramycin 750000 unit oral capsule) ODAN LABORATORIESLTD""
mp_fr_description: ""ROVAMYCINE 250 CAPSULE 750000 UNIT (spiramycine 750000 unité capsule orale) ODAN LABORATORIES ̲LTD"" -> ""ROVAMYCINE 250 CAPSULE 750000 UNIT (spiramycine 750000 unité capsule orale) ODAN LABORATORIESLTD"""
101360,02524589,M-LEVETIRACETAM (levetiracetam 750 mg oral tablet) MANTRA PHARMA INC,M-LEVETIRACETAM (lévétiracétam 750 mg comprimé oral) MANTRA PHARMA INC,"mp_status: ""ACTIVE"" -> ""INACTIVE""
mp_status_effective_time: ""20220823"" -> ""20240217"""
79921,02313707,SPC-ATORVASTATIN (atorvastatin (atorvastatin calcium) 10 mg oral tablet) SUN PHARMA CANADA INC,SPC-ATORVASTATIN (atorvastatine (atorvastatine calcique) 10 mg comprimé oral) SUN PHARMA CANADA INC,"Health_Canada_product_name: ""TARO-ATORVASTATIN"" -> ""SPC-ATORVASTATIN""
mp_formal_name: ""T̲A̲R̲O̲-ATORVASTATIN (atorvastatin (atorvastatin calcium) 10 mg oral tablet) T̲A̲R̲O̲ ̲P̲H̲A̲R̲M̲A̲C̲E̲U̲T̲I̲C̲A̲L̲S̲ INC"" -> ""S̲P̲C̲-ATORVASTATIN (atorvastatin (atorvastatin calcium) 10 mg oral tablet) S̲U̲N̲ ̲P̲H̲A̲R̲M̲A̲ ̲C̲A̲N̲A̲D̲A̲ INC""
mp_fr_description: ""T̲A̲R̲O̲-ATORVASTATIN (atorvastatine (atorvastatine calcique) 10 mg comprimé oral) T̲A̲R̲O̲ ̲P̲H̲A̲R̲M̲A̲C̲E̲U̲T̲I̲C̲A̲L̲S̲ INC"" -> ""S̲P̲C̲-ATORVASTATIN (atorvastatine (atorvastatine calcique) 10 mg comprimé oral) S̲U̲N̲ ̲P̲H̲A̲R̲M̲A̲ ̲C̲A̲N̲A̲D̲A̲ INC"""
11880,00704423,ANDROCUR DEPOT (cyproterone acetate 300 mg per 3 mL solution for injection ampoule) AMDIPHARM LIMITED,ANDROCUR DEPOT (acétate de cyprotérone 300 mg par 3 mL solution injectable ampoule) AMDIPHARM LIMITED,"mp_status_effective_time: ""20250508"" -> ""20260625"""
84691,02361876,OLEPTRO (trazodone hydrochloride 300 mg prolonged-release oral tablet) ANGELINI PHARMA INC,OLEPTRO (chlohydrate de trazodone 300 mg comprimé oral à libération prolongée) ANGELINI PHARMA INC,"mp_status_effective_time: ""20170914"" -> ""20260630"""
104099,02552310,PRZ-SITAGLIPTIN-METFORMIN (metformin hydrochloride 850 mg and sitagliptin (sitagliptin phosphate monohydrate) 50 mg oral tablet) PHARMARIS CANADA INC,PRZ-SITAGLIPTIN-METFORMIN (chlorhydrate de metformine 850 mg et sitagliptine (phosphate de sitagliptine monohydraté) 50 mg comprimé oral) PHARMARIS CANADA INC,ADDED
92989,02444739,ZOLEDRONIC ACID FOR INJECTION (zoledronic acid (zoledronic acid monohydrate) 4 mg per 5 mL solution for injection vial) JUNO PHARMACEUTICALS CORP.,ZOLEDRONIC ACID FOR INJECTION (acide zolédronique (acide zolédronique monohydraté) 4 mg par 5 mL solution injectable fiole) JUNO PHARMACEUTICALS CORP.,"mp_status_effective_time: ""20230731"" -> ""20260729"""
