drug_code,mp_code,mp_formal_name,mp_fr_description,changes
933,00029149,FUNGIZONE (amphotericin B 50 mg per vial powder for solution for injection) CHEPLAPHARM ARZNEIMITTEL GMBH,FUNGIZONE (amphotéricine B 50 mg par fiole poudre pour solution injectable) CHEPLAPHARM ARZNEIMITTEL GMBH,ADDED
1668,00266507,ADASEPT LIQ 0.5% (triclosan 0.5 % cutaneous liquid) ODAN LABORATORIES LTD,"ADASEPT LIQ 0.5% (triclosan 0,5 % liquide cutané) ODAN LABORATORIES LTD",ADDED
1905,00261998,SODIUM BICARBONATE INJECTION USP (sodium bicarbonate 84 mg per mL solution for injection) PFIZER CANADA ULC,SODIUM BICARBONATE INJECTION USP (bicarbonate de sodium 84 mg par mL solution injectable) PFIZER CANADA ULC,ADDED
2527,00037869,POTASSIUM CHLORIDE FOR INJECTION CONCENTRATE USP (potassium chloride 149 mg per mL solution for injection) PFIZER CANADA ULC,POTASSIUM CHLORIDE FOR INJECTION CONCENTRATE USP (chlorure de potassium 149 mg par mL solution injectable) PFIZER CANADA ULC,ADDED
3394,00402206,POTASSIUM CHLORIDE FOR INJECTION CONCENTRATE (potassium chloride 20 meq per 10 mL solution for injection) OMEGA LABORATORIES LIMITED,POTASSIUM CHLORIDE FOR INJECTION CONCENTRATE (chlorure de potassium 20 meq par 10 mL solution injectable) OMEGA LABORATORIES LIMITED,ADDED
3837,00038083,SODIUM BICARBONATE INJECTION USP (sodium bicarbonate 45 mmol per 50 mL solution for injection syringe) PFIZER CANADA ULC,SODIUM BICARBONATE INJECTION USP (bicarbonate de sodium 45 mmol par 50 mL solution injectable seringue) PFIZER CANADA ULC,ADDED
6775,00691623,BICARBONATE CONCENTRATE D17000 (sodium bicarbonate 81.3 g per l solution for haemodialysis) VANTIVE ULC,"BICARBONATE CONCENTRATE D17000 (bicarbonate de sodium 81,3 g par l solution pour hémodialyse) VANTIVE ULC",ADDED
8229,00756784,FLAREX (fluorometholone acetate 0.1 % ophthalmic drops) NOVARTIS PHARMACEUTICALS CANADA INC,"FLAREX (acétate de fluorométholone 0,1 % gouttes ophtalmiques) NOVARTIS PHARMACEUTICALS CANADA INC",DELETED
8350,00261971,SODIUM BICARBONATE INJECTION USP (sodium bicarbonate 5 mmol per 10 mL solution for injection syringe) PFIZER CANADA ULC,SODIUM BICARBONATE INJECTION USP (bicarbonate de sodium 5 mmol par 10 mL solution injectable seringue) PFIZER CANADA ULC,ADDED
8387,00723908,TYLENOL EXTRA STRENGTH CAPLETS (acetaminophen 500 mg oral tablet) KENVUE CANADA INC.,TYLENOL EXTRA STRENGTH CAPLETS (acétaminophène 500 mg comprimé oral) KENVUE CANADA INC.,"mp_formal_name: ""TYLENOL EXTRA STRENGTH CAPLETS (acetaminophen 500 mg oral tablet) M̲C̲N̲E̲I̲L̲ ̲C̲O̲N̲S̲U̲M̲E̲R̲ ̲H̲E̲A̲L̲T̲H̲C̲A̲R̲E̲ ̲D̲I̲V̲I̲S̲I̲O̲N̲ ̲O̲F̲ ̲J̲O̲H̲N̲S̲O̲N̲ ̲&̲ ̲J̲O̲H̲N̲S̲O̲N̲ ̲I̲N̲C̲"" -> ""TYLENOL EXTRA STRENGTH CAPLETS (acetaminophen 500 mg oral tablet) K̲E̲N̲V̲U̲E̲ ̲C̲A̲N̲A̲D̲A̲ ̲I̲N̲C̲.̲""
mp_fr_description: ""TYLENOL EXTRA STRENGTH CAPLETS (acétaminophène 500 mg comprimé oral) M̲C̲N̲E̲I̲L̲ ̲C̲O̲N̲S̲U̲M̲E̲R̲ ̲H̲E̲A̲L̲T̲H̲C̲A̲R̲E̲ ̲D̲I̲V̲I̲S̲I̲O̲N̲ ̲O̲F̲ ̲J̲O̲H̲N̲S̲O̲N̲ ̲&̲ ̲J̲O̲H̲N̲S̲O̲N̲ ̲I̲N̲C̲"" -> ""TYLENOL EXTRA STRENGTH CAPLETS (acétaminophène 500 mg comprimé oral) K̲E̲N̲V̲U̲E̲ ̲C̲A̲N̲A̲D̲A̲ ̲I̲N̲C̲.̲"""
10509,00804789,POTASSIUM PHOSPHATES (phosphorus (potassium phosphate dibasic and potassium phosphate monobasic) 30 mmol per 10 mL and potassium (potassium phosphate dibasic and potassium phosphate monobasic) 44 mmol per 10 mL solution for injection vial) SANDOZ CANADA INCORPORATED,POTASSIUM PHOSPHATES (phosphore (phosphate de potassium dibasique et phosphate de potassium monobasique) 30 mmol par 10 mL et potassium (phosphate de potassium dibasique et phosphate de potassium monobasique) 44 mmol par 10 mL solution injectable fiole) SANDOZ CANADA INCORPORATED,ADDED
10772,00870978,PRO-DICLOFENAC (diclofenac sodium 50 mg gastro-resistant tablet) PRO DOC LIMITEE,PRO-DICLOFENAC (diclofénac sodique 50 mg comprimé gastrorésistant) PRO DOC LIMITEE,"Health_Canada_product_name: ""DICLOFENAC-50"" -> ""PRO-DICLOFENAC""
mp_formal_name: ""DICLOFENAC-̲5̲0̲ (diclofenac sodium 50 mg gastro-resistant tablet) PRO DOC LIMITEE"" -> ""P̲R̲O̲-̲DICLOFENAC (diclofenac sodium 50 mg gastro-resistant tablet) PRO DOC LIMITEE""
mp_fr_description: ""DICLOFENAC-̲5̲0̲ (diclofénac sodique 50 mg comprimé gastrorésistant) PRO DOC LIMITEE"" -> ""P̲R̲O̲-̲DICLOFENAC (diclofénac sodique 50 mg comprimé gastrorésistant) PRO DOC LIMITEE"""
11537,00779237,BACTI-STAT 0.3% (triclosan 0.3 % cutaneous liquid) ECOLAB CO,"BACTI-STAT 0.3% (triclosan 0,3 % liquide cutané) ECOLAB CO",ADDED
11847,01928791,KOFFEX DM (SUCROSE FREE) (dextromethorphan hydrobromide 15 mg per 5 mL syrup) TEVA CANADA LIMITED,KOFFEX DM (SUCROSE FREE) (bromhydrate de dextrométhorphane 15 mg par 5 mL sirop) TEVA CANADA LIMITED,"Health_Canada_product_name: ""KOFFEX DM  (SUCROSE FREE)"" -> ""KOFFEX DM (SUCROSE FREE)""
mp_formal_name: ""KOFFEX DM ̲ (SUCROSE FREE) (dextromethorphan hydrobromide 15 mg per 5 mL syrup) TEVA CANADA LIMITED"" -> ""KOFFEX DM (SUCROSE FREE) (dextromethorphan hydrobromide 15 mg per 5 mL syrup) TEVA CANADA LIMITED""
mp_fr_description: ""KOFFEX DM ̲ (SUCROSE FREE) (bromhydrate de dextrométhorphane 15 mg par 5 mL sirop) TEVA CANADA LIMITED"" -> ""KOFFEX DM (SUCROSE FREE) (bromhydrate de dextrométhorphane 15 mg par 5 mL sirop) TEVA CANADA LIMITED"""
12639,01977873,GERMICIDAL HAND SOAP LIQ 0.6% (chloroxylenol 0.6 % cutaneous liquid) OSTREM CHEMICAL CO LTD.,"GERMICIDAL HAND SOAP LIQ 0.6% (chloroxylénol 0,6 % liquide cutané) OSTREM CHEMICAL CO LTD.",ADDED
12788,01928775,BALMINIL DM (3MG/ML SUCROSE FREE) (dextromethorphan hydrobromide 15 mg per 5 mL syrup) TEVA CANADA LIMITED,BALMINIL DM (3MG/ML SUCROSE FREE) (bromhydrate de dextrométhorphane 15 mg par 5 mL sirop) TEVA CANADA LIMITED,"Health_Canada_product_name: ""BALMINIL DM  (3MG/ML SUCROSE FREE)"" -> ""BALMINIL DM (3MG/ML SUCROSE FREE)""
mp_formal_name: ""BALMINIL DM ̲ (3MG/ML SUCROSE FREE) (dextromethorphan hydrobromide 15 mg per 5 mL syrup) TEVA CANADA LIMITED"" -> ""BALMINIL DM (3MG/ML SUCROSE FREE) (dextromethorphan hydrobromide 15 mg per 5 mL syrup) TEVA CANADA LIMITED""
mp_fr_description: ""BALMINIL DM ̲ (3MG/ML SUCROSE FREE) (bromhydrate de dextrométhorphane 15 mg par 5 mL sirop) TEVA CANADA LIMITED"" -> ""BALMINIL DM (3MG/ML SUCROSE FREE) (bromhydrate de dextrométhorphane 15 mg par 5 mL sirop) TEVA CANADA LIMITED"""
13600,01974548,MICRO I (iodide (sodium iodide) 1000 mcg per 10 mL solution for injection vial) SANDOZ CANADA INCORPORATED,MICRO I (iodure (iodure de sodium) 1000 mcg par 10 mL solution injectable fiole) SANDOZ CANADA INCORPORATED,ADDED
13833,01905740,K+ 45 (potassium chloride 251.6 g per l solution for haemodialysis) VANTIVE ULC,"K+ 45 (chlorure de potassium 251,6 g par l solution pour hémodialyse) VANTIVE ULC",ADDED
16234,02023768,DIOPRED SUSPENSION 1% (prednisolone acetate 1 % ophthalmic drops) SANDOZ CANADA INCORPORATED,DIOPRED SUSPENSION 1% (acétate de prednisolone 1 % gouttes ophtalmiques) SANDOZ CANADA INCORPORATED,"Health_Canada_product_name: ""DIOPRED SUSPENSION  1%"" -> ""DIOPRED SUSPENSION 1%""
mp_formal_name: ""DIOPRED SUSPENSION ̲ 1% (prednisolone acetate 1 % ophthalmic drops) SANDOZ CANADA INCORPORATED"" -> ""DIOPRED SUSPENSION 1% (prednisolone acetate 1 % ophthalmic drops) SANDOZ CANADA INCORPORATED""
mp_fr_description: ""DIOPRED SUSPENSION ̲ 1% (acétate de prednisolone 1 % gouttes ophtalmiques) SANDOZ CANADA INCORPORATED"" -> ""DIOPRED SUSPENSION 1% (acétate de prednisolone 1 % gouttes ophtalmiques) SANDOZ CANADA INCORPORATED"""
17893,02063808,DIPENTUM (olsalazine sodium 250 mg oral capsule) SEARCHLIGHT PHARMA INC,DIPENTUM (olsalazine sodique 250 mg capsule orale) SEARCHLIGHT PHARMA INC,"mp_formal_name: ""DIPENTUM (olsalazine sodium 250 mg oral capsule) A̲T̲N̲A̲H̲S̲ ̲P̲H̲A̲R̲M̲A̲ ̲U̲K̲ ̲L̲I̲M̲I̲T̲E̲D̲"" -> ""DIPENTUM (olsalazine sodium 250 mg oral capsule) S̲E̲A̲R̲C̲H̲L̲I̲G̲H̲T̲ ̲P̲H̲A̲R̲M̲A̲ ̲I̲N̲C̲""
mp_fr_description: ""DIPENTUM (olsalazine sodique 250 mg capsule orale) A̲T̲N̲A̲H̲S̲ ̲P̲H̲A̲R̲M̲A̲ ̲U̲K̲ ̲L̲I̲M̲I̲T̲E̲D̲"" -> ""DIPENTUM (olsalazine sodique 250 mg capsule orale) S̲E̲A̲R̲C̲H̲L̲I̲G̲H̲T̲ ̲P̲H̲A̲R̲M̲A̲ ̲I̲N̲C̲"""
18208,02131471,VIROBEX-P (chloroxylenol 0.6 % cutaneous liquid) GERMIPHENE CORPORATION,"VIROBEX-P (chloroxylénol 0,6 % liquide cutané) GERMIPHENE CORPORATION",ADDED
18310,02161060,CALCIUM-45 0.25-4.5 (calcium chloride 7.45 g per bottle powder for concentrate for solution for haemodialysis) VANTIVE ULC,"CALCIUM-45 0.25-4.5 (chlorure de calcium 7,45 g par bouteille poudre pour solution à diluer pour solution pour hémodialyse) VANTIVE ULC",ADDED
18321,02160986,CALCIUM-45 0.5-4.5 (calcium chloride 14.9 g per bottle powder for concentrate for solution for haemodialysis) VANTIVE ULC,"CALCIUM-45 0.5-4.5 (chlorure de calcium 14,9 g par bouteille poudre pour solution à diluer pour solution pour hémodialyse) VANTIVE ULC",ADDED
19314,02162466,NAPROSYN (naproxen 750 mg prolonged-release oral tablet) SEARCHLIGHT PHARMA INC,NAPROSYN (naproxène 750 mg comprimé oral à libération prolongée) SEARCHLIGHT PHARMA INC,"mp_formal_name: ""NAPROSYN (naproxen 750 mg prolonged-release oral tablet) A̲T̲N̲A̲H̲S̲ ̲P̲H̲A̲R̲M̲A̲ ̲U̲K̲ ̲L̲I̲M̲I̲T̲E̲D̲"" -> ""NAPROSYN (naproxen 750 mg prolonged-release oral tablet) S̲E̲A̲R̲C̲H̲L̲I̲G̲H̲T̲ ̲P̲H̲A̲R̲M̲A̲ ̲I̲N̲C̲""
mp_fr_description: ""NAPROSYN (naproxène 750 mg comprimé oral à libération prolongée) A̲T̲N̲A̲H̲S̲ ̲P̲H̲A̲R̲M̲A̲ ̲U̲K̲ ̲L̲I̲M̲I̲T̲E̲D̲"" -> ""NAPROSYN (naproxène 750 mg comprimé oral à libération prolongée) S̲E̲A̲R̲C̲H̲L̲I̲G̲H̲T̲ ̲P̲H̲A̲R̲M̲A̲ ̲I̲N̲C̲"""
19315,02162423,NAPROSYN (naproxen 500 mg gastro-resistant tablet) SEARCHLIGHT PHARMA INC,NAPROSYN (naproxène 500 mg comprimé gastrorésistant) SEARCHLIGHT PHARMA INC,"mp_formal_name: ""NAPROSYN (naproxen 500 mg gastro-resistant tablet) A̲T̲N̲A̲H̲S̲ ̲P̲H̲A̲R̲M̲A̲ ̲U̲K̲ ̲L̲I̲M̲I̲T̲E̲D̲"" -> ""NAPROSYN (naproxen 500 mg gastro-resistant tablet) S̲E̲A̲R̲C̲H̲L̲I̲G̲H̲T̲ ̲P̲H̲A̲R̲M̲A̲ ̲I̲N̲C̲""
mp_fr_description: ""NAPROSYN (naproxène 500 mg comprimé gastrorésistant) A̲T̲N̲A̲H̲S̲ ̲P̲H̲A̲R̲M̲A̲ ̲U̲K̲ ̲L̲I̲M̲I̲T̲E̲D̲"" -> ""NAPROSYN (naproxène 500 mg comprimé gastrorésistant) S̲E̲A̲R̲C̲H̲L̲I̲G̲H̲T̲ ̲P̲H̲A̲R̲M̲A̲ ̲I̲N̲C̲"""
19316,02162415,NAPROSYN (naproxen 375 mg gastro-resistant tablet) SEARCHLIGHT PHARMA INC,NAPROSYN (naproxène 375 mg comprimé gastrorésistant) SEARCHLIGHT PHARMA INC,"mp_formal_name: ""NAPROSYN (naproxen 375 mg gastro-resistant tablet) A̲T̲N̲A̲H̲S̲ ̲P̲H̲A̲R̲M̲A̲ ̲U̲K̲ ̲L̲I̲M̲I̲T̲E̲D̲"" -> ""NAPROSYN (naproxen 375 mg gastro-resistant tablet) S̲E̲A̲R̲C̲H̲L̲I̲G̲H̲T̲ ̲P̲H̲A̲R̲M̲A̲ ̲I̲N̲C̲""
mp_fr_description: ""NAPROSYN (naproxène 375 mg comprimé gastrorésistant) A̲T̲N̲A̲H̲S̲ ̲P̲H̲A̲R̲M̲A̲ ̲U̲K̲ ̲L̲I̲M̲I̲T̲E̲D̲"" -> ""NAPROSYN (naproxène 375 mg comprimé gastrorésistant) S̲E̲A̲R̲C̲H̲L̲I̲G̲H̲T̲ ̲P̲H̲A̲R̲M̲A̲ ̲I̲N̲C̲""
mp_status_effective_time: ""20240801"" -> ""20250424"""
19442,02139545,"POTASSIUM PHOSPHATES INJECTION, USP (potassium phosphate dibasic 236 mg per mL and potassium phosphate monobasic 224 mg per mL solution for injection) FRESENIUS KABI CANADA LTD","POTASSIUM PHOSPHATES INJECTION, USP (phosphate de potassium dibasique 236 mg par mL et phosphate de potassium monobasique 224 mg par mL solution injectable) FRESENIUS KABI CANADA LTD",ADDED
20112,02219301,MAGNESIUM-45 0.5-4.5 (magnesium chloride 20.5 g per bottle powder for concentrate for solution for haemodialysis) VANTIVE ULC,"MAGNESIUM-45 0.5-4.5 (chlorure de magnésium 20,5 g par bouteille poudre pour solution à diluer pour solution pour hémodialyse) VANTIVE ULC",ADDED
20308,02152584,PRO-BACLOFEN (baclofen 10 mg oral tablet) PRO DOC LIMITEE,PRO-BACLOFEN (baclofène 10 mg comprimé oral) PRO DOC LIMITEE,"Health_Canada_product_name: ""BACLOFEN-10"" -> ""PRO-BACLOFEN""
mp_formal_name: ""BACLOFEN-̲1̲0̲ (baclofen 10 mg oral tablet) PRO DOC LIMITEE"" -> ""P̲R̲O̲-̲BACLOFEN (baclofen 10 mg oral tablet) PRO DOC LIMITEE""
mp_fr_description: ""BACLOFEN-̲1̲0̲ (baclofène 10 mg comprimé oral) PRO DOC LIMITEE"" -> ""P̲R̲O̲-̲BACLOFEN (baclofène 10 mg comprimé oral) PRO DOC LIMITEE"""
20309,02152592,PRO-BACLOFEN (baclofen 20 mg oral tablet) PRO DOC LIMITEE,PRO-BACLOFEN (baclofène 20 mg comprimé oral) PRO DOC LIMITEE,"Health_Canada_product_name: ""BACLOFEN-20"" -> ""PRO-BACLOFEN""
mp_formal_name: ""BACLOFEN-̲2̲0̲ (baclofen 20 mg oral tablet) PRO DOC LIMITEE"" -> ""P̲R̲O̲-̲BACLOFEN (baclofen 20 mg oral tablet) PRO DOC LIMITEE""
mp_fr_description: ""BACLOFEN-̲2̲0̲ (baclofène 20 mg comprimé oral) PRO DOC LIMITEE"" -> ""P̲R̲O̲-̲BACLOFEN (baclofène 20 mg comprimé oral) PRO DOC LIMITEE"""
31360,02139529,"SODIUM ACETATE INJECTION, USP (sodium acetate 328 mg per mL solution for injection) FRESENIUS KABI CANADA LTD","SODIUM ACETATE INJECTION, USP (acétate de sodium 328 mg par mL solution injectable) FRESENIUS KABI CANADA LTD",ADDED
35083,02181746,SODIUM ACETATE INJECTION USP (sodium (sodium acetate) 4 mmol per mL solution for injection 50 mL vial) OMEGA LABORATORIES LIMITED,SODIUM ACETATE INJECTION USP (sodium (acétate de sodium) 4 mmol par mL solution injectable 50 mL fiole) OMEGA LABORATORIES LIMITED,ADDED
35700,02193221,THIAMIJECT INJECTION - LIQ IM IV 100MG/ML (thiamine hydrochloride 1000 mg per 10 mL solution for injection vial) OMEGA LABORATORIES LIMITED,THIAMIJECT INJECTION - LIQ IM IV 100MG/ML (chlorhydrate de thiamine 1000 mg par 10 mL solution injectable fiole) OMEGA LABORATORIES LIMITED,"Health_Canada_product_name: ""THIAMIJECT INJECTION  - LIQ IM IV 100MG/ML"" -> ""THIAMIJECT INJECTION - LIQ IM IV 100MG/ML""
mp_formal_name: ""THIAMIJECT INJECTION ̲ - LIQ IM IV 100MG/ML (thiamine hydrochloride 1000 mg per 10 mL solution for injection vial) OMEGA LABORATORIES LIMITED"" -> ""THIAMIJECT INJECTION - LIQ IM IV 100MG/ML (thiamine hydrochloride 1000 mg per 10 mL solution for injection vial) OMEGA LABORATORIES LIMITED""
mp_fr_description: ""THIAMIJECT INJECTION ̲ - LIQ IM IV 100MG/ML (chlorhydrate de thiamine 1000 mg par 10 mL solution injectable fiole) OMEGA LABORATORIES LIMITED"" -> ""THIAMIJECT INJECTION - LIQ IM IV 100MG/ML (chlorhydrate de thiamine 1000 mg par 10 mL solution injectable fiole) OMEGA LABORATORIES LIMITED"""
41477,00373435,DETTOL (chloroxylenol 4.8 % cutaneous solution) RB HEALTH (CANADA) INC.,"DETTOL (chloroxylénol 4,8 % solution pour application cutanée) RB HEALTH (CANADA) INC.",ADDED
42944,02194465,DOXORUBICIN HYDROCHLORIDE FOR INJECTION USP (doxorubicin hydrochloride 50 mg per vial powder for solution for injection) PFIZER CANADA ULC,DOXORUBICIN HYDROCHLORIDE FOR INJECTION USP (chlorhydrate de doxorubicine 50 mg par fiole poudre pour solution injectable) PFIZER CANADA ULC,ADDED
42945,02194473,DOXORUBICIN HYDROCHLORIDE FOR INJECTION USP (doxorubicin hydrochloride 150 mg per vial powder for solution for injection) PFIZER CANADA ULC,DOXORUBICIN HYDROCHLORIDE FOR INJECTION USP (chlorhydrate de doxorubicine 150 mg par fiole poudre pour solution injectable) PFIZER CANADA ULC,ADDED
43126,02213672,FLONASE - AEM-SUS NAS 50MCG/MD (fluticasone propionate 50 mcg per actuation nasal spray) GLAXOSMITHKLINE INC,FLONASE - AEM-SUS NAS 50MCG/MD (propionate de fluticasone 50 mcg par actionnement vaporisation nasale) GLAXOSMITHKLINE INC,"Health_Canada_product_name: ""FLONASE - AEM-SUS NAS  50MCG/MD"" -> ""FLONASE - AEM-SUS NAS 50MCG/MD""
mp_formal_name: ""FLONASE - AEM-SUS NAS ̲ 50MCG/MD (fluticasone propionate 50 mcg per actuation nasal spray) GLAXOSMITHKLINE INC"" -> ""FLONASE - AEM-SUS NAS 50MCG/MD (fluticasone propionate 50 mcg per actuation nasal spray) GLAXOSMITHKLINE INC""
mp_fr_description: ""FLONASE - AEM-SUS NAS ̲ 50MCG/MD (propionate de fluticasone 50 mcg par actionnement vaporisation nasale) GLAXOSMITHKLINE INC"" -> ""FLONASE - AEM-SUS NAS 50MCG/MD (propionate de fluticasone 50 mcg par actionnement vaporisation nasale) GLAXOSMITHKLINE INC"""
43155,02215187,CAVERJECT STERILE POWDER - PWS 23.2MCG/VIAL (alprostadil 20 mcg per vial powder for solution for injection) PFIZER CANADA ULC,CAVERJECT STERILE POWDER - PWS 23.2MCG/VIAL (alprostadil 20 mcg par fiole poudre pour solution injectable) PFIZER CANADA ULC,ADDED
43291,02220636,OXYBUTYNINE-5 - TAB 5MG (oxybutynin chloride 5 mg oral tablet) PRO DOC LIMITEE,OXYBUTYNINE-5 - TAB 5MG (chlorure d'oxybutynine 5 mg comprimé oral) PRO DOC LIMITEE,"Health_Canada_product_name: ""OXYBUTYNINE-5  -  TAB 5MG"" -> ""OXYBUTYNINE-5 - TAB 5MG""
mp_formal_name: ""OXYBUTYNINE-5  ̲- ̲ TAB 5MG (oxybutynin chloride 5 mg oral tablet) PRO DOC LIMITEE"" -> ""OXYBUTYNINE-5 - TAB 5MG (oxybutynin chloride 5 mg oral tablet) PRO DOC LIMITEE""
mp_fr_description: ""OXYBUTYNINE-5  ̲- ̲ TAB 5MG (chlorure d'oxybutynine 5 mg comprimé oral) PRO DOC LIMITEE"" -> ""OXYBUTYNINE-5 - TAB 5MG (chlorure d'oxybutynine 5 mg comprimé oral) PRO DOC LIMITEE"""
43292,02220644,PRO-CYCLOBENZAPRINE (cyclobenzaprine hydrochloride 10 mg oral tablet) PRO DOC LIMITEE,PRO-CYCLOBENZAPRINE (chlorhydrate de cyclobenzaprine 10 mg comprimé oral) PRO DOC LIMITEE,"Health_Canada_product_name: ""CYCLOBENZAPRINE - 10"" -> ""PRO-CYCLOBENZAPRINE""
mp_formal_name: ""CYCLOBENZAPRINE ̲-̲ ̲1̲0̲ (cyclobenzaprine hydrochloride 10 mg oral tablet) PRO DOC LIMITEE"" -> ""P̲R̲O̲-̲CYCLOBENZAPRINE (cyclobenzaprine hydrochloride 10 mg oral tablet) PRO DOC LIMITEE""
mp_fr_description: ""CYCLOBENZAPRINE ̲-̲ ̲1̲0̲ (chlorhydrate de cyclobenzaprine 10 mg comprimé oral) PRO DOC LIMITEE"" -> ""P̲R̲O̲-̲CYCLOBENZAPRINE (chlorhydrate de cyclobenzaprine 10 mg comprimé oral) PRO DOC LIMITEE"""
47872,02229705,HUMALOG (CARTRIDGE) (insulin lispro 100 unit per mL solution for injection 3 mL cartridge) ELI LILLY CANADA INC,HUMALOG (CARTRIDGE) (insuline lispro 100 unité par mL solution injectable 3 mL cartouche) ELI LILLY CANADA INC,"Health_Canada_product_name: ""HUMALOG  (CARTRIDGE)"" -> ""HUMALOG (CARTRIDGE)""
mp_formal_name: ""HUMALOG ̲ (CARTRIDGE) (insulin lispro 100 unit per mL solution for injection 3 mL cartridge) ELI LILLY CANADA INC"" -> ""HUMALOG (CARTRIDGE) (insulin lispro 100 unit per mL solution for injection 3 mL cartridge) ELI LILLY CANADA INC""
mp_fr_description: ""HUMALOG ̲ (CARTRIDGE) (insuline lispro 100 unité par mL solution injectable 3 mL cartouche) ELI LILLY CANADA INC"" -> ""HUMALOG (CARTRIDGE) (insuline lispro 100 unité par mL solution injectable 3 mL cartouche) ELI LILLY CANADA INC"""
48901,02230203,PMS-CAPTOPRIL - TAB 12.5MG (captopril 12.5 mg oral tablet) PHARMASCIENCE INC,"PMS-CAPTOPRIL - TAB 12.5MG (captopril 12,5 mg comprimé oral) PHARMASCIENCE INC","Health_Canada_product_name: ""PMS-CAPTOPRIL - TAB  12.5MG"" -> ""PMS-CAPTOPRIL - TAB 12.5MG""
mp_formal_name: ""PMS-CAPTOPRIL - TAB ̲ 12.5MG (captopril 12.5 mg oral tablet) PHARMASCIENCE INC"" -> ""PMS-CAPTOPRIL - TAB 12.5MG (captopril 12.5 mg oral tablet) PHARMASCIENCE INC""
mp_fr_description: ""PMS-CAPTOPRIL - TAB ̲ 12.5MG (captopril 12,5 mg comprimé oral) PHARMASCIENCE INC"" -> ""PMS-CAPTOPRIL - TAB 12.5MG (captopril 12,5 mg comprimé oral) PHARMASCIENCE INC"""
48902,02230204,PMS-CAPTOPRIL - TAB 25MG (captopril 25 mg oral tablet) PHARMASCIENCE INC,PMS-CAPTOPRIL - TAB 25MG (captopril 25 mg comprimé oral) PHARMASCIENCE INC,"Health_Canada_product_name: ""PMS-CAPTOPRIL - TAB  25MG"" -> ""PMS-CAPTOPRIL - TAB 25MG""
mp_formal_name: ""PMS-CAPTOPRIL - TAB ̲ 25MG (captopril 25 mg oral tablet) PHARMASCIENCE INC"" -> ""PMS-CAPTOPRIL - TAB 25MG (captopril 25 mg oral tablet) PHARMASCIENCE INC""
mp_fr_description: ""PMS-CAPTOPRIL - TAB ̲ 25MG (captopril 25 mg comprimé oral) PHARMASCIENCE INC"" -> ""PMS-CAPTOPRIL - TAB 25MG (captopril 25 mg comprimé oral) PHARMASCIENCE INC"""
48903,02230205,PMS-CAPTOPRIL - TAB 50MG (captopril 50 mg oral tablet) PHARMASCIENCE INC,PMS-CAPTOPRIL - TAB 50MG (captopril 50 mg comprimé oral) PHARMASCIENCE INC,"Health_Canada_product_name: ""PMS-CAPTOPRIL - TAB  50MG"" -> ""PMS-CAPTOPRIL - TAB 50MG""
mp_formal_name: ""PMS-CAPTOPRIL - TAB ̲ 50MG (captopril 50 mg oral tablet) PHARMASCIENCE INC"" -> ""PMS-CAPTOPRIL - TAB 50MG (captopril 50 mg oral tablet) PHARMASCIENCE INC""
mp_fr_description: ""PMS-CAPTOPRIL - TAB ̲ 50MG (captopril 50 mg comprimé oral) PHARMASCIENCE INC"" -> ""PMS-CAPTOPRIL - TAB 50MG (captopril 50 mg comprimé oral) PHARMASCIENCE INC"""
49064,02230304,MICATIN POWDER SPRAY   - UNSCENTED 2% (miconazole nitrate 2 % cutaneous spray) WELLSPRING PHARMACEUTICAL CANADA CORP,MICATIN POWDER SPRAY   - UNSCENTED 2% (nitrate de miconazole 2 % vaporisation cutanée) WELLSPRING PHARMACEUTICAL CANADA CORP,"Health_Canada_product_name: ""MICATIN POWDER SPRAY     - UNSCENTED 2%"" -> ""MICATIN POWDER SPRAY   - UNSCENTED 2%""
mp_formal_name: ""MICATIN POWDER SPRAY ̲ ̲   - UNSCENTED 2% (miconazole nitrate 2 % cutaneous spray) WELLSPRING PHARMACEUTICAL CANADA CORP"" -> ""MICATIN POWDER SPRAY   - UNSCENTED 2% (miconazole nitrate 2 % cutaneous spray) WELLSPRING PHARMACEUTICAL CANADA CORP""
mp_fr_description: ""MICATIN POWDER SPRAY ̲ ̲   - UNSCENTED 2% (nitrate de miconazole 2 % vaporisation cutanée) WELLSPRING PHARMACEUTICAL CANADA CORP"" -> ""MICATIN POWDER SPRAY   - UNSCENTED 2% (nitrate de miconazole 2 % vaporisation cutanée) WELLSPRING PHARMACEUTICAL CANADA CORP"""
61782,02238370,APO-VALPROIC ACID ORAL SOLUTION (valproic acid (sodium valproate) 250 mg per 5 mL oral solution) APOTEX INC,APO-VALPROIC ACID ORAL SOLUTION (acide valproïque (valproate de sodium) 250 mg par 5 mL solution orale) APOTEX INC,DELETED
61804,02238389,CAELYX (doxorubicin hydrochloride 20 mg per 10 mL suspension for injection vial) BAXTER CORPORATION,CAELYX (chlorhydrate de doxorubicine 20 mg par 10 mL suspension injectable fiole) BAXTER CORPORATION,ADDED
62780,02239311,ECOCARE 250 (triclosan 0.3 % cutaneous liquid) ECOLAB CO,"ECOCARE 250 (triclosan 0,3 % liquide cutané) ECOLAB CO",ADDED
62787,02239318,ECOCARE 360 (benzalkonium chloride 0.13 % cutaneous liquid) ECOLAB CO,"ECOCARE 360 (chlorure de benzalkonium 0,13 % liquide cutané) ECOLAB CO",ADDED
63832,02240294,HUMALOG MIX 25 (CARTRIDGE) (insulin lispro 25 unit per mL and insulin lispro protamine 75 unit per mL suspension for injection 3 mL cartridge) ELI LILLY CANADA INC,HUMALOG MIX 25 (CARTRIDGE) (insuline lispro 25 unité par mL et insuline lispro protamine 75 unité par mL suspension injectable 3 mL cartouche) ELI LILLY CANADA INC,"Health_Canada_product_name: ""HUMALOG MIX 25  (CARTRIDGE)"" -> ""HUMALOG MIX 25 (CARTRIDGE)""
mp_formal_name: ""HUMALOG MIX 25 ̲ (CARTRIDGE) (insulin lispro 25 unit per mL and insulin lispro protamine 75 unit per mL suspension for injection 3 mL cartridge) ELI LILLY CANADA INC"" -> ""HUMALOG MIX 25 (CARTRIDGE) (insulin lispro 25 unit per mL and insulin lispro protamine 75 unit per mL suspension for injection 3 mL cartridge) ELI LILLY CANADA INC""
mp_fr_description: ""HUMALOG MIX 25 ̲ (CARTRIDGE) (insuline lispro 25 unité par mL et insuline lispro protamine 75 unité par mL suspension injectable 3 mL cartouche) ELI LILLY CANADA INC"" -> ""HUMALOG MIX 25 (CARTRIDGE) (insuline lispro 25 unité par mL et insuline lispro protamine 75 unité par mL suspension injectable 3 mL cartouche) ELI LILLY CANADA INC"""
63835,02240297,HUMALOG MIX 50 (CARTRIDGE) (insulin lispro 50 unit per mL and insulin lispro protamine 50 unit per mL suspension for injection 3 mL cartridge) ELI LILLY CANADA INC,HUMALOG MIX 50 (CARTRIDGE) (insuline lispro 50 unité par mL et insuline lispro protamine 50 unité par mL suspension injectable 3 mL cartouche) ELI LILLY CANADA INC,"Health_Canada_product_name: ""HUMALOG MIX 50  (CARTRIDGE)"" -> ""HUMALOG MIX 50 (CARTRIDGE)""
mp_formal_name: ""HUMALOG MIX 50 ̲ (CARTRIDGE) (insulin lispro 50 unit per mL and insulin lispro protamine 50 unit per mL suspension for injection 3 mL cartridge) ELI LILLY CANADA INC"" -> ""HUMALOG MIX 50 (CARTRIDGE) (insulin lispro 50 unit per mL and insulin lispro protamine 50 unit per mL suspension for injection 3 mL cartridge) ELI LILLY CANADA INC""
mp_fr_description: ""HUMALOG MIX 50 ̲ (CARTRIDGE) (insuline lispro 50 unité par mL et insuline lispro protamine 50 unité par mL suspension injectable 3 mL cartouche) ELI LILLY CANADA INC"" -> ""HUMALOG MIX 50 (CARTRIDGE) (insuline lispro 50 unité par mL et insuline lispro protamine 50 unité par mL suspension injectable 3 mL cartouche) ELI LILLY CANADA INC"""
65288,02241630,AMBISOME (amphotericin B 50 mg per vial powder for solution for injection) ASTELLAS PHARMA CANADA INC,AMBISOME (amphotéricine B 50 mg par fiole poudre pour solution injectable) ASTELLAS PHARMA CANADA INC,ADDED
65336,02241676,POTASSIUM CHLORIDE INJECTION (potassium (potassium chloride) 10 mmol per 100 mL solution for injection bag) BAXTER CORPORATION,POTASSIUM CHLORIDE INJECTION (potassium (chlorure de potassium) 10 mmol par 100 mL solution injectable sac) BAXTER CORPORATION,ADDED
65337,02241677,POTASSIUM CHLORIDE INJECTION (potassium chloride 20 meq per 100 mL solution for injection) BAXTER CORPORATION,POTASSIUM CHLORIDE INJECTION (chlorure de potassium 20 meq par 100 mL solution injectable) BAXTER CORPORATION,ADDED
65339,02241679,POTASSIUM CHLORIDE INJECTION (potassium chloride 40 meq per 100 mL solution for injection) BAXTER CORPORATION,POTASSIUM CHLORIDE INJECTION (chlorure de potassium 40 meq par 100 mL solution injectable) BAXTER CORPORATION,ADDED
65432,02241769,ADVIL LIQUI-GELS (ibuprofen 200 mg oral capsule) HALEON CANADA ULC,ADVIL LIQUI-GELS (ibuprofène 200 mg capsule orale) HALEON CANADA ULC,"mp_formal_name: ""ADVIL LIQUI-GELS (ibuprofen 200 mg oral capsule) G̲L̲A̲X̲O̲S̲M̲I̲T̲H̲K̲L̲I̲N̲E̲ ̲C̲O̲N̲S̲U̲M̲E̲R̲ ̲H̲E̲A̲L̲T̲H̲C̲A̲R̲E̲ ULC"" -> ""ADVIL LIQUI-GELS (ibuprofen 200 mg oral capsule) H̲A̲L̲E̲O̲N̲ ̲C̲A̲N̲A̲D̲A̲ ULC""
mp_fr_description: ""ADVIL LIQUI-GELS (ibuprofène 200 mg capsule orale) G̲L̲A̲X̲O̲S̲M̲I̲T̲H̲K̲L̲I̲N̲E̲ ̲C̲O̲N̲S̲U̲M̲E̲R̲ ̲H̲E̲A̲L̲T̲H̲C̲A̲R̲E̲ ULC"" -> ""ADVIL LIQUI-GELS (ibuprofène 200 mg capsule orale) H̲A̲L̲E̲O̲N̲ ̲C̲A̲N̲A̲D̲A̲ ULC"""
65673,02242003,"DEMEROL 50 MG/ML  (SINGLE USE, PRESERVATIVE FREE) (meperidine hydrochloride 50 mg per 1 mL solution for injection ampoule) HOSPIRA HEALTHCARE ULC","DEMEROL 50 MG/ML  (SINGLE USE, PRESERVATIVE FREE) (chlorhydrate de mépéridine 50 mg par 1 mL solution injectable ampoule) HOSPIRA HEALTHCARE ULC","Health_Canada_product_name: ""DEMEROL 50 MG/ML   (SINGLE USE, PRESERVATIVE FREE)"" -> ""DEMEROL 50 MG/ML  (SINGLE USE, PRESERVATIVE FREE)""
mp_formal_name: ""DEMEROL 50 MG/ML ̲  (SINGLE USE, PRESERVATIVE FREE) (meperidine hydrochloride 50 mg per 1 mL solution for injection ampoule) HOSPIRA HEALTHCARE ULC"" -> ""DEMEROL 50 MG/ML  (SINGLE USE, PRESERVATIVE FREE) (meperidine hydrochloride 50 mg per 1 mL solution for injection ampoule) HOSPIRA HEALTHCARE ULC""
mp_fr_description: ""DEMEROL 50 MG/ML ̲  (SINGLE USE, PRESERVATIVE FREE) (chlorhydrate de mépéridine 50 mg par 1 mL solution injectable ampoule) HOSPIRA HEALTHCARE ULC"" -> ""DEMEROL 50 MG/ML  (SINGLE USE, PRESERVATIVE FREE) (chlorhydrate de mépéridine 50 mg par 1 mL solution injectable ampoule) HOSPIRA HEALTHCARE ULC"""
66672,02242842,DIGISAN E FOAM HAND SANITIZER (benzalkonium chloride 0.1 % cutaneous liquid) ECOLAB CO,"DIGISAN E FOAM HAND SANITIZER (chlorure de benzalkonium 0,1 % liquide cutané) ECOLAB CO",ADDED
66676,02242846,DIGICLEAN ANTIBACTERIAL FOAM HAND SOAP (triclosan 0.3 % cutaneous liquid) ECOLAB CO,"DIGICLEAN ANTIBACTERIAL FOAM HAND SOAP (triclosan 0,3 % liquide cutané) ECOLAB CO",ADDED
66677,02242847,DIGICLEAN E FOAM HAND SOAP (chloroxylenol 1 % cutaneous liquid) ECOLAB CO,DIGICLEAN E FOAM HAND SOAP (chloroxylénol 1 % liquide cutané) ECOLAB CO,ADDED
67763,02243824,PRO-PRAVASTATIN (pravastatin sodium 10 mg oral tablet) PRO DOC LIMITEE,PRO-PRAVASTATIN (pravastatine sodique 10 mg comprimé oral) PRO DOC LIMITEE,"Health_Canada_product_name: ""PRAVASTATIN-10"" -> ""PRO-PRAVASTATIN""
mp_formal_name: ""PRAVASTATIN-̲1̲0̲ (pravastatin sodium 10 mg oral tablet) PRO DOC LIMITEE"" -> ""P̲R̲O̲-̲PRAVASTATIN (pravastatin sodium 10 mg oral tablet) PRO DOC LIMITEE""
mp_fr_description: ""PRAVASTATIN-̲1̲0̲ (pravastatine sodique 10 mg comprimé oral) PRO DOC LIMITEE"" -> ""P̲R̲O̲-̲PRAVASTATIN (pravastatine sodique 10 mg comprimé oral) PRO DOC LIMITEE"""
67764,02243825,PRO-PRAVASTATIN (pravastatin sodium 20 mg oral tablet) PRO DOC LIMITEE,PRO-PRAVASTATIN (pravastatine sodique 20 mg comprimé oral) PRO DOC LIMITEE,"Health_Canada_product_name: ""PRAVASTATIN-20"" -> ""PRO-PRAVASTATIN""
mp_formal_name: ""PRAVASTATIN-̲2̲0̲ (pravastatin sodium 20 mg oral tablet) PRO DOC LIMITEE"" -> ""P̲R̲O̲-̲PRAVASTATIN (pravastatin sodium 20 mg oral tablet) PRO DOC LIMITEE""
mp_fr_description: ""PRAVASTATIN-̲2̲0̲ (pravastatine sodique 20 mg comprimé oral) PRO DOC LIMITEE"" -> ""P̲R̲O̲-̲PRAVASTATIN (pravastatine sodique 20 mg comprimé oral) PRO DOC LIMITEE"""
67765,02243826,PRO-PRAVASTATIN (pravastatin sodium 40 mg oral tablet) PRO DOC LIMITEE,PRO-PRAVASTATIN (pravastatine sodique 40 mg comprimé oral) PRO DOC LIMITEE,"Health_Canada_product_name: ""PRAVASTATIN-40"" -> ""PRO-PRAVASTATIN""
mp_formal_name: ""PRAVASTATIN-̲4̲0̲ (pravastatin sodium 40 mg oral tablet) PRO DOC LIMITEE"" -> ""P̲R̲O̲-̲PRAVASTATIN (pravastatin sodium 40 mg oral tablet) PRO DOC LIMITEE""
mp_fr_description: ""PRAVASTATIN-̲4̲0̲ (pravastatine sodique 40 mg comprimé oral) PRO DOC LIMITEE"" -> ""P̲R̲O̲-̲PRAVASTATIN (pravastatine sodique 40 mg comprimé oral) PRO DOC LIMITEE"""
67891,02243948,PUREGON (follitropin beta 833 unit per mL solution for injection) ORGANON CANADA INC.,PUREGON (follitropine bêta 833 unité par mL solution injectable) ORGANON CANADA INC.,ADDED
67995,02244052,KEYSTONE ANTIBACTERIAL FOAM HAND SOAP (triclosan 0.3 % cutaneous liquid) ECOLAB CO,"KEYSTONE ANTIBACTERIAL FOAM HAND SOAP (triclosan 0,3 % liquide cutané) ECOLAB CO",ADDED
68257,02244290,METADOL-D (methadone hydrochloride 10 mg per mL oral solution) ENDO OPERATIONS LTD.,METADOL-D (chlorhydrate de méthadone 10 mg par mL solution orale) ENDO OPERATIONS LTD.,"mp_formal_name: ""METADOL-D (methadone hydrochloride 10 mg per mL oral solution) P̲A̲L̲A̲D̲I̲N̲ ̲P̲H̲A̲R̲M̲A̲ ̲I̲N̲C̲."" -> ""METADOL-D (methadone hydrochloride 10 mg per mL oral solution) E̲N̲D̲O̲ ̲O̲P̲E̲R̲A̲T̲I̲O̲N̲S̲ ̲L̲T̲D̲.""
mp_fr_description: ""METADOL-D (chlorhydrate de méthadone 10 mg par mL solution orale) P̲A̲L̲A̲D̲I̲N̲ ̲P̲H̲A̲R̲M̲A̲ ̲I̲N̲C̲."" -> ""METADOL-D (chlorhydrate de méthadone 10 mg par mL solution orale) E̲N̲D̲O̲ ̲O̲P̲E̲R̲A̲T̲I̲O̲N̲S̲ ̲L̲T̲D̲."""
69856,02245748,DOM-SERTRALINE (sertraline (sertraline hydrochloride) 25 mg oral capsule) DOMINION PHARMACAL,DOM-SERTRALINE (sertraline (chlorhydrate de sertraline) 25 mg capsule orale) DOMINION PHARMACAL,"mp_status_effective_time: ""20210319"" -> ""20250326"""
69857,02245749,DOM-SERTRALINE (sertraline (sertraline hydrochloride) 50 mg oral capsule) DOMINION PHARMACAL,DOM-SERTRALINE (sertraline (chlorhydrate de sertraline) 50 mg capsule orale) DOMINION PHARMACAL,"mp_status_effective_time: ""20210319"" -> ""20250326"""
69858,02245750,DOM-SERTRALINE (sertraline (sertraline hydrochloride) 100 mg oral capsule) DOMINION PHARMACAL,DOM-SERTRALINE (sertraline (chlorhydrate de sertraline) 100 mg capsule orale) DOMINION PHARMACAL,"mp_status_effective_time: ""20210319"" -> ""20250326"""
70601,02246427,KEYSTONE FOAM HAND SANITIZER (benzalkonium chloride 0.1 % cutaneous liquid) ECOLAB CO,"KEYSTONE FOAM HAND SANITIZER (chlorure de benzalkonium 0,1 % liquide cutané) ECOLAB CO",ADDED
71113,02246888,AVAGARD CHG (alcohol anhydrous 61 % and chlorhexidine gluconate 1 % lotion) 3M HEALTHCARE CANADA COMPANY LIMITED,AVAGARD CHG (alcool anhydre 61 % et gluconate de chlorhexidine 1 % lotion) 3M HEALTHCARE CANADA COMPANY LIMITED,ADDED
71619,02247374,METADOL-D (methadone hydrochloride 1 mg per mL oral solution) ENDO OPERATIONS LTD.,METADOL-D (chlorhydrate de méthadone 1 mg par mL solution orale) ENDO OPERATIONS LTD.,"mp_formal_name: ""METADOL-D (methadone hydrochloride 1 mg per mL oral solution) P̲A̲L̲A̲D̲I̲N̲ ̲P̲H̲A̲R̲M̲A̲ ̲I̲N̲C̲."" -> ""METADOL-D (methadone hydrochloride 1 mg per mL oral solution) E̲N̲D̲O̲ ̲O̲P̲E̲R̲A̲T̲I̲O̲N̲S̲ ̲L̲T̲D̲.""
mp_fr_description: ""METADOL-D (chlorhydrate de méthadone 1 mg par mL solution orale) P̲A̲L̲A̲D̲I̲N̲ ̲P̲H̲A̲R̲M̲A̲ ̲I̲N̲C̲."" -> ""METADOL-D (chlorhydrate de méthadone 1 mg par mL solution orale) E̲N̲D̲O̲ ̲O̲P̲E̲R̲A̲T̲I̲O̲N̲S̲ ̲L̲T̲D̲."""
72016,02247735,FAMOTIDINE OMEGA -(WITHOUT PRESERVATIVE) (famotidine 20 mg per 2 mL solution for injection vial) OMEGA LABORATORIES LIMITED,FAMOTIDINE OMEGA -(WITHOUT PRESERVATIVE) (famotidine 20 mg par 2 mL solution injectable fiole) OMEGA LABORATORIES LIMITED,"Health_Canada_product_name: ""FAMOTIDINE OMEGA  -(WITHOUT PRESERVATIVE)"" -> ""FAMOTIDINE OMEGA -(WITHOUT PRESERVATIVE)""
mp_formal_name: ""FAMOTIDINE OMEGA ̲ -(WITHOUT PRESERVATIVE) (famotidine 20 mg per 2 mL solution for injection vial) OMEGA LABORATORIES LIMITED"" -> ""FAMOTIDINE OMEGA -(WITHOUT PRESERVATIVE) (famotidine 20 mg per 2 mL solution for injection vial) OMEGA LABORATORIES LIMITED""
mp_fr_description: ""FAMOTIDINE OMEGA ̲ -(WITHOUT PRESERVATIVE) (famotidine 20 mg par 2 mL solution injectable fiole) OMEGA LABORATORIES LIMITED"" -> ""FAMOTIDINE OMEGA -(WITHOUT PRESERVATIVE) (famotidine 20 mg par 2 mL solution injectable fiole) OMEGA LABORATORIES LIMITED"""
72567,02248231,ADVIL EXTRA STRENGTH LIQUI-GELS (ibuprofen 400 mg oral capsule) HALEON CANADA ULC,ADVIL EXTRA STRENGTH LIQUI-GELS (ibuprofène 400 mg capsule orale) HALEON CANADA ULC,"mp_formal_name: ""ADVIL EXTRA STRENGTH LIQUI-GELS (ibuprofen 400 mg oral capsule) G̲L̲A̲X̲O̲S̲M̲I̲T̲H̲K̲L̲I̲N̲E̲ ̲C̲O̲N̲S̲U̲M̲E̲R̲ ̲H̲E̲A̲L̲T̲H̲C̲A̲R̲E̲ ULC"" -> ""ADVIL EXTRA STRENGTH LIQUI-GELS (ibuprofen 400 mg oral capsule) H̲A̲L̲E̲O̲N̲ ̲C̲A̲N̲A̲D̲A̲ ULC""
mp_fr_description: ""ADVIL EXTRA STRENGTH LIQUI-GELS (ibuprofène 400 mg capsule orale) G̲L̲A̲X̲O̲S̲M̲I̲T̲H̲K̲L̲I̲N̲E̲ ̲C̲O̲N̲S̲U̲M̲E̲R̲ ̲H̲E̲A̲L̲T̲H̲C̲A̲R̲E̲ ULC"" -> ""ADVIL EXTRA STRENGTH LIQUI-GELS (ibuprofène 400 mg capsule orale) H̲A̲L̲E̲O̲N̲ ̲C̲A̲N̲A̲D̲A̲ ULC"""
72798,02248447,DOM-PAROXETINE (paroxetine (paroxetine hydrochloride acetone solvate) 10 mg oral tablet) DOMINION PHARMACAL,"DOM-PAROXETINE (paroxétine (chlorhydrate de paroxétine, solvate d'acétone) 10 mg comprimé oral) DOMINION PHARMACAL","mp_status_effective_time: ""20170803"" -> ""20250331"""
72799,02248448,DOM-PAROXETINE (paroxetine (paroxetine hydrochloride acetone solvate) 20 mg oral tablet) DOMINION PHARMACAL,"DOM-PAROXETINE (paroxétine (chlorhydrate de paroxétine, solvate d'acétone) 20 mg comprimé oral) DOMINION PHARMACAL","mp_status_effective_time: ""20180802"" -> ""20250331"""
72800,02248449,DOM-PAROXETINE (paroxetine (paroxetine hydrochloride acetone solvate) 30 mg oral tablet) DOMINION PHARMACAL,"DOM-PAROXETINE (paroxétine (chlorhydrate de paroxétine, solvate d'acétone) 30 mg comprimé oral) DOMINION PHARMACAL","mp_status_effective_time: ""20180802"" -> ""20250331"""
73309,02248934,BICARBONATE CONCENTRATE B38 (sodium bicarbonate 80.7 g per l solution for haemodialysis) CHIEF MEDICAL SUPPLIES LTD,"BICARBONATE CONCENTRATE B38 (bicarbonate de sodium 80,7 g par l solution pour hémodialyse) CHIEF MEDICAL SUPPLIES LTD",ADDED
73418,02249340,ANTIBACTERIAL LOTION SOAP (triclosan 0.4 % NA) CHARLOTTE PRODUCTS LTD.,"ANTIBACTERIAL LOTION SOAP (triclosan 0,4 % NA) CHARLOTTE PRODUCTS LTD.",ADDED
74862,02263238,CIPRALEX  -10MG (escitalopram (escitalopram oxalate) 10 mg oral tablet) LUNDBECK CANADA INC,CIPRALEX  -10MG (escitalopram (oxalate d'escitalopram) 10 mg comprimé oral) LUNDBECK CANADA INC,"Health_Canada_product_name: ""CIPRALEX   -10MG"" -> ""CIPRALEX  -10MG""
mp_formal_name: ""CIPRALEX ̲  -10MG (escitalopram (escitalopram oxalate) 10 mg oral tablet) LUNDBECK CANADA INC"" -> ""CIPRALEX  -10MG (escitalopram (escitalopram oxalate) 10 mg oral tablet) LUNDBECK CANADA INC""
mp_fr_description: ""CIPRALEX ̲  -10MG (escitalopram (oxalate d'escitalopram) 10 mg comprimé oral) LUNDBECK CANADA INC"" -> ""CIPRALEX  -10MG (escitalopram (oxalate d'escitalopram) 10 mg comprimé oral) LUNDBECK CANADA INC"""
74864,02263254,CIPRALEX  -20MG (escitalopram (escitalopram oxalate) 20 mg oral tablet) LUNDBECK CANADA INC,CIPRALEX  -20MG (escitalopram (oxalate d'escitalopram) 20 mg comprimé oral) LUNDBECK CANADA INC,"Health_Canada_product_name: ""CIPRALEX   -20MG"" -> ""CIPRALEX  -20MG""
mp_formal_name: ""CIPRALEX ̲  -20MG (escitalopram (escitalopram oxalate) 20 mg oral tablet) LUNDBECK CANADA INC"" -> ""CIPRALEX  -20MG (escitalopram (escitalopram oxalate) 20 mg oral tablet) LUNDBECK CANADA INC""
mp_fr_description: ""CIPRALEX ̲  -20MG (escitalopram (oxalate d'escitalopram) 20 mg comprimé oral) LUNDBECK CANADA INC"" -> ""CIPRALEX  -20MG (escitalopram (oxalate d'escitalopram) 20 mg comprimé oral) LUNDBECK CANADA INC"""
75279,02267365,INO-F-SAN INSTANT HAND SANITIZER (benzethonium chloride 0.2 % cutaneous liquid) GROUPE DISSAN INC.,"INO-F-SAN INSTANT HAND SANITIZER (chlorure de benzéthonium 0,2 % liquide cutané) GROUPE DISSAN INC.",ADDED
75280,02267373,INO-F ANTIBAC ANTIBACTERIAL HAND SOAP (triclosan 0.5 % cutaneous liquid) GROUPE DISSAN INC.,"INO-F ANTIBAC ANTIBACTERIAL HAND SOAP (triclosan 0,5 % liquide cutané) GROUPE DISSAN INC.",ADDED
75580,02270420,SOAPOPULAR (benzalkonium chloride 0.15 % cutaneous liquid) SOAPOPULAR INC,"SOAPOPULAR (chlorure de benzalkonium 0,15 % liquide cutané) SOAPOPULAR INC",ADDED
75829,02272792,NYQUIL COLD & FLU LIQUICAPS (acetaminophen 325 mg and dextromethorphan hydrobromide 15 mg and doxylamine succinate 6.25 mg oral capsule) PROCTER & GAMBLE INC,"NYQUIL COLD & FLU LIQUICAPS (acétaminophène 325 mg et bromhydrate de dextrométhorphane 15 mg et succinate de doxylamine 6,25 mg capsule orale) PROCTER & GAMBLE INC","Health_Canada_product_name: ""VICKS NYQUIL LIQUICAPS COLD & FLU MULTI-SYMPTOM RELIEF"" -> ""NYQUIL COLD & FLU LIQUICAPS""
mp_formal_name: ""V̲I̲C̲K̲S̲ ̲N̲Y̲Q̲U̲I̲L̲ ̲L̲I̲Q̲U̲I̲C̲A̲P̲S̲ ̲C̲O̲L̲D̲ ̲&̲ ̲F̲L̲U̲ ̲M̲U̲L̲T̲I̲-̲S̲Y̲M̲P̲T̲O̲M̲ ̲R̲E̲L̲I̲E̲F̲ (acetaminophen 325 mg and dextromethorphan hydrobromide 15 mg and doxylamine succinate 6.25 mg oral capsule) PROCTER & GAMBLE INC"" -> ""N̲Y̲Q̲U̲I̲L̲ ̲C̲O̲L̲D̲ ̲&̲ ̲F̲L̲U̲ ̲L̲I̲Q̲U̲I̲C̲A̲P̲S̲ (acetaminophen 325 mg and dextromethorphan hydrobromide 15 mg and doxylamine succinate 6.25 mg oral capsule) PROCTER & GAMBLE INC""
mp_fr_description: ""V̲I̲C̲K̲S̲ ̲N̲Y̲Q̲U̲I̲L̲ ̲L̲I̲Q̲U̲I̲C̲A̲P̲S̲ ̲C̲O̲L̲D̲ ̲&̲ ̲F̲L̲U̲ ̲M̲U̲L̲T̲I̲-̲S̲Y̲M̲P̲T̲O̲M̲ ̲R̲E̲L̲I̲E̲F̲ (acétaminophène 325 mg et bromhydrate de dextrométhorphane 15 mg et succinate de doxylamine 6,25 mg capsule orale) PROCTER & GAMBLE INC"" -> ""N̲Y̲Q̲U̲I̲L̲ ̲C̲O̲L̲D̲ ̲&̲ ̲F̲L̲U̲ ̲L̲I̲Q̲U̲I̲C̲A̲P̲S̲ (acétaminophène 325 mg et bromhydrate de dextrométhorphane 15 mg et succinate de doxylamine 6,25 mg capsule orale) PROCTER & GAMBLE INC"""
76258,02276917,QUICK CLEAN (chloroxylenol 1 % cutaneous gel) SPRAKITA PRODUCTS,QUICK CLEAN (chloroxylénol 1 % gel cutané) SPRAKITA PRODUCTS,ADDED
76502,02279436,ONDANSETRON INJECTION USP   -(WITH PRESERVATIVE) (ondansetron (ondansetron hydrochloride dihydrate) 2 mg per mL solution for injection 20 mL vial) SANDOZ CANADA INCORPORATED,ONDANSETRON INJECTION USP   -(WITH PRESERVATIVE) (ondansétron (chlorhydrate d'ondansétron dihydraté) 2 mg par mL solution injectable 20 mL fiole) SANDOZ CANADA INCORPORATED,"Health_Canada_product_name: ""ONDANSETRON INJECTION USP     -(WITH PRESERVATIVE)"" -> ""ONDANSETRON INJECTION USP   -(WITH PRESERVATIVE)""
mp_formal_name: ""ONDANSETRON INJECTION USP ̲ ̲   -(WITH PRESERVATIVE) (ondansetron (ondansetron hydrochloride dihydrate) 2 mg per mL solution for injection 20 mL vial) SANDOZ CANADA INCORPORATED"" -> ""ONDANSETRON INJECTION USP   -(WITH PRESERVATIVE) (ondansetron (ondansetron hydrochloride dihydrate) 2 mg per mL solution for injection 20 mL vial) SANDOZ CANADA INCORPORATED""
mp_fr_description: ""ONDANSETRON INJECTION USP ̲ ̲   -(WITH PRESERVATIVE) (ondansétron (chlorhydrate d'ondansétron dihydraté) 2 mg par mL solution injectable 20 mL fiole) SANDOZ CANADA INCORPORATED"" -> ""ONDANSETRON INJECTION USP   -(WITH PRESERVATIVE) (ondansétron (chlorhydrate d'ondansétron dihydraté) 2 mg par mL solution injectable 20 mL fiole) SANDOZ CANADA INCORPORATED"""
76654,02280884,HEMA BP-38 (sodium bicarbonate 6 kg per container powder for concentrate for solution for haemodialysis) CHIEF MEDICAL SUPPLIES LTD,HEMA BP-38 (bicarbonate de sodium 6 kg par récipient poudre pour solution à diluer pour solution pour hémodialyse) CHIEF MEDICAL SUPPLIES LTD,ADDED
76673,02281066,ABRAXANE FOR INJECTABLE SUSPENSION (paclitaxel 100 mg per vial powder for suspension for injection) BRISTOL-MYERS SQUIBB CANADA,ABRAXANE FOR INJECTABLE SUSPENSION (paclitaxel 100 mg par fiole poudre pour suspension injectable) BRISTOL-MYERS SQUIBB CANADA,ADDED
76939,02283816,ANTIBACTERIAL CLEAN & SMOOTH (triclosan 0.3 % cutaneous solution) ECOLAB CO,"ANTIBACTERIAL CLEAN & SMOOTH (triclosan 0,3 % solution pour application cutanée) ECOLAB CO",ADDED
77627,02290855,X3 CLEAN GERM ATTACK HAND SANITIZER (benzalkonium chloride 0.13 % cutaneous solution) NATURAL ESSENTIALS INC,"X3 CLEAN GERM ATTACK HAND SANITIZER (chlorure de benzalkonium 0,13 % solution pour application cutanée) NATURAL ESSENTIALS INC",ADDED
77957,02294222,MYCAMINE (micafungin sodium 50 mg per vial powder for solution for injection) ASTELLAS PHARMA CANADA INC,MYCAMINE (micafungine sodique 50 mg par fiole poudre pour solution injectable) ASTELLAS PHARMA CANADA INC,DELETED
78001,02294664,OCTAPLEX (coagulation factor ii (human) 760 unit per vial and coagulation factor IX human 500 unit per vial and coagulation factor vii (human) 480 unit per vial and coagulation factor x (human) 600 unit per vial and protein c 620 unit per vial and protein s 640 unit per vial NA) OCTAPHARMA PHARMAZEUTIKA PRODUKTIONSGES M B H,OCTAPLEX (facteur II de coagulation humain 760 unité par fiole et facteur IX de coagulation humain 500 unité par fiole et facteur VII de coagulation humain 480 unité par fiole et facteur X de coagulation humain 600 unité par fiole et protéine c 620 unité par fiole et protéine s 640 unité par fiole NA) OCTAPHARMA PHARMAZEUTIKA PRODUKTIONSGES M B H,ADDED
78842,02303094,HEPARIN SODIUM INJECTION USP     (SINGLE USE VIAL-PRESERVATIVE FREE) (heparin sodium 10000 unit per 1 mL solution for injection vial) SANDOZ CANADA INCORPORATED,HEPARIN SODIUM INJECTION USP     (SINGLE USE VIAL-PRESERVATIVE FREE) (héparine sodique 10000 unité par 1 mL solution injectable fiole) SANDOZ CANADA INCORPORATED,"Health_Canada_product_name: ""HEPARIN SODIUM INJECTION USP         (SINGLE USE VIAL-PRESERVATIVE FREE)"" -> ""HEPARIN SODIUM INJECTION USP     (SINGLE USE VIAL-PRESERVATIVE FREE)""
mp_formal_name: ""HEPARIN SODIUM INJECTION USP ̲ ̲ ̲ ̲     (SINGLE USE VIAL-PRESERVATIVE FREE) (heparin sodium 10000 unit per 1 mL solution for injection vial) SANDOZ CANADA INCORPORATED"" -> ""HEPARIN SODIUM INJECTION USP     (SINGLE USE VIAL-PRESERVATIVE FREE) (heparin sodium 10000 unit per 1 mL solution for injection vial) SANDOZ CANADA INCORPORATED""
mp_fr_description: ""HEPARIN SODIUM INJECTION USP ̲ ̲ ̲ ̲     (SINGLE USE VIAL-PRESERVATIVE FREE) (héparine sodique 10000 unité par 1 mL solution injectable fiole) SANDOZ CANADA INCORPORATED"" -> ""HEPARIN SODIUM INJECTION USP     (SINGLE USE VIAL-PRESERVATIVE FREE) (héparine sodique 10000 unité par 1 mL solution injectable fiole) SANDOZ CANADA INCORPORATED"""
78942,02304112,"WET ONES (benzethonium chloride 0.3 % wipe) EDGEWELL PERSONAL CARE CANADA, ULC","WET ONES (chlorure de benzéthonium 0,3 % lingette) EDGEWELL PERSONAL CARE CANADA, ULC",ADDED
79665,02311054,MYCAMINE (micafungin sodium 100 mg per vial powder for solution for injection) SANDOZ CANADA INCORPORATED,MYCAMINE (micafungine sodique 100 mg par fiole poudre pour solution injectable) SANDOZ CANADA INCORPORATED,"mp_formal_name: ""MYCAMINE (micafungin sodium 100 mg per vial powder for solution for injection) A̲S̲T̲E̲L̲L̲A̲S̲ ̲P̲H̲A̲R̲M̲A̲ ̲C̲A̲N̲A̲D̲A̲ ̲I̲N̲C̲"" -> ""MYCAMINE (micafungin sodium 100 mg per vial powder for solution for injection) S̲A̲N̲D̲O̲Z̲ ̲C̲A̲N̲A̲D̲A̲ ̲I̲N̲C̲O̲R̲P̲O̲R̲A̲T̲E̲D̲""
mp_fr_description: ""MYCAMINE (micafungine sodique 100 mg par fiole poudre pour solution injectable) A̲S̲T̲E̲L̲L̲A̲S̲ ̲P̲H̲A̲R̲M̲A̲ ̲C̲A̲N̲A̲D̲A̲ ̲I̲N̲C̲"" -> ""MYCAMINE (micafungine sodique 100 mg par fiole poudre pour solution injectable) S̲A̲N̲D̲O̲Z̲ ̲C̲A̲N̲A̲D̲A̲ ̲I̲N̲C̲O̲R̲P̲O̲R̲A̲T̲E̲D̲"""
79962,02314126,PHENREX MVD (chloroxylenol 0.6 % cutaneous solution) IMREX INC.,"PHENREX MVD (chloroxylénol 0,6 % solution pour application cutanée) IMREX INC.",ADDED
80363,02318121,ROCURONIUM BROMIDE INJECTION (rocuronium bromide 50 mg per 5 mL solution for injection vial) PFIZER CANADA ULC,ROCURONIUM BROMIDE INJECTION (bromure de rocuronium 50 mg par 5 mL solution injectable fiole) PFIZER CANADA ULC,DELETED
81095,02325586,BIBAG (sodium bicarbonate 650 g per bag powder for concentrate for solution for haemodialysis) FRESENIUS MEDICAL CARE CANADA INC,BIBAG (bicarbonate de sodium 650 g par sac poudre pour solution à diluer pour solution pour hémodialyse) FRESENIUS MEDICAL CARE CANADA INC,ADDED
81113,02325772,HEMACART (sodium bicarbonate 650 g per cartridge powder for concentrate for solution for haemodialysis) CHIEF MEDICAL SUPPLIES LTD,HEMACART (bicarbonate de sodium 650 g par cartouche poudre pour solution à diluer pour solution pour hémodialyse) CHIEF MEDICAL SUPPLIES LTD,ADDED
83971,02354543,LORIS 0.13% BZK (benzalkonium chloride 0.13 % wipe) LERNAPHARM (LORIS) INC.,"LORIS 0.13% BZK (chlorure de benzalkonium 0,13 % lingette) LERNAPHARM (LORIS) INC.",ADDED
84093,02355736,BENZALKONIUM CHLORIDE ANTISEPTIC TOWELETTE (benzalkonium chloride 0.13 % wipe) CANADIAN CUSTOM PACKAGING COMPANY,"BENZALKONIUM CHLORIDE ANTISEPTIC TOWELETTE (chlorure de benzalkonium 0,13 % lingette) CANADIAN CUSTOM PACKAGING COMPANY",ADDED
84232,02357194,JAMP-AMLODIPINE (amlodipine (amlodipine besylate) 5 mg oral tablet) JAMP PHARMA CORPORATION,JAMP-AMLODIPINE (amlodipine (bésylate d'amlodipine) 5 mg comprimé oral) JAMP PHARMA CORPORATION,"mp_status: ""INACTIVE"" -> ""ACTIVE""
mp_status_effective_time: ""20240731"" -> ""20110127"""
84428,02359251,BERIPLEX P/N 500 (coagulation factor ii (human) 800 unit and coagulation factor IX human 620 unit and coagulation factor vii (human) 500 unit and coagulation factor x (human) 1020 unit and protein c 820 unit and protein s 680 unit powder for solution for injection) CSL BEHRING CANADA INC,BERIPLEX P/N 500 (facteur II de coagulation humain 800 unité et facteur IX de coagulation humain 620 unité et facteur VII de coagulation humain 500 unité et facteur X de coagulation humain 1020 unité et protéine c 820 unité et protéine s 680 unité poudre pour solution injectable) CSL BEHRING CANADA INC,ADDED
85029,02365383,APO-FINASTERIDE (finasteride 5 mg oral tablet) APOTEX INC,APO-FINASTERIDE (finastéride 5 mg comprimé oral) APOTEX INC,DELETED
85113,02366282,PRO-LANSOPRAZOLE (lansoprazole 30 mg gastro-resistant capsule) PRO DOC LIMITEE,PRO-LANSOPRAZOLE (lansoprazole 30 mg capsule gastrorésistante) PRO DOC LIMITEE,"Health_Canada_product_name: ""LANSOPRAZOLE"" -> ""PRO-LANSOPRAZOLE""
mp_formal_name: ""LANSOPRAZOLE (lansoprazole 30 mg gastro-resistant capsule) PRO DOC LIMITEE"" -> ""P̲R̲O̲-̲LANSOPRAZOLE (lansoprazole 30 mg gastro-resistant capsule) PRO DOC LIMITEE""
mp_fr_description: ""LANSOPRAZOLE (lansoprazole 30 mg capsule gastrorésistante) PRO DOC LIMITEE"" -> ""P̲R̲O̲-̲LANSOPRAZOLE (lansoprazole 30 mg capsule gastrorésistante) PRO DOC LIMITEE"""
85450,02369575,X3 ON-THE-GO ANTISEPTIC SPRAY (benzalkonium chloride 0.13 % cutaneous spray) NATURAL ESSENTIALS INC,"X3 ON-THE-GO ANTISEPTIC SPRAY (chlorure de benzalkonium 0,13 % vaporisation cutanée) NATURAL ESSENTIALS INC",ADDED
85902,02373807,H.E.L.P. ACETATE BUFFER PH 4.85 (acetic acid 6.82 g per l and sodium acetate 27.22 g per l solution for haemodialysis) B. BRAUN AVITUM AG,"H.E.L.P. ACETATE BUFFER PH 4.85 (acide acétique 6,82 g par l et acétate de sodium 27,22 g par l solution pour hémodialyse) B. BRAUN AVITUM AG",ADDED
87315,02387549,CALCIUM CHLORIDE FOR HAEMODIALYSIS (calcium chloride 7.45 g per vial powder for concentrate for solution for haemodialysis) CHIEF MEDICAL SUPPLIES LTD,"CALCIUM CHLORIDE FOR HAEMODIALYSIS (chlorure de calcium 7,45 g par fiole poudre pour solution à diluer pour solution pour hémodialyse) CHIEF MEDICAL SUPPLIES LTD",ADDED
87502,02389517,SPC-MONTELUKAST (montelukast (montelukast sodium) 10 mg oral tablet) SUN PHARMA CANADA INC,SPC-MONTELUKAST (montélukast (montélukast sodique) 10 mg comprimé oral) SUN PHARMA CANADA INC,"Health_Canada_product_name: ""TARO-MONTELUKAST"" -> ""SPC-MONTELUKAST""
mp_formal_name: ""T̲A̲R̲O̲-MONTELUKAST (montelukast (montelukast sodium) 10 mg oral tablet) SUN PHARMA CANADA INC"" -> ""S̲P̲C̲-MONTELUKAST (montelukast (montelukast sodium) 10 mg oral tablet) SUN PHARMA CANADA INC""
mp_fr_description: ""T̲A̲R̲O̲-MONTELUKAST (montélukast (montélukast sodique) 10 mg comprimé oral) SUN PHARMA CANADA INC"" -> ""S̲P̲C̲-MONTELUKAST (montélukast (montélukast sodique) 10 mg comprimé oral) SUN PHARMA CANADA INC"""
87817,02392909,MAR-FLUOXETINE (fluoxetine (fluoxetine hydrochloride) 10 mg oral capsule) MARCAN PHARMACEUTICALS INC,MAR-FLUOXETINE (fluoxétine (chlorhydrate de fluoxétine) 10 mg capsule orale) MARCAN PHARMACEUTICALS INC,"mp_status: ""INACTIVE"" -> ""ACTIVE""
mp_status_effective_time: ""20241021"" -> ""20130507"""
87818,02392917,MAR-FLUOXETINE (fluoxetine (fluoxetine hydrochloride) 20 mg oral capsule) MARCAN PHARMACEUTICALS INC,MAR-FLUOXETINE (fluoxétine (chlorhydrate de fluoxétine) 20 mg capsule orale) MARCAN PHARMACEUTICALS INC,"mp_status: ""INACTIVE"" -> ""ACTIVE""
mp_status_effective_time: ""20241021"" -> ""20130627"""
88424,02399350,HAND SANITIZING WIPES (benzalkonium chloride 0.12 % wipe) ATHEA LABORATORIES INC,"HAND SANITIZING WIPES (chlorure de benzalkonium 0,12 % lingette) ATHEA LABORATORIES INC",ADDED
88701,02402149,ACNE TREATMENT SYSTEM (benzoyl peroxide 5 % and salicylic acid 2 % NA) VIVIER CANADA INCORPORATED,ACNE TREATMENT SYSTEM (peroxyde de benzoyle 5 % et acide salicylique 2 % NA) VIVIER CANADA INCORPORATED,ADDED
88822,02403412,HUMALOG (KWIKPEN) (insulin lispro 100 unit per mL solution for injection 3 mL pen) ELI LILLY CANADA INC,HUMALOG (KWIKPEN) (insuline lispro 100 unité par mL solution injectable 3 mL stylo) ELI LILLY CANADA INC,"Health_Canada_product_name: ""HUMALOG  (KWIKPEN)"" -> ""HUMALOG (KWIKPEN)""
mp_formal_name: ""HUMALOG ̲ (KWIKPEN) (insulin lispro 100 unit per mL solution for injection 3 mL pen) ELI LILLY CANADA INC"" -> ""HUMALOG (KWIKPEN) (insulin lispro 100 unit per mL solution for injection 3 mL pen) ELI LILLY CANADA INC""
mp_fr_description: ""HUMALOG ̲ (KWIKPEN) (insuline lispro 100 unité par mL solution injectable 3 mL stylo) ELI LILLY CANADA INC"" -> ""HUMALOG (KWIKPEN) (insuline lispro 100 unité par mL solution injectable 3 mL stylo) ELI LILLY CANADA INC"""
88823,02403420,HUMALOG MIX 25 (KWIKPEN) (insulin lispro 25 unit per mL and insulin lispro protamine 75 unit per mL suspension for injection 3 mL pen) ELI LILLY CANADA INC,HUMALOG MIX 25 (KWIKPEN) (insuline lispro 25 unité par mL et insuline lispro protamine 75 unité par mL suspension injectable 3 mL stylo) ELI LILLY CANADA INC,"Health_Canada_product_name: ""HUMALOG MIX 25  (KWIKPEN)"" -> ""HUMALOG MIX 25 (KWIKPEN)""
mp_formal_name: ""HUMALOG MIX 25 ̲ (KWIKPEN) (insulin lispro 25 unit per mL and insulin lispro protamine 75 unit per mL suspension for injection 3 mL pen) ELI LILLY CANADA INC"" -> ""HUMALOG MIX 25 (KWIKPEN) (insulin lispro 25 unit per mL and insulin lispro protamine 75 unit per mL suspension for injection 3 mL pen) ELI LILLY CANADA INC""
mp_fr_description: ""HUMALOG MIX 25 ̲ (KWIKPEN) (insuline lispro 25 unité par mL et insuline lispro protamine 75 unité par mL suspension injectable 3 mL stylo) ELI LILLY CANADA INC"" -> ""HUMALOG MIX 25 (KWIKPEN) (insuline lispro 25 unité par mL et insuline lispro protamine 75 unité par mL suspension injectable 3 mL stylo) ELI LILLY CANADA INC"""
88824,02403439,HUMALOG MIX 50 (KWIKPEN) (insulin lispro 50 unit per mL and insulin lispro protamine 50 unit per mL suspension for injection 3 mL pen) ELI LILLY CANADA INC,HUMALOG MIX 50 (KWIKPEN) (insuline lispro 50 unité par mL et insuline lispro protamine 50 unité par mL suspension injectable 3 mL stylo) ELI LILLY CANADA INC,"Health_Canada_product_name: ""HUMALOG MIX 50  (KWIKPEN)"" -> ""HUMALOG MIX 50 (KWIKPEN)""
mp_formal_name: ""HUMALOG MIX 50 ̲ (KWIKPEN) (insulin lispro 50 unit per mL and insulin lispro protamine 50 unit per mL suspension for injection 3 mL pen) ELI LILLY CANADA INC"" -> ""HUMALOG MIX 50 (KWIKPEN) (insulin lispro 50 unit per mL and insulin lispro protamine 50 unit per mL suspension for injection 3 mL pen) ELI LILLY CANADA INC""
mp_fr_description: ""HUMALOG MIX 50 ̲ (KWIKPEN) (insuline lispro 50 unité par mL et insuline lispro protamine 50 unité par mL suspension injectable 3 mL stylo) ELI LILLY CANADA INC"" -> ""HUMALOG MIX 50 (KWIKPEN) (insuline lispro 50 unité par mL et insuline lispro protamine 50 unité par mL suspension injectable 3 mL stylo) ELI LILLY CANADA INC"""
88828,02403471,PURELL SANITIZING WIPES (benzalkonium chloride 0.13 % wipe) GOJO CANADA INC,"PURELL SANITIZING WIPES (chlorure de benzalkonium 0,13 % lingette) GOJO CANADA INC",ADDED
88829,02403498,BICART (sodium bicarbonate 720 g per cartridge powder for concentrate for solution for haemodialysis) VANTIVE ULC,BICART (bicarbonate de sodium 720 g par cartouche poudre pour solution à diluer pour solution pour hémodialyse) VANTIVE ULC,ADDED
88830,02403501,BICART (sodium bicarbonate 1250 g per cartridge powder for concentrate for solution for haemodialysis) VANTIVE ULC,BICART (bicarbonate de sodium 1250 g par cartouche poudre pour solution à diluer pour solution pour hémodialyse) VANTIVE ULC,ADDED
89148,02406802,SOFTSOAP ANTIBACTERIAL (benzalkonium chloride 0.13 % cutaneous solution) COLGATE-PALMOLIVE CANADA INC,"SOFTSOAP ANTIBACTERIAL (chlorure de benzalkonium 0,13 % solution pour application cutanée) COLGATE-PALMOLIVE CANADA INC",ADDED
89540,02410826,BERIPLEX P/N 1000 (coagulation factor ii (human) 1600 unit and coagulation factor IX human 1240 unit and coagulation factor vii (human) 1000 unit and coagulation factor x (human) 2040 unit and protein c 1640 unit and protein s 1360 unit powder for solution for injection) CSL BEHRING CANADA INC,BERIPLEX P/N 1000 (facteur II de coagulation humain 1600 unité et facteur IX de coagulation humain 1240 unité et facteur VII de coagulation humain 1000 unité et facteur X de coagulation humain 2040 unité et protéine c 1640 unité et protéine s 1360 unité poudre pour solution injectable) CSL BEHRING CANADA INC,ADDED
90021,02415623,ADVIL ARTHRITIS PAIN (ibuprofen 400 mg oral capsule) HALEON CANADA ULC,ADVIL ARTHRITIS PAIN (ibuprofène 400 mg capsule orale) HALEON CANADA ULC,"mp_formal_name: ""ADVIL ARTHRITIS PAIN (ibuprofen 400 mg oral capsule) G̲L̲A̲X̲O̲S̲M̲I̲T̲H̲K̲L̲I̲N̲E̲ ̲C̲O̲N̲S̲U̲M̲E̲R̲ ̲H̲E̲A̲L̲T̲H̲C̲A̲R̲E̲ ULC"" -> ""ADVIL ARTHRITIS PAIN (ibuprofen 400 mg oral capsule) H̲A̲L̲E̲O̲N̲ ̲C̲A̲N̲A̲D̲A̲ ULC""
mp_fr_description: ""ADVIL ARTHRITIS PAIN (ibuprofène 400 mg capsule orale) G̲L̲A̲X̲O̲S̲M̲I̲T̲H̲K̲L̲I̲N̲E̲ ̲C̲O̲N̲S̲U̲M̲E̲R̲ ̲H̲E̲A̲L̲T̲H̲C̲A̲R̲E̲ ULC"" -> ""ADVIL ARTHRITIS PAIN (ibuprofène 400 mg capsule orale) H̲A̲L̲E̲O̲N̲ ̲C̲A̲N̲A̲D̲A̲ ULC"""
90493,02420333,AA-ADEFOVIR (adefovir dipivoxil 10 mg oral tablet) AA PHARMA INC,AA-ADEFOVIR (adéfovir dipivoxil 10 mg comprimé oral) AA PHARMA INC,DELETED
90800,02423294,MINT-GLICLAZIDE MR (gliclazide 60 mg prolonged-release oral tablet) MINT PHARMACEUTICALS INC,MINT-GLICLAZIDE MR (gliclazide 60 mg comprimé oral à libération prolongée) MINT PHARMACEUTICALS INC,"mp_status: ""INACTIVE"" -> ""ACTIVE""
mp_status_effective_time: ""20210305"" -> ""20161114"""
91232,02427826,APO-EZETIMIBE (ezetimibe 10 mg oral tablet) APOTEX INC,APO-EZETIMIBE (ézétimibe 10 mg comprimé oral) APOTEX INC,DELETED
91571,02431297,GABAPENTIN (gabapentin 800 mg oral tablet) SANIS HEALTH INC,GABAPENTIN (gabapentine 800 mg comprimé oral) SANIS HEALTH INC,DELETED
91926,02434970,OCTAPLEX (coagulation factor ii (human) 1520 unit per vial and coagulation factor IX human 1000 unit per vial and coagulation factor vii (human) 960 unit per vial and coagulation factor x (human) 1200 unit per vial and protein c 1240 unit per vial and protein s 1280 unit per vial NA) OCTAPHARMA PHARMAZEUTIKA PRODUKTIONSGES M B H,OCTAPLEX (facteur II de coagulation humain 1520 unité par fiole et facteur IX de coagulation humain 1000 unité par fiole et facteur VII de coagulation humain 960 unité par fiole et facteur X de coagulation humain 1200 unité par fiole et protéine c 1240 unité par fiole et protéine s 1280 unité par fiole NA) OCTAPHARMA PHARMAZEUTIKA PRODUKTIONSGES M B H,ADDED
92173,02437384,PURELL HAND SANITIZING WIPES (benzalkonium chloride 0.13 % wipe) GOJO CANADA INC,"PURELL HAND SANITIZING WIPES (chlorure de benzalkonium 0,13 % lingette) GOJO CANADA INC",ADDED
92481,02440458,PURKLENZ (chloroxylenol 3 % cutaneous liquid) PURKLENZ FORMULATIONS INC,PURKLENZ (chloroxylénol 3 % liquide cutané) PURKLENZ FORMULATIONS INC,ADDED
92527,02440903,TREKSAFE (benzalkonium chloride 0.13 % wipe) ZHEJIANGH HONGYU MEDICAL COMMODITY CO LTD,"TREKSAFE (chlorure de benzalkonium 0,13 % lingette) ZHEJIANGH HONGYU MEDICAL COMMODITY CO LTD",ADDED
92774,02443163,"ALOE-CARE ANTIBACTERIAL LOTION SOAP, BENZALKONIUM CHLORIDE LOTION 0.13% W/W (benzalkonium chloride 0.13 % lotion) CANADIAN CUSTOM PACKAGING COMPANY","ALOE-CARE ANTIBACTERIAL LOTION SOAP, BENZALKONIUM CHLORIDE LOTION 0.13% W/W (chlorure de benzalkonium 0,13 % lotion) CANADIAN CUSTOM PACKAGING COMPANY",ADDED
92785,02443252,KLEENEX FOAM HAND SANITIZER (benzalkonium chloride 0.13 % cutaneous solution) KIMBERLY-CLARK GLOBAL SALES LLC,"KLEENEX FOAM HAND SANITIZER (chlorure de benzalkonium 0,13 % solution pour application cutanée) KIMBERLY-CLARK GLOBAL SALES LLC",ADDED
93459,02448866,SOFT CARE DEFEND FOAM (chloroxylenol 1 % cutaneous solution) DIVERSEY INC,SOFT CARE DEFEND FOAM (chloroxylénol 1 % solution pour application cutanée) DIVERSEY INC,ADDED
93526,02449420,SOFT CARE DEFEND (chloroxylenol 1 % cutaneous solution) DIVERSEY INC,SOFT CARE DEFEND (chloroxylénol 1 % solution pour application cutanée) DIVERSEY INC,ADDED
94646,02459272,HAND SANITIZER FOAM (benzalkonium chloride 0.13 % cutaneous solution) EMPACK SPRAYTECH INC,"HAND SANITIZER FOAM (chlorure de benzalkonium 0,13 % solution pour application cutanée) EMPACK SPRAYTECH INC",ADDED
95283,02464705,PROCYSBI (cysteamine (cysteamine bitartrate) 25 mg gastro-resistant capsule) AMGEN CANADA INC,PROCYSBI (cystéamine (bitartrate de cystéamine) 25 mg capsule gastrorésistante) AMGEN CANADA INC,"mp_formal_name: ""PROCYSBI (cysteamine (cysteamine bitartrate) 25 mg gastro-resistant capsule) H̲O̲R̲I̲Z̲O̲N̲ ̲T̲H̲E̲R̲A̲P̲E̲U̲T̲I̲C̲S̲ ̲I̲R̲E̲L̲A̲N̲D̲ ̲D̲A̲C"" -> ""PROCYSBI (cysteamine (cysteamine bitartrate) 25 mg gastro-resistant capsule) A̲M̲G̲E̲N̲ ̲C̲A̲N̲A̲D̲A̲ ̲I̲N̲C""
mp_fr_description: ""PROCYSBI (cystéamine (bitartrate de cystéamine) 25 mg capsule gastrorésistante) H̲O̲R̲I̲Z̲O̲N̲ ̲T̲H̲E̲R̲A̲P̲E̲U̲T̲I̲C̲S̲ ̲I̲R̲E̲L̲A̲N̲D̲ ̲D̲A̲C"" -> ""PROCYSBI (cystéamine (bitartrate de cystéamine) 25 mg capsule gastrorésistante) A̲M̲G̲E̲N̲ ̲C̲A̲N̲A̲D̲A̲ ̲I̲N̲C"""
95284,02464713,PROCYSBI (cysteamine (cysteamine bitartrate) 75 mg gastro-resistant capsule) AMGEN CANADA INC,PROCYSBI (cystéamine (bitartrate de cystéamine) 75 mg capsule gastrorésistante) AMGEN CANADA INC,"mp_formal_name: ""PROCYSBI (cysteamine (cysteamine bitartrate) 75 mg gastro-resistant capsule) H̲O̲R̲I̲Z̲O̲N̲ ̲T̲H̲E̲R̲A̲P̲E̲U̲T̲I̲C̲S̲ ̲I̲R̲E̲L̲A̲N̲D̲ ̲D̲A̲C"" -> ""PROCYSBI (cysteamine (cysteamine bitartrate) 75 mg gastro-resistant capsule) A̲M̲G̲E̲N̲ ̲C̲A̲N̲A̲D̲A̲ ̲I̲N̲C""
mp_fr_description: ""PROCYSBI (cystéamine (bitartrate de cystéamine) 75 mg capsule gastrorésistante) H̲O̲R̲I̲Z̲O̲N̲ ̲T̲H̲E̲R̲A̲P̲E̲U̲T̲I̲C̲S̲ ̲I̲R̲E̲L̲A̲N̲D̲ ̲D̲A̲C"" -> ""PROCYSBI (cystéamine (bitartrate de cystéamine) 75 mg capsule gastrorésistante) A̲M̲G̲E̲N̲ ̲C̲A̲N̲A̲D̲A̲ ̲I̲N̲C"""
95295,02464802,DIAL FOAMING ANTIBACTERIAL HAND WASH (benzalkonium chloride 0.13 % cutaneous solution) HENKEL CANADA CORPORATION,"DIAL FOAMING ANTIBACTERIAL HAND WASH (chlorure de benzalkonium 0,13 % solution pour application cutanée) HENKEL CANADA CORPORATION",ADDED
95297,02464829,DIAL ANTIBACTERIAL HAND SOAP (benzalkonium chloride 0.13 % cutaneous solution) HENKEL CANADA CORPORATION,"DIAL ANTIBACTERIAL HAND SOAP (chlorure de benzalkonium 0,13 % solution pour application cutanée) HENKEL CANADA CORPORATION",ADDED
95595,02467585,SODIUM BICARBONATE INJECTION USP (sodium bicarbonate 84 mg per mL solution for injection) OMEGA LABORATORIES LIMITED,SODIUM BICARBONATE INJECTION USP (bicarbonate de sodium 84 mg par mL solution injectable) OMEGA LABORATORIES LIMITED,ADDED
95697,02468549,FULVESTRANT INJECTION (fulvestrant 250 mg per 5 mL solution for injection syringe) MYLAN PHARMACEUTICALS ULC,FULVESTRANT INJECTION (fulvestrant 250 mg par 5 mL solution injectable seringue) MYLAN PHARMACEUTICALS ULC,DELETED
95780,02469146,JELIDO (lidocaine hydrochloride 20 mg per mL cutaneous gel) PENDOPHARM DIVISION OF PHARMASCIENCE INC,JELIDO (chlorhydrate de lidocaïne 20 mg par mL gel cutané) PENDOPHARM DIVISION OF PHARMASCIENCE INC,ADDED
95787,02469197,DIAL COMPLETE 2 IN 1 MOISTURIZING & ANTIBACTERIAL FOAMING HAND WASH MANUKA HONEY (benzalkonium chloride 0.13 % cutaneous solution) HENKEL CANADA CORPORATION,"DIAL COMPLETE 2 IN 1 MOISTURIZING & ANTIBACTERIAL FOAMING HAND WASH MANUKA HONEY (chlorure de benzalkonium 0,13 % solution pour application cutanée) HENKEL CANADA CORPORATION",ADDED
95788,02469200,DIAL COMPLETE 2 IN 1 MOISTURIZING & ANTIBACTERIAL FOAMING HAND WASH PEARL ESSENCE (benzalkonium chloride 0.13 % cutaneous solution) HENKEL CANADA CORPORATION,"DIAL COMPLETE 2 IN 1 MOISTURIZING & ANTIBACTERIAL FOAMING HAND WASH PEARL ESSENCE (chlorure de benzalkonium 0,13 % solution pour application cutanée) HENKEL CANADA CORPORATION",ADDED
95990,02470837,FINIPIL LAIT 50 (benzethonium chloride 0.2 % cutaneous cream) EQUIBAL LABS INC,"FINIPIL LAIT 50 (chlorure de benzéthonium 0,2 % crème cutanée) EQUIBAL LABS INC",ADDED
95992,02470853,FINIPIL (benzethonium chloride 0.2 % cutaneous cream) EQUIBAL LABS INC,"FINIPIL (chlorure de benzéthonium 0,2 % crème cutanée) EQUIBAL LABS INC",ADDED
96148,02472198,TRANQUIL MEADOWS AB (benzalkonium chloride 0.13 % NA) ZEP MANUFACTURING COMPANY OF CANADA,"TRANQUIL MEADOWS AB (chlorure de benzalkonium 0,13 % NA) ZEP MANUFACTURING COMPANY OF CANADA",ADDED
96151,02472236,FUZION AB FOAMING HAND SOAP (benzalkonium chloride 0.13 % NA) ZEP MANUFACTURING COMPANY OF CANADA,"FUZION AB FOAMING HAND SOAP (chlorure de benzalkonium 0,13 % NA) ZEP MANUFACTURING COMPANY OF CANADA",ADDED
96159,02472287,ACCLAIM AB (benzalkonium chloride 0.13 % lotion) ZEP MANUFACTURING COMPANY OF CANADA,"ACCLAIM AB (chlorure de benzalkonium 0,13 % lotion) ZEP MANUFACTURING COMPANY OF CANADA",ADDED
96203,02472724,ENERGY BERRY BAIES ÉNERGISANTES FOAMING HAND SOAP ANTIBACTERIAL (benzalkonium chloride 0.13 % cutaneous solution) APOLLO HEALTH AND BEAUTY CARE,"ENERGY BERRY BAIES ÉNERGISANTES FOAMING HAND SOAP ANTIBACTERIAL (chlorure de benzalkonium 0,13 % solution pour application cutanée) APOLLO HEALTH AND BEAUTY CARE",ADDED
96208,02472775,SPRING SHOWERS PLUIES PRINTANIÈRES FOAMING HAND SOAP ANTIBACTERIAL (benzalkonium chloride 0.13 % cutaneous solution) APOLLO HEALTH AND BEAUTY CARE,"SPRING SHOWERS PLUIES PRINTANIÈRES FOAMING HAND SOAP ANTIBACTERIAL (chlorure de benzalkonium 0,13 % solution pour application cutanée) APOLLO HEALTH AND BEAUTY CARE",ADDED
96854,02477483,NRA-ROSUVASTATIN (rosuvastatin (rosuvastatin calcium) 5 mg oral tablet) NORA PHARMA INC,NRA-ROSUVASTATIN (rosuvastatine (rosuvastatine calcique) 5 mg comprimé oral) NORA PHARMA INC,DELETED
96855,02477491,NRA-ROSUVASTATIN (rosuvastatin (rosuvastatin calcium) 10 mg oral tablet) NORA PHARMA INC,NRA-ROSUVASTATIN (rosuvastatine (rosuvastatine calcique) 10 mg comprimé oral) NORA PHARMA INC,DELETED
96856,02477505,NRA-ROSUVASTATIN (rosuvastatin (rosuvastatin calcium) 20 mg oral tablet) NORA PHARMA INC,NRA-ROSUVASTATIN (rosuvastatine (rosuvastatine calcique) 20 mg comprimé oral) NORA PHARMA INC,DELETED
96857,02477513,NRA-ROSUVASTATIN (rosuvastatin (rosuvastatin calcium) 40 mg oral tablet) NORA PHARMA INC,NRA-ROSUVASTATIN (rosuvastatine (rosuvastatine calcique) 40 mg comprimé oral) NORA PHARMA INC,DELETED
97037,02479729,"ALCOHOL FREE FOAMING HAND SANITIZER (benzalkonium chloride 0.13 % cutaneous solution) VI-JON, LLC","ALCOHOL FREE FOAMING HAND SANITIZER (chlorure de benzalkonium 0,13 % solution pour application cutanée) VI-JON, LLC",ADDED
97058,02480034,POTASSIUM CHLORIDE FOR INJECTION CONCENTRATE (potassium chloride 200 meq per 100 mL solution for injection) OMEGA LABORATORIES LIMITED,POTASSIUM CHLORIDE FOR INJECTION CONCENTRATE (chlorure de potassium 200 meq par 100 mL solution injectable) OMEGA LABORATORIES LIMITED,ADDED
97065,02480131,COVERGIRL TRUBLEND BASE BUSINESS SKIN PRIMER BASE POUR LA PEAU (ensulizole 3 % cutaneous emulsion) HFC PRESTIGE INTERNATIONAL CANADA INC,COVERGIRL TRUBLEND BASE BUSINESS SKIN PRIMER BASE POUR LA PEAU (ensulizole 3 % émulsion cutanée) HFC PRESTIGE INTERNATIONAL CANADA INC,ADDED
97086,02480336,"DYE FREE FRAGRANCE FREE ANTIBACTERIAL FOAMING HAND SOAP (benzalkonium chloride 0.13 % cutaneous solution) VI-JON, LLC","DYE FREE FRAGRANCE FREE ANTIBACTERIAL FOAMING HAND SOAP (chlorure de benzalkonium 0,13 % solution pour application cutanée) VI-JON, LLC",ADDED
97106,02480506,APPLAUD AB ANTISEPTIC LOTIONIZED HAND SOAP (chloroxylenol 0.5 % NA) ZEP MANUFACTURING COMPANY OF CANADA,"APPLAUD AB ANTISEPTIC LOTIONIZED HAND SOAP (chloroxylénol 0,5 % NA) ZEP MANUFACTURING COMPANY OF CANADA",ADDED
97147,02480816,SCOTT ANTIMICROBIAL FOAM SKIN CLEANSER (benzalkonium chloride 0.1 % cutaneous solution) KIMBERLY-CLARK GLOBAL SALES LLC,"SCOTT ANTIMICROBIAL FOAM SKIN CLEANSER (chlorure de benzalkonium 0,1 % solution pour application cutanée) KIMBERLY-CLARK GLOBAL SALES LLC",ADDED
97189,02481456,SCOTT FOAM HAND SANITIZER (benzalkonium chloride 0.13 % cutaneous solution) KIMBERLY-CLARK GLOBAL SALES LLC,"SCOTT FOAM HAND SANITIZER (chlorure de benzalkonium 0,13 % solution pour application cutanée) KIMBERLY-CLARK GLOBAL SALES LLC",ADDED
97192,02481480,FINIPIL 4 MEN ONLY (benzethonium chloride 0.2 % cutaneous cream) EQUIBAL LABS INC,"FINIPIL 4 MEN ONLY (chlorure de benzéthonium 0,2 % crème cutanée) EQUIBAL LABS INC",ADDED
97589,02485664,GLYBURIDE (glyburide 5 mg oral tablet) PRO DOC LIMITEE,GLYBURIDE (glyburide 5 mg comprimé oral) PRO DOC LIMITEE,DELETED
97592,02485699,POTASSIUM CHLORIDE FOR INJECTION CONCENTRATE USP (potassium chloride 149 mg per mL solution for injection) B. BRAUN MEDICAL INC,POTASSIUM CHLORIDE FOR INJECTION CONCENTRATE USP (chlorure de potassium 149 mg par mL solution injectable) B. BRAUN MEDICAL INC,ADDED
97664,02486431,ADVANTAGE SANITIZING WIPES (benzalkonium chloride 0.12 % wipe) 2XL CORPORATION,"ADVANTAGE SANITIZING WIPES (chlorure de benzalkonium 0,12 % lingette) 2XL CORPORATION",ADDED
97680,02486628,"SODIUM BICARBONATE INJECTION, USP (sodium bicarbonate 42 mg per mL solution for injection) FRESENIUS KABI CANADA LTD","SODIUM BICARBONATE INJECTION, USP (bicarbonate de sodium 42 mg par mL solution injectable) FRESENIUS KABI CANADA LTD",ADDED
97681,02486636,"SODIUM BICARBONATE INJECTION, USP (sodium bicarbonate 84 mg per mL solution for injection) FRESENIUS KABI CANADA LTD","SODIUM BICARBONATE INJECTION, USP (bicarbonate de sodium 84 mg par mL solution injectable) FRESENIUS KABI CANADA LTD",ADDED
97789,02487756,BIBAG (sodium bicarbonate 900 g per bag powder for concentrate for solution for haemodialysis) FRESENIUS MEDICAL CARE CANADA INC,BIBAG (bicarbonate de sodium 900 g par sac poudre pour solution à diluer pour solution pour hémodialyse) FRESENIUS MEDICAL CARE CANADA INC,ADDED
98300,02493020,TARO-DOXORUBICIN LIPOSOMAL (doxorubicin hydrochloride 2 mg per mL suspension for injection) TARO PHARMACEUTICALS INC,TARO-DOXORUBICIN LIPOSOMAL (chlorhydrate de doxorubicine 2 mg par mL suspension injectable) TARO PHARMACEUTICALS INC,ADDED
98541,02495503,JAMP NITROFURANTOIN (nitrofurantoin 50 mg oral capsule) JAMP PHARMA CORPORATION,JAMP NITROFURANTOIN (nitrofurantoïne 50 mg capsule orale) JAMP PHARMA CORPORATION,ADDED
98542,02495511,JAMP NITROFURANTOIN (nitrofurantoin 100 mg oral capsule) JAMP PHARMA CORPORATION,JAMP NITROFURANTOIN (nitrofurantoïne 100 mg capsule orale) JAMP PHARMA CORPORATION,ADDED
98597,02496097,"PACLITAXEL POWDER FOR INJECTABLE SUSPENSION NANOPARTICLE, ALBUMIN-BOUND PACLITAXEL (paclitaxel 100 mg per vial powder for suspension for injection) PANACEA BIOTEC PHARMA LIMITED","PACLITAXEL POWDER FOR INJECTABLE SUSPENSION NANOPARTICLE, ALBUMIN-BOUND PACLITAXEL (paclitaxel 100 mg par fiole poudre pour suspension injectable) PANACEA BIOTEC PHARMA LIMITED",ADDED
98928,02499541,NON-ALCOHOL HAND SANITIZER (benzalkonium chloride 0.13 % cutaneous solution) TEAMWORKS MANUFACTURING,"NON-ALCOHOL HAND SANITIZER (chlorure de benzalkonium 0,13 % solution pour application cutanée) TEAMWORKS MANUFACTURING",ADDED
98983,02500124,FOAM-CARE ULTRA (benzalkonium chloride 0.13 % cutaneous solution) LES CHIMIQUES B.O.D. INC,"FOAM-CARE ULTRA (chlorure de benzalkonium 0,13 % solution pour application cutanée) LES CHIMIQUES B.O.D. INC",ADDED
99098,02501368,DOVE CARE & PROTECT HAND WASH ANTIBACTERIAL (benzalkonium chloride 0.13 % cutaneous solution) UNILEVER CANADA,"DOVE CARE & PROTECT HAND WASH ANTIBACTERIAL (chlorure de benzalkonium 0,13 % solution pour application cutanée) UNILEVER CANADA",ADDED
99175,02502178,ANTI-MICROBE M (benzalkonium chloride 0.15 % cutaneous solution) ATOMS F.D. INC,"ANTI-MICROBE M (chlorure de benzalkonium 0,15 % solution pour application cutanée) ATOMS F.D. INC",ADDED
99178,02502208,HAND SANITIZER (benzalkonium chloride 0.15 % cutaneous solution) CONTRACT PACKAGING DISTRIBUTION INC.,"HAND SANITIZER (chlorure de benzalkonium 0,15 % solution pour application cutanée) CONTRACT PACKAGING DISTRIBUTION INC.",ADDED
99238,02502852,FS ANTIMICROBIAL HAND WASH (benzalkonium chloride 0.13 % cutaneous solution) ZEP MANUFACTURING COMPANY OF CANADA,"FS ANTIMICROBIAL HAND WASH (chlorure de benzalkonium 0,13 % solution pour application cutanée) ZEP MANUFACTURING COMPANY OF CANADA",ADDED
99335,02503913,ONDANSETRON INJECTION USP (ondansetron (ondansetron hydrochloride dihydrate) 2 mg per mL solution for injection 20 mL vial) MARCAN PHARMACEUTICALS INC,ONDANSETRON INJECTION USP (ondansétron (chlorhydrate d'ondansétron dihydraté) 2 mg par mL solution injectable 20 mL fiole) MARCAN PHARMACEUTICALS INC,"mp_status_effective_time: ""20240901"" -> ""20250331"""
99346,02504006,SANDOZ OSELTAMIVIR (oseltamivir (oseltamivir phosphate) 30 mg oral capsule) SANDOZ CANADA INCORPORATED,SANDOZ OSELTAMIVIR (oseltamivir (phosphate d'oseltamivir) 30 mg capsule orale) SANDOZ CANADA INCORPORATED,"mp_status: ""INACTIVE"" -> ""ACTIVE""
mp_status_effective_time: ""20240909"" -> ""20201002"""
99347,02504014,SANDOZ OSELTAMIVIR (oseltamivir (oseltamivir phosphate) 45 mg oral capsule) SANDOZ CANADA INCORPORATED,SANDOZ OSELTAMIVIR (oseltamivir (phosphate d'oseltamivir) 45 mg capsule orale) SANDOZ CANADA INCORPORATED,"mp_status: ""INACTIVE"" -> ""ACTIVE""
mp_status_effective_time: ""20240909"" -> ""20201002"""
99348,02504022,SANDOZ OSELTAMIVIR (oseltamivir (oseltamivir phosphate) 75 mg oral capsule) SANDOZ CANADA INCORPORATED,SANDOZ OSELTAMIVIR (oseltamivir (phosphate d'oseltamivir) 75 mg capsule orale) SANDOZ CANADA INCORPORATED,"mp_status: ""INACTIVE"" -> ""ACTIVE""
mp_status_effective_time: ""20240909"" -> ""20201002"""
99564,02506300,DERMA SOLUTIONS (benzalkonium chloride 0.15 % cutaneous solution) LAROSE & FILS LTEE,"DERMA SOLUTIONS (chlorure de benzalkonium 0,15 % solution pour application cutanée) LAROSE & FILS LTEE",ADDED
99761,02508222,REFRESH ANTIBAC FOAM (benzalkonium chloride 0.13 % cutaneous solution) SC JOHNSON PROFESSIONAL CA INC,"REFRESH ANTIBAC FOAM (chlorure de benzalkonium 0,13 % solution pour application cutanée) SC JOHNSON PROFESSIONAL CA INC",ADDED
99900,02509717,VINDA ANTISEPTIC WIPES (benzethonium chloride 0.3 % wipe) GRAND OCEAN INTERNATIONAL TRADING LTD,"VINDA ANTISEPTIC WIPES (chlorure de benzéthonium 0,3 % lingette) GRAND OCEAN INTERNATIONAL TRADING LTD",ADDED
100018,02510901,SOAPOPULAR ANTIBACTERIAL HAND SOAP (benzalkonium chloride 0.15 % cutaneous solution) SOAPOPULAR INC,"SOAPOPULAR ANTIBACTERIAL HAND SOAP (chlorure de benzalkonium 0,15 % solution pour application cutanée) SOAPOPULAR INC",ADDED
100019,02510944,AG-ESCITALOPRAM TABLETS (escitalopram (escitalopram oxalate) 10 mg oral tablet) ANGITA PHARMA INC.,AG-ESCITALOPRAM TABLETS (escitalopram (oxalate d'escitalopram) 10 mg comprimé oral) ANGITA PHARMA INC.,ADDED
100020,02510952,AG-ESCITALOPRAM TABLETS (escitalopram (escitalopram oxalate) 20 mg oral tablet) ANGITA PHARMA INC.,AG-ESCITALOPRAM TABLETS (escitalopram (oxalate d'escitalopram) 20 mg comprimé oral) ANGITA PHARMA INC.,ADDED
100161,02512319,VISION ANTIBACTERIAL HAND SOAP (chloroxylenol 0.5 % cutaneous solution) LAWRASON'S INC,"VISION ANTIBACTERIAL HAND SOAP (chloroxylénol 0,5 % solution pour application cutanée) LAWRASON'S INC",ADDED
100244,02513226,SANI HANDS FOAM (benzalkonium chloride 0.1 % cutaneous solution) OSTREM CHEMICAL CO LTD.,"SANI HANDS FOAM (chlorure de benzalkonium 0,1 % solution pour application cutanée) OSTREM CHEMICAL CO LTD.",ADDED
100339,02514222,VISTASEAL (fibrinogen human 80 mg per 1 mL and thrombin human 500 unit per 1 mL cutaneous solution) INSTITUTO GRIFOLS S.A.,VISTASEAL (fibrinogène humaine 80 mg par 1 mL et thrombine humaine 500 unité par 1 mL solution pour application cutanée) INSTITUTO GRIFOLS S.A.,ADDED
100340,02514230,VISTASEAL (fibrinogen human 160 mg per 2 mL and thrombin human 1000 unit per 2 mL cutaneous solution) INSTITUTO GRIFOLS S.A.,VISTASEAL (fibrinogène humaine 160 mg par 2 mL et thrombine humaine 1000 unité par 2 mL solution pour application cutanée) INSTITUTO GRIFOLS S.A.,ADDED
100342,02514257,VISTASEAL (fibrinogen human 400 mg per 5 mL and thrombin human 2500 unit per 5 mL cutaneous solution) INSTITUTO GRIFOLS S.A.,VISTASEAL (fibrinogène humaine 400 mg par 5 mL et thrombine humaine 2500 unité par 5 mL solution pour application cutanée) INSTITUTO GRIFOLS S.A.,ADDED
100489,02515490,VYXEOS (cytarabine 100 mg and daunorubicin 44 mg powder for solution for injection) JAZZ PHARMACEUTICALS IRELAND LIMITED,VYXEOS (cytarabine 100 mg et daunorubicine 44 mg poudre pour solution injectable) JAZZ PHARMACEUTICALS IRELAND LIMITED,ADDED
100560,02516225,SODIUM BICARBONATE INJECTION USP (sodium bicarbonate 84 mg per mL solution for injection) JAMP PHARMA CORPORATION,SODIUM BICARBONATE INJECTION USP (bicarbonate de sodium 84 mg par mL solution injectable) JAMP PHARMA CORPORATION,ADDED
100697,02517590,GAVRETO (pralsetinib 100 mg oral capsule) HOFFMANN-LA ROCHE LIMITED,GAVRETO (pralsétinib 100 mg capsule orale) HOFFMANN-LA ROCHE LIMITED,DELETED
101112,02521954,PYRITHIONE ZINC DANDRUFF SHAMPOO HYDRATING COCONUT 2IN1 (pyrithione zinc 1 % shampoo) PROCTER & GAMBLE INC,PYRITHIONE ZINC DANDRUFF SHAMPOO HYDRATING COCONUT 2IN1 (pyrithione zincique 1 % shampoing) PROCTER & GAMBLE INC,"Health_Canada_product_name: ""PYRITHIONE ZINC DANDRUFF SHAMPOO COCONUT 2IN1"" -> ""PYRITHIONE ZINC DANDRUFF SHAMPOO HYDRATING COCONUT 2IN1""
mp_formal_name: ""PYRITHIONE ZINC DANDRUFF SHAMPOO COCONUT 2IN1 (pyrithione zinc 1 % shampoo) PROCTER & GAMBLE INC"" -> ""PYRITHIONE ZINC DANDRUFF SHAMPOO ̲H̲Y̲D̲R̲A̲T̲I̲N̲G̲ COCONUT 2IN1 (pyrithione zinc 1 % shampoo) PROCTER & GAMBLE INC""
mp_fr_description: ""PYRITHIONE ZINC DANDRUFF SHAMPOO COCONUT 2IN1 (pyrithione zincique 1 % shampoing) PROCTER & GAMBLE INC"" -> ""PYRITHIONE ZINC DANDRUFF SHAMPOO ̲H̲Y̲D̲R̲A̲T̲I̲N̲G̲ COCONUT 2IN1 (pyrithione zincique 1 % shampoing) PROCTER & GAMBLE INC"""
101113,02521962,PYRITHIONE ZINC DANDRUFF SHAMPOO COCONUT (pyrithione zinc 1 % shampoo) PROCTER & GAMBLE INC,PYRITHIONE ZINC DANDRUFF SHAMPOO COCONUT (pyrithione zincique 1 % shampoing) PROCTER & GAMBLE INC,DELETED
101230,02523191,IXIFI (infliximab 100 mg per vial powder for solution for injection) PFIZER CANADA ULC,IXIFI (infliximab 100 mg par fiole poudre pour solution injectable) PFIZER CANADA ULC,ADDED
101675,02527707,ALBRIOZA (sodium phenylbutyrate 3 g per sachet and ursodoxicoltaurine 1 g per sachet powder for oral suspension) AMYLYX PHARMACEUTICALS INC.,ALBRIOZA (phénylbutyrate sodique 3 g par sachet et ursodoxicoltaurine 1 g par sachet poudre pour suspension orale) AMYLYX PHARMACEUTICALS INC.,DELETED
101744,02528193,MAGNESIUM CHLORIDE FOR HEMODIALYSIS 5.15 (magnesium chloride (magnesium chloride hexahydrate) 5.15 g per vial powder for concentrate for solution for haemodialysis) CHIEF MEDICAL SUPPLIES LTD,"MAGNESIUM CHLORIDE FOR HEMODIALYSIS 5.15 (chlorure de magnésium ((fr) magnesium chloride hexahydrate) 5,15 g par fiole poudre pour solution à diluer pour solution pour hémodialyse) CHIEF MEDICAL SUPPLIES LTD",ADDED
101903,02529793,POTASSIUM CHLORIDE FOR HEMODIALYSIS 7.55 (potassium chloride 7.55 g per vial powder for concentrate for solution for haemodialysis) CHIEF MEDICAL SUPPLIES LTD,"POTASSIUM CHLORIDE FOR HEMODIALYSIS 7.55 (chlorure de potassium 7,55 g par fiole poudre pour solution à diluer pour solution pour hémodialyse) CHIEF MEDICAL SUPPLIES LTD",ADDED
102048,02531348,PYRITHIONE ZINC DANDRUFF CONDITIONER SHEA BUTTER (pyrithione zinc 0.5 % shampoo) PROCTER & GAMBLE INC,"PYRITHIONE ZINC DANDRUFF CONDITIONER SHEA BUTTER (pyrithione zincique 0,5 % shampoing) PROCTER & GAMBLE INC",DELETED
102049,02531356,PYRITHIONE ZINC DANDRUFF SHAMPOO SULFATE FREE SHEA BUTTER (pyrithione zinc 1 % shampoo) PROCTER & GAMBLE INC,PYRITHIONE ZINC DANDRUFF SHAMPOO SULFATE FREE SHEA BUTTER (pyrithione zincique 1 % shampoing) PROCTER & GAMBLE INC,"Health_Canada_product_name: ""PYRITHIONE ZINC DANDRUFF SHAMPOO SHEA BUTTER"" -> ""PYRITHIONE ZINC DANDRUFF SHAMPOO SULFATE FREE SHEA BUTTER""
mp_formal_name: ""PYRITHIONE ZINC DANDRUFF SHAMPOO SHEA BUTTER (pyrithione zinc 1 % shampoo) PROCTER & GAMBLE INC"" -> ""PYRITHIONE ZINC DANDRUFF SHAMPOO ̲S̲U̲L̲F̲A̲T̲E̲ ̲F̲R̲E̲E̲ SHEA BUTTER (pyrithione zinc 1 % shampoo) PROCTER & GAMBLE INC""
mp_fr_description: ""PYRITHIONE ZINC DANDRUFF SHAMPOO SHEA BUTTER (pyrithione zincique 1 % shampoing) PROCTER & GAMBLE INC"" -> ""PYRITHIONE ZINC DANDRUFF SHAMPOO ̲S̲U̲L̲F̲A̲T̲E̲ ̲F̲R̲E̲E̲ SHEA BUTTER (pyrithione zincique 1 % shampoing) PROCTER & GAMBLE INC"""
102623,02537524,ANTIBACTERIAL FOAMING HAND SOAP (benzalkonium chloride 0.13 % cutaneous solution) RUBBERMAID COMMERCIAL PRODUCTS LLC,"ANTIBACTERIAL FOAMING HAND SOAP (chlorure de benzalkonium 0,13 % solution pour application cutanée) RUBBERMAID COMMERCIAL PRODUCTS LLC",ADDED
102686,02538113,ANTIBACTERIAL HAND WIPES (benzalkonium chloride 0.13 % wipe) CANADIAN CUSTOM PACKAGING COMPANY,"ANTIBACTERIAL HAND WIPES (chlorure de benzalkonium 0,13 % lingette) CANADIAN CUSTOM PACKAGING COMPANY",ADDED
103051,02541904,SODIUM BICARBONATE INJECTION USP (sodium bicarbonate 84 mg per mL solution for injection) STERIMAX INC,SODIUM BICARBONATE INJECTION USP (bicarbonate de sodium 84 mg par mL solution injectable) STERIMAX INC,ADDED
103236,02543931,UPLIZNA (inebilizumab 100 mg per 10 mL solution for injection vial) AMGEN CANADA INC,UPLIZNA (inébilizumab 100 mg par 10 mL solution injectable fiole) AMGEN CANADA INC,"mp_formal_name: ""UPLIZNA (inebilizumab 100 mg per 10 mL solution for injection vial) H̲O̲R̲I̲Z̲O̲N̲ ̲T̲H̲E̲R̲A̲P̲E̲U̲T̲I̲C̲S̲ ̲I̲R̲E̲L̲A̲N̲D̲ ̲D̲A̲C"" -> ""UPLIZNA (inebilizumab 100 mg per 10 mL solution for injection vial) A̲M̲G̲E̲N̲ ̲C̲A̲N̲A̲D̲A̲ ̲I̲N̲C""
mp_fr_description: ""UPLIZNA (inébilizumab 100 mg par 10 mL solution injectable fiole) H̲O̲R̲I̲Z̲O̲N̲ ̲T̲H̲E̲R̲A̲P̲E̲U̲T̲I̲C̲S̲ ̲I̲R̲E̲L̲A̲N̲D̲ ̲D̲A̲C"" -> ""UPLIZNA (inébilizumab 100 mg par 10 mL solution injectable fiole) A̲M̲G̲E̲N̲ ̲C̲A̲N̲A̲D̲A̲ ̲I̲N̲C"""
103285,02544334,MEROPENEM FOR INJECTION USP AND SODIUM CHLORIDE INJECTION USP (meropenem 500 mg powder for solution for injection with diluent solution per bag) B. BRAUN MEDICAL INC,MEROPENEM FOR INJECTION USP AND SODIUM CHLORIDE INJECTION USP (méropénem 500 mg poudre pour solution injectable avec solution diluante par sac) B. BRAUN MEDICAL INC,ADDED
103286,02544342,MEROPENEM FOR INJECTION USP AND SODIUM CHLORIDE INJECTION USP (meropenem 1 g powder for solution for injection with diluent solution per bag) B. BRAUN MEDICAL INC,MEROPENEM FOR INJECTION USP AND SODIUM CHLORIDE INJECTION USP (méropénem 1 g poudre pour solution injectable avec solution diluante par sac) B. BRAUN MEDICAL INC,ADDED
103443,02545683,FOAMING ANTIBACTERIAL HAND CLEANSER (benzalkonium chloride 0.13 % cutaneous solution) BETCO CORPORATION,"FOAMING ANTIBACTERIAL HAND CLEANSER (chlorure de benzalkonium 0,13 % solution pour application cutanée) BETCO CORPORATION",ADDED
103488,02546167,JAMP DUTASTERIDE CAPSULES (dutasteride 0.5 mg oral capsule) JAMP PHARMA CORPORATION,"JAMP DUTASTERIDE CAPSULES (dutastéride 0,5 mg capsule orale) JAMP PHARMA CORPORATION",ADDED
103543,02546752,JAMP FLUOXETINE SOLUTION (fluoxetine (fluoxetine hydrochloride) 20 mg per 5 mL oral solution) JAMP PHARMA CORPORATION,JAMP FLUOXETINE SOLUTION (fluoxétine (chlorhydrate de fluoxétine) 20 mg par 5 mL solution orale) JAMP PHARMA CORPORATION,ADDED
103601,02547392,TALVEY (talquetamab 3 mg per 1.5 mL solution for injection vial) JANSSEN INC,"TALVEY (talquétamab 3 mg par 1,5 mL solution injectable fiole) JANSSEN INC",ADDED
103602,02547406,TALVEY (talquetamab 40 mg per 1 mL solution for injection vial) JANSSEN INC,TALVEY (talquétamab 40 mg par 1 mL solution injectable fiole) JANSSEN INC,ADDED
103639,02547430,JAMP QUINAPRIL / HCTZ (hydrochlorothiazide 12.5 mg and quinapril (quinapril hydrochloride) 10 mg oral tablet) JAMP PHARMA CORPORATION,"JAMP QUINAPRIL / HCTZ (hydrochlorothiazide 12,5 mg et quinapril (chlorhydrate de quinapril) 10 mg comprimé oral) JAMP PHARMA CORPORATION",ADDED
103640,02547449,JAMP QUINAPRIL / HCTZ (hydrochlorothiazide 25 mg and quinapril (quinapril hydrochloride) 20 mg oral tablet) JAMP PHARMA CORPORATION,JAMP QUINAPRIL / HCTZ (hydrochlorothiazide 25 mg et quinapril (chlorhydrate de quinapril) 20 mg comprimé oral) JAMP PHARMA CORPORATION,ADDED
103723,02548356,EXTRA STRENGTH EASY TABS 500 MG (acetaminophen 500 mg oral tablet) VITA HEALTH PRODUCTS INC,EXTRA STRENGTH EASY TABS 500 MG (acétaminophène 500 mg comprimé oral) VITA HEALTH PRODUCTS INC,ADDED
103809,02549220,ZILBRYSQ (zilucoplan (zilucoplan sodium) 16.6 mg per 0.416 mL solution for injection syringe) UCB CANADA INC,"ZILBRYSQ (zilucoplan (zilucoplan sodique) 16,6 mg par 0,416 mL solution injectable seringue) UCB CANADA INC",ADDED
103810,02549239,ZILBRYSQ (zilucoplan (zilucoplan sodium) 23 mg per 0.574 mL solution for injection syringe) UCB CANADA INC,"ZILBRYSQ (zilucoplan (zilucoplan sodique) 23 mg par 0,574 mL solution injectable seringue) UCB CANADA INC",ADDED
103811,02549247,ZILBRYSQ (zilucoplan (zilucoplan sodium) 32.4 mg per 0.81 mL solution for injection syringe) UCB CANADA INC,"ZILBRYSQ (zilucoplan (zilucoplan sodique) 32,4 mg par 0,81 mL solution injectable seringue) UCB CANADA INC",ADDED
103814,02549271,JAMP ZOPICLONE (zopiclone 3.75 mg oral tablet) JAMP PHARMA CORPORATION,"JAMP ZOPICLONE (zopiclone 3,75 mg comprimé oral) JAMP PHARMA CORPORATION",ADDED
103872,02549905,SOFTSOAP ANTIBACTERIAL FOR SENSITIVE SKIN (benzalkonium chloride 0.13 % cutaneous solution) COLGATE-PALMOLIVE CANADA INC,"SOFTSOAP ANTIBACTERIAL FOR SENSITIVE SKIN (chlorure de benzalkonium 0,13 % solution pour application cutanée) COLGATE-PALMOLIVE CANADA INC",ADDED
103878,02549972,M-LETROZOLE (letrozole 2.5 mg oral tablet) MANTRA PHARMA INC,"M-LETROZOLE (létrozole 2,5 mg comprimé oral) MANTRA PHARMA INC",ADDED
103914,02550326,BENZALKONIUM CHLORIDE WIPES (benzalkonium chloride 0.13 % wipe) ACME UNITED CORPORATION,"BENZALKONIUM CHLORIDE WIPES (chlorure de benzalkonium 0,13 % lingette) ACME UNITED CORPORATION",ADDED
104015,02551446,MEN'S MINOXIDIL FOAM (minoxidil 5 % cutaneous foam) TARO PHARMACEUTICALS INC,MEN'S MINOXIDIL FOAM (minoxidil 5 % mousse cutanée) TARO PHARMACEUTICALS INC,ADDED
104038,02551659,WOMEN'S MINOXIDIL FOAM (minoxidil 5 % cutaneous foam) TARO PHARMACEUTICALS INC,WOMEN'S MINOXIDIL FOAM (minoxidil 5 % mousse cutanée) TARO PHARMACEUTICALS INC,ADDED
104142,02552450,TYENNE (tocilizumab 80 mg per 4 mL solution for injection vial) FRESENIUS KABI CANADA LTD,TYENNE (tocilizumab 80 mg par 4 mL solution injectable fiole) FRESENIUS KABI CANADA LTD,ADDED
104143,02552469,TYENNE (tocilizumab 200 mg per 10 mL solution for injection vial) FRESENIUS KABI CANADA LTD,TYENNE (tocilizumab 200 mg par 10 mL solution injectable fiole) FRESENIUS KABI CANADA LTD,ADDED
104144,02552477,TYENNE (tocilizumab 400 mg per 20 mL solution for injection vial) FRESENIUS KABI CANADA LTD,TYENNE (tocilizumab 400 mg par 20 mL solution injectable fiole) FRESENIUS KABI CANADA LTD,ADDED
104145,02552485,TYENNE (tocilizumab 162 mg per 0.9 mL solution for injection syringe) FRESENIUS KABI CANADA LTD,"TYENNE (tocilizumab 162 mg par 0,9 mL solution injectable seringue) FRESENIUS KABI CANADA LTD",ADDED
104146,02552493,TYENNE (tocilizumab 162 mg per 0.9 mL solution for injection syringe) FRESENIUS KABI CANADA LTD,"TYENNE (tocilizumab 162 mg par 0,9 mL solution injectable seringue) FRESENIUS KABI CANADA LTD",ADDED
104153,02552574,ALOG-DOXYLAMINE/PYRIDOXINE (doxylamine succinate 10 mg and pyridoxine hydrochloride 10 mg gastro-resistant tablet) ANALOG PHARMA CANADA INC.,ALOG-DOXYLAMINE/PYRIDOXINE (succinate de doxylamine 10 mg et chlorhydrate de pyridoxine 10 mg comprimé gastrorésistant) ANALOG PHARMA CANADA INC.,ADDED
104171,02552744,APO-VORTIOXETINE (vortioxetine (vortioxetine hydrobromide) 5 mg oral tablet) APOTEX INC,APO-VORTIOXETINE (vortioxétine (bromhydrate de vortioxétine) 5 mg comprimé oral) APOTEX INC,ADDED
104172,02552752,APO-VORTIOXETINE (vortioxetine (vortioxetine hydrobromide) 10 mg oral tablet) APOTEX INC,APO-VORTIOXETINE (vortioxétine (bromhydrate de vortioxétine) 10 mg comprimé oral) APOTEX INC,ADDED
104174,02552779,APO-VORTIOXETINE (vortioxetine (vortioxetine hydrobromide) 20 mg oral tablet) APOTEX INC,APO-VORTIOXETINE (vortioxétine (bromhydrate de vortioxétine) 20 mg comprimé oral) APOTEX INC,ADDED
104185,02552876,AMLODIPINE (amlodipine (amlodipine besylate) 5 mg oral tablet) ANGITA PHARMA INC.,AMLODIPINE (amlodipine (bésylate d'amlodipine) 5 mg comprimé oral) ANGITA PHARMA INC.,ADDED
104207,02553112,TARO-DEFERIPRONE (deferiprone 1000 mg oral tablet) TARO PHARMACEUTICALS INC,TARO-DEFERIPRONE (défériprone 1000 mg comprimé oral) TARO PHARMACEUTICALS INC,ADDED
104253,02553619,BIMZELX (bimekizumab 320 mg per 2 mL solution for injection syringe) UCB CANADA INC,BIMZELX (bimékizumab 320 mg par 2 mL solution injectable seringue) UCB CANADA INC,ADDED
104254,02553627,BIMZELX (bimekizumab 320 mg per 2 mL solution for injection syringe) UCB CANADA INC,BIMZELX (bimékizumab 320 mg par 2 mL solution injectable seringue) UCB CANADA INC,ADDED
104269,02553783,CABAZITAXEL FOR INJECTION (cabazitaxel 45 mg per 4.5 mL solution for injection vial) FORMATIVE PHARMA INC.,"CABAZITAXEL FOR INJECTION (cabazitaxel 45 mg par 4,5 mL solution injectable fiole) FORMATIVE PHARMA INC.",ADDED
104270,02553791,CABAZITAXEL FOR INJECTION (cabazitaxel 60 mg per 6 mL solution for injection vial) FORMATIVE PHARMA INC.,CABAZITAXEL FOR INJECTION (cabazitaxel 60 mg par 6 mL solution injectable fiole) FORMATIVE PHARMA INC.,ADDED
104287,02553988,TARO-TOFACITINIB XR (tofacitinib (tofacitinib citrate) 11 mg prolonged-release oral tablet) TARO PHARMACEUTICALS INC,TARO-TOFACITINIB XR (tofacitinib (citrate de tofacitinib) 11 mg comprimé oral à libération prolongée) TARO PHARMACEUTICALS INC,ADDED
104288,02553996,VYLOY (zolbetuximab 100 mg per vial powder for solution for injection) ASTELLAS PHARMA CANADA INC,VYLOY (zolbétuximab 100 mg par fiole poudre pour solution injectable) ASTELLAS PHARMA CANADA INC,ADDED
104315,02554283,OTULFI (ustekinumab 45 mg per 0.5 mL solution for injection syringe) FRESENIUS KABI CANADA LTD,"OTULFI (ustékinumab 45 mg par 0,5 mL solution injectable seringue) FRESENIUS KABI CANADA LTD",ADDED
104316,02554291,OTULFI (ustekinumab 90 mg per 1 mL solution for injection syringe) FRESENIUS KABI CANADA LTD,OTULFI (ustékinumab 90 mg par 1 mL solution injectable seringue) FRESENIUS KABI CANADA LTD,ADDED
104317,02554305,OTULFI I.V. (ustekinumab 130 mg per 26 mL solution for injection vial) FRESENIUS KABI CANADA LTD,OTULFI I.V. (ustékinumab 130 mg par 26 mL solution injectable fiole) FRESENIUS KABI CANADA LTD,ADDED
104318,02554313,FABHALTA (iptacopan (iptacopan hydrochloride) 200 mg oral capsule) NOVARTIS PHARMACEUTICALS CANADA INC,FABHALTA (iptacopan (chlorhydrate d'iptacopan) 200 mg capsule orale) NOVARTIS PHARMACEUTICALS CANADA INC,ADDED
104340,02554569,ABILIFY ASIMTUFII (aripiprazole 720 mg per 2.4 mL prolonged-release suspension for injection syringe) OTSUKA PHARMACEUTICAL CO LTD,"ABILIFY ASIMTUFII (aripiprazole 720 mg par 2,4 mL suspension injectable à libération prolongée seringue) OTSUKA PHARMACEUTICAL CO LTD",ADDED
104341,02554577,ABILIFY ASIMTUFII (aripiprazole 960 mg per 3.2 mL prolonged-release suspension for injection syringe) OTSUKA PHARMACEUTICAL CO LTD,"ABILIFY ASIMTUFII (aripiprazole 960 mg par 3,2 mL suspension injectable à libération prolongée seringue) OTSUKA PHARMACEUTICAL CO LTD",ADDED
104362,02554798,EYLEA HD (aflibercept 8 mg per 0.07 mL solution for injection syringe) BAYER INC,"EYLEA HD (aflibercept 8 mg par 0,07 mL solution injectable seringue) BAYER INC",ADDED
104427,02555476,ITOVEBI (inavolisib 3 mg oral tablet) HOFFMANN-LA ROCHE LIMITED,ITOVEBI (inavolisib 3 mg comprimé oral) HOFFMANN-LA ROCHE LIMITED,ADDED
104428,02555484,ITOVEBI (inavolisib 9 mg oral tablet) HOFFMANN-LA ROCHE LIMITED,ITOVEBI (inavolisib 9 mg comprimé oral) HOFFMANN-LA ROCHE LIMITED,ADDED
NA,74527a4de918e6011204d150dd424d50,BICNU (carmustine 300 mg per 3 mL solution for injection vial) MARCAN PHARMACEUTICALS INC,BICNU (carmustine 300 mg par 3 mL solution injectable fiole) MARCAN PHARMACEUTICALS INC,ADDED
NA,77700541,ONDANSETRON INJECTION USP   -(PRESERVATIVE FREE) (ondansetron (ondansetron hydrochloride dihydrate) 4 mg per 2 mL solution for injection vial) SANDOZ CANADA INCORPORATED,ONDANSETRON INJECTION USP   -(PRESERVATIVE FREE) (ondansétron (chlorhydrate d'ondansétron dihydraté) 4 mg par 2 mL solution injectable fiole) SANDOZ CANADA INCORPORATED,"Health_Canada_product_name: ""ONDANSETRON INJECTION USP     -(PRESERVATIVE FREE)"" -> ""ONDANSETRON INJECTION USP   -(PRESERVATIVE FREE)""
mp_formal_name: ""ONDANSETRON INJECTION USP ̲ ̲   -(PRESERVATIVE FREE) (ondansetron (ondansetron hydrochloride dihydrate) 4 mg per 2 mL solution for injection vial) SANDOZ CANADA INCORPORATED"" -> ""ONDANSETRON INJECTION USP   -(PRESERVATIVE FREE) (ondansetron (ondansetron hydrochloride dihydrate) 4 mg per 2 mL solution for injection vial) SANDOZ CANADA INCORPORATED""
mp_fr_description: ""ONDANSETRON INJECTION USP ̲ ̲   -(PRESERVATIVE FREE) (ondansétron (chlorhydrate d'ondansétron dihydraté) 4 mg par 2 mL solution injectable fiole) SANDOZ CANADA INCORPORATED"" -> ""ONDANSETRON INJECTION USP   -(PRESERVATIVE FREE) (ondansétron (chlorhydrate d'ondansétron dihydraté) 4 mg par 2 mL solution injectable fiole) SANDOZ CANADA INCORPORATED"""
NA,77700542,ONDANSETRON INJECTION USP   -(PRESERVATIVE FREE) (ondansetron (ondansetron hydrochloride dihydrate) 8 mg per 4 mL solution for injection vial) SANDOZ CANADA INCORPORATED,ONDANSETRON INJECTION USP   -(PRESERVATIVE FREE) (ondansétron (chlorhydrate d'ondansétron dihydraté) 8 mg par 4 mL solution injectable fiole) SANDOZ CANADA INCORPORATED,"Health_Canada_product_name: ""ONDANSETRON INJECTION USP     -(PRESERVATIVE FREE)"" -> ""ONDANSETRON INJECTION USP   -(PRESERVATIVE FREE)""
mp_formal_name: ""ONDANSETRON INJECTION USP ̲ ̲   -(PRESERVATIVE FREE) (ondansetron (ondansetron hydrochloride dihydrate) 8 mg per 4 mL solution for injection vial) SANDOZ CANADA INCORPORATED"" -> ""ONDANSETRON INJECTION USP   -(PRESERVATIVE FREE) (ondansetron (ondansetron hydrochloride dihydrate) 8 mg per 4 mL solution for injection vial) SANDOZ CANADA INCORPORATED""
mp_fr_description: ""ONDANSETRON INJECTION USP ̲ ̲   -(PRESERVATIVE FREE) (ondansétron (chlorhydrate d'ondansétron dihydraté) 8 mg par 4 mL solution injectable fiole) SANDOZ CANADA INCORPORATED"" -> ""ONDANSETRON INJECTION USP   -(PRESERVATIVE FREE) (ondansétron (chlorhydrate d'ondansétron dihydraté) 8 mg par 4 mL solution injectable fiole) SANDOZ CANADA INCORPORATED"""
NA,77700609,"FAMOTIDINE OMEGA  -(WITH PRESERVATIVE,BENZYL ALCOHOL) (famotidine 40 mg per 4 mL solution for injection vial) OMEGA LABORATORIES LIMITED","FAMOTIDINE OMEGA  -(WITH PRESERVATIVE,BENZYL ALCOHOL) (famotidine 40 mg par 4 mL solution injectable fiole) OMEGA LABORATORIES LIMITED","Health_Canada_product_name: ""FAMOTIDINE OMEGA   -(WITH PRESERVATIVE,BENZYL ALCOHOL)"" -> ""FAMOTIDINE OMEGA  -(WITH PRESERVATIVE,BENZYL ALCOHOL)""
mp_formal_name: ""FAMOTIDINE OMEGA ̲  -(WITH PRESERVATIVE,BENZYL ALCOHOL) (famotidine 40 mg per 4 mL solution for injection vial) OMEGA LABORATORIES LIMITED"" -> ""FAMOTIDINE OMEGA  -(WITH PRESERVATIVE,BENZYL ALCOHOL) (famotidine 40 mg per 4 mL solution for injection vial) OMEGA LABORATORIES LIMITED""
mp_fr_description: ""FAMOTIDINE OMEGA ̲  -(WITH PRESERVATIVE,BENZYL ALCOHOL) (famotidine 40 mg par 4 mL solution injectable fiole) OMEGA LABORATORIES LIMITED"" -> ""FAMOTIDINE OMEGA  -(WITH PRESERVATIVE,BENZYL ALCOHOL) (famotidine 40 mg par 4 mL solution injectable fiole) OMEGA LABORATORIES LIMITED"""
NA,77700610,"FAMOTIDINE OMEGA  -(WITH PRESERVATIVE,BENZYL ALCOHOL) (famotidine 10 mg per mL solution for injection 20 mL vial) OMEGA LABORATORIES LIMITED","FAMOTIDINE OMEGA  -(WITH PRESERVATIVE,BENZYL ALCOHOL) (famotidine 10 mg par mL solution injectable 20 mL fiole) OMEGA LABORATORIES LIMITED","Health_Canada_product_name: ""FAMOTIDINE OMEGA   -(WITH PRESERVATIVE,BENZYL ALCOHOL)"" -> ""FAMOTIDINE OMEGA  -(WITH PRESERVATIVE,BENZYL ALCOHOL)""
mp_formal_name: ""FAMOTIDINE OMEGA ̲  -(WITH PRESERVATIVE,BENZYL ALCOHOL) (famotidine 10 mg per mL solution for injection 20 mL vial) OMEGA LABORATORIES LIMITED"" -> ""FAMOTIDINE OMEGA  -(WITH PRESERVATIVE,BENZYL ALCOHOL) (famotidine 10 mg per mL solution for injection 20 mL vial) OMEGA LABORATORIES LIMITED""
mp_fr_description: ""FAMOTIDINE OMEGA ̲  -(WITH PRESERVATIVE,BENZYL ALCOHOL) (famotidine 10 mg par mL solution injectable 20 mL fiole) OMEGA LABORATORIES LIMITED"" -> ""FAMOTIDINE OMEGA  -(WITH PRESERVATIVE,BENZYL ALCOHOL) (famotidine 10 mg par mL solution injectable 20 mL fiole) OMEGA LABORATORIES LIMITED"""
NA,77700683,HEPARIN SODIUM INJECTION USP    (MULTIDOSE VIAL-WITH PRESERVATIVE) (heparin sodium 10000 unit per 10 mL solution for injection vial) SANDOZ CANADA INCORPORATED,HEPARIN SODIUM INJECTION USP    (MULTIDOSE VIAL-WITH PRESERVATIVE) (héparine sodique 10000 unité par 10 mL solution injectable fiole) SANDOZ CANADA INCORPORATED,"Health_Canada_product_name: ""HEPARIN SODIUM INJECTION USP        (MULTIDOSE VIAL-WITH PRESERVATIVE)"" -> ""HEPARIN SODIUM INJECTION USP    (MULTIDOSE VIAL-WITH PRESERVATIVE)""
mp_formal_name: ""HEPARIN SODIUM INJECTION USP ̲ ̲ ̲ ̲    (MULTIDOSE VIAL-WITH PRESERVATIVE) (heparin sodium 10000 unit per 10 mL solution for injection vial) SANDOZ CANADA INCORPORATED"" -> ""HEPARIN SODIUM INJECTION USP    (MULTIDOSE VIAL-WITH PRESERVATIVE) (heparin sodium 10000 unit per 10 mL solution for injection vial) SANDOZ CANADA INCORPORATED""
mp_fr_description: ""HEPARIN SODIUM INJECTION USP ̲ ̲ ̲ ̲    (MULTIDOSE VIAL-WITH PRESERVATIVE) (héparine sodique 10000 unité par 10 mL solution injectable fiole) SANDOZ CANADA INCORPORATED"" -> ""HEPARIN SODIUM INJECTION USP    (MULTIDOSE VIAL-WITH PRESERVATIVE) (héparine sodique 10000 unité par 10 mL solution injectable fiole) SANDOZ CANADA INCORPORATED"""
NA,77700684,HEPARIN SODIUM INJECTION USP    (MULTIDOSE VIAL-WITH PRESERVATIVE) (heparin sodium 1000 unit per mL solution for injection 30 mL vial) SANDOZ CANADA INCORPORATED,HEPARIN SODIUM INJECTION USP    (MULTIDOSE VIAL-WITH PRESERVATIVE) (héparine sodique 1000 unité par mL solution injectable 30 mL fiole) SANDOZ CANADA INCORPORATED,"Health_Canada_product_name: ""HEPARIN SODIUM INJECTION USP        (MULTIDOSE VIAL-WITH PRESERVATIVE)"" -> ""HEPARIN SODIUM INJECTION USP    (MULTIDOSE VIAL-WITH PRESERVATIVE)""
mp_formal_name: ""HEPARIN SODIUM INJECTION USP ̲ ̲ ̲ ̲    (MULTIDOSE VIAL-WITH PRESERVATIVE) (heparin sodium 1000 unit per mL solution for injection 30 mL vial) SANDOZ CANADA INCORPORATED"" -> ""HEPARIN SODIUM INJECTION USP    (MULTIDOSE VIAL-WITH PRESERVATIVE) (heparin sodium 1000 unit per mL solution for injection 30 mL vial) SANDOZ CANADA INCORPORATED""
mp_fr_description: ""HEPARIN SODIUM INJECTION USP ̲ ̲ ̲ ̲    (MULTIDOSE VIAL-WITH PRESERVATIVE) (héparine sodique 1000 unité par mL solution injectable 30 mL fiole) SANDOZ CANADA INCORPORATED"" -> ""HEPARIN SODIUM INJECTION USP    (MULTIDOSE VIAL-WITH PRESERVATIVE) (héparine sodique 1000 unité par mL solution injectable 30 mL fiole) SANDOZ CANADA INCORPORATED"""
NA,77700685,HEPARIN SODIUM INJECTION USP       (MULTIDOSE VIAL-WITH PRESERVATIVE) (heparin sodium 50000 unit per 5 mL solution for injection vial) SANDOZ CANADA INCORPORATED,HEPARIN SODIUM INJECTION USP       (MULTIDOSE VIAL-WITH PRESERVATIVE) (héparine sodique 50000 unité par 5 mL solution injectable fiole) SANDOZ CANADA INCORPORATED,DELETED
NA,77700686,HEPARIN SODIUM INJECTION USP       (MULTIDOSE VIAL-WITH PRESERVATIVE) (heparin sodium 10000 unit per mL solution for injection 50 mL vial) SANDOZ CANADA INCORPORATED,HEPARIN SODIUM INJECTION USP       (MULTIDOSE VIAL-WITH PRESERVATIVE) (héparine sodique 10000 unité par mL solution injectable 50 mL fiole) SANDOZ CANADA INCORPORATED,DELETED
NA,77700769,"DOXORUBICIN INJECTION, BP (doxorubicin hydrochloride 50 mg per 25 mL solution for injection vial) ACCORD HEALTHCARE INC","DOXORUBICIN INJECTION, BP (chlorhydrate de doxorubicine 50 mg par 25 mL solution injectable fiole) ACCORD HEALTHCARE INC",ADDED
NA,77700770,"DOXORUBICIN INJECTION, BP (doxorubicin hydrochloride 20 mg per 10 mL solution for injection vial) ACCORD HEALTHCARE INC","DOXORUBICIN INJECTION, BP (chlorhydrate de doxorubicine 20 mg par 10 mL solution injectable fiole) ACCORD HEALTHCARE INC",ADDED
NA,77700771,"DOXORUBICIN INJECTION, BP (doxorubicin hydrochloride 2 mg per mL solution for injection 100 mL vial) ACCORD HEALTHCARE INC","DOXORUBICIN INJECTION, BP (chlorhydrate de doxorubicine 2 mg par mL solution injectable 100 mL fiole) ACCORD HEALTHCARE INC",ADDED
NA,77700772,"DOXORUBICIN INJECTION, BP (doxorubicin hydrochloride 10 mg per 5 mL solution for injection vial) ACCORD HEALTHCARE INC","DOXORUBICIN INJECTION, BP (chlorhydrate de doxorubicine 10 mg par 5 mL solution injectable fiole) ACCORD HEALTHCARE INC",ADDED
NA,77700783,DOXORUBICIN HYDROCHLORIDE INJECTION (doxorubicin hydrochloride 50 mg per 25 mL solution for injection vial) TEVA CANADA LIMITED,DOXORUBICIN HYDROCHLORIDE INJECTION (chlorhydrate de doxorubicine 50 mg par 25 mL solution injectable fiole) TEVA CANADA LIMITED,ADDED
NA,77700784,DOXORUBICIN HYDROCHLORIDE INJECTION (doxorubicin hydrochloride 2 mg per mL solution for injection 100 mL vial) TEVA CANADA LIMITED,DOXORUBICIN HYDROCHLORIDE INJECTION (chlorhydrate de doxorubicine 2 mg par mL solution injectable 100 mL fiole) TEVA CANADA LIMITED,ADDED
NA,77700785,DOXORUBICIN HYDROCHLORIDE INJECTION (doxorubicin hydrochloride 10 mg per 5 mL solution for injection vial) TEVA CANADA LIMITED,DOXORUBICIN HYDROCHLORIDE INJECTION (chlorhydrate de doxorubicine 10 mg par 5 mL solution injectable fiole) TEVA CANADA LIMITED,ADDED
NA,77700789,DOXORUBICIN (doxorubicin hydrochloride 10 mg per 5 mL solution for injection vial) PFIZER CANADA ULC,DOXORUBICIN (chlorhydrate de doxorubicine 10 mg par 5 mL solution injectable fiole) PFIZER CANADA ULC,ADDED
NA,77700790,DOXORUBICIN (doxorubicin hydrochloride 2 mg per mL solution for injection 100 mL vial) PFIZER CANADA ULC,DOXORUBICIN (chlorhydrate de doxorubicine 2 mg par mL solution injectable 100 mL fiole) PFIZER CANADA ULC,ADDED
NA,77700791,DOXORUBICIN (doxorubicin hydrochloride 50 mg per 25 mL solution for injection vial) PFIZER CANADA ULC,DOXORUBICIN (chlorhydrate de doxorubicine 50 mg par 25 mL solution injectable fiole) PFIZER CANADA ULC,ADDED
NA,77700991,PACLITAXEL FOR INJECTION (paclitaxel 100 mg per 16.7 mL solution for injection vial) BIOLYSE PHARMA CORPORATION,"PACLITAXEL FOR INJECTION (paclitaxel 100 mg par 16,7 mL solution injectable fiole) BIOLYSE PHARMA CORPORATION",ADDED
NA,77700992,PACLITAXEL FOR INJECTION (paclitaxel 100 mg per 16.7 mL solution for injection vial) BIOLYSE PHARMA CORPORATION,"PACLITAXEL FOR INJECTION (paclitaxel 100 mg par 16,7 mL solution injectable fiole) BIOLYSE PHARMA CORPORATION",ADDED
NA,77700993,PACLITAXEL FOR INJECTION (paclitaxel 100 mg per 16.7 mL solution for injection vial) BIOLYSE PHARMA CORPORATION,"PACLITAXEL FOR INJECTION (paclitaxel 100 mg par 16,7 mL solution injectable fiole) BIOLYSE PHARMA CORPORATION",ADDED
NA,77700994,PACLITAXEL INJECTION USP (paclitaxel 100 mg per 16.7 mL solution for injection vial) SANDOZ CANADA INCORPORATED,"PACLITAXEL INJECTION USP (paclitaxel 100 mg par 16,7 mL solution injectable fiole) SANDOZ CANADA INCORPORATED",ADDED
NA,77700995,PACLITAXEL INJECTION USP (paclitaxel 100 mg per 16.7 mL solution for injection vial) SANDOZ CANADA INCORPORATED,"PACLITAXEL INJECTION USP (paclitaxel 100 mg par 16,7 mL solution injectable fiole) SANDOZ CANADA INCORPORATED",ADDED
NA,77700996,PACLITAXEL INJECTION USP (paclitaxel 100 mg per 16.7 mL solution for injection vial) SANDOZ CANADA INCORPORATED,"PACLITAXEL INJECTION USP (paclitaxel 100 mg par 16,7 mL solution injectable fiole) SANDOZ CANADA INCORPORATED",ADDED
NA,77700997,PACLITAXEL INJECTION USP (paclitaxel 100 mg per 16.7 mL solution for injection vial) SANDOZ CANADA INCORPORATED,"PACLITAXEL INJECTION USP (paclitaxel 100 mg par 16,7 mL solution injectable fiole) SANDOZ CANADA INCORPORATED",ADDED
NA,77700998,PACLITAXEL INJECTION USP (paclitaxel 100 mg per 16.7 mL solution for injection vial) ACCORD HEALTHCARE INC,"PACLITAXEL INJECTION USP (paclitaxel 100 mg par 16,7 mL solution injectable fiole) ACCORD HEALTHCARE INC",ADDED
NA,77700999,PACLITAXEL INJECTION USP (paclitaxel 100 mg per 16.7 mL solution for injection vial) ACCORD HEALTHCARE INC,"PACLITAXEL INJECTION USP (paclitaxel 100 mg par 16,7 mL solution injectable fiole) ACCORD HEALTHCARE INC",ADDED
NA,8392197a29b95f37bda8e17b2bc16a55,CALCIUM GLUCONATE INJECTION USP 10% (calcium gluconate 100 mg per mL solution for injection 100 mL vial) STERIMAX INC,CALCIUM GLUCONATE INJECTION USP 10% (gluconate de calcium 100 mg par mL solution injectable 100 mL fiole) STERIMAX INC,ADDED
NA,c169a34dc3b40a7feb5fb506249b1ec4,CALCIUM GLUCONATE INJECTION USP 10% (calcium gluconate 1000 mg per 10 mL solution for injection vial) STERIMAX INC,CALCIUM GLUCONATE INJECTION USP 10% (gluconate de calcium 1000 mg par 10 mL solution injectable fiole) STERIMAX INC,ADDED
NA,cfbc9e442a36847c3ffedf7357fad049,BICNU (carmustine 100 mg per 1 mL solution for injection vial) MARCAN PHARMACEUTICALS INC,BICNU (carmustine 100 mg par 1 mL solution injectable fiole) MARCAN PHARMACEUTICALS INC,ADDED
NA,d1795427fb4c7fcb471b3c24f62e5357,CALCIUM GLUCONATE INJECTION USP 10% (calcium gluconate 5000 mg per 50 mL solution for injection vial) STERIMAX INC,CALCIUM GLUCONATE INJECTION USP 10% (gluconate de calcium 5000 mg par 50 mL solution injectable fiole) STERIMAX INC,ADDED
