drug_code,mp_code,mp_formal_name,mp_fr_description,changes
933,00029149,FUNGIZONE (amphotericin B 50 mg per vial powder for solution for injection) CHEPLAPHARM ARZNEIMITTEL GMBH,FUNGIZONE (amphotéricine B 50 mg par fiole poudre pour solution injectable) CHEPLAPHARM ARZNEIMITTEL GMBH,ADDED
1668,00266507,ADASEPT LIQ 0.5% (triclosan 0.5 % cutaneous liquid) ODAN LABORATORIES LTD,"ADASEPT LIQ 0.5% (triclosan 0,5 % liquide cutané) ODAN LABORATORIES LTD",ADDED
1905,00261998,SODIUM BICARBONATE INJECTION USP (sodium bicarbonate 84 mg per mL solution for injection) PFIZER CANADA ULC,SODIUM BICARBONATE INJECTION USP (bicarbonate de sodium 84 mg par mL solution injectable) PFIZER CANADA ULC,ADDED
2390,00328154,ATROPINE SULFATE INJECTION USP (atropine sulfate 1 mg per 10 mL solution for injection syringe) PFIZER CANADA ULC,ATROPINE SULFATE INJECTION USP (sulfate d'atropine 1 mg par 10 mL solution injectable seringue) PFIZER CANADA ULC,DELETED
2527,00037869,POTASSIUM CHLORIDE FOR INJECTION CONCENTRATE USP (potassium chloride 149 mg per mL solution for injection) PFIZER CANADA ULC,POTASSIUM CHLORIDE FOR INJECTION CONCENTRATE USP (chlorure de potassium 149 mg par mL solution injectable) PFIZER CANADA ULC,ADDED
3394,00402206,POTASSIUM CHLORIDE FOR INJECTION CONCENTRATE (potassium chloride 20 meq per 10 mL solution for injection) OMEGA LABORATORIES LIMITED,POTASSIUM CHLORIDE FOR INJECTION CONCENTRATE (chlorure de potassium 20 meq par 10 mL solution injectable) OMEGA LABORATORIES LIMITED,ADDED
6754,00594644,STATEX (morphine sulfate 10 mg oral tablet) KNIGHT THERAPEUTICS INC.,STATEX (sulfate de morphine 10 mg comprimé oral) KNIGHT THERAPEUTICS INC.,"mp_formal_name: ""STATEX (morphine sulfate 10 mg oral tablet) E̲N̲D̲O̲ ̲O̲P̲E̲R̲A̲T̲I̲O̲N̲S̲ ̲L̲T̲D̲."" -> ""STATEX (morphine sulfate 10 mg oral tablet) K̲N̲I̲G̲H̲T̲ ̲T̲H̲E̲R̲A̲P̲E̲U̲T̲I̲C̲S̲ ̲I̲N̲C̲.""
mp_fr_description: ""STATEX (sulfate de morphine 10 mg comprimé oral) E̲N̲D̲O̲ ̲O̲P̲E̲R̲A̲T̲I̲O̲N̲S̲ ̲L̲T̲D̲."" -> ""STATEX (sulfate de morphine 10 mg comprimé oral) K̲N̲I̲G̲H̲T̲ ̲T̲H̲E̲R̲A̲P̲E̲U̲T̲I̲C̲S̲ ̲I̲N̲C̲."""
6755,00594652,STATEX (morphine sulfate 5 mg oral tablet) KNIGHT THERAPEUTICS INC.,STATEX (sulfate de morphine 5 mg comprimé oral) KNIGHT THERAPEUTICS INC.,"mp_formal_name: ""STATEX (morphine sulfate 5 mg oral tablet) E̲N̲D̲O̲ ̲O̲P̲E̲R̲A̲T̲I̲O̲N̲S̲ ̲L̲T̲D̲."" -> ""STATEX (morphine sulfate 5 mg oral tablet) K̲N̲I̲G̲H̲T̲ ̲T̲H̲E̲R̲A̲P̲E̲U̲T̲I̲C̲S̲ ̲I̲N̲C̲.""
mp_fr_description: ""STATEX (sulfate de morphine 5 mg comprimé oral) E̲N̲D̲O̲ ̲O̲P̲E̲R̲A̲T̲I̲O̲N̲S̲ ̲L̲T̲D̲."" -> ""STATEX (sulfate de morphine 5 mg comprimé oral) K̲N̲I̲G̲H̲T̲ ̲T̲H̲E̲R̲A̲P̲E̲U̲T̲I̲C̲S̲ ̲I̲N̲C̲."""
6775,00691623,BICARBONATE CONCENTRATE D17000 (sodium bicarbonate 81.3 g per l solution for haemodialysis) VANTIVE ULC,"BICARBONATE CONCENTRATE D17000 (bicarbonate de sodium 81,3 g par l solution pour hémodialyse) VANTIVE ULC",ADDED
10509,00804789,POTASSIUM PHOSPHATES (phosphorus (potassium phosphate dibasic and potassium phosphate monobasic) 30 mmol per 10 mL and potassium (potassium phosphate dibasic and potassium phosphate monobasic) 44 mmol per 10 mL solution for injection vial) SANDOZ CANADA INCORPORATED,POTASSIUM PHOSPHATES (phosphore (phosphate de potassium dibasique et phosphate de potassium monobasique) 30 mmol par 10 mL et potassium (phosphate de potassium dibasique et phosphate de potassium monobasique) 44 mmol par 10 mL solution injectable fiole) SANDOZ CANADA INCORPORATED,ADDED
11537,00779237,BACTI-STAT 0.3% (triclosan 0.3 % cutaneous liquid) ECOLAB CO,"BACTI-STAT 0.3% (triclosan 0,3 % liquide cutané) ECOLAB CO",ADDED
11918,01931032,ROBITUSSIN MUCUS & PHLEGM (guaifenesin 100 mg per 5 mL syrup) GLAXOSMITHKLINE CONSUMER HEALTHCARE ULC,ROBITUSSIN MUCUS & PHLEGM (guaïfénésine 100 mg par 5 mL sirop) GLAXOSMITHKLINE CONSUMER HEALTHCARE ULC,DELETED
12639,01977873,GERMICIDAL HAND SOAP LIQ 0.6% (chloroxylenol 0.6 % cutaneous liquid) OSTREM CHEMICAL CO LTD.,"GERMICIDAL HAND SOAP LIQ 0.6% (chloroxylénol 0,6 % liquide cutané) OSTREM CHEMICAL CO LTD.",ADDED
13600,01974548,MICRO I (iodide (sodium iodide) 1000 mcg per 10 mL solution for injection vial) SANDOZ CANADA INCORPORATED,MICRO I (iodure (iodure de sodium) 1000 mcg par 10 mL solution injectable fiole) SANDOZ CANADA INCORPORATED,ADDED
13723,02018985,PROZAC CAPSULES 10MG (fluoxetine (fluoxetine hydrochloride) 10 mg oral capsule) ELI LILLY CANADA INC,PROZAC CAPSULES 10MG (fluoxétine (chlorhydrate de fluoxétine) 10 mg capsule orale) ELI LILLY CANADA INC,DELETED
13782,02017849,BENADRYL ALLERGY (diphenhydramine hydrochloride 25 mg oral tablet) KENVUE CANADA INC.,BENADRYL ALLERGY (chlorhydrate de diphenhydramine 25 mg comprimé oral) KENVUE CANADA INC.,"mp_formal_name: ""BENADRYL ALLERGY (diphenhydramine hydrochloride 25 mg oral tablet) M̲C̲N̲E̲I̲L̲ ̲C̲O̲N̲S̲U̲M̲E̲R̲ ̲H̲E̲A̲L̲T̲H̲C̲A̲R̲E̲ ̲D̲I̲V̲I̲S̲I̲O̲N̲ ̲O̲F̲ ̲J̲O̲H̲N̲S̲O̲N̲ ̲&̲ ̲J̲O̲H̲N̲S̲O̲N̲ ̲I̲N̲C̲"" -> ""BENADRYL ALLERGY (diphenhydramine hydrochloride 25 mg oral tablet) K̲E̲N̲V̲U̲E̲ ̲C̲A̲N̲A̲D̲A̲ ̲I̲N̲C̲.̲""
mp_fr_description: ""BENADRYL ALLERGY (chlorhydrate de diphenhydramine 25 mg comprimé oral) M̲C̲N̲E̲I̲L̲ ̲C̲O̲N̲S̲U̲M̲E̲R̲ ̲H̲E̲A̲L̲T̲H̲C̲A̲R̲E̲ ̲D̲I̲V̲I̲S̲I̲O̲N̲ ̲O̲F̲ ̲J̲O̲H̲N̲S̲O̲N̲ ̲&̲ ̲J̲O̲H̲N̲S̲O̲N̲ ̲I̲N̲C̲"" -> ""BENADRYL ALLERGY (chlorhydrate de diphenhydramine 25 mg comprimé oral) K̲E̲N̲V̲U̲E̲ ̲C̲A̲N̲A̲D̲A̲ ̲I̲N̲C̲.̲"""
13833,01905740,K+ 45 (potassium chloride 251.6 g per l solution for haemodialysis) VANTIVE ULC,"K+ 45 (chlorure de potassium 251,6 g par l solution pour hémodialyse) VANTIVE ULC",ADDED
14006,01940473,PAXIL TAB 30MG (paroxetine (paroxetine hydrochloride) 30 mg oral tablet) GLAXOSMITHKLINE INC,PAXIL TAB 30MG (paroxétine (chlorhydrate de paroxétine) 30 mg comprimé oral) GLAXOSMITHKLINE INC,DELETED
15516,02019736,BENADRYL ALLERGY LIQUID (diphenhydramine hydrochloride 12.5 mg per 5 mL oral solution) KENVUE CANADA INC.,"BENADRYL ALLERGY LIQUID (chlorhydrate de diphenhydramine 12,5 mg par 5 mL solution orale) KENVUE CANADA INC.","mp_formal_name: ""BENADRYL ALLERGY LIQUID (diphenhydramine hydrochloride 12.5 mg per 5 mL oral solution) M̲C̲N̲E̲I̲L̲ ̲C̲O̲N̲S̲U̲M̲E̲R̲ ̲H̲E̲A̲L̲T̲H̲C̲A̲R̲E̲ ̲D̲I̲V̲I̲S̲I̲O̲N̲ ̲O̲F̲ ̲J̲O̲H̲N̲S̲O̲N̲ ̲&̲ ̲J̲O̲H̲N̲S̲O̲N̲ ̲I̲N̲C̲"" -> ""BENADRYL ALLERGY LIQUID (diphenhydramine hydrochloride 12.5 mg per 5 mL oral solution) K̲E̲N̲V̲U̲E̲ ̲C̲A̲N̲A̲D̲A̲ ̲I̲N̲C̲.̲""
mp_fr_description: ""BENADRYL ALLERGY LIQUID (chlorhydrate de diphenhydramine 12,5 mg par 5 mL solution orale) M̲C̲N̲E̲I̲L̲ ̲C̲O̲N̲S̲U̲M̲E̲R̲ ̲H̲E̲A̲L̲T̲H̲C̲A̲R̲E̲ ̲D̲I̲V̲I̲S̲I̲O̲N̲ ̲O̲F̲ ̲J̲O̲H̲N̲S̲O̲N̲ ̲&̲ ̲J̲O̲H̲N̲S̲O̲N̲ ̲I̲N̲C̲"" -> ""BENADRYL ALLERGY LIQUID (chlorhydrate de diphenhydramine 12,5 mg par 5 mL solution orale) K̲E̲N̲V̲U̲E̲ ̲C̲A̲N̲A̲D̲A̲ ̲I̲N̲C̲.̲"""
15625,01908448,BETOPTIC S (betaxolol (betaxolol hydrochloride) 0.25 % ophthalmic drops) NOVARTIS PHARMACEUTICALS CANADA INC,"BETOPTIC S (bétaxolol (chlorhydrate de bétaxolol) 0,25 % gouttes ophtalmiques) NOVARTIS PHARMACEUTICALS CANADA INC",DELETED
15880,02019698,CHILDREN'S BENADRYL ALLERGY LIQUID (diphenhydramine hydrochloride 6.25 mg per 5 mL syrup) KENVUE CANADA INC.,"CHILDREN'S BENADRYL ALLERGY LIQUID (chlorhydrate de diphenhydramine 6,25 mg par 5 mL sirop) KENVUE CANADA INC.","mp_formal_name: ""CHILDREN'S BENADRYL ALLERGY LIQUID (diphenhydramine hydrochloride 6.25 mg per 5 mL syrup) M̲C̲N̲E̲I̲L̲ ̲C̲O̲N̲S̲U̲M̲E̲R̲ ̲H̲E̲A̲L̲T̲H̲C̲A̲R̲E̲ ̲D̲I̲V̲I̲S̲I̲O̲N̲ ̲O̲F̲ ̲J̲O̲H̲N̲S̲O̲N̲ ̲&̲ ̲J̲O̲H̲N̲S̲O̲N̲ ̲I̲N̲C̲"" -> ""CHILDREN'S BENADRYL ALLERGY LIQUID (diphenhydramine hydrochloride 6.25 mg per 5 mL syrup) K̲E̲N̲V̲U̲E̲ ̲C̲A̲N̲A̲D̲A̲ ̲I̲N̲C̲.̲""
mp_fr_description: ""CHILDREN'S BENADRYL ALLERGY LIQUID (chlorhydrate de diphenhydramine 6,25 mg par 5 mL sirop) M̲C̲N̲E̲I̲L̲ ̲C̲O̲N̲S̲U̲M̲E̲R̲ ̲H̲E̲A̲L̲T̲H̲C̲A̲R̲E̲ ̲D̲I̲V̲I̲S̲I̲O̲N̲ ̲O̲F̲ ̲J̲O̲H̲N̲S̲O̲N̲ ̲&̲ ̲J̲O̲H̲N̲S̲O̲N̲ ̲I̲N̲C̲"" -> ""CHILDREN'S BENADRYL ALLERGY LIQUID (chlorhydrate de diphenhydramine 6,25 mg par 5 mL sirop) K̲E̲N̲V̲U̲E̲ ̲C̲A̲N̲A̲D̲A̲ ̲I̲N̲C̲.̲"""
18208,02131471,VIROBEX-P (chloroxylenol 0.6 % cutaneous liquid) GERMIPHENE CORPORATION,"VIROBEX-P (chloroxylénol 0,6 % liquide cutané) GERMIPHENE CORPORATION",ADDED
18310,02161060,CALCIUM-45 0.25-4.5 (calcium chloride 7.45 g per bottle powder for concentrate for solution for haemodialysis) VANTIVE ULC,"CALCIUM-45 0.25-4.5 (chlorure de calcium 7,45 g par bouteille poudre pour solution à diluer pour solution pour hémodialyse) VANTIVE ULC",ADDED
18321,02160986,CALCIUM-45 0.5-4.5 (calcium chloride 14.9 g per bottle powder for concentrate for solution for haemodialysis) VANTIVE ULC,"CALCIUM-45 0.5-4.5 (chlorure de calcium 14,9 g par bouteille poudre pour solution à diluer pour solution pour hémodialyse) VANTIVE ULC",ADDED
19075,02157624,DIOVOL PLUS ALUMINUM FREE (calcium carbonate 200 mg and magnesium hydroxide 200 mg and simethicone 25 mg chewable tablet) CHURCH & DWIGHT CANADA CORP,DIOVOL PLUS ALUMINUM FREE (carbonate de calcium 200 mg et hydroxyde de magnésium 200 mg et siméticone 25 mg comprimé à croquer) CHURCH & DWIGHT CANADA CORP,DELETED
19442,02139545,"POTASSIUM PHOSPHATES INJECTION, USP (potassium phosphate dibasic 236 mg per mL and potassium phosphate monobasic 224 mg per mL solution for injection) FRESENIUS KABI CANADA LTD","POTASSIUM PHOSPHATES INJECTION, USP (phosphate de potassium dibasique 236 mg par mL et phosphate de potassium monobasique 224 mg par mL solution injectable) FRESENIUS KABI CANADA LTD",ADDED
19460,02086026,FLORINEF (fludrocortisone acetate 0.1 mg oral tablet) KNIGHT THERAPEUTICS INC.,"FLORINEF (acétate de fludrocortisone 0,1 mg comprimé oral) KNIGHT THERAPEUTICS INC.","mp_formal_name: ""FLORINEF (fludrocortisone acetate 0.1 mg oral tablet) E̲N̲D̲O̲ ̲O̲P̲E̲R̲A̲T̲I̲O̲N̲S̲ ̲L̲T̲D̲."" -> ""FLORINEF (fludrocortisone acetate 0.1 mg oral tablet) K̲N̲I̲G̲H̲T̲ ̲T̲H̲E̲R̲A̲P̲E̲U̲T̲I̲C̲S̲ ̲I̲N̲C̲.""
mp_fr_description: ""FLORINEF (acétate de fludrocortisone 0,1 mg comprimé oral) E̲N̲D̲O̲ ̲O̲P̲E̲R̲A̲T̲I̲O̲N̲S̲ ̲L̲T̲D̲."" -> ""FLORINEF (acétate de fludrocortisone 0,1 mg comprimé oral) K̲N̲I̲G̲H̲T̲ ̲T̲H̲E̲R̲A̲P̲E̲U̲T̲I̲C̲S̲ ̲I̲N̲C̲."""
19585,02186934,MOTRIN 200MG (ibuprofen 200 mg oral tablet) KENVUE CANADA INC.,MOTRIN 200MG (ibuprofène 200 mg comprimé oral) KENVUE CANADA INC.,"mp_formal_name: ""MOTRIN 200MG (ibuprofen 200 mg oral tablet) M̲C̲N̲E̲I̲L̲ ̲C̲O̲N̲S̲U̲M̲E̲R̲ ̲H̲E̲A̲L̲T̲H̲C̲A̲R̲E̲ ̲D̲I̲V̲I̲S̲I̲O̲N̲ ̲O̲F̲ ̲J̲O̲H̲N̲S̲O̲N̲ ̲&̲ ̲J̲O̲H̲N̲S̲O̲N̲ ̲I̲N̲C̲"" -> ""MOTRIN 200MG (ibuprofen 200 mg oral tablet) K̲E̲N̲V̲U̲E̲ ̲C̲A̲N̲A̲D̲A̲ ̲I̲N̲C̲.̲""
mp_fr_description: ""MOTRIN 200MG (ibuprofène 200 mg comprimé oral) M̲C̲N̲E̲I̲L̲ ̲C̲O̲N̲S̲U̲M̲E̲R̲ ̲H̲E̲A̲L̲T̲H̲C̲A̲R̲E̲ ̲D̲I̲V̲I̲S̲I̲O̲N̲ ̲O̲F̲ ̲J̲O̲H̲N̲S̲O̲N̲ ̲&̲ ̲J̲O̲H̲N̲S̲O̲N̲ ̲I̲N̲C̲"" -> ""MOTRIN 200MG (ibuprofène 200 mg comprimé oral) K̲E̲N̲V̲U̲E̲ ̲C̲A̲N̲A̲D̲A̲ ̲I̲N̲C̲.̲"""
20112,02219301,MAGNESIUM-45 0.5-4.5 (magnesium chloride 20.5 g per bottle powder for concentrate for solution for haemodialysis) VANTIVE ULC,"MAGNESIUM-45 0.5-4.5 (chlorure de magnésium 20,5 g par bouteille poudre pour solution à diluer pour solution pour hémodialyse) VANTIVE ULC",ADDED
31360,02139529,"SODIUM ACETATE INJECTION, USP (sodium acetate 328 mg per mL solution for injection) FRESENIUS KABI CANADA LTD","SODIUM ACETATE INJECTION, USP (acétate de sodium 328 mg par mL solution injectable) FRESENIUS KABI CANADA LTD",ADDED
35083,02181746,SODIUM ACETATE INJECTION USP (sodium (sodium acetate) 4 mmol per mL solution for injection 50 mL vial) OMEGA LABORATORIES LIMITED,SODIUM ACETATE INJECTION USP (sodium (acétate de sodium) 4 mmol par mL solution injectable 50 mL fiole) OMEGA LABORATORIES LIMITED,ADDED
41477,00373435,DETTOL (chloroxylenol 4.8 % cutaneous solution) RECKITT BENCKISER (CANADA) INC,"DETTOL (chloroxylénol 4,8 % solution pour application cutanée) RECKITT BENCKISER (CANADA) INC",ADDED
42944,02194465,DOXORUBICIN HYDROCHLORIDE FOR INJECTION USP (doxorubicin hydrochloride 50 mg per vial powder for solution for injection) PFIZER CANADA ULC,DOXORUBICIN HYDROCHLORIDE FOR INJECTION USP (chlorhydrate de doxorubicine 50 mg par fiole poudre pour solution injectable) PFIZER CANADA ULC,ADDED
42945,02194473,DOXORUBICIN HYDROCHLORIDE FOR INJECTION USP (doxorubicin hydrochloride 150 mg per vial powder for solution for injection) PFIZER CANADA ULC,DOXORUBICIN HYDROCHLORIDE FOR INJECTION USP (chlorhydrate de doxorubicine 150 mg par fiole poudre pour solution injectable) PFIZER CANADA ULC,ADDED
43155,02215187,CAVERJECT STERILE POWDER - PWS 23.2MCG/VIAL (alprostadil 20 mcg per vial powder for solution for injection) PFIZER CANADA ULC,CAVERJECT STERILE POWDER - PWS 23.2MCG/VIAL (alprostadil 20 mcg par fiole poudre pour solution injectable) PFIZER CANADA ULC,ADDED
43369,02223546,REACTINE (cetirizine hydrochloride 5 mg oral tablet) KENVUE CANADA INC.,REACTINE (chlorhydrate de cétirizine 5 mg comprimé oral) KENVUE CANADA INC.,"mp_formal_name: ""REACTINE (cetirizine hydrochloride 5 mg oral tablet) M̲C̲N̲E̲I̲L̲ ̲C̲O̲N̲S̲U̲M̲E̲R̲ ̲H̲E̲A̲L̲T̲H̲C̲A̲R̲E̲ ̲D̲I̲V̲I̲S̲I̲O̲N̲ ̲O̲F̲ ̲J̲O̲H̲N̲S̲O̲N̲ ̲&̲ ̲J̲O̲H̲N̲S̲O̲N̲ ̲I̲N̲C̲"" -> ""REACTINE (cetirizine hydrochloride 5 mg oral tablet) K̲E̲N̲V̲U̲E̲ ̲C̲A̲N̲A̲D̲A̲ ̲I̲N̲C̲.̲""
mp_fr_description: ""REACTINE (chlorhydrate de cétirizine 5 mg comprimé oral) M̲C̲N̲E̲I̲L̲ ̲C̲O̲N̲S̲U̲M̲E̲R̲ ̲H̲E̲A̲L̲T̲H̲C̲A̲R̲E̲ ̲D̲I̲V̲I̲S̲I̲O̲N̲ ̲O̲F̲ ̲J̲O̲H̲N̲S̲O̲N̲ ̲&̲ ̲J̲O̲H̲N̲S̲O̲N̲ ̲I̲N̲C̲"" -> ""REACTINE (chlorhydrate de cétirizine 5 mg comprimé oral) K̲E̲N̲V̲U̲E̲ ̲C̲A̲N̲A̲D̲A̲ ̲I̲N̲C̲.̲"""
43370,02223554,REACTINE (cetirizine hydrochloride 10 mg oral tablet) KENVUE CANADA INC.,REACTINE (chlorhydrate de cétirizine 10 mg comprimé oral) KENVUE CANADA INC.,"mp_formal_name: ""REACTINE (cetirizine hydrochloride 10 mg oral tablet) M̲C̲N̲E̲I̲L̲ ̲C̲O̲N̲S̲U̲M̲E̲R̲ ̲H̲E̲A̲L̲T̲H̲C̲A̲R̲E̲ ̲D̲I̲V̲I̲S̲I̲O̲N̲ ̲O̲F̲ ̲J̲O̲H̲N̲S̲O̲N̲ ̲&̲ ̲J̲O̲H̲N̲S̲O̲N̲ ̲I̲N̲C̲"" -> ""REACTINE (cetirizine hydrochloride 10 mg oral tablet) K̲E̲N̲V̲U̲E̲ ̲C̲A̲N̲A̲D̲A̲ ̲I̲N̲C̲.̲""
mp_fr_description: ""REACTINE (chlorhydrate de cétirizine 10 mg comprimé oral) M̲C̲N̲E̲I̲L̲ ̲C̲O̲N̲S̲U̲M̲E̲R̲ ̲H̲E̲A̲L̲T̲H̲C̲A̲R̲E̲ ̲D̲I̲V̲I̲S̲I̲O̲N̲ ̲O̲F̲ ̲J̲O̲H̲N̲S̲O̲N̲ ̲&̲ ̲J̲O̲H̲N̲S̲O̲N̲ ̲I̲N̲C̲"" -> ""REACTINE (chlorhydrate de cétirizine 10 mg comprimé oral) K̲E̲N̲V̲U̲E̲ ̲C̲A̲N̲A̲D̲A̲ ̲I̲N̲C̲.̲"""
49614,02230542,IMODIUM QUICK DISSOLVE (loperamide hydrochloride 2 mg orodispersible tablet) KENVUE CANADA INC.,IMODIUM QUICK DISSOLVE (chlorhydrate de lopéramide 2 mg comprimé orodispersible) KENVUE CANADA INC.,"mp_formal_name: ""IMODIUM QUICK DISSOLVE (loperamide hydrochloride 2 mg orodispersible tablet) M̲C̲N̲E̲I̲L̲ ̲C̲O̲N̲S̲U̲M̲E̲R̲ ̲H̲E̲A̲L̲T̲H̲C̲A̲R̲E̲ ̲D̲I̲V̲I̲S̲I̲O̲N̲ ̲O̲F̲ ̲J̲O̲H̲N̲S̲O̲N̲ ̲&̲ ̲J̲O̲H̲N̲S̲O̲N̲ ̲I̲N̲C̲"" -> ""IMODIUM QUICK DISSOLVE (loperamide hydrochloride 2 mg orodispersible tablet) K̲E̲N̲V̲U̲E̲ ̲C̲A̲N̲A̲D̲A̲ ̲I̲N̲C̲.̲""
mp_fr_description: ""IMODIUM QUICK DISSOLVE (chlorhydrate de lopéramide 2 mg comprimé orodispersible) M̲C̲N̲E̲I̲L̲ ̲C̲O̲N̲S̲U̲M̲E̲R̲ ̲H̲E̲A̲L̲T̲H̲C̲A̲R̲E̲ ̲D̲I̲V̲I̲S̲I̲O̲N̲ ̲O̲F̲ ̲J̲O̲H̲N̲S̲O̲N̲ ̲&̲ ̲J̲O̲H̲N̲S̲O̲N̲ ̲I̲N̲C̲"" -> ""IMODIUM QUICK DISSOLVE (chlorhydrate de lopéramide 2 mg comprimé orodispersible) K̲E̲N̲V̲U̲E̲ ̲C̲A̲N̲A̲D̲A̲ ̲I̲N̲C̲.̲"""
51375,02231923,RHINOCORT AQUA (budesonide 64 mcg per actuation nasal spray) KENVUE CANADA INC.,RHINOCORT AQUA (budésonide 64 mcg par actionnement vaporisation nasale) KENVUE CANADA INC.,"mp_formal_name: ""RHINOCORT AQUA (budesonide 64 mcg per actuation nasal spray) M̲C̲N̲E̲I̲L̲ ̲C̲O̲N̲S̲U̲M̲E̲R̲ ̲H̲E̲A̲L̲T̲H̲C̲A̲R̲E̲ ̲D̲I̲V̲I̲S̲I̲O̲N̲ ̲O̲F̲ ̲J̲O̲H̲N̲S̲O̲N̲ ̲&̲ ̲J̲O̲H̲N̲S̲O̲N̲ ̲I̲N̲C̲"" -> ""RHINOCORT AQUA (budesonide 64 mcg per actuation nasal spray) K̲E̲N̲V̲U̲E̲ ̲C̲A̲N̲A̲D̲A̲ ̲I̲N̲C̲.̲""
mp_fr_description: ""RHINOCORT AQUA (budésonide 64 mcg par actionnement vaporisation nasale) M̲C̲N̲E̲I̲L̲ ̲C̲O̲N̲S̲U̲M̲E̲R̲ ̲H̲E̲A̲L̲T̲H̲C̲A̲R̲E̲ ̲D̲I̲V̲I̲S̲I̲O̲N̲ ̲O̲F̲ ̲J̲O̲H̲N̲S̲O̲N̲ ̲&̲ ̲J̲O̲H̲N̲S̲O̲N̲ ̲I̲N̲C̲"" -> ""RHINOCORT AQUA (budésonide 64 mcg par actionnement vaporisation nasale) K̲E̲N̲V̲U̲E̲ ̲C̲A̲N̲A̲D̲A̲ ̲I̲N̲C̲.̲"""
59870,02236396,CLEAN & CLEAR PERSA-GEL 5 (benzoyl peroxide 5 % lotion) KENVUE CANADA INC.,CLEAN & CLEAR PERSA-GEL 5 (peroxyde de benzoyle 5 % lotion) KENVUE CANADA INC.,"mp_formal_name: ""CLEAN & CLEAR PERSA-GEL 5 (benzoyl peroxide 5 % lotion) J̲O̲H̲N̲S̲O̲N̲ ̲&̲ ̲J̲O̲H̲N̲S̲O̲N̲ ̲I̲N̲C̲"" -> ""CLEAN & CLEAR PERSA-GEL 5 (benzoyl peroxide 5 % lotion) K̲E̲N̲V̲U̲E̲ ̲C̲A̲N̲A̲D̲A̲ ̲I̲N̲C̲.̲""
mp_fr_description: ""CLEAN & CLEAR PERSA-GEL 5 (peroxyde de benzoyle 5 % lotion) J̲O̲H̲N̲S̲O̲N̲ ̲&̲ ̲J̲O̲H̲N̲S̲O̲N̲ ̲I̲N̲C̲"" -> ""CLEAN & CLEAR PERSA-GEL 5 (peroxyde de benzoyle 5 % lotion) K̲E̲N̲V̲U̲E̲ ̲C̲A̲N̲A̲D̲A̲ ̲I̲N̲C̲.̲"""
61744,02238337,REACTINE (cetirizine hydrochloride 5 mg per 5 mL syrup) KENVUE CANADA INC.,REACTINE (chlorhydrate de cétirizine 5 mg par 5 mL sirop) KENVUE CANADA INC.,"mp_formal_name: ""REACTINE (cetirizine hydrochloride 5 mg per 5 mL syrup) M̲C̲N̲E̲I̲L̲ ̲C̲O̲N̲S̲U̲M̲E̲R̲ ̲H̲E̲A̲L̲T̲H̲C̲A̲R̲E̲ ̲D̲I̲V̲I̲S̲I̲O̲N̲ ̲O̲F̲ ̲J̲O̲H̲N̲S̲O̲N̲ ̲&̲ ̲J̲O̲H̲N̲S̲O̲N̲ ̲I̲N̲C̲"" -> ""REACTINE (cetirizine hydrochloride 5 mg per 5 mL syrup) K̲E̲N̲V̲U̲E̲ ̲C̲A̲N̲A̲D̲A̲ ̲I̲N̲C̲.̲""
mp_fr_description: ""REACTINE (chlorhydrate de cétirizine 5 mg par 5 mL sirop) M̲C̲N̲E̲I̲L̲ ̲C̲O̲N̲S̲U̲M̲E̲R̲ ̲H̲E̲A̲L̲T̲H̲C̲A̲R̲E̲ ̲D̲I̲V̲I̲S̲I̲O̲N̲ ̲O̲F̲ ̲J̲O̲H̲N̲S̲O̲N̲ ̲&̲ ̲J̲O̲H̲N̲S̲O̲N̲ ̲I̲N̲C̲"" -> ""REACTINE (chlorhydrate de cétirizine 5 mg par 5 mL sirop) K̲E̲N̲V̲U̲E̲ ̲C̲A̲N̲A̲D̲A̲ ̲I̲N̲C̲.̲"""
61804,02238389,CAELYX (doxorubicin hydrochloride 20 mg per 10 mL suspension for injection vial) BAXTER CORPORATION,CAELYX (chlorhydrate de doxorubicine 20 mg par 10 mL suspension injectable fiole) BAXTER CORPORATION,ADDED
62780,02239311,ECOCARE 250 (triclosan 0.3 % cutaneous liquid) ECOLAB CO,"ECOCARE 250 (triclosan 0,3 % liquide cutané) ECOLAB CO",ADDED
62787,02239318,ECOCARE 360 (benzalkonium chloride 0.13 % cutaneous liquid) ECOLAB CO,"ECOCARE 360 (chlorure de benzalkonium 0,13 % liquide cutané) ECOLAB CO",ADDED
63620,02240105,AVEENO ANTI-ITCH LOTION (calamine 3 % and pramoxine hydrochloride 1 % lotion) KENVUE CANADA INC.,AVEENO ANTI-ITCH LOTION (calamine 3 % et chlorhydrate de pramoxine 1 % lotion) KENVUE CANADA INC.,"mp_formal_name: ""AVEENO ANTI-ITCH LOTION (calamine 3 % and pramoxine hydrochloride 1 % lotion) J̲O̲H̲N̲S̲O̲N̲ ̲&̲ ̲J̲O̲H̲N̲S̲O̲N̲ ̲I̲N̲C̲"" -> ""AVEENO ANTI-ITCH LOTION (calamine 3 % and pramoxine hydrochloride 1 % lotion) K̲E̲N̲V̲U̲E̲ ̲C̲A̲N̲A̲D̲A̲ ̲I̲N̲C̲.̲""
mp_fr_description: ""AVEENO ANTI-ITCH LOTION (calamine 3 % et chlorhydrate de pramoxine 1 % lotion) J̲O̲H̲N̲S̲O̲N̲ ̲&̲ ̲J̲O̲H̲N̲S̲O̲N̲ ̲I̲N̲C̲"" -> ""AVEENO ANTI-ITCH LOTION (calamine 3 % et chlorhydrate de pramoxine 1 % lotion) K̲E̲N̲V̲U̲E̲ ̲C̲A̲N̲A̲D̲A̲ ̲I̲N̲C̲.̲"""
64918,02241302,PRO-SERTRALINE (sertraline (sertraline hydrochloride) 25 mg oral capsule) PRO DOC LIMITEE,PRO-SERTRALINE (sertraline (chlorhydrate de sertraline) 25 mg capsule orale) PRO DOC LIMITEE,"Health_Canada_product_name: ""SERTRALINE-25"" -> ""PRO-SERTRALINE""
mp_formal_name: ""SERTRALINE-̲2̲5̲ (sertraline (sertraline hydrochloride) 25 mg oral capsule) PRO DOC LIMITEE"" -> ""P̲R̲O̲-̲SERTRALINE (sertraline (sertraline hydrochloride) 25 mg oral capsule) PRO DOC LIMITEE""
mp_fr_description: ""SERTRALINE-̲2̲5̲ (sertraline (chlorhydrate de sertraline) 25 mg capsule orale) PRO DOC LIMITEE"" -> ""P̲R̲O̲-̲SERTRALINE (sertraline (chlorhydrate de sertraline) 25 mg capsule orale) PRO DOC LIMITEE"""
64919,02241303,PRO-SERTRALINE (sertraline (sertraline hydrochloride) 50 mg oral capsule) PRO DOC LIMITEE,PRO-SERTRALINE (sertraline (chlorhydrate de sertraline) 50 mg capsule orale) PRO DOC LIMITEE,"Health_Canada_product_name: ""SERTRALINE-50"" -> ""PRO-SERTRALINE""
mp_formal_name: ""SERTRALINE-̲5̲0̲ (sertraline (sertraline hydrochloride) 50 mg oral capsule) PRO DOC LIMITEE"" -> ""P̲R̲O̲-̲SERTRALINE (sertraline (sertraline hydrochloride) 50 mg oral capsule) PRO DOC LIMITEE""
mp_fr_description: ""SERTRALINE-̲5̲0̲ (sertraline (chlorhydrate de sertraline) 50 mg capsule orale) PRO DOC LIMITEE"" -> ""P̲R̲O̲-̲SERTRALINE (sertraline (chlorhydrate de sertraline) 50 mg capsule orale) PRO DOC LIMITEE"""
64920,02241304,PRO-SERTRALINE (sertraline (sertraline hydrochloride) 100 mg oral capsule) PRO DOC LIMITEE,PRO-SERTRALINE (sertraline (chlorhydrate de sertraline) 100 mg capsule orale) PRO DOC LIMITEE,"Health_Canada_product_name: ""SERTRALINE-100"" -> ""PRO-SERTRALINE""
mp_formal_name: ""SERTRALINE-̲1̲0̲0̲ (sertraline (sertraline hydrochloride) 100 mg oral capsule) PRO DOC LIMITEE"" -> ""P̲R̲O̲-̲SERTRALINE (sertraline (sertraline hydrochloride) 100 mg oral capsule) PRO DOC LIMITEE""
mp_fr_description: ""SERTRALINE-̲1̲0̲0̲ (sertraline (chlorhydrate de sertraline) 100 mg capsule orale) PRO DOC LIMITEE"" -> ""P̲R̲O̲-̲SERTRALINE (sertraline (chlorhydrate de sertraline) 100 mg capsule orale) PRO DOC LIMITEE"""
65010,02241377,METADOL (methadone hydrochloride 10 mg per mL oral solution) KNIGHT THERAPEUTICS INC.,METADOL (chlorhydrate de méthadone 10 mg par mL solution orale) KNIGHT THERAPEUTICS INC.,"mp_formal_name: ""METADOL (methadone hydrochloride 10 mg per mL oral solution) E̲N̲D̲O̲ ̲O̲P̲E̲R̲A̲T̲I̲O̲N̲S̲ ̲L̲T̲D̲."" -> ""METADOL (methadone hydrochloride 10 mg per mL oral solution) K̲N̲I̲G̲H̲T̲ ̲T̲H̲E̲R̲A̲P̲E̲U̲T̲I̲C̲S̲ ̲I̲N̲C̲.""
mp_fr_description: ""METADOL (chlorhydrate de méthadone 10 mg par mL solution orale) E̲N̲D̲O̲ ̲O̲P̲E̲R̲A̲T̲I̲O̲N̲S̲ ̲L̲T̲D̲."" -> ""METADOL (chlorhydrate de méthadone 10 mg par mL solution orale) K̲N̲I̲G̲H̲T̲ ̲T̲H̲E̲R̲A̲P̲E̲U̲T̲I̲C̲S̲ ̲I̲N̲C̲."""
65288,02241630,AMBISOME (amphotericin B 50 mg per vial powder for solution for injection) ASTELLAS PHARMA CANADA INC,AMBISOME (amphotéricine B 50 mg par fiole poudre pour solution injectable) ASTELLAS PHARMA CANADA INC,ADDED
65336,02241676,POTASSIUM CHLORIDE INJECTION (potassium (potassium chloride) 10 mmol per 100 mL solution for injection bag) BAXTER CORPORATION,POTASSIUM CHLORIDE INJECTION (potassium (chlorure de potassium) 10 mmol par 100 mL solution injectable sac) BAXTER CORPORATION,ADDED
65337,02241677,POTASSIUM CHLORIDE INJECTION (potassium chloride 20 meq per 100 mL solution for injection) BAXTER CORPORATION,POTASSIUM CHLORIDE INJECTION (chlorure de potassium 20 meq par 100 mL solution injectable) BAXTER CORPORATION,ADDED
65339,02241679,POTASSIUM CHLORIDE INJECTION (potassium chloride 40 meq per 100 mL solution for injection) BAXTER CORPORATION,POTASSIUM CHLORIDE INJECTION (chlorure de potassium 40 meq par 100 mL solution injectable) BAXTER CORPORATION,ADDED
66413,02242632,MOTRIN 300MG (ibuprofen 300 mg oral tablet) KENVUE CANADA INC.,MOTRIN 300MG (ibuprofène 300 mg comprimé oral) KENVUE CANADA INC.,"mp_formal_name: ""MOTRIN 300MG (ibuprofen 300 mg oral tablet) M̲C̲N̲E̲I̲L̲ ̲C̲O̲N̲S̲U̲M̲E̲R̲ ̲H̲E̲A̲L̲T̲H̲C̲A̲R̲E̲ ̲D̲I̲V̲I̲S̲I̲O̲N̲ ̲O̲F̲ ̲J̲O̲H̲N̲S̲O̲N̲ ̲&̲ ̲J̲O̲H̲N̲S̲O̲N̲ ̲I̲N̲C̲"" -> ""MOTRIN 300MG (ibuprofen 300 mg oral tablet) K̲E̲N̲V̲U̲E̲ ̲C̲A̲N̲A̲D̲A̲ ̲I̲N̲C̲.̲""
mp_fr_description: ""MOTRIN 300MG (ibuprofène 300 mg comprimé oral) M̲C̲N̲E̲I̲L̲ ̲C̲O̲N̲S̲U̲M̲E̲R̲ ̲H̲E̲A̲L̲T̲H̲C̲A̲R̲E̲ ̲D̲I̲V̲I̲S̲I̲O̲N̲ ̲O̲F̲ ̲J̲O̲H̲N̲S̲O̲N̲ ̲&̲ ̲J̲O̲H̲N̲S̲O̲N̲ ̲I̲N̲C̲"" -> ""MOTRIN 300MG (ibuprofène 300 mg comprimé oral) K̲E̲N̲V̲U̲E̲ ̲C̲A̲N̲A̲D̲A̲ ̲I̲N̲C̲.̲"""
66438,02242658,MOTRIN 400MG (ibuprofen 400 mg oral tablet) KENVUE CANADA INC.,MOTRIN 400MG (ibuprofène 400 mg comprimé oral) KENVUE CANADA INC.,"mp_formal_name: ""MOTRIN 400MG (ibuprofen 400 mg oral tablet) M̲C̲N̲E̲I̲L̲ ̲C̲O̲N̲S̲U̲M̲E̲R̲ ̲H̲E̲A̲L̲T̲H̲C̲A̲R̲E̲ ̲D̲I̲V̲I̲S̲I̲O̲N̲ ̲O̲F̲ ̲J̲O̲H̲N̲S̲O̲N̲ ̲&̲ ̲J̲O̲H̲N̲S̲O̲N̲ ̲I̲N̲C̲"" -> ""MOTRIN 400MG (ibuprofen 400 mg oral tablet) K̲E̲N̲V̲U̲E̲ ̲C̲A̲N̲A̲D̲A̲ ̲I̲N̲C̲.̲""
mp_fr_description: ""MOTRIN 400MG (ibuprofène 400 mg comprimé oral) M̲C̲N̲E̲I̲L̲ ̲C̲O̲N̲S̲U̲M̲E̲R̲ ̲H̲E̲A̲L̲T̲H̲C̲A̲R̲E̲ ̲D̲I̲V̲I̲S̲I̲O̲N̲ ̲O̲F̲ ̲J̲O̲H̲N̲S̲O̲N̲ ̲&̲ ̲J̲O̲H̲N̲S̲O̲N̲ ̲I̲N̲C̲"" -> ""MOTRIN 400MG (ibuprofène 400 mg comprimé oral) K̲E̲N̲V̲U̲E̲ ̲C̲A̲N̲A̲D̲A̲ ̲I̲N̲C̲.̲"""
66672,02242842,DIGISAN E FOAM HAND SANITIZER (benzalkonium chloride 0.1 % cutaneous liquid) ECOLAB CO,"DIGISAN E FOAM HAND SANITIZER (chlorure de benzalkonium 0,1 % liquide cutané) ECOLAB CO",ADDED
66676,02242846,DIGICLEAN ANTIBACTERIAL FOAM HAND SOAP (triclosan 0.3 % cutaneous liquid) ECOLAB CO,"DIGICLEAN ANTIBACTERIAL FOAM HAND SOAP (triclosan 0,3 % liquide cutané) ECOLAB CO",ADDED
66677,02242847,DIGICLEAN E FOAM HAND SOAP (chloroxylenol 1 % cutaneous liquid) ECOLAB CO,DIGICLEAN E FOAM HAND SOAP (chloroxylénol 1 % liquide cutané) ECOLAB CO,ADDED
67829,02243888,STREPSILS ANAESTHETIC FORMULA (hexylresorcinol 2.4 mg lozenge) RECKITT BENCKISER (CANADA) INC,"STREPSILS ANAESTHETIC FORMULA (hexylrésorcinol 2,4 mg pastille) RECKITT BENCKISER (CANADA) INC","mp_formal_name: ""STREPSILS ANAESTHETIC FORMULA (hexylresorcinol 2.4 mg lozenge) RB̲ ̲H̲E̲A̲L̲T̲H̲ ̲(̲C̲A̲N̲A̲D̲A̲)̲ ̲I̲N̲C̲.̲"" -> ""STREPSILS ANAESTHETIC FORMULA (hexylresorcinol 2.4 mg lozenge) RE̲C̲K̲I̲T̲T̲ ̲B̲E̲N̲C̲K̲I̲S̲E̲R̲ ̲(̲C̲A̲N̲A̲D̲A̲)̲ ̲I̲N̲C̲""
mp_fr_description: ""STREPSILS ANAESTHETIC FORMULA (hexylrésorcinol 2,4 mg pastille) RB̲ ̲H̲E̲A̲L̲T̲H̲ ̲(̲C̲A̲N̲A̲D̲A̲)̲ ̲I̲N̲C̲.̲"" -> ""STREPSILS ANAESTHETIC FORMULA (hexylrésorcinol 2,4 mg pastille) RE̲C̲K̲I̲T̲T̲ ̲B̲E̲N̲C̲K̲I̲S̲E̲R̲ ̲(̲C̲A̲N̲A̲D̲A̲)̲ ̲I̲N̲C̲"""
67891,02243948,PUREGON (follitropin beta 833 unit per mL solution for injection) ORGANON CANADA INC.,PUREGON (follitropine bêta 833 unité par mL solution injectable) ORGANON CANADA INC.,ADDED
67909,02243966,"MEDLINE REMEDY ESSENTIALS CLEANSE BAZA CLEANSE & PROTECT (dimethicone 2 % lotion) MEDLINE INDUSTRIES, LP","MEDLINE REMEDY ESSENTIALS CLEANSE BAZA CLEANSE & PROTECT (diméthicone 2 % lotion) MEDLINE INDUSTRIES, LP","Health_Canada_product_name: ""BAZA CLEANSE & PROTECT"" -> ""MEDLINE REMEDY ESSENTIALS CLEANSE BAZA CLEANSE & PROTECT""
mp_formal_name: ""B̲A̲Z̲A̲ ̲C̲L̲E̲A̲N̲S̲E̲ ̲&̲ ̲P̲R̲O̲T̲E̲C̲T̲ ̲(̲d̲i̲m̲e̲t̲h̲i̲c̲o̲n̲e̲ ̲2̲ ̲%̲ ̲l̲o̲t̲i̲o̲n̲)̲ ̲C̲O̲L̲O̲P̲L̲A̲S̲T̲ ̲A̲/̲S̲"" -> ""M̲E̲D̲L̲I̲N̲E̲ ̲R̲E̲M̲E̲D̲Y̲ ̲E̲S̲S̲E̲N̲T̲I̲A̲L̲S̲ ̲C̲L̲E̲A̲N̲S̲E̲ ̲B̲A̲Z̲A̲ ̲C̲L̲E̲A̲N̲S̲E̲ ̲&̲ ̲P̲R̲O̲T̲E̲C̲T̲ ̲(̲d̲i̲m̲e̲t̲h̲i̲c̲o̲n̲e̲ ̲2̲ ̲%̲ ̲l̲o̲t̲i̲o̲n̲)̲ ̲M̲E̲D̲L̲I̲N̲E̲ ̲I̲N̲D̲U̲S̲T̲R̲I̲E̲S̲,̲ ̲L̲P̲""
mp_fr_description: ""B̲A̲Z̲A̲ ̲C̲L̲E̲A̲N̲S̲E̲ ̲&̲ ̲P̲R̲O̲T̲E̲C̲T̲ ̲(̲d̲i̲m̲é̲t̲h̲i̲c̲o̲n̲e̲ ̲2̲ ̲%̲ ̲l̲o̲t̲i̲o̲n̲)̲ ̲C̲O̲L̲O̲P̲L̲A̲S̲T̲ ̲A̲/̲S̲"" -> ""M̲E̲D̲L̲I̲N̲E̲ ̲R̲E̲M̲E̲D̲Y̲ ̲E̲S̲S̲E̲N̲T̲I̲A̲L̲S̲ ̲C̲L̲E̲A̲N̲S̲E̲ ̲B̲A̲Z̲A̲ ̲C̲L̲E̲A̲N̲S̲E̲ ̲&̲ ̲P̲R̲O̲T̲E̲C̲T̲ ̲(̲d̲i̲m̲é̲t̲h̲i̲c̲o̲n̲e̲ ̲2̲ ̲%̲ ̲l̲o̲t̲i̲o̲n̲)̲ ̲M̲E̲D̲L̲I̲N̲E̲ ̲I̲N̲D̲U̲S̲T̲R̲I̲E̲S̲,̲ ̲L̲P̲"""
67995,02244052,KEYSTONE ANTIBACTERIAL FOAM HAND SOAP (triclosan 0.3 % cutaneous liquid) ECOLAB CO,"KEYSTONE ANTIBACTERIAL FOAM HAND SOAP (triclosan 0,3 % liquide cutané) ECOLAB CO",ADDED
68257,02244290,METADOL-D (methadone hydrochloride 10 mg per mL oral solution) KNIGHT THERAPEUTICS INC.,METADOL-D (chlorhydrate de méthadone 10 mg par mL solution orale) KNIGHT THERAPEUTICS INC.,"mp_formal_name: ""METADOL-D (methadone hydrochloride 10 mg per mL oral solution) E̲N̲D̲O̲ ̲O̲P̲E̲R̲A̲T̲I̲O̲N̲S̲ ̲L̲T̲D̲."" -> ""METADOL-D (methadone hydrochloride 10 mg per mL oral solution) K̲N̲I̲G̲H̲T̲ ̲T̲H̲E̲R̲A̲P̲E̲U̲T̲I̲C̲S̲ ̲I̲N̲C̲.""
mp_fr_description: ""METADOL-D (chlorhydrate de méthadone 10 mg par mL solution orale) E̲N̲D̲O̲ ̲O̲P̲E̲R̲A̲T̲I̲O̲N̲S̲ ̲L̲T̲D̲."" -> ""METADOL-D (chlorhydrate de méthadone 10 mg par mL solution orale) K̲N̲I̲G̲H̲T̲ ̲T̲H̲E̲R̲A̲P̲E̲U̲T̲I̲C̲S̲ ̲I̲N̲C̲."""
70312,02246162,REACTINE COMPLETE (cetirizine hydrochloride 5 mg and pseudoephedrine hydrochloride 120 mg prolonged-release oral tablet) KENVUE CANADA INC.,REACTINE COMPLETE (chlorhydrate de cétirizine 5 mg et chlorhydrate de pseudoéphédrine 120 mg comprimé oral à libération prolongée) KENVUE CANADA INC.,"mp_formal_name: ""REACTINE COMPLETE (cetirizine hydrochloride 5 mg and pseudoephedrine hydrochloride 120 mg prolonged-release oral tablet) M̲C̲N̲E̲I̲L̲ ̲C̲O̲N̲S̲U̲M̲E̲R̲ ̲H̲E̲A̲L̲T̲H̲C̲A̲R̲E̲ ̲D̲I̲V̲I̲S̲I̲O̲N̲ ̲O̲F̲ ̲J̲O̲H̲N̲S̲O̲N̲ ̲&̲ ̲J̲O̲H̲N̲S̲O̲N̲ ̲I̲N̲C̲"" -> ""REACTINE COMPLETE (cetirizine hydrochloride 5 mg and pseudoephedrine hydrochloride 120 mg prolonged-release oral tablet) K̲E̲N̲V̲U̲E̲ ̲C̲A̲N̲A̲D̲A̲ ̲I̲N̲C̲.̲""
mp_fr_description: ""REACTINE COMPLETE (chlorhydrate de cétirizine 5 mg et chlorhydrate de pseudoéphédrine 120 mg comprimé oral à libération prolongée) M̲C̲N̲E̲I̲L̲ ̲C̲O̲N̲S̲U̲M̲E̲R̲ ̲H̲E̲A̲L̲T̲H̲C̲A̲R̲E̲ ̲D̲I̲V̲I̲S̲I̲O̲N̲ ̲O̲F̲ ̲J̲O̲H̲N̲S̲O̲N̲ ̲&̲ ̲J̲O̲H̲N̲S̲O̲N̲ ̲I̲N̲C̲"" -> ""REACTINE COMPLETE (chlorhydrate de cétirizine 5 mg et chlorhydrate de pseudoéphédrine 120 mg comprimé oral à libération prolongée) K̲E̲N̲V̲U̲E̲ ̲C̲A̲N̲A̲D̲A̲ ̲I̲N̲C̲.̲"""
70601,02246427,KEYSTONE FOAM HAND SANITIZER (benzalkonium chloride 0.1 % cutaneous liquid) ECOLAB CO,"KEYSTONE FOAM HAND SANITIZER (chlorure de benzalkonium 0,1 % liquide cutané) ECOLAB CO",ADDED
71113,02246888,AVAGARD CHG (alcohol anhydrous 61 % and chlorhexidine gluconate 1 % lotion) SOLVENTUM CANADA LIMITED,AVAGARD CHG (alcool anhydre 61 % et gluconate de chlorhexidine 1 % lotion) SOLVENTUM CANADA LIMITED,ADDED
71619,02247374,METADOL-D (methadone hydrochloride 1 mg per mL oral solution) KNIGHT THERAPEUTICS INC.,METADOL-D (chlorhydrate de méthadone 1 mg par mL solution orale) KNIGHT THERAPEUTICS INC.,"mp_formal_name: ""METADOL-D (methadone hydrochloride 1 mg per mL oral solution) E̲N̲D̲O̲ ̲O̲P̲E̲R̲A̲T̲I̲O̲N̲S̲ ̲L̲T̲D̲."" -> ""METADOL-D (methadone hydrochloride 1 mg per mL oral solution) K̲N̲I̲G̲H̲T̲ ̲T̲H̲E̲R̲A̲P̲E̲U̲T̲I̲C̲S̲ ̲I̲N̲C̲.""
mp_fr_description: ""METADOL-D (chlorhydrate de méthadone 1 mg par mL solution orale) E̲N̲D̲O̲ ̲O̲P̲E̲R̲A̲T̲I̲O̲N̲S̲ ̲L̲T̲D̲."" -> ""METADOL-D (chlorhydrate de méthadone 1 mg par mL solution orale) K̲N̲I̲G̲H̲T̲ ̲T̲H̲E̲R̲A̲P̲E̲U̲T̲I̲C̲S̲ ̲I̲N̲C̲."""
71958,02247694,METADOL (methadone hydrochloride 1 mg per mL oral solution) KNIGHT THERAPEUTICS INC.,METADOL (chlorhydrate de méthadone 1 mg par mL solution orale) KNIGHT THERAPEUTICS INC.,"mp_formal_name: ""METADOL (methadone hydrochloride 1 mg per mL oral solution) E̲N̲D̲O̲ ̲O̲P̲E̲R̲A̲T̲I̲O̲N̲S̲ ̲L̲T̲D̲."" -> ""METADOL (methadone hydrochloride 1 mg per mL oral solution) K̲N̲I̲G̲H̲T̲ ̲T̲H̲E̲R̲A̲P̲E̲U̲T̲I̲C̲S̲ ̲I̲N̲C̲.""
mp_fr_description: ""METADOL (chlorhydrate de méthadone 1 mg par mL solution orale) E̲N̲D̲O̲ ̲O̲P̲E̲R̲A̲T̲I̲O̲N̲S̲ ̲L̲T̲D̲."" -> ""METADOL (chlorhydrate de méthadone 1 mg par mL solution orale) K̲N̲I̲G̲H̲T̲ ̲T̲H̲E̲R̲A̲P̲E̲U̲T̲I̲C̲S̲ ̲I̲N̲C̲."""
71959,02247698,METADOL (methadone hydrochloride 1 mg oral tablet) KNIGHT THERAPEUTICS INC.,METADOL (chlorhydrate de méthadone 1 mg comprimé oral) KNIGHT THERAPEUTICS INC.,"mp_formal_name: ""METADOL (methadone hydrochloride 1 mg oral tablet) E̲N̲D̲O̲ ̲O̲P̲E̲R̲A̲T̲I̲O̲N̲S̲ ̲L̲T̲D̲."" -> ""METADOL (methadone hydrochloride 1 mg oral tablet) K̲N̲I̲G̲H̲T̲ ̲T̲H̲E̲R̲A̲P̲E̲U̲T̲I̲C̲S̲ ̲I̲N̲C̲.""
mp_fr_description: ""METADOL (chlorhydrate de méthadone 1 mg comprimé oral) E̲N̲D̲O̲ ̲O̲P̲E̲R̲A̲T̲I̲O̲N̲S̲ ̲L̲T̲D̲."" -> ""METADOL (chlorhydrate de méthadone 1 mg comprimé oral) K̲N̲I̲G̲H̲T̲ ̲T̲H̲E̲R̲A̲P̲E̲U̲T̲I̲C̲S̲ ̲I̲N̲C̲."""
71963,02247699,METADOL (methadone hydrochloride 5 mg oral tablet) KNIGHT THERAPEUTICS INC.,METADOL (chlorhydrate de méthadone 5 mg comprimé oral) KNIGHT THERAPEUTICS INC.,"mp_formal_name: ""METADOL (methadone hydrochloride 5 mg oral tablet) E̲N̲D̲O̲ ̲O̲P̲E̲R̲A̲T̲I̲O̲N̲S̲ ̲L̲T̲D̲."" -> ""METADOL (methadone hydrochloride 5 mg oral tablet) K̲N̲I̲G̲H̲T̲ ̲T̲H̲E̲R̲A̲P̲E̲U̲T̲I̲C̲S̲ ̲I̲N̲C̲.""
mp_fr_description: ""METADOL (chlorhydrate de méthadone 5 mg comprimé oral) E̲N̲D̲O̲ ̲O̲P̲E̲R̲A̲T̲I̲O̲N̲S̲ ̲L̲T̲D̲."" -> ""METADOL (chlorhydrate de méthadone 5 mg comprimé oral) K̲N̲I̲G̲H̲T̲ ̲T̲H̲E̲R̲A̲P̲E̲U̲T̲I̲C̲S̲ ̲I̲N̲C̲."""
71964,02247700,METADOL (methadone hydrochloride 10 mg oral tablet) KNIGHT THERAPEUTICS INC.,METADOL (chlorhydrate de méthadone 10 mg comprimé oral) KNIGHT THERAPEUTICS INC.,"mp_formal_name: ""METADOL (methadone hydrochloride 10 mg oral tablet) E̲N̲D̲O̲ ̲O̲P̲E̲R̲A̲T̲I̲O̲N̲S̲ ̲L̲T̲D̲."" -> ""METADOL (methadone hydrochloride 10 mg oral tablet) K̲N̲I̲G̲H̲T̲ ̲T̲H̲E̲R̲A̲P̲E̲U̲T̲I̲C̲S̲ ̲I̲N̲C̲.""
mp_fr_description: ""METADOL (chlorhydrate de méthadone 10 mg comprimé oral) E̲N̲D̲O̲ ̲O̲P̲E̲R̲A̲T̲I̲O̲N̲S̲ ̲L̲T̲D̲."" -> ""METADOL (chlorhydrate de méthadone 10 mg comprimé oral) K̲N̲I̲G̲H̲T̲ ̲T̲H̲E̲R̲A̲P̲E̲U̲T̲I̲C̲S̲ ̲I̲N̲C̲."""
71965,02247701,METADOL (methadone hydrochloride 25 mg oral tablet) KNIGHT THERAPEUTICS INC.,METADOL (chlorhydrate de méthadone 25 mg comprimé oral) KNIGHT THERAPEUTICS INC.,"mp_formal_name: ""METADOL (methadone hydrochloride 25 mg oral tablet) E̲N̲D̲O̲ ̲O̲P̲E̲R̲A̲T̲I̲O̲N̲S̲ ̲L̲T̲D̲."" -> ""METADOL (methadone hydrochloride 25 mg oral tablet) K̲N̲I̲G̲H̲T̲ ̲T̲H̲E̲R̲A̲P̲E̲U̲T̲I̲C̲S̲ ̲I̲N̲C̲.""
mp_fr_description: ""METADOL (chlorhydrate de méthadone 25 mg comprimé oral) E̲N̲D̲O̲ ̲O̲P̲E̲R̲A̲T̲I̲O̲N̲S̲ ̲L̲T̲D̲."" -> ""METADOL (chlorhydrate de méthadone 25 mg comprimé oral) K̲N̲I̲G̲H̲T̲ ̲T̲H̲E̲R̲A̲P̲E̲U̲T̲I̲C̲S̲ ̲I̲N̲C̲."""
72243,02247933,APO-CARVEDILOL (carvedilol 3.125 mg oral tablet) APOTEX INC,"APO-CARVEDILOL (carvédilol 3,125 mg comprimé oral) APOTEX INC",DELETED
73309,02248934,BICARBONATE CONCENTRATE B38 (sodium bicarbonate 80.7 g per l solution for haemodialysis) CHIEF MEDICAL SUPPLIES LTD,"BICARBONATE CONCENTRATE B38 (bicarbonate de sodium 80,7 g par l solution pour hémodialyse) CHIEF MEDICAL SUPPLIES LTD",ADDED
73418,02249340,ANTIBACTERIAL LOTION SOAP (triclosan 0.4 % NA) CHARLOTTE PRODUCTS LTD.,"ANTIBACTERIAL LOTION SOAP (triclosan 0,4 % NA) CHARLOTTE PRODUCTS LTD.",ADDED
74940,02263998,STREPSILS EXTRA BLACK CHERRY (hexylresorcinol 2.4 mg and levomenthol 4 mg lozenge) RECKITT BENCKISER (CANADA) INC,"STREPSILS EXTRA BLACK CHERRY (hexylrésorcinol 2,4 mg et lévomenthol 4 mg pastille) RECKITT BENCKISER (CANADA) INC","mp_formal_name: ""STREPSILS EXTRA BLACK CHERRY (hexylresorcinol 2.4 mg and levomenthol 4 mg lozenge) RB̲ ̲H̲E̲A̲L̲T̲H̲ ̲(̲C̲A̲N̲A̲D̲A̲)̲ ̲I̲N̲C̲.̲"" -> ""STREPSILS EXTRA BLACK CHERRY (hexylresorcinol 2.4 mg and levomenthol 4 mg lozenge) RE̲C̲K̲I̲T̲T̲ ̲B̲E̲N̲C̲K̲I̲S̲E̲R̲ ̲(̲C̲A̲N̲A̲D̲A̲)̲ ̲I̲N̲C̲""
mp_fr_description: ""STREPSILS EXTRA BLACK CHERRY (hexylrésorcinol 2,4 mg et lévomenthol 4 mg pastille) RB̲ ̲H̲E̲A̲L̲T̲H̲ ̲(̲C̲A̲N̲A̲D̲A̲)̲ ̲I̲N̲C̲.̲"" -> ""STREPSILS EXTRA BLACK CHERRY (hexylrésorcinol 2,4 mg et lévomenthol 4 mg pastille) RE̲C̲K̲I̲T̲T̲ ̲B̲E̲N̲C̲K̲I̲S̲E̲R̲ ̲(̲C̲A̲N̲A̲D̲A̲)̲ ̲I̲N̲C̲"""
75279,02267365,INO-F-SAN INSTANT HAND SANITIZER (benzethonium chloride 0.2 % cutaneous liquid) GROUPE DISSAN INC.,"INO-F-SAN INSTANT HAND SANITIZER (chlorure de benzéthonium 0,2 % liquide cutané) GROUPE DISSAN INC.",ADDED
75280,02267373,INO-F ANTIBAC ANTIBACTERIAL HAND SOAP (triclosan 0.5 % cutaneous liquid) GROUPE DISSAN INC.,"INO-F ANTIBAC ANTIBACTERIAL HAND SOAP (triclosan 0,5 % liquide cutané) GROUPE DISSAN INC.",ADDED
75580,02270420,SOAPOPULAR (benzalkonium chloride 0.15 % cutaneous liquid) SOAPOPULAR INC,"SOAPOPULAR (chlorure de benzalkonium 0,15 % liquide cutané) SOAPOPULAR INC",ADDED
76258,02276917,QUICK CLEAN (chloroxylenol 1 % cutaneous gel) SPRAKITA PRODUCTS,QUICK CLEAN (chloroxylénol 1 % gel cutané) SPRAKITA PRODUCTS,ADDED
76673,02281066,ABRAXANE FOR INJECTABLE SUSPENSION (paclitaxel 100 mg per vial powder for suspension for injection) BRISTOL-MYERS SQUIBB CANADA,ABRAXANE FOR INJECTABLE SUSPENSION (paclitaxel 100 mg par fiole poudre pour suspension injectable) BRISTOL-MYERS SQUIBB CANADA,ADDED
76939,02283816,ANTIBACTERIAL CLEAN & SMOOTH (triclosan 0.3 % cutaneous solution) ECOLAB CO,"ANTIBACTERIAL CLEAN & SMOOTH (triclosan 0,3 % solution pour application cutanée) ECOLAB CO",ADDED
77088,02285371,PMS-ASA EC (acetylsalicylic acid 325 mg gastro-resistant tablet) PHARMASCIENCE INC,PMS-ASA EC (acide acétylsalicylique 325 mg comprimé gastrorésistant) PHARMASCIENCE INC,"mp_status_effective_time: ""20180802"" -> ""20250918"""
77627,02290855,X3 CLEAN GERM ATTACK HAND SANITIZER (benzalkonium chloride 0.13 % cutaneous solution) NATURAL ESSENTIALS INC,"X3 CLEAN GERM ATTACK HAND SANITIZER (chlorure de benzalkonium 0,13 % solution pour application cutanée) NATURAL ESSENTIALS INC",ADDED
77716,02291800,IMODIUM CALMING LIQUID (loperamide hydrochloride 2 mg per 15 mL oral solution) KENVUE CANADA INC.,IMODIUM CALMING LIQUID (chlorhydrate de lopéramide 2 mg par 15 mL solution orale) KENVUE CANADA INC.,"mp_formal_name: ""IMODIUM CALMING LIQUID (loperamide hydrochloride 2 mg per 15 mL oral solution) M̲C̲N̲E̲I̲L̲ ̲C̲O̲N̲S̲U̲M̲E̲R̲ ̲H̲E̲A̲L̲T̲H̲C̲A̲R̲E̲ ̲D̲I̲V̲I̲S̲I̲O̲N̲ ̲O̲F̲ ̲J̲O̲H̲N̲S̲O̲N̲ ̲&̲ ̲J̲O̲H̲N̲S̲O̲N̲ ̲I̲N̲C̲"" -> ""IMODIUM CALMING LIQUID (loperamide hydrochloride 2 mg per 15 mL oral solution) K̲E̲N̲V̲U̲E̲ ̲C̲A̲N̲A̲D̲A̲ ̲I̲N̲C̲.̲""
mp_fr_description: ""IMODIUM CALMING LIQUID (chlorhydrate de lopéramide 2 mg par 15 mL solution orale) M̲C̲N̲E̲I̲L̲ ̲C̲O̲N̲S̲U̲M̲E̲R̲ ̲H̲E̲A̲L̲T̲H̲C̲A̲R̲E̲ ̲D̲I̲V̲I̲S̲I̲O̲N̲ ̲O̲F̲ ̲J̲O̲H̲N̲S̲O̲N̲ ̲&̲ ̲J̲O̲H̲N̲S̲O̲N̲ ̲I̲N̲C̲"" -> ""IMODIUM CALMING LIQUID (chlorhydrate de lopéramide 2 mg par 15 mL solution orale) K̲E̲N̲V̲U̲E̲ ̲C̲A̲N̲A̲D̲A̲ ̲I̲N̲C̲.̲"""
78001,02294664,OCTAPLEX (coagulation factor ii (human) 760 unit per vial and coagulation factor IX human 500 unit per vial and coagulation factor vii (human) 480 unit per vial and coagulation factor x (human) 600 unit per vial and protein c 620 unit per vial and protein s 640 unit per vial NA) OCTAPHARMA PHARMAZEUTIKA PRODUKTIONSGES M B H,OCTAPLEX (facteur II de coagulation humain 760 unité par fiole et facteur IX de coagulation humain 500 unité par fiole et facteur VII de coagulation humain 480 unité par fiole et facteur X de coagulation humain 600 unité par fiole et protéine c 620 unité par fiole et protéine s 640 unité par fiole NA) OCTAPHARMA PHARMAZEUTIKA PRODUKTIONSGES M B H,ADDED
78149,02296152,CTP 30 (citalopram (citalopram hydrobromide) 30 mg oral tablet) KNIGHT THERAPEUTICS INC.,CTP 30 (citalopram (bromhydrate de citalopram) 30 mg comprimé oral) KNIGHT THERAPEUTICS INC.,"mp_formal_name: ""CTP 30 (citalopram (citalopram hydrobromide) 30 mg oral tablet) S̲U̲M̲I̲T̲O̲M̲O̲ ̲P̲H̲A̲R̲M̲A̲ ̲C̲A̲N̲A̲D̲A̲,̲ INC."" -> ""CTP 30 (citalopram (citalopram hydrobromide) 30 mg oral tablet) K̲N̲I̲G̲H̲T̲ ̲T̲H̲E̲R̲A̲P̲E̲U̲T̲I̲C̲S̲ INC.""
mp_fr_description: ""CTP 30 (citalopram (bromhydrate de citalopram) 30 mg comprimé oral) S̲U̲M̲I̲T̲O̲M̲O̲ ̲P̲H̲A̲R̲M̲A̲ ̲C̲A̲N̲A̲D̲A̲,̲ INC."" -> ""CTP 30 (citalopram (bromhydrate de citalopram) 30 mg comprimé oral) K̲N̲I̲G̲H̲T̲ ̲T̲H̲E̲R̲A̲P̲E̲U̲T̲I̲C̲S̲ INC."""
78172,02296381,TRIDURAL (tramadol hydrochloride 100 mg prolonged-release oral tablet) KNIGHT THERAPEUTICS INC.,TRIDURAL (chlorhydrate de tramadol 100 mg comprimé oral à libération prolongée) KNIGHT THERAPEUTICS INC.,"mp_formal_name: ""TRIDURAL (tramadol hydrochloride 100 mg prolonged-release oral tablet) E̲N̲D̲O̲ ̲O̲P̲E̲R̲A̲T̲I̲O̲N̲S̲ ̲L̲T̲D̲."" -> ""TRIDURAL (tramadol hydrochloride 100 mg prolonged-release oral tablet) K̲N̲I̲G̲H̲T̲ ̲T̲H̲E̲R̲A̲P̲E̲U̲T̲I̲C̲S̲ ̲I̲N̲C̲.""
mp_fr_description: ""TRIDURAL (chlorhydrate de tramadol 100 mg comprimé oral à libération prolongée) E̲N̲D̲O̲ ̲O̲P̲E̲R̲A̲T̲I̲O̲N̲S̲ ̲L̲T̲D̲."" -> ""TRIDURAL (chlorhydrate de tramadol 100 mg comprimé oral à libération prolongée) K̲N̲I̲G̲H̲T̲ ̲T̲H̲E̲R̲A̲P̲E̲U̲T̲I̲C̲S̲ ̲I̲N̲C̲."""
78173,02296403,TRIDURAL (tramadol hydrochloride 200 mg prolonged-release oral tablet) KNIGHT THERAPEUTICS INC.,TRIDURAL (chlorhydrate de tramadol 200 mg comprimé oral à libération prolongée) KNIGHT THERAPEUTICS INC.,"mp_formal_name: ""TRIDURAL (tramadol hydrochloride 200 mg prolonged-release oral tablet) E̲N̲D̲O̲ ̲O̲P̲E̲R̲A̲T̲I̲O̲N̲S̲ ̲L̲T̲D̲."" -> ""TRIDURAL (tramadol hydrochloride 200 mg prolonged-release oral tablet) K̲N̲I̲G̲H̲T̲ ̲T̲H̲E̲R̲A̲P̲E̲U̲T̲I̲C̲S̲ ̲I̲N̲C̲.""
mp_fr_description: ""TRIDURAL (chlorhydrate de tramadol 200 mg comprimé oral à libération prolongée) E̲N̲D̲O̲ ̲O̲P̲E̲R̲A̲T̲I̲O̲N̲S̲ ̲L̲T̲D̲."" -> ""TRIDURAL (chlorhydrate de tramadol 200 mg comprimé oral à libération prolongée) K̲N̲I̲G̲H̲T̲ ̲T̲H̲E̲R̲A̲P̲E̲U̲T̲I̲C̲S̲ ̲I̲N̲C̲."""
78174,02296411,TRIDURAL (tramadol hydrochloride 300 mg prolonged-release oral tablet) KNIGHT THERAPEUTICS INC.,TRIDURAL (chlorhydrate de tramadol 300 mg comprimé oral à libération prolongée) KNIGHT THERAPEUTICS INC.,"mp_formal_name: ""TRIDURAL (tramadol hydrochloride 300 mg prolonged-release oral tablet) E̲N̲D̲O̲ ̲O̲P̲E̲R̲A̲T̲I̲O̲N̲S̲ ̲L̲T̲D̲."" -> ""TRIDURAL (tramadol hydrochloride 300 mg prolonged-release oral tablet) K̲N̲I̲G̲H̲T̲ ̲T̲H̲E̲R̲A̲P̲E̲U̲T̲I̲C̲S̲ ̲I̲N̲C̲.""
mp_fr_description: ""TRIDURAL (chlorhydrate de tramadol 300 mg comprimé oral à libération prolongée) E̲N̲D̲O̲ ̲O̲P̲E̲R̲A̲T̲I̲O̲N̲S̲ ̲L̲T̲D̲."" -> ""TRIDURAL (chlorhydrate de tramadol 300 mg comprimé oral à libération prolongée) K̲N̲I̲G̲H̲T̲ ̲T̲H̲E̲R̲A̲P̲E̲U̲T̲I̲C̲S̲ ̲I̲N̲C̲."""
78942,02304112,"WET ONES (benzethonium chloride 0.3 % wipe) EDGEWELL PERSONAL CARE CANADA, ULC","WET ONES (chlorure de benzéthonium 0,3 % lingette) EDGEWELL PERSONAL CARE CANADA, ULC",ADDED
79663,02311038,PRO-BICALUTAMIDE (bicalutamide 50 mg oral tablet) PRO DOC LIMITEE,PRO-BICALUTAMIDE (bicalutamide 50 mg comprimé oral) PRO DOC LIMITEE,"Health_Canada_product_name: ""PRO-BICALUTAMIDE - 50"" -> ""PRO-BICALUTAMIDE""
mp_formal_name: ""PRO-BICALUTAMIDE ̲-̲ ̲5̲0̲ (bicalutamide 50 mg oral tablet) PRO DOC LIMITEE"" -> ""PRO-BICALUTAMIDE (bicalutamide 50 mg oral tablet) PRO DOC LIMITEE""
mp_fr_description: ""PRO-BICALUTAMIDE ̲-̲ ̲5̲0̲ (bicalutamide 50 mg comprimé oral) PRO DOC LIMITEE"" -> ""PRO-BICALUTAMIDE (bicalutamide 50 mg comprimé oral) PRO DOC LIMITEE"""
79962,02314126,PHENREX MVD (chloroxylenol 0.6 % cutaneous solution) IMREX INC.,"PHENREX MVD (chloroxylénol 0,6 % solution pour application cutanée) IMREX INC.",ADDED
80363,02318121,ROCURONIUM BROMIDE INJECTION (rocuronium bromide 50 mg per 5 mL solution for injection vial) PFIZER CANADA ULC,ROCURONIUM BROMIDE INJECTION (bromure de rocuronium 50 mg par 5 mL solution injectable fiole) PFIZER CANADA ULC,"mp_status_effective_time: ""20221114"" -> ""20260116"""
81095,02325586,BIBAG (sodium bicarbonate 650 g per bag powder for concentrate for solution for haemodialysis) FRESENIUS MEDICAL CARE CANADA INC,BIBAG (bicarbonate de sodium 650 g par sac poudre pour solution à diluer pour solution pour hémodialyse) FRESENIUS MEDICAL CARE CANADA INC,ADDED
81113,02325772,HEMACART (sodium bicarbonate 650 g per cartridge powder for concentrate for solution for haemodialysis) CHIEF MEDICAL SUPPLIES LTD,HEMACART (bicarbonate de sodium 650 g par cartouche poudre pour solution à diluer pour solution pour hémodialyse) CHIEF MEDICAL SUPPLIES LTD,ADDED
83819,02352966,ALENDRONATE (alendronic acid (alendronate sodium) 70 mg oral tablet) SANIS HEALTH INC,ALENDRONATE (acide alendronique (alendronate sodique) 70 mg comprimé oral) SANIS HEALTH INC,"mp_status: ""INACTIVE"" -> ""ACTIVE""
mp_status_effective_time: ""20250929"" -> ""20100730"""
83971,02354543,LORIS 0.13% BZK (benzalkonium chloride 0.13 % wipe) LERNAPHARM (LORIS) INC.,"LORIS 0.13% BZK (chlorure de benzalkonium 0,13 % lingette) LERNAPHARM (LORIS) INC.",ADDED
84093,02355736,BENZALKONIUM CHLORIDE ANTISEPTIC TOWELETTE (benzalkonium chloride 0.13 % wipe) CANADIAN CUSTOM PACKAGING COMPANY,"BENZALKONIUM CHLORIDE ANTISEPTIC TOWELETTE (chlorure de benzalkonium 0,13 % lingette) CANADIAN CUSTOM PACKAGING COMPANY",ADDED
84341,02358352,REACTINE FAST MELT JUNIOR (cetirizine hydrochloride 10 mg orodispersible tablet) KENVUE CANADA INC.,REACTINE FAST MELT JUNIOR (chlorhydrate de cétirizine 10 mg comprimé orodispersible) KENVUE CANADA INC.,"mp_formal_name: ""REACTINE FAST MELT JUNIOR (cetirizine hydrochloride 10 mg orodispersible tablet) M̲C̲N̲E̲I̲L̲ ̲C̲O̲N̲S̲U̲M̲E̲R̲ ̲H̲E̲A̲L̲T̲H̲C̲A̲R̲E̲ ̲D̲I̲V̲I̲S̲I̲O̲N̲ ̲O̲F̲ ̲J̲O̲H̲N̲S̲O̲N̲ ̲&̲ ̲J̲O̲H̲N̲S̲O̲N̲ ̲I̲N̲C̲"" -> ""REACTINE FAST MELT JUNIOR (cetirizine hydrochloride 10 mg orodispersible tablet) K̲E̲N̲V̲U̲E̲ ̲C̲A̲N̲A̲D̲A̲ ̲I̲N̲C̲.̲""
mp_fr_description: ""REACTINE FAST MELT JUNIOR (chlorhydrate de cétirizine 10 mg comprimé orodispersible) M̲C̲N̲E̲I̲L̲ ̲C̲O̲N̲S̲U̲M̲E̲R̲ ̲H̲E̲A̲L̲T̲H̲C̲A̲R̲E̲ ̲D̲I̲V̲I̲S̲I̲O̲N̲ ̲O̲F̲ ̲J̲O̲H̲N̲S̲O̲N̲ ̲&̲ ̲J̲O̲H̲N̲S̲O̲N̲ ̲I̲N̲C̲"" -> ""REACTINE FAST MELT JUNIOR (chlorhydrate de cétirizine 10 mg comprimé orodispersible) K̲E̲N̲V̲U̲E̲ ̲C̲A̲N̲A̲D̲A̲ ̲I̲N̲C̲.̲"""
84428,02359251,BERIPLEX P/N 500 (coagulation factor ii (human) 800 unit and coagulation factor IX human 620 unit and coagulation factor vii (human) 500 unit and coagulation factor x (human) 1020 unit and protein c 820 unit and protein s 680 unit powder for solution for injection) CSL BEHRING CANADA INC,BERIPLEX P/N 500 (facteur II de coagulation humain 800 unité et facteur IX de coagulation humain 620 unité et facteur VII de coagulation humain 500 unité et facteur X de coagulation humain 1020 unité et protéine c 820 unité et protéine s 680 unité poudre pour solution injectable) CSL BEHRING CANADA INC,ADDED
84557,02360608,HYDROCHLOROTHIAZIDE (hydrochlorothiazide 50 mg oral tablet) SANIS HEALTH INC,HYDROCHLOROTHIAZIDE (hydrochlorothiazide 50 mg comprimé oral) SANIS HEALTH INC,"mp_status_effective_time: ""20240627"" -> ""20260318"""
85001,02365162,PRO-IRBESARTAN-HCTZ (hydrochlorothiazide 12.5 mg and irbesartan 150 mg oral tablet) PRO DOC LIMITEE,"PRO-IRBESARTAN-HCTZ (hydrochlorothiazide 12,5 mg et irbésartan 150 mg comprimé oral) PRO DOC LIMITEE","Health_Canada_product_name: ""IRBESARTAN-HCTZ"" -> ""PRO-IRBESARTAN-HCTZ""
mp_formal_name: ""IRBESARTAN-HCTZ (hydrochlorothiazide 12.5 mg and irbesartan 150 mg oral tablet) PRO DOC LIMITEE"" -> ""P̲R̲O̲-̲IRBESARTAN-HCTZ (hydrochlorothiazide 12.5 mg and irbesartan 150 mg oral tablet) PRO DOC LIMITEE""
mp_fr_description: ""IRBESARTAN-HCTZ (hydrochlorothiazide 12,5 mg et irbésartan 150 mg comprimé oral) PRO DOC LIMITEE"" -> ""P̲R̲O̲-̲IRBESARTAN-HCTZ (hydrochlorothiazide 12,5 mg et irbésartan 150 mg comprimé oral) PRO DOC LIMITEE"""
85002,02365170,PRO-IRBESARTAN-HCTZ (hydrochlorothiazide 12.5 mg and irbesartan 300 mg oral tablet) PRO DOC LIMITEE,"PRO-IRBESARTAN-HCTZ (hydrochlorothiazide 12,5 mg et irbésartan 300 mg comprimé oral) PRO DOC LIMITEE","Health_Canada_product_name: ""IRBESARTAN-HCTZ"" -> ""PRO-IRBESARTAN-HCTZ""
mp_formal_name: ""IRBESARTAN-HCTZ (hydrochlorothiazide 12.5 mg and irbesartan 300 mg oral tablet) PRO DOC LIMITEE"" -> ""P̲R̲O̲-̲IRBESARTAN-HCTZ (hydrochlorothiazide 12.5 mg and irbesartan 300 mg oral tablet) PRO DOC LIMITEE""
mp_fr_description: ""IRBESARTAN-HCTZ (hydrochlorothiazide 12,5 mg et irbésartan 300 mg comprimé oral) PRO DOC LIMITEE"" -> ""P̲R̲O̲-̲IRBESARTAN-HCTZ (hydrochlorothiazide 12,5 mg et irbésartan 300 mg comprimé oral) PRO DOC LIMITEE"""
85003,02365189,PRO-IRBESARTAN-HCTZ (hydrochlorothiazide 25 mg and irbesartan 300 mg oral tablet) PRO DOC LIMITEE,PRO-IRBESARTAN-HCTZ (hydrochlorothiazide 25 mg et irbésartan 300 mg comprimé oral) PRO DOC LIMITEE,"Health_Canada_product_name: ""IRBESARTAN-HCTZ"" -> ""PRO-IRBESARTAN-HCTZ""
mp_formal_name: ""IRBESARTAN-HCTZ (hydrochlorothiazide 25 mg and irbesartan 300 mg oral tablet) PRO DOC LIMITEE"" -> ""P̲R̲O̲-̲IRBESARTAN-HCTZ (hydrochlorothiazide 25 mg and irbesartan 300 mg oral tablet) PRO DOC LIMITEE""
mp_fr_description: ""IRBESARTAN-HCTZ (hydrochlorothiazide 25 mg et irbésartan 300 mg comprimé oral) PRO DOC LIMITEE"" -> ""P̲R̲O̲-̲IRBESARTAN-HCTZ (hydrochlorothiazide 25 mg et irbésartan 300 mg comprimé oral) PRO DOC LIMITEE"""
85288,02368064,REACTINE ALLERGY LIQUID GELS (cetirizine hydrochloride 10 mg oral capsule) KENVUE CANADA INC.,REACTINE ALLERGY LIQUID GELS (chlorhydrate de cétirizine 10 mg capsule orale) KENVUE CANADA INC.,"mp_formal_name: ""REACTINE ALLERGY LIQUID GELS (cetirizine hydrochloride 10 mg oral capsule) M̲C̲N̲E̲I̲L̲ ̲C̲O̲N̲S̲U̲M̲E̲R̲ ̲H̲E̲A̲L̲T̲H̲C̲A̲R̲E̲ ̲D̲I̲V̲I̲S̲I̲O̲N̲ ̲O̲F̲ ̲J̲O̲H̲N̲S̲O̲N̲ ̲&̲ ̲J̲O̲H̲N̲S̲O̲N̲ ̲I̲N̲C̲"" -> ""REACTINE ALLERGY LIQUID GELS (cetirizine hydrochloride 10 mg oral capsule) K̲E̲N̲V̲U̲E̲ ̲C̲A̲N̲A̲D̲A̲ ̲I̲N̲C̲.̲""
mp_fr_description: ""REACTINE ALLERGY LIQUID GELS (chlorhydrate de cétirizine 10 mg capsule orale) M̲C̲N̲E̲I̲L̲ ̲C̲O̲N̲S̲U̲M̲E̲R̲ ̲H̲E̲A̲L̲T̲H̲C̲A̲R̲E̲ ̲D̲I̲V̲I̲S̲I̲O̲N̲ ̲O̲F̲ ̲J̲O̲H̲N̲S̲O̲N̲ ̲&̲ ̲J̲O̲H̲N̲S̲O̲N̲ ̲I̲N̲C̲"" -> ""REACTINE ALLERGY LIQUID GELS (chlorhydrate de cétirizine 10 mg capsule orale) K̲E̲N̲V̲U̲E̲ ̲C̲A̲N̲A̲D̲A̲ ̲I̲N̲C̲.̲"""
85450,02369575,X3 ON-THE-GO ANTISEPTIC SPRAY (benzalkonium chloride 0.13 % cutaneous spray) NATURAL ESSENTIALS INC,"X3 ON-THE-GO ANTISEPTIC SPRAY (chlorure de benzalkonium 0,13 % vaporisation cutanée) NATURAL ESSENTIALS INC",ADDED
86147,02376016,IMODIUM LIQUI-GELS (loperamide hydrochloride 2 mg oral capsule) KENVUE CANADA INC.,IMODIUM LIQUI-GELS (chlorhydrate de lopéramide 2 mg capsule orale) KENVUE CANADA INC.,"mp_formal_name: ""IMODIUM LIQUI-GELS (loperamide hydrochloride 2 mg oral capsule) M̲C̲N̲E̲I̲L̲ ̲C̲O̲N̲S̲U̲M̲E̲R̲ ̲H̲E̲A̲L̲T̲H̲C̲A̲R̲E̲ ̲D̲I̲V̲I̲S̲I̲O̲N̲ ̲O̲F̲ ̲J̲O̲H̲N̲S̲O̲N̲ ̲&̲ ̲J̲O̲H̲N̲S̲O̲N̲ ̲I̲N̲C̲"" -> ""IMODIUM LIQUI-GELS (loperamide hydrochloride 2 mg oral capsule) K̲E̲N̲V̲U̲E̲ ̲C̲A̲N̲A̲D̲A̲ ̲I̲N̲C̲.̲""
mp_fr_description: ""IMODIUM LIQUI-GELS (chlorhydrate de lopéramide 2 mg capsule orale) M̲C̲N̲E̲I̲L̲ ̲C̲O̲N̲S̲U̲M̲E̲R̲ ̲H̲E̲A̲L̲T̲H̲C̲A̲R̲E̲ ̲D̲I̲V̲I̲S̲I̲O̲N̲ ̲O̲F̲ ̲J̲O̲H̲N̲S̲O̲N̲ ̲&̲ ̲J̲O̲H̲N̲S̲O̲N̲ ̲I̲N̲C̲"" -> ""IMODIUM LIQUI-GELS (chlorhydrate de lopéramide 2 mg capsule orale) K̲E̲N̲V̲U̲E̲ ̲C̲A̲N̲A̲D̲A̲ ̲I̲N̲C̲.̲"""
86409,02378272,NUCYNTA IR (tapentadol (tapentadol hydrochloride) 50 mg oral tablet) KNIGHT THERAPEUTICS INC.,NUCYNTA IR (tapentadol (chlorhydrate de tapentadol) 50 mg comprimé oral) KNIGHT THERAPEUTICS INC.,"mp_formal_name: ""NUCYNTA IR (tapentadol (tapentadol hydrochloride) 50 mg oral tablet) E̲N̲D̲O̲ ̲O̲P̲E̲R̲A̲T̲I̲O̲N̲S̲ ̲L̲T̲D̲."" -> ""NUCYNTA IR (tapentadol (tapentadol hydrochloride) 50 mg oral tablet) K̲N̲I̲G̲H̲T̲ ̲T̲H̲E̲R̲A̲P̲E̲U̲T̲I̲C̲S̲ ̲I̲N̲C̲.""
mp_fr_description: ""NUCYNTA IR (tapentadol (chlorhydrate de tapentadol) 50 mg comprimé oral) E̲N̲D̲O̲ ̲O̲P̲E̲R̲A̲T̲I̲O̲N̲S̲ ̲L̲T̲D̲."" -> ""NUCYNTA IR (tapentadol (chlorhydrate de tapentadol) 50 mg comprimé oral) K̲N̲I̲G̲H̲T̲ ̲T̲H̲E̲R̲A̲P̲E̲U̲T̲I̲C̲S̲ ̲I̲N̲C̲."""
86410,02378280,NUCYNTA IR (tapentadol (tapentadol hydrochloride) 75 mg oral tablet) KNIGHT THERAPEUTICS INC.,NUCYNTA IR (tapentadol (chlorhydrate de tapentadol) 75 mg comprimé oral) KNIGHT THERAPEUTICS INC.,"mp_formal_name: ""NUCYNTA IR (tapentadol (tapentadol hydrochloride) 75 mg oral tablet) E̲N̲D̲O̲ ̲O̲P̲E̲R̲A̲T̲I̲O̲N̲S̲ ̲L̲T̲D̲."" -> ""NUCYNTA IR (tapentadol (tapentadol hydrochloride) 75 mg oral tablet) K̲N̲I̲G̲H̲T̲ ̲T̲H̲E̲R̲A̲P̲E̲U̲T̲I̲C̲S̲ ̲I̲N̲C̲.""
mp_fr_description: ""NUCYNTA IR (tapentadol (chlorhydrate de tapentadol) 75 mg comprimé oral) E̲N̲D̲O̲ ̲O̲P̲E̲R̲A̲T̲I̲O̲N̲S̲ ̲L̲T̲D̲."" -> ""NUCYNTA IR (tapentadol (chlorhydrate de tapentadol) 75 mg comprimé oral) K̲N̲I̲G̲H̲T̲ ̲T̲H̲E̲R̲A̲P̲E̲U̲T̲I̲C̲S̲ ̲I̲N̲C̲."""
86411,02378299,NUCYNTA IR (tapentadol (tapentadol hydrochloride) 100 mg oral tablet) KNIGHT THERAPEUTICS INC.,NUCYNTA IR (tapentadol (chlorhydrate de tapentadol) 100 mg comprimé oral) KNIGHT THERAPEUTICS INC.,"mp_formal_name: ""NUCYNTA IR (tapentadol (tapentadol hydrochloride) 100 mg oral tablet) E̲N̲D̲O̲ ̲O̲P̲E̲R̲A̲T̲I̲O̲N̲S̲ ̲L̲T̲D̲."" -> ""NUCYNTA IR (tapentadol (tapentadol hydrochloride) 100 mg oral tablet) K̲N̲I̲G̲H̲T̲ ̲T̲H̲E̲R̲A̲P̲E̲U̲T̲I̲C̲S̲ ̲I̲N̲C̲.""
mp_fr_description: ""NUCYNTA IR (tapentadol (chlorhydrate de tapentadol) 100 mg comprimé oral) E̲N̲D̲O̲ ̲O̲P̲E̲R̲A̲T̲I̲O̲N̲S̲ ̲L̲T̲D̲."" -> ""NUCYNTA IR (tapentadol (chlorhydrate de tapentadol) 100 mg comprimé oral) K̲N̲I̲G̲H̲T̲ ̲T̲H̲E̲R̲A̲P̲E̲U̲T̲I̲C̲S̲ ̲I̲N̲C̲."""
86869,02382881,CEPACOL SENSATIONS SORE THROAT & BLOCKED NOSE (amylmetacresol 0.6 mg and dichlorobenzyl alcohol 1.2 mg and levomenthol 8 mg lozenge) RECKITT BENCKISER (CANADA) INC,"CEPACOL SENSATIONS SORE THROAT & BLOCKED NOSE (amylmétacrésol 0,6 mg et alcool dichlorobenzylique 1,2 mg et lévomenthol 8 mg pastille) RECKITT BENCKISER (CANADA) INC","mp_formal_name: ""CEPACOL SENSATIONS SORE THROAT & BLOCKED NOSE (amylmetacresol 0.6 mg and dichlorobenzyl alcohol 1.2 mg and levomenthol 8 mg lozenge) RB̲ ̲H̲E̲A̲L̲T̲H̲ ̲(̲C̲A̲N̲A̲D̲A̲)̲ ̲I̲N̲C̲.̲"" -> ""CEPACOL SENSATIONS SORE THROAT & BLOCKED NOSE (amylmetacresol 0.6 mg and dichlorobenzyl alcohol 1.2 mg and levomenthol 8 mg lozenge) RE̲C̲K̲I̲T̲T̲ ̲B̲E̲N̲C̲K̲I̲S̲E̲R̲ ̲(̲C̲A̲N̲A̲D̲A̲)̲ ̲I̲N̲C̲""
mp_fr_description: ""CEPACOL SENSATIONS SORE THROAT & BLOCKED NOSE (amylmétacrésol 0,6 mg et alcool dichlorobenzylique 1,2 mg et lévomenthol 8 mg pastille) RB̲ ̲H̲E̲A̲L̲T̲H̲ ̲(̲C̲A̲N̲A̲D̲A̲)̲ ̲I̲N̲C̲.̲"" -> ""CEPACOL SENSATIONS SORE THROAT & BLOCKED NOSE (amylmétacrésol 0,6 mg et alcool dichlorobenzylique 1,2 mg et lévomenthol 8 mg pastille) RE̲C̲K̲I̲T̲T̲ ̲B̲E̲N̲C̲K̲I̲S̲E̲R̲ ̲(̲C̲A̲N̲A̲D̲A̲)̲ ̲I̲N̲C̲"""
86872,02382938,CEPACOL SENSATIONS (amylmetacresol 0.6 mg and dichlorobenzyl alcohol 1.2 mg lozenge) RECKITT BENCKISER (CANADA) INC,"CEPACOL SENSATIONS (amylmétacrésol 0,6 mg et alcool dichlorobenzylique 1,2 mg pastille) RECKITT BENCKISER (CANADA) INC","mp_formal_name: ""CEPACOL SENSATIONS (amylmetacresol 0.6 mg and dichlorobenzyl alcohol 1.2 mg lozenge) RB̲ ̲H̲E̲A̲L̲T̲H̲ ̲(̲C̲A̲N̲A̲D̲A̲)̲ ̲I̲N̲C̲.̲"" -> ""CEPACOL SENSATIONS (amylmetacresol 0.6 mg and dichlorobenzyl alcohol 1.2 mg lozenge) RE̲C̲K̲I̲T̲T̲ ̲B̲E̲N̲C̲K̲I̲S̲E̲R̲ ̲(̲C̲A̲N̲A̲D̲A̲)̲ ̲I̲N̲C̲""
mp_fr_description: ""CEPACOL SENSATIONS (amylmétacrésol 0,6 mg et alcool dichlorobenzylique 1,2 mg pastille) RB̲ ̲H̲E̲A̲L̲T̲H̲ ̲(̲C̲A̲N̲A̲D̲A̲)̲ ̲I̲N̲C̲.̲"" -> ""CEPACOL SENSATIONS (amylmétacrésol 0,6 mg et alcool dichlorobenzylique 1,2 mg pastille) RE̲C̲K̲I̲T̲T̲ ̲B̲E̲N̲C̲K̲I̲S̲E̲R̲ ̲(̲C̲A̲N̲A̲D̲A̲)̲ ̲I̲N̲C̲"""
87111,02385481,SPC-ESCITALOPRAM (escitalopram (escitalopram oxalate) 10 mg oral tablet) SUN PHARMA CANADA INC,SPC-ESCITALOPRAM (escitalopram (oxalate d'escitalopram) 10 mg comprimé oral) SUN PHARMA CANADA INC,"Health_Canada_product_name: ""TARO-ESCITALOPRAM"" -> ""SPC-ESCITALOPRAM""
mp_formal_name: ""T̲A̲R̲O̲-ESCITALOPRAM (escitalopram (escitalopram oxalate) 10 mg oral tablet) SUN PHARMA CANADA INC"" -> ""S̲P̲C̲-ESCITALOPRAM (escitalopram (escitalopram oxalate) 10 mg oral tablet) SUN PHARMA CANADA INC""
mp_fr_description: ""T̲A̲R̲O̲-ESCITALOPRAM (escitalopram (oxalate d'escitalopram) 10 mg comprimé oral) SUN PHARMA CANADA INC"" -> ""S̲P̲C̲-ESCITALOPRAM (escitalopram (oxalate d'escitalopram) 10 mg comprimé oral) SUN PHARMA CANADA INC"""
87112,02385503,SPC-ESCITALOPRAM (escitalopram (escitalopram oxalate) 20 mg oral tablet) SUN PHARMA CANADA INC,SPC-ESCITALOPRAM (escitalopram (oxalate d'escitalopram) 20 mg comprimé oral) SUN PHARMA CANADA INC,"Health_Canada_product_name: ""TARO-ESCITALOPRAM"" -> ""SPC-ESCITALOPRAM""
mp_formal_name: ""T̲A̲R̲O̲-ESCITALOPRAM (escitalopram (escitalopram oxalate) 20 mg oral tablet) SUN PHARMA CANADA INC"" -> ""S̲P̲C̲-ESCITALOPRAM (escitalopram (escitalopram oxalate) 20 mg oral tablet) SUN PHARMA CANADA INC""
mp_fr_description: ""T̲A̲R̲O̲-ESCITALOPRAM (escitalopram (oxalate d'escitalopram) 20 mg comprimé oral) SUN PHARMA CANADA INC"" -> ""S̲P̲C̲-ESCITALOPRAM (escitalopram (oxalate d'escitalopram) 20 mg comprimé oral) SUN PHARMA CANADA INC"""
87315,02387549,CALCIUM CHLORIDE FOR HAEMODIALYSIS (calcium chloride 7.45 g per vial powder for concentrate for solution for haemodialysis) CHIEF MEDICAL SUPPLIES LTD,"CALCIUM CHLORIDE FOR HAEMODIALYSIS (chlorure de calcium 7,45 g par fiole poudre pour solution à diluer pour solution pour hémodialyse) CHIEF MEDICAL SUPPLIES LTD",ADDED
87415,02388642,CEPACOL SENSATIONS SORE THROAT & COUGH (amylmetacresol 0.6 mg and dichlorobenzyl alcohol 1.2 mg and menthol 8 mg lozenge) RECKITT BENCKISER (CANADA) INC,"CEPACOL SENSATIONS SORE THROAT & COUGH (amylmétacrésol 0,6 mg et alcool dichlorobenzylique 1,2 mg et menthol 8 mg pastille) RECKITT BENCKISER (CANADA) INC","mp_formal_name: ""CEPACOL SENSATIONS SORE THROAT & COUGH (amylmetacresol 0.6 mg and dichlorobenzyl alcohol 1.2 mg and menthol 8 mg lozenge) RB̲ ̲H̲E̲A̲L̲T̲H̲ ̲(̲C̲A̲N̲A̲D̲A̲)̲ ̲I̲N̲C̲.̲"" -> ""CEPACOL SENSATIONS SORE THROAT & COUGH (amylmetacresol 0.6 mg and dichlorobenzyl alcohol 1.2 mg and menthol 8 mg lozenge) RE̲C̲K̲I̲T̲T̲ ̲B̲E̲N̲C̲K̲I̲S̲E̲R̲ ̲(̲C̲A̲N̲A̲D̲A̲)̲ ̲I̲N̲C̲""
mp_fr_description: ""CEPACOL SENSATIONS SORE THROAT & COUGH (amylmétacrésol 0,6 mg et alcool dichlorobenzylique 1,2 mg et menthol 8 mg pastille) RB̲ ̲H̲E̲A̲L̲T̲H̲ ̲(̲C̲A̲N̲A̲D̲A̲)̲ ̲I̲N̲C̲.̲"" -> ""CEPACOL SENSATIONS SORE THROAT & COUGH (amylmétacrésol 0,6 mg et alcool dichlorobenzylique 1,2 mg et menthol 8 mg pastille) RE̲C̲K̲I̲T̲T̲ ̲B̲E̲N̲C̲K̲I̲S̲E̲R̲ ̲(̲C̲A̲N̲A̲D̲A̲)̲ ̲I̲N̲C̲"""
87682,02391473,MAR-GABAPENTIN (gabapentin 100 mg oral capsule) MARCAN PHARMACEUTICALS INC,MAR-GABAPENTIN (gabapentine 100 mg capsule orale) MARCAN PHARMACEUTICALS INC,"mp_status_effective_time: ""20201218"" -> ""20260309"""
87683,02391481,MAR-GABAPENTIN (gabapentin 300 mg oral capsule) MARCAN PHARMACEUTICALS INC,MAR-GABAPENTIN (gabapentine 300 mg capsule orale) MARCAN PHARMACEUTICALS INC,"mp_status_effective_time: ""20210405"" -> ""20260309"""
87684,02391503,MAR-GABAPENTIN (gabapentin 400 mg oral capsule) MARCAN PHARMACEUTICALS INC,MAR-GABAPENTIN (gabapentine 400 mg capsule orale) MARCAN PHARMACEUTICALS INC,"mp_status_effective_time: ""20210226"" -> ""20260309"""
87879,02393573,MINT-ANASTROZOLE (anastrozole 1 mg oral tablet) MINT PHARMACEUTICALS INC,MINT-ANASTROZOLE (anastrozole 1 mg comprimé oral) MINT PHARMACEUTICALS INC,DELETED
88187,02396866,TEVA-VORICONAZOLE (voriconazole 50 mg oral tablet) TEVA CANADA LIMITED,TEVA-VORICONAZOLE (voriconazole 50 mg comprimé oral) TEVA CANADA LIMITED,DELETED
88189,02396874,TEVA-VORICONAZOLE (voriconazole 200 mg oral tablet) TEVA CANADA LIMITED,TEVA-VORICONAZOLE (voriconazole 200 mg comprimé oral) TEVA CANADA LIMITED,DELETED
88424,02399350,HAND SANITIZING WIPES (benzalkonium chloride 0.12 % wipe) ATHEA LABORATORIES INC,"HAND SANITIZING WIPES (chlorure de benzalkonium 0,12 % lingette) ATHEA LABORATORIES INC",ADDED
88459,02399733,ADVIL COLD & SINUS CONVENIENCE PACK (chlorpheniramine maleate 2 mg and ibuprofen 200 mg and pseudoephedrine hydrochloride 30 mg oral tablet with ibuprofen 200 mg and pseudoephedrine hydrochloride 30 mg oral tablet) HALEON CANADA ULC,ADVIL COLD & SINUS CONVENIENCE PACK (maléate de chlorphéniramine 2 mg et ibuprofène 200 mg et chlorhydrate de pseudoéphédrine 30 mg comprimé oral avec ibuprofène 200 mg et chlorhydrate de pseudoéphédrine 30 mg comprimé oral) HALEON CANADA ULC,"mp_formal_name: ""ADVIL COLD & SINUS CONVENIENCE PACK (chlorpheniramine maleate 2 mg and ibuprofen 200 mg and pseudoephedrine hydrochloride 30 mg oral tablet with ibuprofen 200 mg and pseudoephedrine hydrochloride 30 mg oral tablet ̲)̲ ̲G̲L̲A̲X̲O̲S̲M̲I̲T̲H̲K̲L̲I̲N̲E̲ ̲C̲O̲N̲S̲U̲M̲E̲R̲ ̲H̲E̲A̲L̲T̲H̲C̲A̲R̲E̲ ULC"" -> ""ADVIL COLD & SINUS CONVENIENCE PACK (chlorpheniramine maleate 2 mg and ibuprofen 200 mg and pseudoephedrine hydrochloride 30 mg oral tablet with ibuprofen 200 mg and pseudoephedrine hydrochloride 30 mg oral tablet)̲ ̲H̲A̲L̲E̲O̲N̲ ̲C̲A̲N̲A̲D̲A̲ ULC""
mp_fr_description: ""ADVIL COLD & SINUS CONVENIENCE PACK (maléate de chlorphéniramine 2 mg et ibuprofène 200 mg et chlorhydrate de pseudoéphédrine 30 mg comprimé oral avec ibuprofène 200 mg et chlorhydrate de pseudoéphédrine 30 mg comprimé oral ̲)̲ ̲G̲L̲A̲X̲O̲S̲M̲I̲T̲H̲K̲L̲I̲N̲E̲ ̲C̲O̲N̲S̲U̲M̲E̲R̲ ̲H̲E̲A̲L̲T̲H̲C̲A̲R̲E̲ ULC"" -> ""ADVIL COLD & SINUS CONVENIENCE PACK (maléate de chlorphéniramine 2 mg et ibuprofène 200 mg et chlorhydrate de pseudoéphédrine 30 mg comprimé oral avec ibuprofène 200 mg et chlorhydrate de pseudoéphédrine 30 mg comprimé oral)̲ ̲H̲A̲L̲E̲O̲N̲ ̲C̲A̲N̲A̲D̲A̲ ULC"""
88467,02399822,MAR-QUETIAPINE (quetiapine (quetiapine fumarate) 25 mg oral tablet) MARCAN PHARMACEUTICALS INC,MAR-QUETIAPINE (quétiapine (fumarate de quétiapine) 25 mg comprimé oral) MARCAN PHARMACEUTICALS INC,"mp_status_effective_time: ""20201001"" -> ""20260306"""
88468,02399830,MAR-QUETIAPINE (quetiapine (quetiapine fumarate) 100 mg oral tablet) MARCAN PHARMACEUTICALS INC,MAR-QUETIAPINE (quétiapine (fumarate de quétiapine) 100 mg comprimé oral) MARCAN PHARMACEUTICALS INC,"mp_status_effective_time: ""20201001"" -> ""20260306"""
88469,02399849,MAR-QUETIAPINE (quetiapine (quetiapine fumarate) 200 mg oral tablet) MARCAN PHARMACEUTICALS INC,MAR-QUETIAPINE (quétiapine (fumarate de quétiapine) 200 mg comprimé oral) MARCAN PHARMACEUTICALS INC,"mp_status_effective_time: ""20201001"" -> ""20260306"""
88470,02399857,MAR-QUETIAPINE (quetiapine (quetiapine fumarate) 300 mg oral tablet) MARCAN PHARMACEUTICALS INC,MAR-QUETIAPINE (quétiapine (fumarate de quétiapine) 300 mg comprimé oral) MARCAN PHARMACEUTICALS INC,"mp_status_effective_time: ""20201001"" -> ""20260306"""
88701,02402149,ACNE TREATMENT SYSTEM (benzoyl peroxide 5 % and salicylic acid 2 % NA) VIVIER CANADA INCORPORATED,ACNE TREATMENT SYSTEM (peroxyde de benzoyle 5 % et acide salicylique 2 % NA) VIVIER CANADA INCORPORATED,ADDED
88828,02403471,PURELL SANITIZING WIPES (benzalkonium chloride 0.13 % wipe) GOJO CANADA INC,"PURELL SANITIZING WIPES (chlorure de benzalkonium 0,13 % lingette) GOJO CANADA INC",ADDED
88829,02403498,BICART (sodium bicarbonate 720 g per cartridge powder for concentrate for solution for haemodialysis) VANTIVE ULC,BICART (bicarbonate de sodium 720 g par cartouche poudre pour solution à diluer pour solution pour hémodialyse) VANTIVE ULC,ADDED
88830,02403501,BICART (sodium bicarbonate 1250 g per cartridge powder for concentrate for solution for haemodialysis) VANTIVE ULC,BICART (bicarbonate de sodium 1250 g par cartouche poudre pour solution à diluer pour solution pour hémodialyse) VANTIVE ULC,ADDED
89131,02406624,JAMP OLANZAPINE ODT (olanzapine 5 mg orodispersible tablet) JAMP PHARMA CORPORATION,JAMP OLANZAPINE ODT (olanzapine 5 mg comprimé orodispersible) JAMP PHARMA CORPORATION,"mp_status: ""INACTIVE"" -> ""ACTIVE""
mp_status_effective_time: ""20250731"" -> ""20140801"""
89132,02406632,JAMP OLANZAPINE ODT (olanzapine 10 mg orodispersible tablet) JAMP PHARMA CORPORATION,JAMP OLANZAPINE ODT (olanzapine 10 mg comprimé orodispersible) JAMP PHARMA CORPORATION,"mp_status: ""INACTIVE"" -> ""ACTIVE""
mp_status_effective_time: ""20250731"" -> ""20140801"""
89133,02406640,JAMP OLANZAPINE ODT (olanzapine 15 mg orodispersible tablet) JAMP PHARMA CORPORATION,JAMP OLANZAPINE ODT (olanzapine 15 mg comprimé orodispersible) JAMP PHARMA CORPORATION,"mp_status: ""INACTIVE"" -> ""ACTIVE""
mp_status_effective_time: ""20250731"" -> ""20140801"""
89134,02406659,JAMP OLANZAPINE ODT (olanzapine 20 mg orodispersible tablet) JAMP PHARMA CORPORATION,JAMP OLANZAPINE ODT (olanzapine 20 mg comprimé orodispersible) JAMP PHARMA CORPORATION,"mp_status: ""INACTIVE"" -> ""ACTIVE""
mp_status_effective_time: ""20250731"" -> ""20140801"""
89148,02406802,SOFTSOAP ANTIBACTERIAL (benzalkonium chloride 0.13 % cutaneous solution) COLGATE-PALMOLIVE CANADA INC,"SOFTSOAP ANTIBACTERIAL (chlorure de benzalkonium 0,13 % solution pour application cutanée) COLGATE-PALMOLIVE CANADA INC",ADDED
89540,02410826,BERIPLEX P/N 1000 (coagulation factor ii (human) 1600 unit and coagulation factor IX human 1240 unit and coagulation factor vii (human) 1000 unit and coagulation factor x (human) 2040 unit and protein c 1640 unit and protein s 1360 unit powder for solution for injection) CSL BEHRING CANADA INC,BERIPLEX P/N 1000 (facteur II de coagulation humain 1600 unité et facteur IX de coagulation humain 1240 unité et facteur VII de coagulation humain 1000 unité et facteur X de coagulation humain 2040 unité et protéine c 1640 unité et protéine s 1360 unité poudre pour solution injectable) CSL BEHRING CANADA INC,ADDED
90016,02415577,NUCYNTA EXTENDED-RELEASE (tapentadol (tapentadol hydrochloride) 50 mg prolonged-release oral tablet) KNIGHT THERAPEUTICS INC.,NUCYNTA EXTENDED-RELEASE (tapentadol (chlorhydrate de tapentadol) 50 mg comprimé oral à libération prolongée) KNIGHT THERAPEUTICS INC.,"mp_formal_name: ""NUCYNTA EXTENDED-RELEASE (tapentadol (tapentadol hydrochloride) 50 mg prolonged-release oral tablet) E̲N̲D̲O̲ ̲O̲P̲E̲R̲A̲T̲I̲O̲N̲S̲ ̲L̲T̲D̲."" -> ""NUCYNTA EXTENDED-RELEASE (tapentadol (tapentadol hydrochloride) 50 mg prolonged-release oral tablet) K̲N̲I̲G̲H̲T̲ ̲T̲H̲E̲R̲A̲P̲E̲U̲T̲I̲C̲S̲ ̲I̲N̲C̲.""
mp_fr_description: ""NUCYNTA EXTENDED-RELEASE (tapentadol (chlorhydrate de tapentadol) 50 mg comprimé oral à libération prolongée) E̲N̲D̲O̲ ̲O̲P̲E̲R̲A̲T̲I̲O̲N̲S̲ ̲L̲T̲D̲."" -> ""NUCYNTA EXTENDED-RELEASE (tapentadol (chlorhydrate de tapentadol) 50 mg comprimé oral à libération prolongée) K̲N̲I̲G̲H̲T̲ ̲T̲H̲E̲R̲A̲P̲E̲U̲T̲I̲C̲S̲ ̲I̲N̲C̲."""
90017,02415585,NUCYNTA EXTENDED-RELEASE (tapentadol (tapentadol hydrochloride) 100 mg prolonged-release oral tablet) KNIGHT THERAPEUTICS INC.,NUCYNTA EXTENDED-RELEASE (tapentadol (chlorhydrate de tapentadol) 100 mg comprimé oral à libération prolongée) KNIGHT THERAPEUTICS INC.,"mp_formal_name: ""NUCYNTA EXTENDED-RELEASE (tapentadol (tapentadol hydrochloride) 100 mg prolonged-release oral tablet) E̲N̲D̲O̲ ̲O̲P̲E̲R̲A̲T̲I̲O̲N̲S̲ ̲L̲T̲D̲."" -> ""NUCYNTA EXTENDED-RELEASE (tapentadol (tapentadol hydrochloride) 100 mg prolonged-release oral tablet) K̲N̲I̲G̲H̲T̲ ̲T̲H̲E̲R̲A̲P̲E̲U̲T̲I̲C̲S̲ ̲I̲N̲C̲.""
mp_fr_description: ""NUCYNTA EXTENDED-RELEASE (tapentadol (chlorhydrate de tapentadol) 100 mg comprimé oral à libération prolongée) E̲N̲D̲O̲ ̲O̲P̲E̲R̲A̲T̲I̲O̲N̲S̲ ̲L̲T̲D̲."" -> ""NUCYNTA EXTENDED-RELEASE (tapentadol (chlorhydrate de tapentadol) 100 mg comprimé oral à libération prolongée) K̲N̲I̲G̲H̲T̲ ̲T̲H̲E̲R̲A̲P̲E̲U̲T̲I̲C̲S̲ ̲I̲N̲C̲."""
90018,02415593,NUCYNTA EXTENDED-RELEASE (tapentadol (tapentadol hydrochloride) 150 mg prolonged-release oral tablet) KNIGHT THERAPEUTICS INC.,NUCYNTA EXTENDED-RELEASE (tapentadol (chlorhydrate de tapentadol) 150 mg comprimé oral à libération prolongée) KNIGHT THERAPEUTICS INC.,"mp_formal_name: ""NUCYNTA EXTENDED-RELEASE (tapentadol (tapentadol hydrochloride) 150 mg prolonged-release oral tablet) E̲N̲D̲O̲ ̲O̲P̲E̲R̲A̲T̲I̲O̲N̲S̲ ̲L̲T̲D̲."" -> ""NUCYNTA EXTENDED-RELEASE (tapentadol (tapentadol hydrochloride) 150 mg prolonged-release oral tablet) K̲N̲I̲G̲H̲T̲ ̲T̲H̲E̲R̲A̲P̲E̲U̲T̲I̲C̲S̲ ̲I̲N̲C̲.""
mp_fr_description: ""NUCYNTA EXTENDED-RELEASE (tapentadol (chlorhydrate de tapentadol) 150 mg comprimé oral à libération prolongée) E̲N̲D̲O̲ ̲O̲P̲E̲R̲A̲T̲I̲O̲N̲S̲ ̲L̲T̲D̲."" -> ""NUCYNTA EXTENDED-RELEASE (tapentadol (chlorhydrate de tapentadol) 150 mg comprimé oral à libération prolongée) K̲N̲I̲G̲H̲T̲ ̲T̲H̲E̲R̲A̲P̲E̲U̲T̲I̲C̲S̲ ̲I̲N̲C̲."""
90019,02415607,NUCYNTA EXTENDED-RELEASE (tapentadol (tapentadol hydrochloride) 200 mg prolonged-release oral tablet) KNIGHT THERAPEUTICS INC.,NUCYNTA EXTENDED-RELEASE (tapentadol (chlorhydrate de tapentadol) 200 mg comprimé oral à libération prolongée) KNIGHT THERAPEUTICS INC.,"mp_formal_name: ""NUCYNTA EXTENDED-RELEASE (tapentadol (tapentadol hydrochloride) 200 mg prolonged-release oral tablet) E̲N̲D̲O̲ ̲O̲P̲E̲R̲A̲T̲I̲O̲N̲S̲ ̲L̲T̲D̲."" -> ""NUCYNTA EXTENDED-RELEASE (tapentadol (tapentadol hydrochloride) 200 mg prolonged-release oral tablet) K̲N̲I̲G̲H̲T̲ ̲T̲H̲E̲R̲A̲P̲E̲U̲T̲I̲C̲S̲ ̲I̲N̲C̲.""
mp_fr_description: ""NUCYNTA EXTENDED-RELEASE (tapentadol (chlorhydrate de tapentadol) 200 mg comprimé oral à libération prolongée) E̲N̲D̲O̲ ̲O̲P̲E̲R̲A̲T̲I̲O̲N̲S̲ ̲L̲T̲D̲."" -> ""NUCYNTA EXTENDED-RELEASE (tapentadol (chlorhydrate de tapentadol) 200 mg comprimé oral à libération prolongée) K̲N̲I̲G̲H̲T̲ ̲T̲H̲E̲R̲A̲P̲E̲U̲T̲I̲C̲S̲ ̲I̲N̲C̲."""
90020,02415615,NUCYNTA EXTENDED-RELEASE (tapentadol (tapentadol hydrochloride) 250 mg prolonged-release oral tablet) KNIGHT THERAPEUTICS INC.,NUCYNTA EXTENDED-RELEASE (tapentadol (chlorhydrate de tapentadol) 250 mg comprimé oral à libération prolongée) KNIGHT THERAPEUTICS INC.,"mp_formal_name: ""NUCYNTA EXTENDED-RELEASE (tapentadol (tapentadol hydrochloride) 250 mg prolonged-release oral tablet) E̲N̲D̲O̲ ̲O̲P̲E̲R̲A̲T̲I̲O̲N̲S̲ ̲L̲T̲D̲."" -> ""NUCYNTA EXTENDED-RELEASE (tapentadol (tapentadol hydrochloride) 250 mg prolonged-release oral tablet) K̲N̲I̲G̲H̲T̲ ̲T̲H̲E̲R̲A̲P̲E̲U̲T̲I̲C̲S̲ ̲I̲N̲C̲.""
mp_fr_description: ""NUCYNTA EXTENDED-RELEASE (tapentadol (chlorhydrate de tapentadol) 250 mg comprimé oral à libération prolongée) E̲N̲D̲O̲ ̲O̲P̲E̲R̲A̲T̲I̲O̲N̲S̲ ̲L̲T̲D̲."" -> ""NUCYNTA EXTENDED-RELEASE (tapentadol (chlorhydrate de tapentadol) 250 mg comprimé oral à libération prolongée) K̲N̲I̲G̲H̲T̲ ̲T̲H̲E̲R̲A̲P̲E̲U̲T̲I̲C̲S̲ ̲I̲N̲C̲."""
90416,02419548,SPC-EZETIMIBE (ezetimibe 10 mg oral tablet) SUN PHARMA CANADA INC,SPC-EZETIMIBE (ézétimibe 10 mg comprimé oral) SUN PHARMA CANADA INC,"Health_Canada_product_name: ""TARO-EZETIMIBE"" -> ""SPC-EZETIMIBE""
mp_formal_name: ""T̲A̲R̲O̲-EZETIMIBE (ezetimibe 10 mg oral tablet) SUN PHARMA CANADA INC"" -> ""S̲P̲C̲-EZETIMIBE (ezetimibe 10 mg oral tablet) SUN PHARMA CANADA INC""
mp_fr_description: ""T̲A̲R̲O̲-EZETIMIBE (ézétimibe 10 mg comprimé oral) SUN PHARMA CANADA INC"" -> ""S̲P̲C̲-EZETIMIBE (ézétimibe 10 mg comprimé oral) SUN PHARMA CANADA INC"""
90922,02424533,JAMP CELECOXIB (celecoxib 100 mg oral capsule) JAMP PHARMA CORPORATION,JAMP CELECOXIB (célécoxib 100 mg capsule orale) JAMP PHARMA CORPORATION,"Health_Canada_product_name: ""JAMP-CELECOXIB"" -> ""JAMP CELECOXIB""
mp_formal_name: ""JAMP-̲CELECOXIB (celecoxib 100 mg oral capsule) JAMP PHARMA CORPORATION"" -> ""JAMP ̲CELECOXIB (celecoxib 100 mg oral capsule) JAMP PHARMA CORPORATION""
mp_fr_description: ""JAMP-̲CELECOXIB (célécoxib 100 mg capsule orale) JAMP PHARMA CORPORATION"" -> ""JAMP ̲CELECOXIB (célécoxib 100 mg capsule orale) JAMP PHARMA CORPORATION"""
90923,02424541,JAMP CELECOXIB (celecoxib 200 mg oral capsule) JAMP PHARMA CORPORATION,JAMP CELECOXIB (célécoxib 200 mg capsule orale) JAMP PHARMA CORPORATION,"Health_Canada_product_name: ""JAMP-CELECOXIB"" -> ""JAMP CELECOXIB""
mp_formal_name: ""JAMP-̲CELECOXIB (celecoxib 200 mg oral capsule) JAMP PHARMA CORPORATION"" -> ""JAMP ̲CELECOXIB (celecoxib 200 mg oral capsule) JAMP PHARMA CORPORATION""
mp_fr_description: ""JAMP-̲CELECOXIB (célécoxib 200 mg capsule orale) JAMP PHARMA CORPORATION"" -> ""JAMP ̲CELECOXIB (célécoxib 200 mg capsule orale) JAMP PHARMA CORPORATION"""
91170,02427176,SNS-ASA EC (acetylsalicylic acid 80 mg gastro-resistant tablet) SANIS HEALTH INC,SNS-ASA EC (acide acétylsalicylique 80 mg comprimé gastrorésistant) SANIS HEALTH INC,DELETED
91764,02433249,"MUCINEX MULTI-ACTION CONGESTION, STUFFY NOSE & COUGH LIQUID (dextromethorphan hydrobromide 20 mg per 20 mL and guaifenesin 400 mg per 20 mL and phenylephrine hydrochloride 10 mg per 20 mL oral solution) RECKITT BENCKISER (CANADA) INC","MUCINEX MULTI-ACTION CONGESTION, STUFFY NOSE & COUGH LIQUID (bromhydrate de dextrométhorphane 20 mg par 20 mL et guaïfénésine 400 mg par 20 mL et chlorhydrate de phényléphrine 10 mg par 20 mL solution orale) RECKITT BENCKISER (CANADA) INC","mp_formal_name: ""MUCINEX MULTI-ACTION CONGESTION, STUFFY NOSE & COUGH LIQUID (dextromethorphan hydrobromide 20 mg per 20 mL and guaifenesin 400 mg per 20 mL and phenylephrine hydrochloride 10 mg per 20 mL oral solution) RB̲ ̲H̲E̲A̲L̲T̲H̲ ̲(̲C̲A̲N̲A̲D̲A̲)̲ ̲I̲N̲C̲.̲"" -> ""MUCINEX MULTI-ACTION CONGESTION, STUFFY NOSE & COUGH LIQUID (dextromethorphan hydrobromide 20 mg per 20 mL and guaifenesin 400 mg per 20 mL and phenylephrine hydrochloride 10 mg per 20 mL oral solution) RE̲C̲K̲I̲T̲T̲ ̲B̲E̲N̲C̲K̲I̲S̲E̲R̲ ̲(̲C̲A̲N̲A̲D̲A̲)̲ ̲I̲N̲C̲""
mp_fr_description: ""MUCINEX MULTI-ACTION CONGESTION, STUFFY NOSE & COUGH LIQUID (bromhydrate de dextrométhorphane 20 mg par 20 mL et guaïfénésine 400 mg par 20 mL et chlorhydrate de phényléphrine 10 mg par 20 mL solution orale) RB̲ ̲H̲E̲A̲L̲T̲H̲ ̲(̲C̲A̲N̲A̲D̲A̲)̲ ̲I̲N̲C̲.̲"" -> ""MUCINEX MULTI-ACTION CONGESTION, STUFFY NOSE & COUGH LIQUID (bromhydrate de dextrométhorphane 20 mg par 20 mL et guaïfénésine 400 mg par 20 mL et chlorhydrate de phényléphrine 10 mg par 20 mL solution orale) RE̲C̲K̲I̲T̲T̲ ̲B̲E̲N̲C̲K̲I̲S̲E̲R̲ ̲(̲C̲A̲N̲A̲D̲A̲)̲ ̲I̲N̲C̲"""
91779,02433419,"MUCINEX MULTI-ACTION CONGESTION, COLD & COUGH SOLUTION (acetaminophen 650 mg per 20 mL and dextromethorphan hydrobromide 20 mg per 20 mL and guaifenesin 400 mg per 20 mL and phenylephrine hydrochloride 10 mg per 20 mL oral solution) RECKITT BENCKISER (CANADA) INC","MUCINEX MULTI-ACTION CONGESTION, COLD & COUGH SOLUTION (acétaminophène 650 mg par 20 mL et bromhydrate de dextrométhorphane 20 mg par 20 mL et guaïfénésine 400 mg par 20 mL et chlorhydrate de phényléphrine 10 mg par 20 mL solution orale) RECKITT BENCKISER (CANADA) INC","mp_formal_name: ""MUCINEX MULTI-ACTION CONGESTION, COLD & COUGH SOLUTION (acetaminophen 650 mg per 20 mL and dextromethorphan hydrobromide 20 mg per 20 mL and guaifenesin 400 mg per 20 mL and phenylephrine hydrochloride 10 mg per 20 mL oral solution) RB̲ ̲H̲E̲A̲L̲T̲H̲ ̲(̲C̲A̲N̲A̲D̲A̲)̲ ̲I̲N̲C̲.̲"" -> ""MUCINEX MULTI-ACTION CONGESTION, COLD & COUGH SOLUTION (acetaminophen 650 mg per 20 mL and dextromethorphan hydrobromide 20 mg per 20 mL and guaifenesin 400 mg per 20 mL and phenylephrine hydrochloride 10 mg per 20 mL oral solution) RE̲C̲K̲I̲T̲T̲ ̲B̲E̲N̲C̲K̲I̲S̲E̲R̲ ̲(̲C̲A̲N̲A̲D̲A̲)̲ ̲I̲N̲C̲""
mp_fr_description: ""MUCINEX MULTI-ACTION CONGESTION, COLD & COUGH SOLUTION (acétaminophène 650 mg par 20 mL et bromhydrate de dextrométhorphane 20 mg par 20 mL et guaïfénésine 400 mg par 20 mL et chlorhydrate de phényléphrine 10 mg par 20 mL solution orale) RB̲ ̲H̲E̲A̲L̲T̲H̲ ̲(̲C̲A̲N̲A̲D̲A̲)̲ ̲I̲N̲C̲.̲"" -> ""MUCINEX MULTI-ACTION CONGESTION, COLD & COUGH SOLUTION (acétaminophène 650 mg par 20 mL et bromhydrate de dextrométhorphane 20 mg par 20 mL et guaïfénésine 400 mg par 20 mL et chlorhydrate de phényléphrine 10 mg par 20 mL solution orale) RE̲C̲K̲I̲T̲T̲ ̲B̲E̲N̲C̲K̲I̲S̲E̲R̲ ̲(̲C̲A̲N̲A̲D̲A̲)̲ ̲I̲N̲C̲"""
91781,02433435,"MUCINEX MULTI-ACTION CONGESTION, COLD & COUGH (acetaminophen 325 mg and dextromethorphan hydrobromide 10 mg and guaifenesin 200 mg and phenylephrine hydrochloride 5 mg oral tablet) RECKITT BENCKISER (CANADA) INC","MUCINEX MULTI-ACTION CONGESTION, COLD & COUGH (acétaminophène 325 mg et bromhydrate de dextrométhorphane 10 mg et guaïfénésine 200 mg et chlorhydrate de phényléphrine 5 mg comprimé oral) RECKITT BENCKISER (CANADA) INC","mp_formal_name: ""MUCINEX MULTI-ACTION CONGESTION, COLD & COUGH (acetaminophen 325 mg and dextromethorphan hydrobromide 10 mg and guaifenesin 200 mg and phenylephrine hydrochloride 5 mg oral tablet) RB̲ ̲H̲E̲A̲L̲T̲H̲ ̲(̲C̲A̲N̲A̲D̲A̲)̲ ̲I̲N̲C̲.̲"" -> ""MUCINEX MULTI-ACTION CONGESTION, COLD & COUGH (acetaminophen 325 mg and dextromethorphan hydrobromide 10 mg and guaifenesin 200 mg and phenylephrine hydrochloride 5 mg oral tablet) RE̲C̲K̲I̲T̲T̲ ̲B̲E̲N̲C̲K̲I̲S̲E̲R̲ ̲(̲C̲A̲N̲A̲D̲A̲)̲ ̲I̲N̲C̲""
mp_fr_description: ""MUCINEX MULTI-ACTION CONGESTION, COLD & COUGH (acétaminophène 325 mg et bromhydrate de dextrométhorphane 10 mg et guaïfénésine 200 mg et chlorhydrate de phényléphrine 5 mg comprimé oral) RB̲ ̲H̲E̲A̲L̲T̲H̲ ̲(̲C̲A̲N̲A̲D̲A̲)̲ ̲I̲N̲C̲.̲"" -> ""MUCINEX MULTI-ACTION CONGESTION, COLD & COUGH (acétaminophène 325 mg et bromhydrate de dextrométhorphane 10 mg et guaïfénésine 200 mg et chlorhydrate de phényléphrine 5 mg comprimé oral) RE̲C̲K̲I̲T̲T̲ ̲B̲E̲N̲C̲K̲I̲S̲E̲R̲ ̲(̲C̲A̲N̲A̲D̲A̲)̲ ̲I̲N̲C̲"""
91782,02433451,"MUCINEX MULTI-ACTION CONGESTION, COLD & FLU (acetaminophen 325 mg and guaifenesin 200 mg and phenylephrine hydrochloride 5 mg oral tablet) RECKITT BENCKISER (CANADA) INC","MUCINEX MULTI-ACTION CONGESTION, COLD & FLU (acétaminophène 325 mg et guaïfénésine 200 mg et chlorhydrate de phényléphrine 5 mg comprimé oral) RECKITT BENCKISER (CANADA) INC","mp_formal_name: ""MUCINEX MULTI-ACTION CONGESTION, COLD & FLU (acetaminophen 325 mg and guaifenesin 200 mg and phenylephrine hydrochloride 5 mg oral tablet) RB̲ ̲H̲E̲A̲L̲T̲H̲ ̲(̲C̲A̲N̲A̲D̲A̲)̲ ̲I̲N̲C̲.̲"" -> ""MUCINEX MULTI-ACTION CONGESTION, COLD & FLU (acetaminophen 325 mg and guaifenesin 200 mg and phenylephrine hydrochloride 5 mg oral tablet) RE̲C̲K̲I̲T̲T̲ ̲B̲E̲N̲C̲K̲I̲S̲E̲R̲ ̲(̲C̲A̲N̲A̲D̲A̲)̲ ̲I̲N̲C̲""
mp_fr_description: ""MUCINEX MULTI-ACTION CONGESTION, COLD & FLU (acétaminophène 325 mg et guaïfénésine 200 mg et chlorhydrate de phényléphrine 5 mg comprimé oral) RB̲ ̲H̲E̲A̲L̲T̲H̲ ̲(̲C̲A̲N̲A̲D̲A̲)̲ ̲I̲N̲C̲.̲"" -> ""MUCINEX MULTI-ACTION CONGESTION, COLD & FLU (acétaminophène 325 mg et guaïfénésine 200 mg et chlorhydrate de phényléphrine 5 mg comprimé oral) RE̲C̲K̲I̲T̲T̲ ̲B̲E̲N̲C̲K̲I̲S̲E̲R̲ ̲(̲C̲A̲N̲A̲D̲A̲)̲ ̲I̲N̲C̲"""
91903,02434725,MUCINEX CHEST CONGESTION (guaifenesin 600 mg prolonged-release oral tablet) RECKITT BENCKISER (CANADA) INC,MUCINEX CHEST CONGESTION (guaïfénésine 600 mg comprimé oral à libération prolongée) RECKITT BENCKISER (CANADA) INC,"mp_formal_name: ""MUCINEX CHEST CONGESTION (guaifenesin 600 mg prolonged-release oral tablet) RB̲ ̲H̲E̲A̲L̲T̲H̲ ̲(̲C̲A̲N̲A̲D̲A̲)̲ ̲I̲N̲C̲.̲"" -> ""MUCINEX CHEST CONGESTION (guaifenesin 600 mg prolonged-release oral tablet) RE̲C̲K̲I̲T̲T̲ ̲B̲E̲N̲C̲K̲I̲S̲E̲R̲ ̲(̲C̲A̲N̲A̲D̲A̲)̲ ̲I̲N̲C̲""
mp_fr_description: ""MUCINEX CHEST CONGESTION (guaïfénésine 600 mg comprimé oral à libération prolongée) RB̲ ̲H̲E̲A̲L̲T̲H̲ ̲(̲C̲A̲N̲A̲D̲A̲)̲ ̲I̲N̲C̲.̲"" -> ""MUCINEX CHEST CONGESTION (guaïfénésine 600 mg comprimé oral à libération prolongée) RE̲C̲K̲I̲T̲T̲ ̲B̲E̲N̲C̲K̲I̲S̲E̲R̲ ̲(̲C̲A̲N̲A̲D̲A̲)̲ ̲I̲N̲C̲"""
91926,02434970,OCTAPLEX (coagulation factor ii (human) 1520 unit per vial and coagulation factor IX human 1000 unit per vial and coagulation factor vii (human) 960 unit per vial and coagulation factor x (human) 1200 unit per vial and protein c 1240 unit per vial and protein s 1280 unit per vial NA) OCTAPHARMA PHARMAZEUTIKA PRODUKTIONSGES M B H,OCTAPLEX (facteur II de coagulation humain 1520 unité par fiole et facteur IX de coagulation humain 1000 unité par fiole et facteur VII de coagulation humain 960 unité par fiole et facteur X de coagulation humain 1200 unité par fiole et protéine c 1240 unité par fiole et protéine s 1280 unité par fiole NA) OCTAPHARMA PHARMAZEUTIKA PRODUKTIONSGES M B H,ADDED
92173,02437384,PURELL HAND SANITIZING WIPES (benzalkonium chloride 0.13 % wipe) GOJO CANADA INC,"PURELL HAND SANITIZING WIPES (chlorure de benzalkonium 0,13 % lingette) GOJO CANADA INC",ADDED
92481,02440458,PURKLENZ (chloroxylenol 3 % cutaneous liquid) PURKLENZ FORMULATIONS INC,PURKLENZ (chloroxylénol 3 % liquide cutané) PURKLENZ FORMULATIONS INC,ADDED
92488,02440512,STUBBORN ACNE SPOT GEL (benzoyl peroxide 5 % cutaneous gel) KENVUE CANADA INC.,STUBBORN ACNE SPOT GEL (peroxyde de benzoyle 5 % gel cutané) KENVUE CANADA INC.,"mp_formal_name: ""STUBBORN ACNE SPOT GEL (benzoyl peroxide 5 % cutaneous gel) J̲O̲H̲N̲S̲O̲N̲ ̲&̲ ̲J̲O̲H̲N̲S̲O̲N̲ ̲I̲N̲C̲"" -> ""STUBBORN ACNE SPOT GEL (benzoyl peroxide 5 % cutaneous gel) K̲E̲N̲V̲U̲E̲ ̲C̲A̲N̲A̲D̲A̲ ̲I̲N̲C̲.̲""
mp_fr_description: ""STUBBORN ACNE SPOT GEL (peroxyde de benzoyle 5 % gel cutané) J̲O̲H̲N̲S̲O̲N̲ ̲&̲ ̲J̲O̲H̲N̲S̲O̲N̲ ̲I̲N̲C̲"" -> ""STUBBORN ACNE SPOT GEL (peroxyde de benzoyle 5 % gel cutané) K̲E̲N̲V̲U̲E̲ ̲C̲A̲N̲A̲D̲A̲ ̲I̲N̲C̲.̲"""
92524,02440881,STUBBORN ACNE CLEANSER (benzoyl peroxide 3.5 % cutaneous paste) KENVUE CANADA INC.,"STUBBORN ACNE CLEANSER (peroxyde de benzoyle 3,5 % pâte cutanée) KENVUE CANADA INC.","mp_formal_name: ""STUBBORN ACNE CLEANSER (benzoyl peroxide 3.5 % cutaneous paste) J̲O̲H̲N̲S̲O̲N̲ ̲&̲ ̲J̲O̲H̲N̲S̲O̲N̲ ̲I̲N̲C̲"" -> ""STUBBORN ACNE CLEANSER (benzoyl peroxide 3.5 % cutaneous paste) K̲E̲N̲V̲U̲E̲ ̲C̲A̲N̲A̲D̲A̲ ̲I̲N̲C̲.̲""
mp_fr_description: ""STUBBORN ACNE CLEANSER (peroxyde de benzoyle 3,5 % pâte cutanée) J̲O̲H̲N̲S̲O̲N̲ ̲&̲ ̲J̲O̲H̲N̲S̲O̲N̲ ̲I̲N̲C̲"" -> ""STUBBORN ACNE CLEANSER (peroxyde de benzoyle 3,5 % pâte cutanée) K̲E̲N̲V̲U̲E̲ ̲C̲A̲N̲A̲D̲A̲ ̲I̲N̲C̲.̲"""
92527,02440903,TREKSAFE (benzalkonium chloride 0.13 % wipe) ZHEJIANGH HONGYU MEDICAL COMMODITY CO LTD,"TREKSAFE (chlorure de benzalkonium 0,13 % lingette) ZHEJIANGH HONGYU MEDICAL COMMODITY CO LTD",ADDED
92774,02443163,"ALOE-CARE ANTIBACTERIAL LOTION SOAP, BENZALKONIUM CHLORIDE LOTION 0.13% W/W (benzalkonium chloride 0.13 % lotion) CANADIAN CUSTOM PACKAGING COMPANY","ALOE-CARE ANTIBACTERIAL LOTION SOAP, BENZALKONIUM CHLORIDE LOTION 0.13% W/W (chlorure de benzalkonium 0,13 % lotion) CANADIAN CUSTOM PACKAGING COMPANY",ADDED
92785,02443252,KLEENEX FOAM HAND SANITIZER (benzalkonium chloride 0.13 % cutaneous solution) KIMBERLY-CLARK GLOBAL SALES LLC,"KLEENEX FOAM HAND SANITIZER (chlorure de benzalkonium 0,13 % solution pour application cutanée) KIMBERLY-CLARK GLOBAL SALES LLC",ADDED
93459,02448866,SOFT CARE DEFEND FOAM (chloroxylenol 1 % cutaneous solution) DIVERSEY INC,SOFT CARE DEFEND FOAM (chloroxylénol 1 % solution pour application cutanée) DIVERSEY INC,ADDED
93526,02449420,SOFT CARE DEFEND (chloroxylenol 1 % cutaneous solution) DIVERSEY INC,SOFT CARE DEFEND (chloroxylénol 1 % solution pour application cutanée) DIVERSEY INC,ADDED
93803,02451727,CLOTRIMAZOLE-FLUCONAZOLE COMBI (clotrimazole 1 % cutaneous cream with fluconazole 150 mg oral capsule) TARO PHARMACEUTICALS INC,CLOTRIMAZOLE-FLUCONAZOLE COMBI (clotrimazole 1 % crème cutanée avec fluconazole 150 mg capsule orale) TARO PHARMACEUTICALS INC,DELETED
93812,02451778,JAMP-CETIRIZINE (cetirizine hydrochloride 10 mg oral tablet) JAMP PHARMA CORPORATION,JAMP-CETIRIZINE (chlorhydrate de cétirizine 10 mg comprimé oral) JAMP PHARMA CORPORATION,"mp_status: ""INACTIVE"" -> ""ACTIVE""
mp_status_effective_time: ""20230731"" -> ""20160405"""
94646,02459272,HAND SANITIZER FOAM (benzalkonium chloride 0.13 % cutaneous solution) EMPACK SPRAYTECH INC,"HAND SANITIZER FOAM (chlorure de benzalkonium 0,13 % solution pour application cutanée) EMPACK SPRAYTECH INC",ADDED
95295,02464802,DIAL FOAMING ANTIBACTERIAL HAND WASH (benzalkonium chloride 0.13 % cutaneous solution) HENKEL CONSUMER BRANDS CANADA CORPORATION,"DIAL FOAMING ANTIBACTERIAL HAND WASH (chlorure de benzalkonium 0,13 % solution pour application cutanée) HENKEL CONSUMER BRANDS CANADA CORPORATION",ADDED
95297,02464829,DIAL ANTIBACTERIAL HAND SOAP (benzalkonium chloride 0.13 % cutaneous solution) HENKEL CONSUMER BRANDS CANADA CORPORATION,"DIAL ANTIBACTERIAL HAND SOAP (chlorure de benzalkonium 0,13 % solution pour application cutanée) HENKEL CONSUMER BRANDS CANADA CORPORATION",ADDED
95593,02467577,REACTINE RAPID DISSOLVE (cetirizine hydrochloride 10 mg orodispersible tablet) KENVUE CANADA INC.,REACTINE RAPID DISSOLVE (chlorhydrate de cétirizine 10 mg comprimé orodispersible) KENVUE CANADA INC.,"mp_formal_name: ""REACTINE RAPID DISSOLVE (cetirizine hydrochloride 10 mg orodispersible tablet) M̲C̲N̲E̲I̲L̲ ̲C̲O̲N̲S̲U̲M̲E̲R̲ ̲H̲E̲A̲L̲T̲H̲C̲A̲R̲E̲ ̲D̲I̲V̲I̲S̲I̲O̲N̲ ̲O̲F̲ ̲J̲O̲H̲N̲S̲O̲N̲ ̲&̲ ̲J̲O̲H̲N̲S̲O̲N̲ ̲I̲N̲C̲"" -> ""REACTINE RAPID DISSOLVE (cetirizine hydrochloride 10 mg orodispersible tablet) K̲E̲N̲V̲U̲E̲ ̲C̲A̲N̲A̲D̲A̲ ̲I̲N̲C̲.̲""
mp_fr_description: ""REACTINE RAPID DISSOLVE (chlorhydrate de cétirizine 10 mg comprimé orodispersible) M̲C̲N̲E̲I̲L̲ ̲C̲O̲N̲S̲U̲M̲E̲R̲ ̲H̲E̲A̲L̲T̲H̲C̲A̲R̲E̲ ̲D̲I̲V̲I̲S̲I̲O̲N̲ ̲O̲F̲ ̲J̲O̲H̲N̲S̲O̲N̲ ̲&̲ ̲J̲O̲H̲N̲S̲O̲N̲ ̲I̲N̲C̲"" -> ""REACTINE RAPID DISSOLVE (chlorhydrate de cétirizine 10 mg comprimé orodispersible) K̲E̲N̲V̲U̲E̲ ̲C̲A̲N̲A̲D̲A̲ ̲I̲N̲C̲.̲"""
95595,02467585,SODIUM BICARBONATE INJECTION USP (sodium bicarbonate 84 mg per mL solution for injection) OMEGA LABORATORIES LIMITED,SODIUM BICARBONATE INJECTION USP (bicarbonate de sodium 84 mg par mL solution injectable) OMEGA LABORATORIES LIMITED,ADDED
95780,02469146,JELIDO (lidocaine hydrochloride 20 mg per mL cutaneous gel) PENDOPHARM DIVISION OF PHARMASCIENCE INC,JELIDO (chlorhydrate de lidocaïne 20 mg par mL gel cutané) PENDOPHARM DIVISION OF PHARMASCIENCE INC,ADDED
95990,02470837,FINIPIL LAIT 50 (benzethonium chloride 0.2 % cutaneous cream) EQUIBAL LABS INC,"FINIPIL LAIT 50 (chlorure de benzéthonium 0,2 % crème cutanée) EQUIBAL LABS INC",ADDED
95992,02470853,FINIPIL (benzethonium chloride 0.2 % cutaneous cream) EQUIBAL LABS INC,"FINIPIL (chlorure de benzéthonium 0,2 % crème cutanée) EQUIBAL LABS INC",ADDED
96151,02472236,FUZION AB FOAMING HAND SOAP (benzalkonium chloride 0.13 % NA) ZEP MANUFACTURING COMPANY OF CANADA,"FUZION AB FOAMING HAND SOAP (chlorure de benzalkonium 0,13 % NA) ZEP MANUFACTURING COMPANY OF CANADA",ADDED
96159,02472287,ACCLAIM AB (benzalkonium chloride 0.13 % lotion) ZEP MANUFACTURING COMPANY OF CANADA,"ACCLAIM AB (chlorure de benzalkonium 0,13 % lotion) ZEP MANUFACTURING COMPANY OF CANADA",ADDED
96203,02472724,ENERGY BERRY BAIES ÉNERGISANTES FOAMING HAND SOAP ANTIBACTERIAL (benzalkonium chloride 0.13 % cutaneous solution) APOLLO HEALTH AND BEAUTY CARE,"ENERGY BERRY BAIES ÉNERGISANTES FOAMING HAND SOAP ANTIBACTERIAL (chlorure de benzalkonium 0,13 % solution pour application cutanée) APOLLO HEALTH AND BEAUTY CARE",ADDED
96208,02472775,SPRING SHOWERS PLUIES PRINTANIÈRES FOAMING HAND SOAP ANTIBACTERIAL (benzalkonium chloride 0.13 % cutaneous solution) APOLLO HEALTH AND BEAUTY CARE,"SPRING SHOWERS PLUIES PRINTANIÈRES FOAMING HAND SOAP ANTIBACTERIAL (chlorure de benzalkonium 0,13 % solution pour application cutanée) APOLLO HEALTH AND BEAUTY CARE",ADDED
97037,02479729,"ALCOHOL FREE FOAMING HAND SANITIZER (benzalkonium chloride 0.13 % cutaneous solution) VI-JON, LLC","ALCOHOL FREE FOAMING HAND SANITIZER (chlorure de benzalkonium 0,13 % solution pour application cutanée) VI-JON, LLC",ADDED
97058,02480034,POTASSIUM CHLORIDE FOR INJECTION CONCENTRATE (potassium chloride 200 meq per 100 mL solution for injection) OMEGA LABORATORIES LIMITED,POTASSIUM CHLORIDE FOR INJECTION CONCENTRATE (chlorure de potassium 200 meq par 100 mL solution injectable) OMEGA LABORATORIES LIMITED,ADDED
97086,02480336,"DYE FREE FRAGRANCE FREE ANTIBACTERIAL FOAMING HAND SOAP (benzalkonium chloride 0.13 % cutaneous solution) VI-JON, LLC","DYE FREE FRAGRANCE FREE ANTIBACTERIAL FOAMING HAND SOAP (chlorure de benzalkonium 0,13 % solution pour application cutanée) VI-JON, LLC",ADDED
97104,02480514,KYMRIAH (tisagenlecleucel 600000000 cells suspension for injection) NOVARTIS PHARMACEUTICALS CANADA INC,KYMRIAH (tisagenlecleucel 600000000 cellules suspension injectable) NOVARTIS PHARMACEUTICALS CANADA INC,ADDED
97106,02480506,APPLAUD AB ANTISEPTIC LOTIONIZED HAND SOAP (chloroxylenol 0.5 % NA) ZEP MANUFACTURING COMPANY OF CANADA,"APPLAUD AB ANTISEPTIC LOTIONIZED HAND SOAP (chloroxylénol 0,5 % NA) ZEP MANUFACTURING COMPANY OF CANADA",ADDED
97147,02480816,SCOTT ANTIMICROBIAL FOAM SKIN CLEANSER (benzalkonium chloride 0.1 % cutaneous solution) KIMBERLY-CLARK GLOBAL SALES LLC,"SCOTT ANTIMICROBIAL FOAM SKIN CLEANSER (chlorure de benzalkonium 0,1 % solution pour application cutanée) KIMBERLY-CLARK GLOBAL SALES LLC",ADDED
97189,02481456,SCOTT FOAM HAND SANITIZER (benzalkonium chloride 0.13 % cutaneous solution) KIMBERLY-CLARK GLOBAL SALES LLC,"SCOTT FOAM HAND SANITIZER (chlorure de benzalkonium 0,13 % solution pour application cutanée) KIMBERLY-CLARK GLOBAL SALES LLC",ADDED
97587,02485648,YESCARTA (axicabtagene ciloleucel 200000000 cells per bag suspension for injection) GILEAD SCIENCES CANADA INC,YESCARTA (axicabtagène ciloleucel 200000000 cellules par sac suspension injectable) GILEAD SCIENCES CANADA INC,ADDED
97592,02485699,POTASSIUM CHLORIDE FOR INJECTION CONCENTRATE USP (potassium chloride 149 mg per mL solution for injection) B. BRAUN MEDICAL INC,POTASSIUM CHLORIDE FOR INJECTION CONCENTRATE USP (chlorure de potassium 149 mg par mL solution injectable) B. BRAUN MEDICAL INC,ADDED
97609,02485877,ENVARSUS PA (tacrolimus 0.75 mg prolonged-release oral tablet) ENDO OPERATIONS LTD.,"ENVARSUS PA (tacrolimus 0,75 mg comprimé oral à libération prolongée) ENDO OPERATIONS LTD.",DELETED
97610,02485885,ENVARSUS PA (tacrolimus 1 mg prolonged-release oral tablet) KNIGHT THERAPEUTICS INC.,ENVARSUS PA (tacrolimus 1 mg comprimé oral à libération prolongée) KNIGHT THERAPEUTICS INC.,"mp_formal_name: ""ENVARSUS PA (tacrolimus 1 mg prolonged-release oral tablet) E̲N̲D̲O̲ ̲O̲P̲E̲R̲A̲T̲I̲O̲N̲S̲ ̲L̲T̲D̲."" -> ""ENVARSUS PA (tacrolimus 1 mg prolonged-release oral tablet) K̲N̲I̲G̲H̲T̲ ̲T̲H̲E̲R̲A̲P̲E̲U̲T̲I̲C̲S̲ ̲I̲N̲C̲.""
mp_fr_description: ""ENVARSUS PA (tacrolimus 1 mg comprimé oral à libération prolongée) E̲N̲D̲O̲ ̲O̲P̲E̲R̲A̲T̲I̲O̲N̲S̲ ̲L̲T̲D̲."" -> ""ENVARSUS PA (tacrolimus 1 mg comprimé oral à libération prolongée) K̲N̲I̲G̲H̲T̲ ̲T̲H̲E̲R̲A̲P̲E̲U̲T̲I̲C̲S̲ ̲I̲N̲C̲."""
97611,02485893,ENVARSUS PA (tacrolimus 4 mg prolonged-release oral tablet) KNIGHT THERAPEUTICS INC.,ENVARSUS PA (tacrolimus 4 mg comprimé oral à libération prolongée) KNIGHT THERAPEUTICS INC.,"mp_formal_name: ""ENVARSUS PA (tacrolimus 4 mg prolonged-release oral tablet) E̲N̲D̲O̲ ̲O̲P̲E̲R̲A̲T̲I̲O̲N̲S̲ ̲L̲T̲D̲."" -> ""ENVARSUS PA (tacrolimus 4 mg prolonged-release oral tablet) K̲N̲I̲G̲H̲T̲ ̲T̲H̲E̲R̲A̲P̲E̲U̲T̲I̲C̲S̲ ̲I̲N̲C̲.""
mp_fr_description: ""ENVARSUS PA (tacrolimus 4 mg comprimé oral à libération prolongée) E̲N̲D̲O̲ ̲O̲P̲E̲R̲A̲T̲I̲O̲N̲S̲ ̲L̲T̲D̲."" -> ""ENVARSUS PA (tacrolimus 4 mg comprimé oral à libération prolongée) K̲N̲I̲G̲H̲T̲ ̲T̲H̲E̲R̲A̲P̲E̲U̲T̲I̲C̲S̲ ̲I̲N̲C̲."""
97681,02486636,"SODIUM BICARBONATE INJECTION, USP (sodium bicarbonate 84 mg per mL solution for injection) FRESENIUS KABI CANADA LTD","SODIUM BICARBONATE INJECTION, USP (bicarbonate de sodium 84 mg par mL solution injectable) FRESENIUS KABI CANADA LTD",ADDED
97710,02486954,REACTINE ALLERGY (cetirizine hydrochloride 5 mg per 5 mL syrup) KENVUE CANADA INC.,REACTINE ALLERGY (chlorhydrate de cétirizine 5 mg par 5 mL sirop) KENVUE CANADA INC.,"mp_formal_name: ""REACTINE ALLERGY (cetirizine hydrochloride 5 mg per 5 mL syrup) M̲C̲N̲E̲I̲L̲ ̲C̲O̲N̲S̲U̲M̲E̲R̲ ̲H̲E̲A̲L̲T̲H̲C̲A̲R̲E̲ ̲D̲I̲V̲I̲S̲I̲O̲N̲ ̲O̲F̲ ̲J̲O̲H̲N̲S̲O̲N̲ ̲&̲ ̲J̲O̲H̲N̲S̲O̲N̲ ̲I̲N̲C̲"" -> ""REACTINE ALLERGY (cetirizine hydrochloride 5 mg per 5 mL syrup) K̲E̲N̲V̲U̲E̲ ̲C̲A̲N̲A̲D̲A̲ ̲I̲N̲C̲.̲""
mp_fr_description: ""REACTINE ALLERGY (chlorhydrate de cétirizine 5 mg par 5 mL sirop) M̲C̲N̲E̲I̲L̲ ̲C̲O̲N̲S̲U̲M̲E̲R̲ ̲H̲E̲A̲L̲T̲H̲C̲A̲R̲E̲ ̲D̲I̲V̲I̲S̲I̲O̲N̲ ̲O̲F̲ ̲J̲O̲H̲N̲S̲O̲N̲ ̲&̲ ̲J̲O̲H̲N̲S̲O̲N̲ ̲I̲N̲C̲"" -> ""REACTINE ALLERGY (chlorhydrate de cétirizine 5 mg par 5 mL sirop) K̲E̲N̲V̲U̲E̲ ̲C̲A̲N̲A̲D̲A̲ ̲I̲N̲C̲.̲"""
97789,02487756,BIBAG (sodium bicarbonate 900 g per bag powder for concentrate for solution for haemodialysis) FRESENIUS MEDICAL CARE CANADA INC,BIBAG (bicarbonate de sodium 900 g par sac poudre pour solution à diluer pour solution pour hémodialyse) FRESENIUS MEDICAL CARE CANADA INC,ADDED
97927,02489171,ESCITALOPRAM (escitalopram (escitalopram oxalate) 10 mg oral tablet) NORA PHARMA INC,ESCITALOPRAM (escitalopram (oxalate d'escitalopram) 10 mg comprimé oral) NORA PHARMA INC,"mp_status_effective_time: ""20210727"" -> ""20260116"""
97929,02489201,ESCITALOPRAM (escitalopram (escitalopram oxalate) 20 mg oral tablet) NORA PHARMA INC,ESCITALOPRAM (escitalopram (oxalate d'escitalopram) 20 mg comprimé oral) NORA PHARMA INC,"mp_status_effective_time: ""20210727"" -> ""20260116"""
98180,02491796,NAT-GEFITINIB (gefitinib 250 mg oral tablet) NATCO PHARMA (CANADA) INC,NAT-GEFITINIB (géfitinib 250 mg comprimé oral) NATCO PHARMA (CANADA) INC,DELETED
98300,02493020,TARO-DOXORUBICIN LIPOSOMAL (doxorubicin hydrochloride 2 mg per mL suspension for injection) TARO PHARMACEUTICALS INC,TARO-DOXORUBICIN LIPOSOMAL (chlorhydrate de doxorubicine 2 mg par mL suspension injectable) TARO PHARMACEUTICALS INC,ADDED
98597,02496097,"PACLITAXEL POWDER FOR INJECTABLE SUSPENSION NANOPARTICLE, ALBUMIN-BOUND PACLITAXEL (paclitaxel 100 mg per vial powder for suspension for injection) PANACEA BIOTEC PHARMA LIMITED","PACLITAXEL POWDER FOR INJECTABLE SUSPENSION NANOPARTICLE, ALBUMIN-BOUND PACLITAXEL (paclitaxel 100 mg par fiole poudre pour suspension injectable) PANACEA BIOTEC PHARMA LIMITED",ADDED
98929,02499568,NRA-LACOSAMIDE (lacosamide 50 mg oral tablet) NORA PHARMA INC,NRA-LACOSAMIDE (lacosamide 50 mg comprimé oral) NORA PHARMA INC,DELETED
98930,02499576,NRA-LACOSAMIDE (lacosamide 100 mg oral tablet) NORA PHARMA INC,NRA-LACOSAMIDE (lacosamide 100 mg comprimé oral) NORA PHARMA INC,DELETED
98931,02499584,NRA-LACOSAMIDE (lacosamide 150 mg oral tablet) NORA PHARMA INC,NRA-LACOSAMIDE (lacosamide 150 mg comprimé oral) NORA PHARMA INC,DELETED
98932,02499592,NRA-LACOSAMIDE (lacosamide 200 mg oral tablet) NORA PHARMA INC,NRA-LACOSAMIDE (lacosamide 200 mg comprimé oral) NORA PHARMA INC,DELETED
98983,02500124,FOAM-CARE ULTRA (benzalkonium chloride 0.13 % cutaneous solution) LES CHIMIQUES B.O.D. INC,"FOAM-CARE ULTRA (chlorure de benzalkonium 0,13 % solution pour application cutanée) LES CHIMIQUES B.O.D. INC",ADDED
99098,02501368,DOVE CARE & PROTECT HAND WASH ANTIBACTERIAL (benzalkonium chloride 0.13 % cutaneous solution) UNILEVER CANADA,"DOVE CARE & PROTECT HAND WASH ANTIBACTERIAL (chlorure de benzalkonium 0,13 % solution pour application cutanée) UNILEVER CANADA",ADDED
99175,02502178,ANTI-MICROBE M (benzalkonium chloride 0.15 % cutaneous solution) ATOMS F.D. INC,"ANTI-MICROBE M (chlorure de benzalkonium 0,15 % solution pour application cutanée) ATOMS F.D. INC",ADDED
99178,02502208,HAND SANITIZER (benzalkonium chloride 0.15 % cutaneous solution) CONTRACT PACKAGING DISTRIBUTION INC.,"HAND SANITIZER (chlorure de benzalkonium 0,15 % solution pour application cutanée) CONTRACT PACKAGING DISTRIBUTION INC.",ADDED
99238,02502852,FS ANTIMICROBIAL HAND WASH (benzalkonium chloride 0.13 % cutaneous solution) ZEP MANUFACTURING COMPANY OF CANADA,"FS ANTIMICROBIAL HAND WASH (chlorure de benzalkonium 0,13 % solution pour application cutanée) ZEP MANUFACTURING COMPANY OF CANADA",ADDED
99542,02506076,AG-ATORVASTATIN (atorvastatin (atorvastatin calcium) 10 mg oral tablet) ANGITA PHARMA INC.,AG-ATORVASTATIN (atorvastatine (atorvastatine calcique) 10 mg comprimé oral) ANGITA PHARMA INC.,"Health_Canada_product_name: ""ATORVASTATIN"" -> ""AG-ATORVASTATIN""
mp_formal_name: ""ATORVASTATIN (atorvastatin (atorvastatin calcium) 10 mg oral tablet) ANGITA PHARMA INC."" -> ""A̲G̲-̲ATORVASTATIN (atorvastatin (atorvastatin calcium) 10 mg oral tablet) ANGITA PHARMA INC.""
mp_fr_description: ""ATORVASTATIN (atorvastatine (atorvastatine calcique) 10 mg comprimé oral) ANGITA PHARMA INC."" -> ""A̲G̲-̲ATORVASTATIN (atorvastatine (atorvastatine calcique) 10 mg comprimé oral) ANGITA PHARMA INC."""
99543,02506084,AG-ATORVASTATIN (atorvastatin (atorvastatin calcium) 20 mg oral tablet) ANGITA PHARMA INC.,AG-ATORVASTATIN (atorvastatine (atorvastatine calcique) 20 mg comprimé oral) ANGITA PHARMA INC.,"Health_Canada_product_name: ""ATORVASTATIN"" -> ""AG-ATORVASTATIN""
mp_formal_name: ""ATORVASTATIN (atorvastatin (atorvastatin calcium) 20 mg oral tablet) ANGITA PHARMA INC."" -> ""A̲G̲-̲ATORVASTATIN (atorvastatin (atorvastatin calcium) 20 mg oral tablet) ANGITA PHARMA INC.""
mp_fr_description: ""ATORVASTATIN (atorvastatine (atorvastatine calcique) 20 mg comprimé oral) ANGITA PHARMA INC."" -> ""A̲G̲-̲ATORVASTATIN (atorvastatine (atorvastatine calcique) 20 mg comprimé oral) ANGITA PHARMA INC."""
99544,02506092,AG-ATORVASTATIN (atorvastatin (atorvastatin calcium) 40 mg oral tablet) ANGITA PHARMA INC.,AG-ATORVASTATIN (atorvastatine (atorvastatine calcique) 40 mg comprimé oral) ANGITA PHARMA INC.,"Health_Canada_product_name: ""ATORVASTATIN"" -> ""AG-ATORVASTATIN""
mp_formal_name: ""ATORVASTATIN (atorvastatin (atorvastatin calcium) 40 mg oral tablet) ANGITA PHARMA INC."" -> ""A̲G̲-̲ATORVASTATIN (atorvastatin (atorvastatin calcium) 40 mg oral tablet) ANGITA PHARMA INC.""
mp_fr_description: ""ATORVASTATIN (atorvastatine (atorvastatine calcique) 40 mg comprimé oral) ANGITA PHARMA INC."" -> ""A̲G̲-̲ATORVASTATIN (atorvastatine (atorvastatine calcique) 40 mg comprimé oral) ANGITA PHARMA INC."""
99545,02506106,AG-ATORVASTATIN (atorvastatin (atorvastatin calcium) 80 mg oral tablet) ANGITA PHARMA INC.,AG-ATORVASTATIN (atorvastatine (atorvastatine calcique) 80 mg comprimé oral) ANGITA PHARMA INC.,"Health_Canada_product_name: ""ATORVASTATIN"" -> ""AG-ATORVASTATIN""
mp_formal_name: ""ATORVASTATIN (atorvastatin (atorvastatin calcium) 80 mg oral tablet) ANGITA PHARMA INC."" -> ""A̲G̲-̲ATORVASTATIN (atorvastatin (atorvastatin calcium) 80 mg oral tablet) ANGITA PHARMA INC.""
mp_fr_description: ""ATORVASTATIN (atorvastatine (atorvastatine calcique) 80 mg comprimé oral) ANGITA PHARMA INC."" -> ""A̲G̲-̲ATORVASTATIN (atorvastatine (atorvastatine calcique) 80 mg comprimé oral) ANGITA PHARMA INC."""
99564,02506300,DERMA SOLUTIONS (benzalkonium chloride 0.15 % cutaneous solution) LAROSE & FILS LTEE,"DERMA SOLUTIONS (chlorure de benzalkonium 0,15 % solution pour application cutanée) LAROSE & FILS LTEE",ADDED
99746,02508109,MINT-LETROZOLE (letrozole 2.5 mg oral tablet) MINT PHARMACEUTICALS INC,"MINT-LETROZOLE (létrozole 2,5 mg comprimé oral) MINT PHARMACEUTICALS INC",DELETED
99761,02508222,REFRESH ANTIBAC FOAM (benzalkonium chloride 0.13 % cutaneous solution) SC JOHNSON PROFESSIONAL CA INC,"REFRESH ANTIBAC FOAM (chlorure de benzalkonium 0,13 % solution pour application cutanée) SC JOHNSON PROFESSIONAL CA INC",ADDED
99900,02509717,VINDA ANTISEPTIC WIPES (benzethonium chloride 0.3 % wipe) GRAND OCEAN INTERNATIONAL TRADING LTD,"VINDA ANTISEPTIC WIPES (chlorure de benzéthonium 0,3 % lingette) GRAND OCEAN INTERNATIONAL TRADING LTD",ADDED
100018,02510901,SOAPOPULAR ANTIBACTERIAL HAND SOAP (benzalkonium chloride 0.15 % cutaneous solution) SOAPOPULAR INC,"SOAPOPULAR ANTIBACTERIAL HAND SOAP (chlorure de benzalkonium 0,15 % solution pour application cutanée) SOAPOPULAR INC",ADDED
100244,02513226,SANI HANDS FOAM (benzalkonium chloride 0.1 % cutaneous solution) OSTREM CHEMICAL CO LTD.,"SANI HANDS FOAM (chlorure de benzalkonium 0,1 % solution pour application cutanée) OSTREM CHEMICAL CO LTD.",ADDED
100339,02514222,VISTASEAL (fibrinogen human 80 mg per 1 mL and thrombin human 500 unit per 1 mL cutaneous solution) INSTITUTO GRIFOLS S.A.,VISTASEAL (fibrinogène humaine 80 mg par 1 mL et thrombine humaine 500 unité par 1 mL solution pour application cutanée) INSTITUTO GRIFOLS S.A.,ADDED
100340,02514230,VISTASEAL (fibrinogen human 160 mg per 2 mL and thrombin human 1000 unit per 2 mL cutaneous solution) INSTITUTO GRIFOLS S.A.,VISTASEAL (fibrinogène humaine 160 mg par 2 mL et thrombine humaine 1000 unité par 2 mL solution pour application cutanée) INSTITUTO GRIFOLS S.A.,ADDED
100342,02514257,VISTASEAL (fibrinogen human 400 mg per 5 mL and thrombin human 2500 unit per 5 mL cutaneous solution) INSTITUTO GRIFOLS S.A.,VISTASEAL (fibrinogène humaine 400 mg par 5 mL et thrombine humaine 2500 unité par 5 mL solution pour application cutanée) INSTITUTO GRIFOLS S.A.,ADDED
100461,02515229,JAMP ENZALUTAMIDE (enzalutamide 40 mg oral capsule) JAMP PHARMA CORPORATION,JAMP ENZALUTAMIDE (enzalutamide 40 mg capsule orale) JAMP PHARMA CORPORATION,ADDED
100489,02515490,VYXEOS (cytarabine 100 mg and daunorubicin 44 mg powder for solution for injection) JAZZ PHARMACEUTICALS IRELAND LIMITED,VYXEOS (cytarabine 100 mg et daunorubicine 44 mg poudre pour solution injectable) JAZZ PHARMACEUTICALS IRELAND LIMITED,ADDED
100560,02516225,SODIUM BICARBONATE INJECTION USP (sodium bicarbonate 84 mg per mL solution for injection) JAMP PHARMA CORPORATION,SODIUM BICARBONATE INJECTION USP (bicarbonate de sodium 84 mg par mL solution injectable) JAMP PHARMA CORPORATION,ADDED
100600,02516667,TECARTUS (brexucabtagene autoleucel 200000000 cells per bag suspension for injection) GILEAD SCIENCES CANADA INC,TECARTUS (bréxucabtagène autoleucel 200000000 cellules par sac suspension injectable) GILEAD SCIENCES CANADA INC,ADDED
101618,02527138,BREYANZI (lisocabtagene maraleucel 120000000 cells suspension for injection) BRISTOL-MYERS SQUIBB CANADA,BREYANZI (lisocabtagène maraleucel 120000000 cellules suspension injectable) BRISTOL-MYERS SQUIBB CANADA,ADDED
101744,02528193,MAGNESIUM CHLORIDE FOR HEMODIALYSIS 5.15 (magnesium chloride (magnesium chloride hexahydrate) 5.15 g per vial powder for concentrate for solution for haemodialysis) CHIEF MEDICAL SUPPLIES LTD,"MAGNESIUM CHLORIDE FOR HEMODIALYSIS 5.15 (chlorure de magnésium ((fr) magnesium chloride hexahydrate) 5,15 g par fiole poudre pour solution à diluer pour solution pour hémodialyse) CHIEF MEDICAL SUPPLIES LTD",ADDED
101882,02529580,BIMATOPROST RC (bimatoprost 0.01 % ophthalmic drops) JUNO PHARMA CANADA INC.,"BIMATOPROST RC (bimatoprost 0,01 % gouttes ophtalmiques) JUNO PHARMA CANADA INC.",ADDED
101903,02529793,POTASSIUM CHLORIDE FOR HEMODIALYSIS 7.55 (potassium chloride 7.55 g per vial powder for concentrate for solution for haemodialysis) CHIEF MEDICAL SUPPLIES LTD,"POTASSIUM CHLORIDE FOR HEMODIALYSIS 7.55 (chlorure de potassium 7,55 g par fiole poudre pour solution à diluer pour solution pour hémodialyse) CHIEF MEDICAL SUPPLIES LTD",ADDED
102163,02532611,RADICAVA (edaravone 105 mg per 5 mL oral suspension) TANABE PHARMA CORPORATION,RADICAVA (édavarone 105 mg par 5 mL suspension orale) TANABE PHARMA CORPORATION,"mp_formal_name: ""RADICAVA (edaravone 105 mg per 5 mL oral suspension) M̲I̲T̲S̲U̲B̲I̲S̲H̲I̲ ̲TANABE PHARMA CORPORATION"" -> ""RADICAVA (edaravone 105 mg per 5 mL oral suspension) TANABE PHARMA CORPORATION""
mp_fr_description: ""RADICAVA (édavarone 105 mg par 5 mL suspension orale) M̲I̲T̲S̲U̲B̲I̲S̲H̲I̲ ̲TANABE PHARMA CORPORATION"" -> ""RADICAVA (édavarone 105 mg par 5 mL suspension orale) TANABE PHARMA CORPORATION"""
102173,02532719,TECARTUS (brexucabtagene autoleucel 100000000 cells per bag suspension for injection) GILEAD SCIENCES CANADA INC,TECARTUS (bréxucabtagène autoleucel 100000000 cellules par sac suspension injectable) GILEAD SCIENCES CANADA INC,ADDED
102245,02533464,ZIMED PF (bimatoprost 0.03 % ophthalmic drops) LUVO MEDICAL TECHNOLOGIES INC,"ZIMED PF (bimatoprost 0,03 % gouttes ophtalmiques) LUVO MEDICAL TECHNOLOGIES INC","mp_formal_name: ""ZIMED PF (bimatoprost 0.03 % ophthalmic drops) A̲E̲Q̲U̲U̲S̲ ̲P̲H̲A̲R̲M̲A̲C̲E̲U̲T̲I̲C̲A̲L̲S̲ ̲I̲N̲C̲.̲"" -> ""ZIMED PF (bimatoprost 0.03 % ophthalmic drops) L̲U̲V̲O̲ ̲M̲E̲D̲I̲C̲A̲L̲ ̲T̲E̲C̲H̲N̲O̲L̲O̲G̲I̲E̲S̲ ̲I̲N̲C̲""
mp_fr_description: ""ZIMED PF (bimatoprost 0,03 % gouttes ophtalmiques) A̲E̲Q̲U̲U̲S̲ ̲P̲H̲A̲R̲M̲A̲C̲E̲U̲T̲I̲C̲A̲L̲S̲ ̲I̲N̲C̲.̲"" -> ""ZIMED PF (bimatoprost 0,03 % gouttes ophtalmiques) L̲U̲V̲O̲ ̲M̲E̲D̲I̲C̲A̲L̲ ̲T̲E̲C̲H̲N̲O̲L̲O̲G̲I̲E̲S̲ ̲I̲N̲C̲"""
102623,02537524,ANTIBACTERIAL FOAMING HAND SOAP (benzalkonium chloride 0.13 % cutaneous solution) RUBBERMAID COMMERCIAL PRODUCTS LLC,"ANTIBACTERIAL FOAMING HAND SOAP (chlorure de benzalkonium 0,13 % solution pour application cutanée) RUBBERMAID COMMERCIAL PRODUCTS LLC",ADDED
102686,02538113,ANTIBACTERIAL HAND WIPES (benzalkonium chloride 0.13 % wipe) CANADIAN CUSTOM PACKAGING COMPANY,"ANTIBACTERIAL HAND WIPES (chlorure de benzalkonium 0,13 % lingette) CANADIAN CUSTOM PACKAGING COMPANY",ADDED
102784,02539195,COUGH & CHEST CONGESTION (dextromethorphan hydrobromide 5 mg per 5 mL and guaifenesin 100 mg per 5 mL syrup) JUNO OTC INC,COUGH & CHEST CONGESTION (bromhydrate de dextrométhorphane 5 mg par 5 mL et guaïfénésine 100 mg par 5 mL sirop) JUNO OTC INC,ADDED
102796,02539322,COUGH & CONGESTION (dextromethorphan hydrobromide 20 mg per 20 mL and guaifenesin 400 mg per 20 mL and phenylephrine hydrochloride 10 mg per 20 mL oral solution) JUNO OTC INC,COUGH & CONGESTION (bromhydrate de dextrométhorphane 20 mg par 20 mL et guaïfénésine 400 mg par 20 mL et chlorhydrate de phényléphrine 10 mg par 20 mL solution orale) JUNO OTC INC,ADDED
103051,02541904,SODIUM BICARBONATE INJECTION USP (sodium bicarbonate 84 mg per mL solution for injection) STERIMAX INC,SODIUM BICARBONATE INJECTION USP (bicarbonate de sodium 84 mg par mL solution injectable) STERIMAX INC,ADDED
103422,02545462,ATORVASTATIN (atorvastatin (atorvastatin calcium) 10 mg oral tablet) TEVA CANADA LIMITED,ATORVASTATIN (atorvastatine (atorvastatine calcique) 10 mg comprimé oral) TEVA CANADA LIMITED,ADDED
103424,02545489,ATORVASTATIN (atorvastatin (atorvastatin calcium) 40 mg oral tablet) TEVA CANADA LIMITED,ATORVASTATIN (atorvastatine (atorvastatine calcique) 40 mg comprimé oral) TEVA CANADA LIMITED,ADDED
103425,02545497,ATORVASTATIN (atorvastatin (atorvastatin calcium) 80 mg oral tablet) TEVA CANADA LIMITED,ATORVASTATIN (atorvastatine (atorvastatine calcique) 80 mg comprimé oral) TEVA CANADA LIMITED,ADDED
103443,02545683,FOAMING ANTIBACTERIAL HAND CLEANSER (benzalkonium chloride 0.13 % cutaneous solution) BETCO CORPORATION,"FOAMING ANTIBACTERIAL HAND CLEANSER (chlorure de benzalkonium 0,13 % solution pour application cutanée) BETCO CORPORATION",ADDED
103522,02546531,NORDIMET (methotrexate (methotrexate sodium) 7.5 mg per 0.3 mL solution for injection pen) NORDIC GROUP B.V.,"NORDIMET (méthotrexate (méthotrexate sodique) 7,5 mg par 0,3 mL solution injectable stylo) NORDIC GROUP B.V.",DELETED
103697,02548070,PRECISE PAIN RELIEF CREAM (lidocaine 4 % cutaneous cream) KENVUE CANADA INC.,PRECISE PAIN RELIEF CREAM (lidocaïne 4 % crème cutanée) KENVUE CANADA INC.,"mp_formal_name: ""PRECISE PAIN RELIEF CREAM (lidocaine 4 % cutaneous cream) M̲C̲N̲E̲I̲L̲ ̲C̲O̲N̲S̲U̲M̲E̲R̲ ̲H̲E̲A̲L̲T̲H̲C̲A̲R̲E̲ ̲D̲I̲V̲I̲S̲I̲O̲N̲ ̲O̲F̲ ̲J̲O̲H̲N̲S̲O̲N̲ ̲&̲ ̲J̲O̲H̲N̲S̲O̲N̲ ̲I̲N̲C̲"" -> ""PRECISE PAIN RELIEF CREAM (lidocaine 4 % cutaneous cream) K̲E̲N̲V̲U̲E̲ ̲C̲A̲N̲A̲D̲A̲ ̲I̲N̲C̲.̲""
mp_fr_description: ""PRECISE PAIN RELIEF CREAM (lidocaïne 4 % crème cutanée) M̲C̲N̲E̲I̲L̲ ̲C̲O̲N̲S̲U̲M̲E̲R̲ ̲H̲E̲A̲L̲T̲H̲C̲A̲R̲E̲ ̲D̲I̲V̲I̲S̲I̲O̲N̲ ̲O̲F̲ ̲J̲O̲H̲N̲S̲O̲N̲ ̲&̲ ̲J̲O̲H̲N̲S̲O̲N̲ ̲I̲N̲C̲"" -> ""PRECISE PAIN RELIEF CREAM (lidocaïne 4 % crème cutanée) K̲E̲N̲V̲U̲E̲ ̲C̲A̲N̲A̲D̲A̲ ̲I̲N̲C̲.̲"""
103872,02549905,SOFTSOAP ANTIBACTERIAL FOR SENSITIVE SKIN (benzalkonium chloride 0.13 % cutaneous solution) COLGATE-PALMOLIVE CANADA INC,"SOFTSOAP ANTIBACTERIAL FOR SENSITIVE SKIN (chlorure de benzalkonium 0,13 % solution pour application cutanée) COLGATE-PALMOLIVE CANADA INC",ADDED
103914,02550326,BENZALKONIUM CHLORIDE WIPES (benzalkonium chloride 0.13 % wipe) ACME UNITED CORPORATION,"BENZALKONIUM CHLORIDE WIPES (chlorure de benzalkonium 0,13 % lingette) ACME UNITED CORPORATION",ADDED
103977,02551012,RYBELSUS (semaglutide 1.5 mg oral tablet) NOVO NORDISK CANADA INC,"RYBELSUS (sémaglutide 1,5 mg comprimé oral) NOVO NORDISK CANADA INC",ADDED
103978,02551020,RYBELSUS (semaglutide 4 mg oral tablet) NOVO NORDISK CANADA INC,RYBELSUS (sémaglutide 4 mg comprimé oral) NOVO NORDISK CANADA INC,ADDED
103979,02551039,RYBELSUS (semaglutide 9 mg oral tablet) NOVO NORDISK CANADA INC,RYBELSUS (sémaglutide 9 mg comprimé oral) NOVO NORDISK CANADA INC,ADDED
104295,02554070,RINGZA (ethinyl estradiol 17.4 mg and segesterone acetate 103 mg ring (slow release)) DUCHESNAY INC,"RINGZA (éthinylestradiol 17,4 mg et acétate de ségestérone 103 mg anneau à libération lente) DUCHESNAY INC",ADDED
104332,02554461,JAMP FINASTERIDE TABLETS (finasteride 1 mg oral tablet) JAMP PHARMA CORPORATION,JAMP FINASTERIDE TABLETS (finastéride 1 mg comprimé oral) JAMP PHARMA CORPORATION,ADDED
106001,02556618,AURO-ATOVAQUONE (atovaquone 750 mg per 5 mL oral suspension) AURO PHARMA INC,AURO-ATOVAQUONE (atovaquone 750 mg par 5 mL suspension orale) AURO PHARMA INC,ADDED
106351,02560445,SITAGLIPTIN/METFORMIN (metformin hydrochloride 500 mg and sitagliptin (sitagliptin phosphate monohydrate) 50 mg oral tablet) SANIS HEALTH INC,SITAGLIPTIN/METFORMIN (chlorhydrate de metformine 500 mg et sitagliptine (phosphate de sitagliptine monohydraté) 50 mg comprimé oral) SANIS HEALTH INC,ADDED
106352,02560453,SITAGLIPTIN/METFORMIN (metformin hydrochloride 850 mg and sitagliptin (sitagliptin phosphate monohydrate) 50 mg oral tablet) SANIS HEALTH INC,SITAGLIPTIN/METFORMIN (chlorhydrate de metformine 850 mg et sitagliptine (phosphate de sitagliptine monohydraté) 50 mg comprimé oral) SANIS HEALTH INC,ADDED
106353,02560461,SITAGLIPTIN/METFORMIN (metformin hydrochloride 1000 mg and sitagliptin (sitagliptin phosphate monohydrate) 50 mg oral tablet) SANIS HEALTH INC,SITAGLIPTIN/METFORMIN (chlorhydrate de metformine 1000 mg et sitagliptine (phosphate de sitagliptine monohydraté) 50 mg comprimé oral) SANIS HEALTH INC,ADDED
106400,02560992,ICY HOT WITH LIDOCAINE NO MESS ROLL ON PAIN RELIEF (lidocaine hydrochloride 4 % cutaneous gel) SANOFI CONSUMER HEALTH INC,ICY HOT WITH LIDOCAINE NO MESS ROLL ON PAIN RELIEF (chlorhydrate de lidocaïne 4 % gel cutané) SANOFI CONSUMER HEALTH INC,ADDED
106511,02562219,LOQTORZI (toripalimab 240 mg per 6 mL solution for injection vial) APOTEX INC,LOQTORZI (toripalimab 240 mg par 6 mL solution injectable fiole) APOTEX INC,ADDED
106525,02562367,ZDS-MESALAMINE SUPPOSITORIES (mesalazine 1 g suppository) ZYDUS LIFESCIENCES LIMITED,ZDS-MESALAMINE SUPPOSITORIES (mésalazine 1 g suppositoire) ZYDUS LIFESCIENCES LIMITED,ADDED
106586,02563037,EYDENZELT (aflibercept 2 mg per 0.05 mL solution for injection vial) CELLTRION INC.,"EYDENZELT (aflibercept 2 mg par 0,05 mL solution injectable fiole) CELLTRION INC.",ADDED
106628,02563509,IMAAVY (nipocalimab 300 mg per 1.62 mL solution for injection vial) JANSSEN INC,"IMAAVY (nipocalimab 300 mg par 1,62 mL solution injectable fiole) JANSSEN INC",ADDED
106629,02563517,IMAAVY (nipocalimab 1200 mg per 6.5 mL solution for injection vial) JANSSEN INC,"IMAAVY (nipocalimab 1200 mg par 6,5 mL solution injectable fiole) JANSSEN INC",ADDED
106630,02563525,ZURZUVAE (zuranolone 20 mg oral capsule) BIOGEN CANADA INC,ZURZUVAE (zuranolone 20 mg capsule orale) BIOGEN CANADA INC,ADDED
106631,02563533,ZURZUVAE (zuranolone 25 mg oral capsule) BIOGEN CANADA INC,ZURZUVAE (zuranolone 25 mg capsule orale) BIOGEN CANADA INC,ADDED
106644,02563673,NEMLUVIO (nemolizumab 30 mg powder for solution for injection with diluent solution per pen) GALDERMA CANADA INC.,NEMLUVIO (némolizumab 30 mg poudre pour solution injectable avec solution diluante par stylo) GALDERMA CANADA INC.,ADDED
106662,02563886,TRYNGOLZA (olezarsen (olezarsen sodium) 80 mg per 0.8 mL solution for injection syringe) THERATECHNOLOGIES INC,"TRYNGOLZA (olezarsen (olezarsen sodique) 80 mg par 0,8 mL solution injectable seringue) THERATECHNOLOGIES INC",ADDED
106712,02564424,AMB-CYPROTERONE ACETATE / ETHINYL ESTRADIOL (cyproterone acetate 2 mg and ethinyl estradiol 0.035 mg oral tablet) AMBICARE PHARMACEUTICALS INC.,"AMB-CYPROTERONE ACETATE / ETHINYL ESTRADIOL (acétate de cyprotérone 2 mg et éthinylestradiol 0,035 mg comprimé oral) AMBICARE PHARMACEUTICALS INC.",ADDED
106835,02565773,JAMP BIMATOPROST SOLUTION RC (bimatoprost 0.01 % ophthalmic drops) JAMP PHARMA CORPORATION,"JAMP BIMATOPROST SOLUTION RC (bimatoprost 0,01 % gouttes ophtalmiques) JAMP PHARMA CORPORATION",ADDED
NA,142d2b24fd37f4e7e483ae29e4a739a8,TRANEXAMIC ACID INJECTION (tranexamic acid 500 mg per 5 mL solution for injection ampoule) EUGIA PHARMA INC.,TRANEXAMIC ACID INJECTION (acide tranexamique 500 mg par 5 mL solution injectable ampoule) EUGIA PHARMA INC.,ADDED
NA,3f9136fd87349a2df48f79f68b3a7a97,KEYTRUDA SC (pembrolizumab 396 mg per 2.4 mL solution for injection vial) MERCK CANADA INC,"KEYTRUDA SC (pembrolizumab 396 mg par 2,4 mL solution injectable fiole) MERCK CANADA INC",ADDED
NA,704a059e20294577ffe271a37a8bbf8f,TRANEXAMIC ACID INJECTION (tranexamic acid 1000 mg per 10 mL solution for injection ampoule) EUGIA PHARMA INC.,TRANEXAMIC ACID INJECTION (acide tranexamique 1000 mg par 10 mL solution injectable ampoule) EUGIA PHARMA INC.,ADDED
NA,77700769,"DOXORUBICIN INJECTION, BP (doxorubicin hydrochloride 50 mg per 25 mL solution for injection vial) ACCORD HEALTHCARE INC","DOXORUBICIN INJECTION, BP (chlorhydrate de doxorubicine 50 mg par 25 mL solution injectable fiole) ACCORD HEALTHCARE INC",ADDED
NA,77700770,"DOXORUBICIN INJECTION, BP (doxorubicin hydrochloride 20 mg per 10 mL solution for injection vial) ACCORD HEALTHCARE INC","DOXORUBICIN INJECTION, BP (chlorhydrate de doxorubicine 20 mg par 10 mL solution injectable fiole) ACCORD HEALTHCARE INC",ADDED
NA,77700771,"DOXORUBICIN INJECTION, BP (doxorubicin hydrochloride 2 mg per mL solution for injection 100 mL vial) ACCORD HEALTHCARE INC","DOXORUBICIN INJECTION, BP (chlorhydrate de doxorubicine 2 mg par mL solution injectable 100 mL fiole) ACCORD HEALTHCARE INC",ADDED
NA,77700772,"DOXORUBICIN INJECTION, BP (doxorubicin hydrochloride 10 mg per 5 mL solution for injection vial) ACCORD HEALTHCARE INC","DOXORUBICIN INJECTION, BP (chlorhydrate de doxorubicine 10 mg par 5 mL solution injectable fiole) ACCORD HEALTHCARE INC",ADDED
NA,77700783,DOXORUBICIN HYDROCHLORIDE INJECTION (doxorubicin hydrochloride 50 mg per 25 mL solution for injection vial) TEVA CANADA LIMITED,DOXORUBICIN HYDROCHLORIDE INJECTION (chlorhydrate de doxorubicine 50 mg par 25 mL solution injectable fiole) TEVA CANADA LIMITED,ADDED
NA,77700784,DOXORUBICIN HYDROCHLORIDE INJECTION (doxorubicin hydrochloride 2 mg per mL solution for injection 100 mL vial) TEVA CANADA LIMITED,DOXORUBICIN HYDROCHLORIDE INJECTION (chlorhydrate de doxorubicine 2 mg par mL solution injectable 100 mL fiole) TEVA CANADA LIMITED,ADDED
NA,77700785,DOXORUBICIN HYDROCHLORIDE INJECTION (doxorubicin hydrochloride 10 mg per 5 mL solution for injection vial) TEVA CANADA LIMITED,DOXORUBICIN HYDROCHLORIDE INJECTION (chlorhydrate de doxorubicine 10 mg par 5 mL solution injectable fiole) TEVA CANADA LIMITED,ADDED
NA,77700789,DOXORUBICIN (doxorubicin hydrochloride 10 mg per 5 mL solution for injection vial) PFIZER CANADA ULC,DOXORUBICIN (chlorhydrate de doxorubicine 10 mg par 5 mL solution injectable fiole) PFIZER CANADA ULC,ADDED
NA,77700790,DOXORUBICIN (doxorubicin hydrochloride 2 mg per mL solution for injection 100 mL vial) PFIZER CANADA ULC,DOXORUBICIN (chlorhydrate de doxorubicine 2 mg par mL solution injectable 100 mL fiole) PFIZER CANADA ULC,ADDED
NA,77700791,DOXORUBICIN (doxorubicin hydrochloride 50 mg per 25 mL solution for injection vial) PFIZER CANADA ULC,DOXORUBICIN (chlorhydrate de doxorubicine 50 mg par 25 mL solution injectable fiole) PFIZER CANADA ULC,ADDED
NA,77700991,PACLITAXEL FOR INJECTION (paclitaxel 100 mg per 16.7 mL solution for injection vial) BIOLYSE PHARMA CORPORATION,"PACLITAXEL FOR INJECTION (paclitaxel 100 mg par 16,7 mL solution injectable fiole) BIOLYSE PHARMA CORPORATION",ADDED
NA,77700992,PACLITAXEL FOR INJECTION (paclitaxel 100 mg per 16.7 mL solution for injection vial) BIOLYSE PHARMA CORPORATION,"PACLITAXEL FOR INJECTION (paclitaxel 100 mg par 16,7 mL solution injectable fiole) BIOLYSE PHARMA CORPORATION",ADDED
NA,77700993,PACLITAXEL FOR INJECTION (paclitaxel 100 mg per 16.7 mL solution for injection vial) BIOLYSE PHARMA CORPORATION,"PACLITAXEL FOR INJECTION (paclitaxel 100 mg par 16,7 mL solution injectable fiole) BIOLYSE PHARMA CORPORATION",ADDED
NA,77700994,PACLITAXEL INJECTION USP (paclitaxel 100 mg per 16.7 mL solution for injection vial) SANDOZ CANADA INCORPORATED,"PACLITAXEL INJECTION USP (paclitaxel 100 mg par 16,7 mL solution injectable fiole) SANDOZ CANADA INCORPORATED",ADDED
NA,77700995,PACLITAXEL INJECTION USP (paclitaxel 100 mg per 16.7 mL solution for injection vial) SANDOZ CANADA INCORPORATED,"PACLITAXEL INJECTION USP (paclitaxel 100 mg par 16,7 mL solution injectable fiole) SANDOZ CANADA INCORPORATED",ADDED
NA,77700996,PACLITAXEL INJECTION USP (paclitaxel 100 mg per 16.7 mL solution for injection vial) SANDOZ CANADA INCORPORATED,"PACLITAXEL INJECTION USP (paclitaxel 100 mg par 16,7 mL solution injectable fiole) SANDOZ CANADA INCORPORATED",ADDED
NA,77700997,PACLITAXEL INJECTION USP (paclitaxel 100 mg per 16.7 mL solution for injection vial) SANDOZ CANADA INCORPORATED,"PACLITAXEL INJECTION USP (paclitaxel 100 mg par 16,7 mL solution injectable fiole) SANDOZ CANADA INCORPORATED",ADDED
NA,77700998,PACLITAXEL INJECTION USP (paclitaxel 100 mg per 16.7 mL solution for injection vial) ACCORD HEALTHCARE INC,"PACLITAXEL INJECTION USP (paclitaxel 100 mg par 16,7 mL solution injectable fiole) ACCORD HEALTHCARE INC",ADDED
NA,77700999,PACLITAXEL INJECTION USP (paclitaxel 100 mg per 16.7 mL solution for injection vial) ACCORD HEALTHCARE INC,"PACLITAXEL INJECTION USP (paclitaxel 100 mg par 16,7 mL solution injectable fiole) ACCORD HEALTHCARE INC",ADDED
NA,b9ac0a80589273bc370599e25fc07673,KEYTRUDA SC (pembrolizumab 792 mg per 4.8 mL solution for injection vial) MERCK CANADA INC,"KEYTRUDA SC (pembrolizumab 792 mg par 4,8 mL solution injectable fiole) MERCK CANADA INC",ADDED
