drug_code,mp_code,mp_formal_name,mp_fr_description,changes
9,00015741,TAPAZOLE (methimazole 5 mg oral tablet) KNIGHT THERAPEUTICS INC.,TAPAZOLE (méthimazole 5 mg comprimé oral) KNIGHT THERAPEUTICS INC.,"mp_formal_name: ""TAPAZOLE (methimazole 5 mg oral tablet) E̲N̲D̲O̲ ̲O̲P̲E̲R̲A̲T̲I̲O̲N̲S̲ ̲L̲T̲D̲."" -> ""TAPAZOLE (methimazole 5 mg oral tablet) K̲N̲I̲G̲H̲T̲ ̲T̲H̲E̲R̲A̲P̲E̲U̲T̲I̲C̲S̲ ̲I̲N̲C̲.""
mp_fr_description: ""TAPAZOLE (méthimazole 5 mg comprimé oral) E̲N̲D̲O̲ ̲O̲P̲E̲R̲A̲T̲I̲O̲N̲S̲ ̲L̲T̲D̲."" -> ""TAPAZOLE (méthimazole 5 mg comprimé oral) K̲N̲I̲G̲H̲T̲ ̲T̲H̲E̲R̲A̲P̲E̲U̲T̲I̲C̲S̲ ̲I̲N̲C̲."""
613,00023450,DILANTIN-125 SUSPENSION (phenytoin 125 mg per 5 mL oral suspension) BGP PHARMA ULC,DILANTIN-125 SUSPENSION (phénytoïne 125 mg par 5 mL suspension orale) BGP PHARMA ULC,DELETED
631,00074462,LOCACORTEN VIOFORM (clioquinol 3 % and flumethasone pivalate 0.02 % cutaneous cream) KNIGHT THERAPEUTICS INC.,"LOCACORTEN VIOFORM (clioquinol 3 % et pivalate de fluméthasone 0,02 % crème cutanée) KNIGHT THERAPEUTICS INC.","mp_formal_name: ""LOCACORTEN VIOFORM (clioquinol 3 % and flumethasone pivalate 0.02 % cutaneous cream) E̲N̲D̲O̲ ̲O̲P̲E̲R̲A̲T̲I̲O̲N̲S̲ ̲L̲T̲D̲."" -> ""LOCACORTEN VIOFORM (clioquinol 3 % and flumethasone pivalate 0.02 % cutaneous cream) K̲N̲I̲G̲H̲T̲ ̲T̲H̲E̲R̲A̲P̲E̲U̲T̲I̲C̲S̲ ̲I̲N̲C̲.""
mp_fr_description: ""LOCACORTEN VIOFORM (clioquinol 3 % et pivalate de fluméthasone 0,02 % crème cutanée) E̲N̲D̲O̲ ̲O̲P̲E̲R̲A̲T̲I̲O̲N̲S̲ ̲L̲T̲D̲."" -> ""LOCACORTEN VIOFORM (clioquinol 3 % et pivalate de fluméthasone 0,02 % crème cutanée) K̲N̲I̲G̲H̲T̲ ̲T̲H̲E̲R̲A̲P̲E̲U̲T̲I̲C̲S̲ ̲I̲N̲C̲."""
868,00074454,LOCACORTEN VIOFORM EARDROPS (clioquinol 1 % and flumethasone pivalate 0.02 % otic drops) KNIGHT THERAPEUTICS INC.,"LOCACORTEN VIOFORM EARDROPS (clioquinol 1 % et pivalate de fluméthasone 0,02 % gouttes otiques) KNIGHT THERAPEUTICS INC.","mp_formal_name: ""LOCACORTEN VIOFORM EARDROPS (clioquinol 1 % and flumethasone pivalate 0.02 % otic drops) E̲N̲D̲O̲ ̲O̲P̲E̲R̲A̲T̲I̲O̲N̲S̲ ̲L̲T̲D̲."" -> ""LOCACORTEN VIOFORM EARDROPS (clioquinol 1 % and flumethasone pivalate 0.02 % otic drops) K̲N̲I̲G̲H̲T̲ ̲T̲H̲E̲R̲A̲P̲E̲U̲T̲I̲C̲S̲ ̲I̲N̲C̲.""
mp_fr_description: ""LOCACORTEN VIOFORM EARDROPS (clioquinol 1 % et pivalate de fluméthasone 0,02 % gouttes otiques) E̲N̲D̲O̲ ̲O̲P̲E̲R̲A̲T̲I̲O̲N̲S̲ ̲L̲T̲D̲."" -> ""LOCACORTEN VIOFORM EARDROPS (clioquinol 1 % et pivalate de fluméthasone 0,02 % gouttes otiques) K̲N̲I̲G̲H̲T̲ ̲T̲H̲E̲R̲A̲P̲E̲U̲T̲I̲C̲S̲ ̲I̲N̲C̲."""
933,00029149,FUNGIZONE (amphotericin B 50 mg per vial powder for solution for injection) CHEPLAPHARM ARZNEIMITTEL GMBH,FUNGIZONE (amphotéricine B 50 mg par fiole poudre pour solution injectable) CHEPLAPHARM ARZNEIMITTEL GMBH,ADDED
1668,00266507,ADASEPT LIQ 0.5% (triclosan 0.5 % cutaneous liquid) ODAN LABORATORIES LTD,"ADASEPT LIQ 0.5% (triclosan 0,5 % liquide cutané) ODAN LABORATORIES LTD",ADDED
1905,00261998,SODIUM BICARBONATE INJECTION USP (sodium bicarbonate 84 mg per mL solution for injection) PFIZER CANADA ULC,SODIUM BICARBONATE INJECTION USP (bicarbonate de sodium 84 mg par mL solution injectable) PFIZER CANADA ULC,ADDED
2527,00037869,POTASSIUM CHLORIDE FOR INJECTION CONCENTRATE USP (potassium chloride 149 mg per mL solution for injection) PFIZER CANADA ULC,POTASSIUM CHLORIDE FOR INJECTION CONCENTRATE USP (chlorure de potassium 149 mg par mL solution injectable) PFIZER CANADA ULC,ADDED
3394,00402206,POTASSIUM CHLORIDE FOR INJECTION CONCENTRATE (potassium chloride 20 meq per 10 mL solution for injection) OMEGA LABORATORIES LIMITED,POTASSIUM CHLORIDE FOR INJECTION CONCENTRATE (chlorure de potassium 20 meq par 10 mL solution injectable) OMEGA LABORATORIES LIMITED,ADDED
4222,00511552,SANDOMIGRAN DS (pizotifen (pizotifen malate) 1 mg oral tablet) KNIGHT THERAPEUTICS INC.,SANDOMIGRAN DS (pizotifène (malate de pizotifène) 1 mg comprimé oral) KNIGHT THERAPEUTICS INC.,"mp_formal_name: ""SANDOMIGRAN DS (pizotifen (pizotifen malate) 1 mg oral tablet) E̲N̲D̲O̲ ̲O̲P̲E̲R̲A̲T̲I̲O̲N̲S̲ ̲L̲T̲D̲."" -> ""SANDOMIGRAN DS (pizotifen (pizotifen malate) 1 mg oral tablet) K̲N̲I̲G̲H̲T̲ ̲T̲H̲E̲R̲A̲P̲E̲U̲T̲I̲C̲S̲ ̲I̲N̲C̲.""
mp_fr_description: ""SANDOMIGRAN DS (pizotifène (malate de pizotifène) 1 mg comprimé oral) E̲N̲D̲O̲ ̲O̲P̲E̲R̲A̲T̲I̲O̲N̲S̲ ̲L̲T̲D̲."" -> ""SANDOMIGRAN DS (pizotifène (malate de pizotifène) 1 mg comprimé oral) K̲N̲I̲G̲H̲T̲ ̲T̲H̲E̲R̲A̲P̲E̲U̲T̲I̲C̲S̲ ̲I̲N̲C̲."""
5475,00507407,DALMACOL (alcohol anhydrous 0.25 mL per 5 mL and doxylamine succinate 6 mg per 5 mL and etafedrine hydrochloride 16.65 mg per 5 mL and hydrocodone bitartrate 1.65 mg per 5 mL and sodium citrate 200 mg per 5 mL syrup) LABORATOIRE ATLAS INC,"DALMACOL (alcool anhydre 0,25 mL par 5 mL et succinate de doxylamine 6 mg par 5 mL et chlorhydrate d'étafédrine 16,65 mg par 5 mL et bitartrate d'hydrocodone 1,65 mg par 5 mL et citrate de sodium 200 mg par 5 mL sirop) LABORATOIRE ATLAS INC","mp_formal_name: ""DALMACOL (alcohol anhydrous 0.25 mL per 5 mL and doxylamine succinate 6 mg per 5 mL and etafedrin hydrochloride 16.65 mg per 5 mL and hydrocodone bitartrate 1.65 mg per 5 mL and sodium citrate 200 mg per 5 mL syrup) LABORATOIRE ATLAS INC"" -> ""DALMACOL (alcohol anhydrous 0.25 mL per 5 mL and doxylamine succinate 6 mg per 5 mL and etafedrine̲ hydrochloride 16.65 mg per 5 mL and hydrocodone bitartrate 1.65 mg per 5 mL and sodium citrate 200 mg per 5 mL syrup) LABORATOIRE ATLAS INC"""
6775,00691623,BICARBONATE CONCENTRATE D17000 (sodium bicarbonate 81.3 g per l solution for haemodialysis) VANTIVE ULC,"BICARBONATE CONCENTRATE D17000 (bicarbonate de sodium 81,3 g par l solution pour hémodialyse) VANTIVE ULC",ADDED
7084,00708925,MEN'S ROGAINE (minoxidil 20 mg per mL cutaneous solution) KENVUE CANADA INC.,MEN'S ROGAINE (minoxidil 20 mg par mL solution pour application cutanée) KENVUE CANADA INC.,"mp_formal_name: ""MEN'S ROGAINE (minoxidil 20 mg per mL cutaneous solution) J̲O̲H̲N̲S̲O̲N̲ ̲&̲ ̲J̲O̲H̲N̲S̲O̲N̲ ̲I̲N̲C̲"" -> ""MEN'S ROGAINE (minoxidil 20 mg per mL cutaneous solution) K̲E̲N̲V̲U̲E̲ ̲C̲A̲N̲A̲D̲A̲ ̲I̲N̲C̲.̲""
mp_fr_description: ""MEN'S ROGAINE (minoxidil 20 mg par mL solution pour application cutanée) J̲O̲H̲N̲S̲O̲N̲ ̲&̲ ̲J̲O̲H̲N̲S̲O̲N̲ ̲I̲N̲C̲"" -> ""MEN'S ROGAINE (minoxidil 20 mg par mL solution pour application cutanée) K̲E̲N̲V̲U̲E̲ ̲C̲A̲N̲A̲D̲A̲ ̲I̲N̲C̲.̲"""
8042,00727520,HEPARIN LEO 100UNIT/ML (heparin sodium 100 unit per mL lock flush solution 10 mL vial) LEO PHARMA INC,HEPARIN LEO 100UNIT/ML (héparine sodique 100 unité par mL solution de rinçage 10 mL fiole) LEO PHARMA INC,"mp_formal_name: ""HEPARIN LEO 100UNIT/ML (heparin sodium 1000̲ ̲u̲n̲i̲t̲ ̲p̲e̲r̲ ̲1̲0̲ ̲m̲L̲ ̲s̲o̲l̲u̲t̲i̲o̲n̲ ̲f̲o̲r̲ ̲i̲n̲j̲e̲c̲t̲i̲o̲n̲ vial) LEO PHARMA INC"" -> ""HEPARIN LEO 100UNIT/ML (heparin sodium 100 ̲u̲n̲i̲t̲ ̲p̲e̲r̲ ̲m̲L̲ ̲l̲o̲c̲k̲ ̲f̲l̲u̲s̲h̲ ̲s̲o̲l̲u̲t̲i̲o̲n̲ ̲1̲0̲ ̲m̲L̲ vial) LEO PHARMA INC""
mp_fr_description: ""HEPARIN LEO 100UNIT/ML (héparine sodique 1000̲ ̲u̲n̲i̲t̲é̲ ̲p̲a̲r̲ ̲1̲0̲ ̲m̲L̲ ̲s̲o̲l̲u̲t̲i̲o̲n̲ ̲i̲n̲j̲e̲c̲t̲a̲b̲l̲e̲ fiole) LEO PHARMA INC"" -> ""HEPARIN LEO 100UNIT/ML (héparine sodique 100 ̲u̲n̲i̲t̲é̲ ̲p̲a̲r̲ ̲m̲L̲ ̲s̲o̲l̲u̲t̲i̲o̲n̲ ̲d̲e̲ ̲r̲i̲n̲ç̲a̲g̲e̲ ̲1̲0̲ ̲m̲L̲ fiole) LEO PHARMA INC"""
8350,00261971,SODIUM BICARBONATE INJECTION USP (sodium bicarbonate 5 mmol per 10 mL solution for injection syringe) PFIZER CANADA ULC,SODIUM BICARBONATE INJECTION USP (bicarbonate de sodium 5 mmol par 10 mL solution injectable seringue) PFIZER CANADA ULC,ADDED
9629,00753688,PMS-PROCHLORPERAZINE SUPPOSITOIRES 10MG (prochlorperazine 10 mg suppository) PHARMASCIENCE INC,PMS-PROCHLORPERAZINE SUPPOSITOIRES 10MG (prochlorpérazine 10 mg suppositoire) PHARMASCIENCE INC,"mp_status_effective_time: ""20180802"" -> ""20250704"""
10509,00804789,POTASSIUM PHOSPHATES (phosphorus (potassium phosphate dibasic and potassium phosphate monobasic) 30 mmol per 10 mL and potassium (potassium phosphate dibasic and potassium phosphate monobasic) 44 mmol per 10 mL solution for injection vial) SANDOZ CANADA INCORPORATED,POTASSIUM PHOSPHATES (phosphore (phosphate de potassium dibasique et phosphate de potassium monobasique) 30 mmol par 10 mL et potassium (phosphate de potassium dibasique et phosphate de potassium monobasique) 44 mmol par 10 mL solution injectable fiole) SANDOZ CANADA INCORPORATED,ADDED
11537,00779237,BACTI-STAT 0.3% (triclosan 0.3 % cutaneous liquid) ECOLAB CO,"BACTI-STAT 0.3% (triclosan 0,3 % liquide cutané) ECOLAB CO",ADDED
11862,01925199,BENZAC W WASH GEL 10% (benzoyl peroxide 10 % cutaneous gel) GALDERMA CANADA INC.,BENZAC W WASH GEL 10% (peroxyde de benzoyle 10 % gel cutané) GALDERMA CANADA INC.,"mp_formal_name: ""BENZAC W WASH GEL 10% (benzoyl peroxide 10 % cutaneous gel) GALDERMA CANADA INC"" -> ""BENZAC W WASH GEL 10% (benzoyl peroxide 10 % cutaneous gel) GALDERMA CANADA INC.̲""
mp_fr_description: ""BENZAC W WASH GEL 10% (peroxyde de benzoyle 10 % gel cutané) GALDERMA CANADA INC"" -> ""BENZAC W WASH GEL 10% (peroxyde de benzoyle 10 % gel cutané) GALDERMA CANADA INC.̲"""
11974,01945157,CLARITIN ALLERGY + SINUS (loratadine 5 mg and pseudoephedrine sulfate 120 mg prolonged-release oral tablet) BAYER INC,CLARITIN ALLERGY + SINUS (loratadine 5 mg et sulfate de pseudoéphédrine 120 mg comprimé oral à libération prolongée) BAYER INC,"mp_formal_name: ""CLARITIN ALLERGY + SINUS (loratadine 5 mg and pseudoephedrine sulfate 120 mg m̲o̲d̲i̲f̲i̲ed-release oral tablet) BAYER INC"" -> ""CLARITIN ALLERGY + SINUS (loratadine 5 mg and pseudoephedrine sulfate 120 mg p̲r̲o̲l̲o̲n̲g̲ed-release oral tablet) BAYER INC""
mp_fr_description: ""CLARITIN ALLERGY + SINUS (loratadine 5 mg et sulfate de pseudoéphédrine 120 mg comprimé oral à libération m̲o̲d̲i̲f̲i̲ée) BAYER INC"" -> ""CLARITIN ALLERGY + SINUS (loratadine 5 mg et sulfate de pseudoéphédrine 120 mg comprimé oral à libération p̲r̲o̲l̲o̲n̲g̲ée) BAYER INC"""
12574,00726354,PMS FLUPHENAZINE TAB 5MG (fluphenazine hydrochloride 5 mg oral tablet) PHARMASCIENCE INC,PMS FLUPHENAZINE TAB 5MG (chlorhydrate de fluphénazine 5 mg comprimé oral) PHARMASCIENCE INC,"mp_status_effective_time: ""20180802"" -> ""20250704"""
12639,01977873,GERMICIDAL HAND SOAP LIQ 0.6% (chloroxylenol 0.6 % cutaneous liquid) OSTREM CHEMICAL CO LTD.,"GERMICIDAL HAND SOAP LIQ 0.6% (chloroxylénol 0,6 % liquide cutané) OSTREM CHEMICAL CO LTD.",ADDED
12745,01947931,DUVOID (bethanechol chloride 25 mg oral tablet) KNIGHT THERAPEUTICS INC.,DUVOID (chlorure de béthanéchol 25 mg comprimé oral) KNIGHT THERAPEUTICS INC.,"mp_formal_name: ""DUVOID (bethanechol chloride 25 mg oral tablet) E̲N̲D̲O̲ ̲O̲P̲E̲R̲A̲T̲I̲O̲N̲S̲ ̲L̲T̲D̲."" -> ""DUVOID (bethanechol chloride 25 mg oral tablet) K̲N̲I̲G̲H̲T̲ ̲T̲H̲E̲R̲A̲P̲E̲U̲T̲I̲C̲S̲ ̲I̲N̲C̲.""
mp_fr_description: ""DUVOID (chlorure de béthanéchol 25 mg comprimé oral) E̲N̲D̲O̲ ̲O̲P̲E̲R̲A̲T̲I̲O̲N̲S̲ ̲L̲T̲D̲."" -> ""DUVOID (chlorure de béthanéchol 25 mg comprimé oral) K̲N̲I̲G̲H̲T̲ ̲T̲H̲E̲R̲A̲P̲E̲U̲T̲I̲C̲S̲ ̲I̲N̲C̲."""
12746,01947958,DUVOID (bethanechol chloride 10 mg oral tablet) KNIGHT THERAPEUTICS INC.,DUVOID (chlorure de béthanéchol 10 mg comprimé oral) KNIGHT THERAPEUTICS INC.,"mp_formal_name: ""DUVOID (bethanechol chloride 10 mg oral tablet) E̲N̲D̲O̲ ̲O̲P̲E̲R̲A̲T̲I̲O̲N̲S̲ ̲L̲T̲D̲."" -> ""DUVOID (bethanechol chloride 10 mg oral tablet) K̲N̲I̲G̲H̲T̲ ̲T̲H̲E̲R̲A̲P̲E̲U̲T̲I̲C̲S̲ ̲I̲N̲C̲.""
mp_fr_description: ""DUVOID (chlorure de béthanéchol 10 mg comprimé oral) E̲N̲D̲O̲ ̲O̲P̲E̲R̲A̲T̲I̲O̲N̲S̲ ̲L̲T̲D̲."" -> ""DUVOID (chlorure de béthanéchol 10 mg comprimé oral) K̲N̲I̲G̲H̲T̲ ̲T̲H̲E̲R̲A̲P̲E̲U̲T̲I̲C̲S̲ ̲I̲N̲C̲."""
12887,01947923,DUVOID (bethanechol chloride 50 mg oral tablet) KNIGHT THERAPEUTICS INC.,DUVOID (chlorure de béthanéchol 50 mg comprimé oral) KNIGHT THERAPEUTICS INC.,"mp_formal_name: ""DUVOID (bethanechol chloride 50 mg oral tablet) E̲N̲D̲O̲ ̲O̲P̲E̲R̲A̲T̲I̲O̲N̲S̲ ̲L̲T̲D̲."" -> ""DUVOID (bethanechol chloride 50 mg oral tablet) K̲N̲I̲G̲H̲T̲ ̲T̲H̲E̲R̲A̲P̲E̲U̲T̲I̲C̲S̲ ̲I̲N̲C̲.""
mp_fr_description: ""DUVOID (chlorure de béthanéchol 50 mg comprimé oral) E̲N̲D̲O̲ ̲O̲P̲E̲R̲A̲T̲I̲O̲N̲S̲ ̲L̲T̲D̲."" -> ""DUVOID (chlorure de béthanéchol 50 mg comprimé oral) K̲N̲I̲G̲H̲T̲ ̲T̲H̲E̲R̲A̲P̲E̲U̲T̲I̲C̲S̲ ̲I̲N̲C̲.""
mp_status_effective_time: ""20250606"" -> ""20251204"""
13600,01974548,MICRO I (iodide (sodium iodide) 1000 mcg per 10 mL solution for injection vial) SANDOZ CANADA INCORPORATED,MICRO I (iodure (iodure de sodium) 1000 mcg par 10 mL solution injectable fiole) SANDOZ CANADA INCORPORATED,ADDED
13833,01905740,K+ 45 (potassium chloride 251.6 g per l solution for haemodialysis) VANTIVE ULC,"K+ 45 (chlorure de potassium 251,6 g par l solution pour hémodialyse) VANTIVE ULC",ADDED
17824,02092832,METROGEL 0.75% (metronidazole 0.75 % cutaneous gel) GALDERMA CANADA INC.,"METROGEL 0.75% (métronidazole 0,75 % gel cutané) GALDERMA CANADA INC.","mp_formal_name: ""METROGEL 0.75% (metronidazole 0.75 % cutaneous gel) GALDERMA CANADA INC"" -> ""METROGEL 0.75% (metronidazole 0.75 % cutaneous gel) GALDERMA CANADA INC.̲""
mp_fr_description: ""METROGEL 0.75% (métronidazole 0,75 % gel cutané) GALDERMA CANADA INC"" -> ""METROGEL 0.75% (métronidazole 0,75 % gel cutané) GALDERMA CANADA INC.̲"""
18208,02131471,VIROBEX-P (chloroxylenol 0.6 % cutaneous liquid) GERMIPHENE CORPORATION,"VIROBEX-P (chloroxylénol 0,6 % liquide cutané) GERMIPHENE CORPORATION",ADDED
18310,02161060,CALCIUM-45 0.25-4.5 (calcium chloride 7.45 g per bottle powder for concentrate for solution for haemodialysis) VANTIVE ULC,"CALCIUM-45 0.25-4.5 (chlorure de calcium 7,45 g par bouteille poudre pour solution à diluer pour solution pour hémodialyse) VANTIVE ULC",ADDED
18321,02160986,CALCIUM-45 0.5-4.5 (calcium chloride 14.9 g per bottle powder for concentrate for solution for haemodialysis) VANTIVE ULC,"CALCIUM-45 0.5-4.5 (chlorure de calcium 14,9 g par bouteille poudre pour solution à diluer pour solution pour hémodialyse) VANTIVE ULC",ADDED
19442,02139545,"POTASSIUM PHOSPHATES INJECTION, USP (potassium phosphate dibasic 236 mg per mL and potassium phosphate monobasic 224 mg per mL solution for injection) FRESENIUS KABI CANADA LTD","POTASSIUM PHOSPHATES INJECTION, USP (phosphate de potassium dibasique 236 mg par mL et phosphate de potassium monobasique 224 mg par mL solution injectable) FRESENIUS KABI CANADA LTD",ADDED
20107,02148749,DIFFERIN (adapalene 0.1 % cutaneous gel) GALDERMA CANADA INC.,"DIFFERIN (adapalène 0,1 % gel cutané) GALDERMA CANADA INC.","mp_formal_name: ""DIFFERIN (adapalene 0.1 % cutaneous gel) GALDERMA CANADA INC"" -> ""DIFFERIN (adapalene 0.1 % cutaneous gel) GALDERMA CANADA INC.̲""
mp_fr_description: ""DIFFERIN (adapalène 0,1 % gel cutané) GALDERMA CANADA INC"" -> ""DIFFERIN (adapalène 0,1 % gel cutané) GALDERMA CANADA INC.̲"""
20112,02219301,MAGNESIUM-45 0.5-4.5 (magnesium chloride 20.5 g per bottle powder for concentrate for solution for haemodialysis) VANTIVE ULC,"MAGNESIUM-45 0.5-4.5 (chlorure de magnésium 20,5 g par bouteille poudre pour solution à diluer pour solution pour hémodialyse) VANTIVE ULC",ADDED
29542,02106272,TRANDATE (labetalol hydrochloride 100 mg oral tablet) KNIGHT THERAPEUTICS INC.,TRANDATE (chlorhydrate de labétalol 100 mg comprimé oral) KNIGHT THERAPEUTICS INC.,"mp_formal_name: ""TRANDATE (labetalol hydrochloride 100 mg oral tablet) E̲N̲D̲O̲ ̲O̲P̲E̲R̲A̲T̲I̲O̲N̲S̲ ̲L̲T̲D̲."" -> ""TRANDATE (labetalol hydrochloride 100 mg oral tablet) K̲N̲I̲G̲H̲T̲ ̲T̲H̲E̲R̲A̲P̲E̲U̲T̲I̲C̲S̲ ̲I̲N̲C̲.""
mp_fr_description: ""TRANDATE (chlorhydrate de labétalol 100 mg comprimé oral) E̲N̲D̲O̲ ̲O̲P̲E̲R̲A̲T̲I̲O̲N̲S̲ ̲L̲T̲D̲."" -> ""TRANDATE (chlorhydrate de labétalol 100 mg comprimé oral) K̲N̲I̲G̲H̲T̲ ̲T̲H̲E̲R̲A̲P̲E̲U̲T̲I̲C̲S̲ ̲I̲N̲C̲."""
29543,02106280,TRANDATE (labetalol hydrochloride 200 mg oral tablet) KNIGHT THERAPEUTICS INC.,TRANDATE (chlorhydrate de labétalol 200 mg comprimé oral) KNIGHT THERAPEUTICS INC.,"mp_formal_name: ""TRANDATE (labetalol hydrochloride 200 mg oral tablet) E̲N̲D̲O̲ ̲O̲P̲E̲R̲A̲T̲I̲O̲N̲S̲ ̲L̲T̲D̲."" -> ""TRANDATE (labetalol hydrochloride 200 mg oral tablet) K̲N̲I̲G̲H̲T̲ ̲T̲H̲E̲R̲A̲P̲E̲U̲T̲I̲C̲S̲ ̲I̲N̲C̲.""
mp_fr_description: ""TRANDATE (chlorhydrate de labétalol 200 mg comprimé oral) E̲N̲D̲O̲ ̲O̲P̲E̲R̲A̲T̲I̲O̲N̲S̲ ̲L̲T̲D̲."" -> ""TRANDATE (chlorhydrate de labétalol 200 mg comprimé oral) K̲N̲I̲G̲H̲T̲ ̲T̲H̲E̲R̲A̲P̲E̲U̲T̲I̲C̲S̲ ̲I̲N̲C̲."""
31360,02139529,"SODIUM ACETATE INJECTION, USP (sodium acetate 328 mg per mL solution for injection) FRESENIUS KABI CANADA LTD","SODIUM ACETATE INJECTION, USP (acétate de sodium 328 mg par mL solution injectable) FRESENIUS KABI CANADA LTD",ADDED
35083,02181746,SODIUM ACETATE INJECTION USP (sodium (sodium acetate) 4 mmol per mL solution for injection 50 mL vial) OMEGA LABORATORIES LIMITED,SODIUM ACETATE INJECTION USP (sodium (acétate de sodium) 4 mmol par mL solution injectable 50 mL fiole) OMEGA LABORATORIES LIMITED,ADDED
36798,02209764,EGOZINC-HC (hydrocortisone acetate 0.5 % and zinc sulfate 0.5 % rectal ointment) PHARMASCIENCE INC,"EGOZINC-HC (acétate d'hydrocortisone 0,5 % et sulfate de zinc 0,5 % pommade rectale) PHARMASCIENCE INC","mp_status_effective_time: ""20190117"" -> ""20250704"""
41477,00373435,DETTOL (chloroxylenol 4.8 % cutaneous solution) RB HEALTH (CANADA) INC.,"DETTOL (chloroxylénol 4,8 % solution pour application cutanée) RB HEALTH (CANADA) INC.",ADDED
42652,02152746,ALKA-SELTZER (acetylsalicylic acid 325 mg and citric acid 1000 mg and sodium bicarbonate 1916 mg effervescent oral tablet) BAYER INC,ALKA-SELTZER (acide acétylsalicylique 325 mg et acide citrique 1000 mg et bicarbonate de sodium 1916 mg comprimé oral effervescent) BAYER INC,DELETED
42879,02185938,PEPCID AC (famotidine 10 mg oral tablet) KENVUE CANADA INC.,PEPCID AC (famotidine 10 mg comprimé oral) KENVUE CANADA INC.,"mp_formal_name: ""PEPCID AC (famotidine 10 mg oral tablet) M̲C̲N̲E̲I̲L̲ ̲C̲O̲N̲S̲U̲M̲E̲R̲ ̲H̲E̲A̲L̲T̲H̲C̲A̲R̲E̲ ̲D̲I̲V̲I̲S̲I̲O̲N̲ ̲O̲F̲ ̲J̲O̲H̲N̲S̲O̲N̲ ̲&̲ ̲J̲O̲H̲N̲S̲O̲N̲ ̲I̲N̲C̲"" -> ""PEPCID AC (famotidine 10 mg oral tablet) K̲E̲N̲V̲U̲E̲ ̲C̲A̲N̲A̲D̲A̲ ̲I̲N̲C̲.̲""
mp_fr_description: ""PEPCID AC (famotidine 10 mg comprimé oral) M̲C̲N̲E̲I̲L̲ ̲C̲O̲N̲S̲U̲M̲E̲R̲ ̲H̲E̲A̲L̲T̲H̲C̲A̲R̲E̲ ̲D̲I̲V̲I̲S̲I̲O̲N̲ ̲O̲F̲ ̲J̲O̲H̲N̲S̲O̲N̲ ̲&̲ ̲J̲O̲H̲N̲S̲O̲N̲ ̲I̲N̲C̲"" -> ""PEPCID AC (famotidine 10 mg comprimé oral) K̲E̲N̲V̲U̲E̲ ̲C̲A̲N̲A̲D̲A̲ ̲I̲N̲C̲.̲"""
42944,02194465,DOXORUBICIN HYDROCHLORIDE FOR INJECTION USP (doxorubicin hydrochloride 50 mg per vial powder for solution for injection) PFIZER CANADA ULC,DOXORUBICIN HYDROCHLORIDE FOR INJECTION USP (chlorhydrate de doxorubicine 50 mg par fiole poudre pour solution injectable) PFIZER CANADA ULC,ADDED
42945,02194473,DOXORUBICIN HYDROCHLORIDE FOR INJECTION USP (doxorubicin hydrochloride 150 mg per vial powder for solution for injection) PFIZER CANADA ULC,DOXORUBICIN HYDROCHLORIDE FOR INJECTION USP (chlorhydrate de doxorubicine 150 mg par fiole poudre pour solution injectable) PFIZER CANADA ULC,ADDED
43076,02212153,IMITREX DF (sumatriptan (sumatriptan succinate) 50 mg oral tablet) GLAXOSMITHKLINE INC,IMITREX DF (sumatriptan (succinate de sumatriptan) 50 mg comprimé oral) GLAXOSMITHKLINE INC,"Health_Canada_product_name: ""IMITREX DF - TAB 50MG"" -> ""IMITREX DF""
mp_formal_name: ""IMITREX DF ̲-̲ ̲T̲A̲B̲ ̲5̲0̲M̲G̲ (sumatriptan (sumatriptan succinate) 50 mg oral tablet) GLAXOSMITHKLINE INC"" -> ""IMITREX DF (sumatriptan (sumatriptan succinate) 50 mg oral tablet) GLAXOSMITHKLINE INC""
mp_fr_description: ""IMITREX DF ̲-̲ ̲T̲A̲B̲ ̲5̲0̲M̲G̲ (sumatriptan (succinate de sumatriptan) 50 mg comprimé oral) GLAXOSMITHKLINE INC"" -> ""IMITREX DF (sumatriptan (succinate de sumatriptan) 50 mg comprimé oral) GLAXOSMITHKLINE INC""
mp_status_effective_time: ""20250101"" -> ""20251027"""
43155,02215187,CAVERJECT STERILE POWDER - PWS 23.2MCG/VIAL (alprostadil 20 mcg per vial powder for solution for injection) PFIZER CANADA ULC,CAVERJECT STERILE POWDER - PWS 23.2MCG/VIAL (alprostadil 20 mcg par fiole poudre pour solution injectable) PFIZER CANADA ULC,ADDED
43445,02226839,METROCREAM - CRM 0.75% (metronidazole 0.75 % cutaneous cream) GALDERMA CANADA INC.,"METROCREAM - CRM 0.75% (métronidazole 0,75 % crème cutanée) GALDERMA CANADA INC.","mp_formal_name: ""METROCREAM - CRM 0.75% (metronidazole 0.75 % cutaneous cream) GALDERMA CANADA INC"" -> ""METROCREAM - CRM 0.75% (metronidazole 0.75 % cutaneous cream) GALDERMA CANADA INC.̲""
mp_fr_description: ""METROCREAM - CRM 0.75% (métronidazole 0,75 % crème cutanée) GALDERMA CANADA INC"" -> ""METROCREAM - CRM 0.75% (métronidazole 0,75 % crème cutanée) GALDERMA CANADA INC.̲"""
50030,02230769,DALMACOL (alcohol anhydrous 0.25 mL per 5 mL and doxylamine succinate 6 mg per 5 mL and etafedrine hydrochloride 16.65 mg per 5 mL and hydrocodone bitartrate 1.65 mg per 5 mL and sodium citrate 200 mg per 5 mL syrup) LABORATOIRE RIVA INC.,"DALMACOL (alcool anhydre 0,25 mL par 5 mL et succinate de doxylamine 6 mg par 5 mL et chlorhydrate d'étafédrine 16,65 mg par 5 mL et bitartrate d'hydrocodone 1,65 mg par 5 mL et citrate de sodium 200 mg par 5 mL sirop) LABORATOIRE RIVA INC.","mp_formal_name: ""DALMACOL (alcohol anhydrous 0.25 mL per 5 mL and doxylamine succinate 6 mg per 5 mL and etafedrin hydrochloride 16.65 mg per 5 mL and hydrocodone bitartrate 1.65 mg per 5 mL and sodium citrate 200 mg per 5 mL syrup) LABORATOIRE RIVA INC."" -> ""DALMACOL (alcohol anhydrous 0.25 mL per 5 mL and doxylamine succinate 6 mg per 5 mL and etafedrine̲ hydrochloride 16.65 mg per 5 mL and hydrocodone bitartrate 1.65 mg per 5 mL and sodium citrate 200 mg per 5 mL syrup) LABORATOIRE RIVA INC."""
50071,02230807,TEVA-TERAZOSIN (terazosin (terazosin hydrochloride) 5 mg oral tablet) TEVA CANADA LIMITED,TEVA-TERAZOSIN (térazosine (chlorhydrate de térazosine) 5 mg comprimé oral) TEVA CANADA LIMITED,DELETED
50959,02231592,DIFFERIN (adapalene 0.1 % cutaneous cream) GALDERMA CANADA INC.,"DIFFERIN (adapalène 0,1 % crème cutanée) GALDERMA CANADA INC.","mp_formal_name: ""DIFFERIN (adapalene 0.1 % cutaneous cream) GALDERMA CANADA INC"" -> ""DIFFERIN (adapalene 0.1 % cutaneous cream) GALDERMA CANADA INC.̲""
mp_fr_description: ""DIFFERIN (adapalène 0,1 % crème cutanée) GALDERMA CANADA INC"" -> ""DIFFERIN (adapalène 0,1 % crème cutanée) GALDERMA CANADA INC.̲"""
61804,02238389,CAELYX (doxorubicin hydrochloride 20 mg per 10 mL suspension for injection vial) BAXTER CORPORATION,CAELYX (chlorhydrate de doxorubicine 20 mg par 10 mL suspension injectable fiole) BAXTER CORPORATION,ADDED
62780,02239311,ECOCARE 250 (triclosan 0.3 % cutaneous liquid) ECOLAB CO,"ECOCARE 250 (triclosan 0,3 % liquide cutané) ECOLAB CO",ADDED
62787,02239318,ECOCARE 360 (benzalkonium chloride 0.13 % cutaneous liquid) ECOLAB CO,"ECOCARE 360 (chlorure de benzalkonium 0,13 % liquide cutané) ECOLAB CO",ADDED
63341,02239853,ALLEGRA-D (fexofenadine hydrochloride 60 mg and pseudoephedrine hydrochloride 120 mg prolonged-release oral tablet) SANOFI CONSUMER HEALTH INC,ALLEGRA-D (chlorhydrate de fexofénadine 60 mg et chlorhydrate de pseudoéphédrine 120 mg comprimé oral à libération prolongée) SANOFI CONSUMER HEALTH INC,"mp_formal_name: ""ALLEGRA-D (fexofenadine hydrochloride 60 mg and pseudoephedrine hydrochloride 120 mg m̲o̲d̲i̲f̲i̲ed-release oral tablet) SANOFI CONSUMER HEALTH INC"" -> ""ALLEGRA-D (fexofenadine hydrochloride 60 mg and pseudoephedrine hydrochloride 120 mg p̲r̲o̲l̲o̲n̲g̲ed-release oral tablet) SANOFI CONSUMER HEALTH INC""
mp_fr_description: ""ALLEGRA-D (chlorhydrate de fexofénadine 60 mg et chlorhydrate de pseudoéphédrine 120 mg comprimé oral à libération m̲o̲d̲i̲f̲i̲ée) SANOFI CONSUMER HEALTH INC"" -> ""ALLEGRA-D (chlorhydrate de fexofénadine 60 mg et chlorhydrate de pseudoéphédrine 120 mg comprimé oral à libération p̲r̲o̲l̲o̲n̲g̲ée) SANOFI CONSUMER HEALTH INC"""
65288,02241630,AMBISOME (amphotericin B 50 mg per vial powder for solution for injection) ASTELLAS PHARMA CANADA INC,AMBISOME (amphotéricine B 50 mg par fiole poudre pour solution injectable) ASTELLAS PHARMA CANADA INC,ADDED
65336,02241676,POTASSIUM CHLORIDE INJECTION (potassium (potassium chloride) 10 mmol per 100 mL solution for injection bag) BAXTER CORPORATION,POTASSIUM CHLORIDE INJECTION (potassium (chlorure de potassium) 10 mmol par 100 mL solution injectable sac) BAXTER CORPORATION,ADDED
65337,02241677,POTASSIUM CHLORIDE INJECTION (potassium chloride 20 meq per 100 mL solution for injection) BAXTER CORPORATION,POTASSIUM CHLORIDE INJECTION (chlorure de potassium 20 meq par 100 mL solution injectable) BAXTER CORPORATION,ADDED
65339,02241679,POTASSIUM CHLORIDE INJECTION (potassium chloride 40 meq per 100 mL solution for injection) BAXTER CORPORATION,POTASSIUM CHLORIDE INJECTION (chlorure de potassium 40 meq par 100 mL solution injectable) BAXTER CORPORATION,ADDED
65795,02242119,AGGRENOX (acetylsalicylic acid 25 mg and dipyridamole 200 mg prolonged-release oral capsule) BOEHRINGER INGELHEIM (CANADA) LTD LTEE,AGGRENOX (acide acétylsalicylique 25 mg et dipyridamole 200 mg capsule orale à libération prolongée) BOEHRINGER INGELHEIM (CANADA) LTD LTEE,"mp_formal_name: ""AGGRENOX (acetylsalicylic acid 25 mg and dipyridamole 200 mg m̲o̲d̲i̲f̲i̲ed-release oral capsule) BOEHRINGER INGELHEIM (CANADA) LTD LTEE"" -> ""AGGRENOX (acetylsalicylic acid 25 mg and dipyridamole 200 mg p̲r̲o̲l̲o̲n̲g̲ed-release oral capsule) BOEHRINGER INGELHEIM (CANADA) LTD LTEE""
mp_fr_description: ""AGGRENOX (acide acétylsalicylique 25 mg et dipyridamole 200 mg capsule orale à libération m̲o̲d̲i̲f̲i̲ée) BOEHRINGER INGELHEIM (CANADA) LTD LTEE"" -> ""AGGRENOX (acide acétylsalicylique 25 mg et dipyridamole 200 mg capsule orale à libération p̲r̲o̲l̲o̲n̲g̲ée) BOEHRINGER INGELHEIM (CANADA) LTD LTEE"""
66672,02242842,DIGISAN E FOAM HAND SANITIZER (benzalkonium chloride 0.1 % cutaneous liquid) ECOLAB CO,"DIGISAN E FOAM HAND SANITIZER (chlorure de benzalkonium 0,1 % liquide cutané) ECOLAB CO",ADDED
66676,02242846,DIGICLEAN ANTIBACTERIAL FOAM HAND SOAP (triclosan 0.3 % cutaneous liquid) ECOLAB CO,"DIGICLEAN ANTIBACTERIAL FOAM HAND SOAP (triclosan 0,3 % liquide cutané) ECOLAB CO",ADDED
66677,02242847,DIGICLEAN E FOAM HAND SOAP (chloroxylenol 1 % cutaneous liquid) ECOLAB CO,DIGICLEAN E FOAM HAND SOAP (chloroxylénol 1 % liquide cutané) ECOLAB CO,ADDED
66915,02243053,PEPCID COMPLETE (calcium carbonate 800 mg and famotidine 10 mg and magnesium hydroxide 165 mg chewable tablet) KENVUE CANADA INC.,PEPCID COMPLETE (carbonate de calcium 800 mg et famotidine 10 mg et hydroxyde de magnésium 165 mg comprimé à croquer) KENVUE CANADA INC.,"mp_formal_name: ""PEPCID COMPLETE (calcium carbonate 800 mg and famotidine 10 mg and magnesium hydroxide 165 mg chewable tablet) M̲C̲N̲E̲I̲L̲ ̲C̲O̲N̲S̲U̲M̲E̲R̲ ̲H̲E̲A̲L̲T̲H̲C̲A̲R̲E̲ ̲D̲I̲V̲I̲S̲I̲O̲N̲ ̲O̲F̲ ̲J̲O̲H̲N̲S̲O̲N̲ ̲&̲ ̲J̲O̲H̲N̲S̲O̲N̲ ̲I̲N̲C̲"" -> ""PEPCID COMPLETE (calcium carbonate 800 mg and famotidine 10 mg and magnesium hydroxide 165 mg chewable tablet) K̲E̲N̲V̲U̲E̲ ̲C̲A̲N̲A̲D̲A̲ ̲I̲N̲C̲.̲""
mp_fr_description: ""PEPCID COMPLETE (carbonate de calcium 800 mg et famotidine 10 mg et hydroxyde de magnésium 165 mg comprimé à croquer) M̲C̲N̲E̲I̲L̲ ̲C̲O̲N̲S̲U̲M̲E̲R̲ ̲H̲E̲A̲L̲T̲H̲C̲A̲R̲E̲ ̲D̲I̲V̲I̲S̲I̲O̲N̲ ̲O̲F̲ ̲J̲O̲H̲N̲S̲O̲N̲ ̲&̲ ̲J̲O̲H̲N̲S̲O̲N̲ ̲I̲N̲C̲"" -> ""PEPCID COMPLETE (carbonate de calcium 800 mg et famotidine 10 mg et hydroxyde de magnésium 165 mg comprimé à croquer) K̲E̲N̲V̲U̲E̲ ̲C̲A̲N̲A̲D̲A̲ ̲I̲N̲C̲.̲"""
67838,02243896,EXACT COATED DAILY LOW-DOSE ASA (acetylsalicylic acid 81 mg gastro-resistant tablet) PHARMASCIENCE INC,EXACT COATED DAILY LOW-DOSE ASA (acide acétylsalicylique 81 mg comprimé gastrorésistant) PHARMASCIENCE INC,"mp_status_effective_time: ""20190730"" -> ""20250704"""
67891,02243948,PUREGON (follitropin beta 833 unit per mL solution for injection) ORGANON CANADA INC.,PUREGON (follitropine bêta 833 unité par mL solution injectable) ORGANON CANADA INC.,ADDED
67995,02244052,KEYSTONE ANTIBACTERIAL FOAM HAND SOAP (triclosan 0.3 % cutaneous liquid) ECOLAB CO,"KEYSTONE ANTIBACTERIAL FOAM HAND SOAP (triclosan 0,3 % liquide cutané) ECOLAB CO",ADDED
69200,02245185,IMODIUM COMPLETE (loperamide hydrochloride 2 mg and simethicone 125 mg oral tablet) KENVUE CANADA INC.,IMODIUM COMPLETE (chlorhydrate de lopéramide 2 mg et siméticone 125 mg comprimé oral) KENVUE CANADA INC.,"mp_formal_name: ""IMODIUM COMPLETE (loperamide hydrochloride 2 mg and simethicone 125 mg oral tablet) M̲C̲N̲E̲I̲L̲ ̲C̲O̲N̲S̲U̲M̲E̲R̲ ̲H̲E̲A̲L̲T̲H̲C̲A̲R̲E̲ ̲D̲I̲V̲I̲S̲I̲O̲N̲ ̲O̲F̲ ̲J̲O̲H̲N̲S̲O̲N̲ ̲&̲ ̲J̲O̲H̲N̲S̲O̲N̲ ̲I̲N̲C̲"" -> ""IMODIUM COMPLETE (loperamide hydrochloride 2 mg and simethicone 125 mg oral tablet) K̲E̲N̲V̲U̲E̲ ̲C̲A̲N̲A̲D̲A̲ ̲I̲N̲C̲.̲""
mp_fr_description: ""IMODIUM COMPLETE (chlorhydrate de lopéramide 2 mg et siméticone 125 mg comprimé oral) M̲C̲N̲E̲I̲L̲ ̲C̲O̲N̲S̲U̲M̲E̲R̲ ̲H̲E̲A̲L̲T̲H̲C̲A̲R̲E̲ ̲D̲I̲V̲I̲S̲I̲O̲N̲ ̲O̲F̲ ̲J̲O̲H̲N̲S̲O̲N̲ ̲&̲ ̲J̲O̲H̲N̲S̲O̲N̲ ̲I̲N̲C̲"" -> ""IMODIUM COMPLETE (chlorhydrate de lopéramide 2 mg et siméticone 125 mg comprimé oral) K̲E̲N̲V̲U̲E̲ ̲C̲A̲N̲A̲D̲A̲ ̲I̲N̲C̲.̲"""
70445,02246284,PMS-BRIMONIDINE (brimonidine tartrate 0.2 % ophthalmic drops) PHARMASCIENCE INC,"PMS-BRIMONIDINE (tartrate de brimonidine 0,2 % gouttes ophtalmiques) PHARMASCIENCE INC","mp_status_effective_time: ""20190730"" -> ""20250704"""
70601,02246427,KEYSTONE FOAM HAND SANITIZER (benzalkonium chloride 0.1 % cutaneous liquid) ECOLAB CO,"KEYSTONE FOAM HAND SANITIZER (chlorure de benzalkonium 0,1 % liquide cutané) ECOLAB CO",ADDED
71113,02246888,AVAGARD CHG (alcohol anhydrous 61 % and chlorhexidine gluconate 1 % lotion) 3M HEALTHCARE CANADA COMPANY LIMITED,AVAGARD CHG (alcool anhydre 61 % et gluconate de chlorhexidine 1 % lotion) 3M HEALTHCARE CANADA COMPANY LIMITED,ADDED
71189,02246962,PYLERA (bismuth oxide (bismuth subcitrate potassium) 40 mg and metronidazole 125 mg and tetracycline hydrochloride 125 mg oral capsule) LABORATOIRES JUVISE PHARMACEUTICALS,PYLERA (oxyde de bismuth (sous-citrate de bismuth potassique) 40 mg et métronidazole 125 mg et chlorhydrate de tétracycline 125 mg capsule orale) LABORATOIRES JUVISE PHARMACEUTICALS,ADDED
72225,02247916,"CIPRO XL (ciprofloxacin (ciprofloxacin, ciprofloxacin hydrochloride) 500 mg prolonged-release oral tablet) BAYER INC","CIPRO XL (ciprofloxacine (ciprofloxacine, chlorhydrate de ciprofloxacine) 500 mg comprimé oral à libération prolongée) BAYER INC","mp_formal_name: ""CIPRO XL (ciprofloxacin (ciprofloxacin, ciprofloxacin hydrochloride) 500 mg m̲o̲d̲i̲f̲i̲ed-release oral tablet) BAYER INC"" -> ""CIPRO XL (ciprofloxacin (ciprofloxacin, ciprofloxacin hydrochloride) 500 mg p̲r̲o̲l̲o̲n̲g̲ed-release oral tablet) BAYER INC""
mp_fr_description: ""CIPRO XL (ciprofloxacine (ciprofloxacine, chlorhydrate de ciprofloxacine) 500 mg comprimé oral à libération m̲o̲d̲i̲f̲i̲ée) BAYER INC"" -> ""CIPRO XL (ciprofloxacine (ciprofloxacine, chlorhydrate de ciprofloxacine) 500 mg comprimé oral à libération p̲r̲o̲l̲o̲n̲g̲ée) BAYER INC"""
72244,02247934,APO-CARVEDILOL (carvedilol 6.25 mg oral tablet) APOTEX INC,"APO-CARVEDILOL (carvédilol 6,25 mg comprimé oral) APOTEX INC",DELETED
73309,02248934,BICARBONATE CONCENTRATE B38 (sodium bicarbonate 80.7 g per l solution for haemodialysis) CHIEF MEDICAL SUPPLIES LTD,"BICARBONATE CONCENTRATE B38 (bicarbonate de sodium 80,7 g par l solution pour hémodialyse) CHIEF MEDICAL SUPPLIES LTD",ADDED
73418,02249340,ANTIBACTERIAL LOTION SOAP (triclosan 0.4 % NA) CHARLOTTE PRODUCTS LTD.,"ANTIBACTERIAL LOTION SOAP (triclosan 0,4 % NA) CHARLOTTE PRODUCTS LTD.",ADDED
73669,02251787,"CIPRO XL (ciprofloxacin (ciprofloxacin, ciprofloxacin hydrochloride) 1000 mg prolonged-release oral tablet) BAYER INC","CIPRO XL (ciprofloxacine (ciprofloxacine, chlorhydrate de ciprofloxacine) 1000 mg comprimé oral à libération prolongée) BAYER INC","mp_formal_name: ""CIPRO XL (ciprofloxacin (ciprofloxacin, ciprofloxacin hydrochloride) 1000 mg m̲o̲d̲i̲f̲i̲ed-release oral tablet) BAYER INC"" -> ""CIPRO XL (ciprofloxacin (ciprofloxacin, ciprofloxacin hydrochloride) 1000 mg p̲r̲o̲l̲o̲n̲g̲ed-release oral tablet) BAYER INC""
mp_fr_description: ""CIPRO XL (ciprofloxacine (ciprofloxacine, chlorhydrate de ciprofloxacine) 1000 mg comprimé oral à libération m̲o̲d̲i̲f̲i̲ée) BAYER INC"" -> ""CIPRO XL (ciprofloxacine (ciprofloxacine, chlorhydrate de ciprofloxacine) 1000 mg comprimé oral à libération p̲r̲o̲l̲o̲n̲g̲ée) BAYER INC"""
73930,02254409,GRAVOL IMMEDIATE RELEASE & LONG ACTING CAPLETS (dimenhydrinate 100 mg prolonged-release oral tablet) CHURCH & DWIGHT CANADA CORP,GRAVOL IMMEDIATE RELEASE & LONG ACTING CAPLETS (dimenhydrinate 100 mg comprimé oral à libération prolongée) CHURCH & DWIGHT CANADA CORP,"mp_formal_name: ""GRAVOL IMMEDIATE RELEASE & LONG ACTING CAPLETS (dimenhydrinate 100 mg m̲o̲d̲i̲f̲i̲ed-release oral tablet) CHURCH & DWIGHT CANADA CORP"" -> ""GRAVOL IMMEDIATE RELEASE & LONG ACTING CAPLETS (dimenhydrinate 100 mg p̲r̲o̲l̲o̲n̲g̲ed-release oral tablet) CHURCH & DWIGHT CANADA CORP""
mp_fr_description: ""GRAVOL IMMEDIATE RELEASE & LONG ACTING CAPLETS (dimenhydrinate 100 mg comprimé oral à libération m̲o̲d̲i̲f̲i̲ée) CHURCH & DWIGHT CANADA CORP"" -> ""GRAVOL IMMEDIATE RELEASE & LONG ACTING CAPLETS (dimenhydrinate 100 mg comprimé oral à libération p̲r̲o̲l̲o̲n̲g̲ée) CHURCH & DWIGHT CANADA CORP"""
74161,02256371,CLOBEX SHAMPOO (clobetasol propionate 0.05 % shampoo) GALDERMA CANADA INC.,"CLOBEX SHAMPOO (propionate de clobétasol 0,05 % shampoing) GALDERMA CANADA INC.","mp_formal_name: ""CLOBEX SHAMPOO (clobetasol propionate 0.05 % shampoo) GALDERMA CANADA INC"" -> ""CLOBEX SHAMPOO (clobetasol propionate 0.05 % shampoo) GALDERMA CANADA INC.̲""
mp_fr_description: ""CLOBEX SHAMPOO (propionate de clobétasol 0,05 % shampoing) GALDERMA CANADA INC"" -> ""CLOBEX SHAMPOO (propionate de clobétasol 0,05 % shampoing) GALDERMA CANADA INC.̲"""
74601,02260557,CLARITIN ALLERGY + SINUS EXTRA STRENGTH (loratadine 10 mg and pseudoephedrine sulfate 240 mg prolonged-release oral tablet) BAYER INC,CLARITIN ALLERGY + SINUS EXTRA STRENGTH (loratadine 10 mg et sulfate de pseudoéphédrine 240 mg comprimé oral à libération prolongée) BAYER INC,"mp_formal_name: ""CLARITIN ALLERGY + SINUS EXTRA STRENGTH (loratadine 10 mg and pseudoephedrine sulfate 240 mg m̲o̲d̲i̲f̲i̲ed-release oral tablet) BAYER INC"" -> ""CLARITIN ALLERGY + SINUS EXTRA STRENGTH (loratadine 10 mg and pseudoephedrine sulfate 240 mg p̲r̲o̲l̲o̲n̲g̲ed-release oral tablet) BAYER INC""
mp_fr_description: ""CLARITIN ALLERGY + SINUS EXTRA STRENGTH (loratadine 10 mg et sulfate de pseudoéphédrine 240 mg comprimé oral à libération m̲o̲d̲i̲f̲i̲ée) BAYER INC"" -> ""CLARITIN ALLERGY + SINUS EXTRA STRENGTH (loratadine 10 mg et sulfate de pseudoéphédrine 240 mg comprimé oral à libération p̲r̲o̲l̲o̲n̲g̲ée) BAYER INC"""
75279,02267365,INO-F-SAN INSTANT HAND SANITIZER (benzethonium chloride 0.2 % cutaneous liquid) GROUPE DISSAN INC.,"INO-F-SAN INSTANT HAND SANITIZER (chlorure de benzéthonium 0,2 % liquide cutané) GROUPE DISSAN INC.",ADDED
75280,02267373,INO-F ANTIBAC ANTIBACTERIAL HAND SOAP (triclosan 0.5 % cutaneous liquid) GROUPE DISSAN INC.,"INO-F ANTIBAC ANTIBACTERIAL HAND SOAP (triclosan 0,5 % liquide cutané) GROUPE DISSAN INC.",ADDED
75449,02269090,TRUSOPT PRESERVATIVE-FREE (dorzolamide (dorzolamide hydrochloride) 2 % ophthalmic drops) ELVIUM LIFE SCIENCES,TRUSOPT PRESERVATIVE-FREE (dorzolamide (chlorhydrate de dorzolamide) 2 % gouttes ophtalmiques) ELVIUM LIFE SCIENCES,DELETED
75473,02269341,KIVEXA (abacavir (abacavir sulfate) 600 mg and lamivudine 300 mg oral tablet) VIIV HEALTHCARE ULC,KIVEXA (abacavir (sulfate d'abacavir) 600 mg et lamivudine 300 mg comprimé oral) VIIV HEALTHCARE ULC,DELETED
75580,02270420,SOAPOPULAR (benzalkonium chloride 0.15 % cutaneous liquid) SOAPOPULAR INC,"SOAPOPULAR (chlorure de benzalkonium 0,15 % liquide cutané) SOAPOPULAR INC",ADDED
75622,02270862,PMS-MOMETASONE (mometasone furoate 0.1 % cutaneous ointment) PHARMASCIENCE INC,"PMS-MOMETASONE (furoate de mométasone 0,1 % pommade cutanée) PHARMASCIENCE INC","mp_status_effective_time: ""20170803"" -> ""20250704"""
75626,02270889,RIVA-ALENDRONATE (alendronic acid (alendronate sodium) 70 mg oral tablet) LABORATOIRE RIVA INC.,RIVA-ALENDRONATE (acide alendronique (alendronate sodique) 70 mg comprimé oral) LABORATOIRE RIVA INC.,"Health_Canada_product_name: ""RIVA-ALENDRONATE FC"" -> ""RIVA-ALENDRONATE""
mp_formal_name: ""RIVA-ALENDRONATE ̲F̲C̲ (alendronic acid (alendronate sodium) 70 mg oral tablet) LABORATOIRE RIVA INC."" -> ""RIVA-ALENDRONATE (alendronic acid (alendronate sodium) 70 mg oral tablet) LABORATOIRE RIVA INC.""
mp_fr_description: ""RIVA-ALENDRONATE ̲F̲C̲ (acide alendronique (alendronate sodique) 70 mg comprimé oral) LABORATOIRE RIVA INC."" -> ""RIVA-ALENDRONATE (acide alendronique (alendronate sodique) 70 mg comprimé oral) LABORATOIRE RIVA INC."""
75884,02273357,MAXIMUM STRENGTH PEPCID AC (famotidine 20 mg oral tablet) KENVUE CANADA INC.,MAXIMUM STRENGTH PEPCID AC (famotidine 20 mg comprimé oral) KENVUE CANADA INC.,"mp_formal_name: ""MAXIMUM STRENGTH PEPCID AC (famotidine 20 mg oral tablet) M̲C̲N̲E̲I̲L̲ ̲C̲O̲N̲S̲U̲M̲E̲R̲ ̲H̲E̲A̲L̲T̲H̲C̲A̲R̲E̲ ̲D̲I̲V̲I̲S̲I̲O̲N̲ ̲O̲F̲ ̲J̲O̲H̲N̲S̲O̲N̲ ̲&̲ ̲J̲O̲H̲N̲S̲O̲N̲ ̲I̲N̲C̲"" -> ""MAXIMUM STRENGTH PEPCID AC (famotidine 20 mg oral tablet) K̲E̲N̲V̲U̲E̲ ̲C̲A̲N̲A̲D̲A̲ ̲I̲N̲C̲.̲""
mp_fr_description: ""MAXIMUM STRENGTH PEPCID AC (famotidine 20 mg comprimé oral) M̲C̲N̲E̲I̲L̲ ̲C̲O̲N̲S̲U̲M̲E̲R̲ ̲H̲E̲A̲L̲T̲H̲C̲A̲R̲E̲ ̲D̲I̲V̲I̲S̲I̲O̲N̲ ̲O̲F̲ ̲J̲O̲H̲N̲S̲O̲N̲ ̲&̲ ̲J̲O̲H̲N̲S̲O̲N̲ ̲I̲N̲C̲"" -> ""MAXIMUM STRENGTH PEPCID AC (famotidine 20 mg comprimé oral) K̲E̲N̲V̲U̲E̲ ̲C̲A̲N̲A̲D̲A̲ ̲I̲N̲C̲.̲"""
75946,02274000,DIFFERIN XP (adapalene 0.3 % cutaneous gel) GALDERMA CANADA INC.,"DIFFERIN XP (adapalène 0,3 % gel cutané) GALDERMA CANADA INC.","mp_formal_name: ""DIFFERIN XP (adapalene 0.3 % cutaneous gel) GALDERMA CANADA INC"" -> ""DIFFERIN XP (adapalene 0.3 % cutaneous gel) GALDERMA CANADA INC.̲""
mp_fr_description: ""DIFFERIN XP (adapalène 0,3 % gel cutané) GALDERMA CANADA INC"" -> ""DIFFERIN XP (adapalène 0,3 % gel cutané) GALDERMA CANADA INC.̲"""
76258,02276917,QUICK CLEAN (chloroxylenol 1 % cutaneous gel) SPRAKITA PRODUCTS,QUICK CLEAN (chloroxylénol 1 % gel cutané) SPRAKITA PRODUCTS,ADDED
76673,02281066,ABRAXANE FOR INJECTABLE SUSPENSION (paclitaxel 100 mg per vial powder for suspension for injection) BRISTOL-MYERS SQUIBB CANADA,ABRAXANE FOR INJECTABLE SUSPENSION (paclitaxel 100 mg par fiole poudre pour suspension injectable) BRISTOL-MYERS SQUIBB CANADA,ADDED
76939,02283816,ANTIBACTERIAL CLEAN & SMOOTH (triclosan 0.3 % cutaneous solution) ECOLAB CO,"ANTIBACTERIAL CLEAN & SMOOTH (triclosan 0,3 % solution pour application cutanée) ECOLAB CO",ADDED
77010,02284537,PMS-ASA EC (acetylsalicylic acid 650 mg gastro-resistant tablet) PHARMASCIENCE INC,PMS-ASA EC (acide acétylsalicylique 650 mg comprimé gastrorésistant) PHARMASCIENCE INC,"mp_status_effective_time: ""20180802"" -> ""20250704"""
77627,02290855,X3 CLEAN GERM ATTACK HAND SANITIZER (benzalkonium chloride 0.13 % cutaneous solution) NATURAL ESSENTIALS INC,"X3 CLEAN GERM ATTACK HAND SANITIZER (chlorure de benzalkonium 0,13 % solution pour application cutanée) NATURAL ESSENTIALS INC",ADDED
78001,02294664,OCTAPLEX (coagulation factor ii (human) 760 unit per vial and coagulation factor IX human 500 unit per vial and coagulation factor vii (human) 480 unit per vial and coagulation factor x (human) 600 unit per vial and protein c 620 unit per vial and protein s 640 unit per vial NA) OCTAPHARMA PHARMAZEUTIKA PRODUKTIONSGES M B H,OCTAPLEX (facteur II de coagulation humain 760 unité par fiole et facteur IX de coagulation humain 500 unité par fiole et facteur VII de coagulation humain 480 unité par fiole et facteur X de coagulation humain 600 unité par fiole et protéine c 620 unité par fiole et protéine s 640 unité par fiole NA) OCTAPHARMA PHARMAZEUTIKA PRODUKTIONSGES M B H,ADDED
78139,02296039,TAPAZOLE (methimazole 10 mg oral tablet) KNIGHT THERAPEUTICS INC.,TAPAZOLE (méthimazole 10 mg comprimé oral) KNIGHT THERAPEUTICS INC.,"mp_formal_name: ""TAPAZOLE (methimazole 10 mg oral tablet) E̲N̲D̲O̲ ̲O̲P̲E̲R̲A̲T̲I̲O̲N̲S̲ ̲L̲T̲D̲."" -> ""TAPAZOLE (methimazole 10 mg oral tablet) K̲N̲I̲G̲H̲T̲ ̲T̲H̲E̲R̲A̲P̲E̲U̲T̲I̲C̲S̲ ̲I̲N̲C̲.""
mp_fr_description: ""TAPAZOLE (méthimazole 10 mg comprimé oral) E̲N̲D̲O̲ ̲O̲P̲E̲R̲A̲T̲I̲O̲N̲S̲ ̲L̲T̲D̲."" -> ""TAPAZOLE (méthimazole 10 mg comprimé oral) K̲N̲I̲G̲H̲T̲ ̲T̲H̲E̲R̲A̲P̲E̲U̲T̲I̲C̲S̲ ̲I̲N̲C̲."""
78314,02297809,METROGEL 1% (metronidazole 1 % cutaneous gel) GALDERMA CANADA INC.,METROGEL 1% (métronidazole 1 % gel cutané) GALDERMA CANADA INC.,"mp_formal_name: ""METROGEL 1% (metronidazole 1 % cutaneous gel) GALDERMA CANADA INC"" -> ""METROGEL 1% (metronidazole 1 % cutaneous gel) GALDERMA CANADA INC.̲""
mp_fr_description: ""METROGEL 1% (métronidazole 1 % gel cutané) GALDERMA CANADA INC"" -> ""METROGEL 1% (métronidazole 1 % gel cutané) GALDERMA CANADA INC.̲"""
78510,02299739,CLOBEX SPRAY (clobetasol propionate 0.05 % cutaneous spray) GALDERMA CANADA INC.,"CLOBEX SPRAY (propionate de clobétasol 0,05 % vaporisation cutanée) GALDERMA CANADA INC.","mp_formal_name: ""CLOBEX SPRAY (clobetasol propionate 0.05 % cutaneous spray) GALDERMA CANADA INC"" -> ""CLOBEX SPRAY (clobetasol propionate 0.05 % cutaneous spray) GALDERMA CANADA INC.̲""
mp_fr_description: ""CLOBEX SPRAY (propionate de clobétasol 0,05 % vaporisation cutanée) GALDERMA CANADA INC"" -> ""CLOBEX SPRAY (propionate de clobétasol 0,05 % vaporisation cutanée) GALDERMA CANADA INC.̲"""
78818,02302861,TEVA-PIOGLITAZONE (pioglitazone (pioglitazone hydrochloride) 15 mg oral tablet) TEVA CANADA LIMITED,TEVA-PIOGLITAZONE (pioglitazone (chlorhydrate de pioglitazone) 15 mg comprimé oral) TEVA CANADA LIMITED,"Health_Canada_product_name: ""ACT PIOGLITAZONE"" -> ""TEVA-PIOGLITAZONE""
mp_formal_name: ""A̲C̲T̲ ̲PIOGLITAZONE (pioglitazone (pioglitazone hydrochloride) 15 mg oral tablet) TEVA CANADA LIMITED"" -> ""T̲E̲V̲A̲-̲PIOGLITAZONE (pioglitazone (pioglitazone hydrochloride) 15 mg oral tablet) TEVA CANADA LIMITED""
mp_fr_description: ""A̲C̲T̲ ̲PIOGLITAZONE (pioglitazone (chlorhydrate de pioglitazone) 15 mg comprimé oral) TEVA CANADA LIMITED"" -> ""T̲E̲V̲A̲-̲PIOGLITAZONE (pioglitazone (chlorhydrate de pioglitazone) 15 mg comprimé oral) TEVA CANADA LIMITED"""
78819,02302888,TEVA-PIOGLITAZONE (pioglitazone (pioglitazone hydrochloride) 30 mg oral tablet) TEVA CANADA LIMITED,TEVA-PIOGLITAZONE (pioglitazone (chlorhydrate de pioglitazone) 30 mg comprimé oral) TEVA CANADA LIMITED,"Health_Canada_product_name: ""ACT PIOGLITAZONE"" -> ""TEVA-PIOGLITAZONE""
mp_formal_name: ""A̲C̲T̲ ̲PIOGLITAZONE (pioglitazone (pioglitazone hydrochloride) 30 mg oral tablet) TEVA CANADA LIMITED"" -> ""T̲E̲V̲A̲-̲PIOGLITAZONE (pioglitazone (pioglitazone hydrochloride) 30 mg oral tablet) TEVA CANADA LIMITED""
mp_fr_description: ""A̲C̲T̲ ̲PIOGLITAZONE (pioglitazone (chlorhydrate de pioglitazone) 30 mg comprimé oral) TEVA CANADA LIMITED"" -> ""T̲E̲V̲A̲-̲PIOGLITAZONE (pioglitazone (chlorhydrate de pioglitazone) 30 mg comprimé oral) TEVA CANADA LIMITED"""
78820,02302896,TEVA-PIOGLITAZONE (pioglitazone (pioglitazone hydrochloride) 45 mg oral tablet) TEVA CANADA LIMITED,TEVA-PIOGLITAZONE (pioglitazone (chlorhydrate de pioglitazone) 45 mg comprimé oral) TEVA CANADA LIMITED,"Health_Canada_product_name: ""ACT PIOGLITAZONE"" -> ""TEVA-PIOGLITAZONE""
mp_formal_name: ""A̲C̲T̲ ̲PIOGLITAZONE (pioglitazone (pioglitazone hydrochloride) 45 mg oral tablet) TEVA CANADA LIMITED"" -> ""T̲E̲V̲A̲-̲PIOGLITAZONE (pioglitazone (pioglitazone hydrochloride) 45 mg oral tablet) TEVA CANADA LIMITED""
mp_fr_description: ""A̲C̲T̲ ̲PIOGLITAZONE (pioglitazone (chlorhydrate de pioglitazone) 45 mg comprimé oral) TEVA CANADA LIMITED"" -> ""T̲E̲V̲A̲-̲PIOGLITAZONE (pioglitazone (chlorhydrate de pioglitazone) 45 mg comprimé oral) TEVA CANADA LIMITED"""
78942,02304112,"WET ONES (benzethonium chloride 0.3 % wipe) EDGEWELL PERSONAL CARE CANADA, ULC","WET ONES (chlorure de benzéthonium 0,3 % lingette) EDGEWELL PERSONAL CARE CANADA, ULC",ADDED
79962,02314126,PHENREX MVD (chloroxylenol 0.6 % cutaneous solution) IMREX INC.,"PHENREX MVD (chloroxylénol 0,6 % solution pour application cutanée) IMREX INC.",ADDED
80876,02323273,METVIX (methyl aminolevulinate (methyl aminolevulinate hydrochloride) 168 mg per g cutaneous cream) GALDERMA CANADA INC.,METVIX (aminolévulinate méthylique (chlorhydrate d'aminolévulinate méthylique) 168 mg par g crème cutanée) GALDERMA CANADA INC.,"mp_formal_name: ""METVIX (methyl aminolevulinate (methyl aminolevulinate hydrochloride) 168 mg per g cutaneous cream) GALDERMA CANADA INC"" -> ""METVIX (methyl aminolevulinate (methyl aminolevulinate hydrochloride) 168 mg per g cutaneous cream) GALDERMA CANADA INC.̲""
mp_fr_description: ""METVIX (aminolévulinate méthylique (chlorhydrate d'aminolévulinate méthylique) 168 mg par g crème cutanée) GALDERMA CANADA INC"" -> ""METVIX (aminolévulinate méthylique (chlorhydrate d'aminolévulinate méthylique) 168 mg par g crème cutanée) GALDERMA CANADA INC.̲"""
80993,02324482,PRO-CLARITHROMYCIN (clarithromycin 250 mg oral tablet) PRO DOC LIMITEE,PRO-CLARITHROMYCIN (clarithromycine 250 mg comprimé oral) PRO DOC LIMITEE,"Health_Canada_product_name: ""CLARITHROMYCIN"" -> ""PRO-CLARITHROMYCIN""
mp_formal_name: ""CLARITHROMYCIN (clarithromycin 250 mg oral tablet) PRO DOC LIMITEE"" -> ""P̲R̲O̲-̲CLARITHROMYCIN (clarithromycin 250 mg oral tablet) PRO DOC LIMITEE""
mp_fr_description: ""CLARITHROMYCIN (clarithromycine 250 mg comprimé oral) PRO DOC LIMITEE"" -> ""P̲R̲O̲-̲CLARITHROMYCIN (clarithromycine 250 mg comprimé oral) PRO DOC LIMITEE"""
80994,02324490,PRO-CLARITHROMYCIN (clarithromycin 500 mg oral tablet) PRO DOC LIMITEE,PRO-CLARITHROMYCIN (clarithromycine 500 mg comprimé oral) PRO DOC LIMITEE,"Health_Canada_product_name: ""CLARITHROMYCIN"" -> ""PRO-CLARITHROMYCIN""
mp_formal_name: ""CLARITHROMYCIN (clarithromycin 500 mg oral tablet) PRO DOC LIMITEE"" -> ""P̲R̲O̲-̲CLARITHROMYCIN (clarithromycin 500 mg oral tablet) PRO DOC LIMITEE""
mp_fr_description: ""CLARITHROMYCIN (clarithromycine 500 mg comprimé oral) PRO DOC LIMITEE"" -> ""P̲R̲O̲-̲CLARITHROMYCIN (clarithromycine 500 mg comprimé oral) PRO DOC LIMITEE"""
81095,02325586,BIBAG (sodium bicarbonate 650 g per bag powder for concentrate for solution for haemodialysis) FRESENIUS MEDICAL CARE CANADA INC,BIBAG (bicarbonate de sodium 650 g par sac poudre pour solution à diluer pour solution pour hémodialyse) FRESENIUS MEDICAL CARE CANADA INC,ADDED
81113,02325772,HEMACART (sodium bicarbonate 650 g per cartridge powder for concentrate for solution for haemodialysis) CHIEF MEDICAL SUPPLIES LTD,HEMACART (bicarbonate de sodium 650 g par cartouche poudre pour solution à diluer pour solution pour hémodialyse) CHIEF MEDICAL SUPPLIES LTD,ADDED
81195,02326590,PMS-ROPINIROLE (ropinirole (ropinirole hydrochloride) 0.25 mg oral tablet) PHARMASCIENCE INC,"PMS-ROPINIROLE (ropinirole (chlorhydrate de ropinirole) 0,25 mg comprimé oral) PHARMASCIENCE INC","mp_status_effective_time: ""20190529"" -> ""20250704"""
81197,02326612,PMS-ROPINIROLE (ropinirole (ropinirole hydrochloride) 1 mg oral tablet) PHARMASCIENCE INC,PMS-ROPINIROLE (ropinirole (chlorhydrate de ropinirole) 1 mg comprimé oral) PHARMASCIENCE INC,"mp_status_effective_time: ""20190602"" -> ""20251229"""
81198,02326620,PMS-ROPINIROLE (ropinirole (ropinirole hydrochloride) 2 mg oral tablet) PHARMASCIENCE INC,PMS-ROPINIROLE (ropinirole (chlorhydrate de ropinirole) 2 mg comprimé oral) PHARMASCIENCE INC,"mp_status_effective_time: ""20190531"" -> ""20251230"""
81199,02326639,PMS-ROPINIROLE (ropinirole (ropinirole hydrochloride) 5 mg oral tablet) PHARMASCIENCE INC,PMS-ROPINIROLE (ropinirole (chlorhydrate de ropinirole) 5 mg comprimé oral) PHARMASCIENCE INC,"mp_status_effective_time: ""20180802"" -> ""20251230"""
82422,02338572,SILKIS (calcitriol 3 mcg per g cutaneous ointment) GALDERMA CANADA INC.,SILKIS (calcitriol 3 mcg par g pommade cutanée) GALDERMA CANADA INC.,"mp_formal_name: ""SILKIS (calcitriol 3 mcg per g cutaneous ointment) GALDERMA CANADA INC"" -> ""SILKIS (calcitriol 3 mcg per g cutaneous ointment) GALDERMA CANADA INC.̲""
mp_fr_description: ""SILKIS (calcitriol 3 mcg par g pommade cutanée) GALDERMA CANADA INC"" -> ""SILKIS (calcitriol 3 mcg par g pommade cutanée) GALDERMA CANADA INC.̲"""
82498,02339366,PRECEDEX (dexmedetomidine (dexmedetomidine hydrochloride) 200 mcg per 2 mL solution for injection vial) PFIZER CANADA ULC,PRECEDEX (dexmédétomidine (chlorhydrate de dexmédétomidine) 200 mcg par 2 mL solution injectable fiole) PFIZER CANADA ULC,DELETED
83971,02354543,LORIS 0.13% BZK (benzalkonium chloride 0.13 % wipe) LERNAPHARM (LORIS) INC.,"LORIS 0.13% BZK (chlorure de benzalkonium 0,13 % lingette) LERNAPHARM (LORIS) INC.",ADDED
84093,02355736,BENZALKONIUM CHLORIDE ANTISEPTIC TOWELETTE (benzalkonium chloride 0.13 % wipe) CANADIAN CUSTOM PACKAGING COMPANY,"BENZALKONIUM CHLORIDE ANTISEPTIC TOWELETTE (chlorure de benzalkonium 0,13 % lingette) CANADIAN CUSTOM PACKAGING COMPANY",ADDED
84428,02359251,BERIPLEX P/N 500 (coagulation factor ii (human) 800 unit and coagulation factor IX human 620 unit and coagulation factor vii (human) 500 unit and coagulation factor x (human) 1020 unit and protein c 820 unit and protein s 680 unit powder for solution for injection) CSL BEHRING CANADA INC,BERIPLEX P/N 500 (facteur II de coagulation humain 800 unité et facteur IX de coagulation humain 620 unité et facteur VII de coagulation humain 500 unité et facteur X de coagulation humain 1020 unité et protéine c 820 unité et protéine s 680 unité poudre pour solution injectable) CSL BEHRING CANADA INC,ADDED
85075,02365871,TACTUPUMP (adapalene 0.1 % and benzoyl peroxide 2.5 % cutaneous gel) GALDERMA CANADA INC.,"TACTUPUMP (adapalène 0,1 % et peroxyde de benzoyle 2,5 % gel cutané) GALDERMA CANADA INC.","mp_formal_name: ""TACTUPUMP (adapalene 0.1 % and benzoyl peroxide 2.5 % cutaneous gel) GALDERMA CANADA INC"" -> ""TACTUPUMP (adapalene 0.1 % and benzoyl peroxide 2.5 % cutaneous gel) GALDERMA CANADA INC.̲""
mp_fr_description: ""TACTUPUMP (adapalène 0,1 % et peroxyde de benzoyle 2,5 % gel cutané) GALDERMA CANADA INC"" -> ""TACTUPUMP (adapalène 0,1 % et peroxyde de benzoyle 2,5 % gel cutané) GALDERMA CANADA INC.̲"""
85367,02368684,MEN'S ROGAINE FOAM 5% (minoxidil 5 % cutaneous foam) KENVUE CANADA INC.,MEN'S ROGAINE FOAM 5% (minoxidil 5 % mousse cutanée) KENVUE CANADA INC.,"mp_formal_name: ""MEN'S ROGAINE FOAM 5% (minoxidil 5 % cutaneous foam) J̲O̲H̲N̲S̲O̲N̲ ̲&̲ ̲J̲O̲H̲N̲S̲O̲N̲ ̲I̲N̲C̲"" -> ""MEN'S ROGAINE FOAM 5% (minoxidil 5 % cutaneous foam) K̲E̲N̲V̲U̲E̲ ̲C̲A̲N̲A̲D̲A̲ ̲I̲N̲C̲.̲""
mp_fr_description: ""MEN'S ROGAINE FOAM 5% (minoxidil 5 % mousse cutanée) J̲O̲H̲N̲S̲O̲N̲ ̲&̲ ̲J̲O̲H̲N̲S̲O̲N̲ ̲I̲N̲C̲"" -> ""MEN'S ROGAINE FOAM 5% (minoxidil 5 % mousse cutanée) K̲E̲N̲V̲U̲E̲ ̲C̲A̲N̲A̲D̲A̲ ̲I̲N̲C̲.̲"""
85450,02369575,X3 ON-THE-GO ANTISEPTIC SPRAY (benzalkonium chloride 0.13 % cutaneous spray) NATURAL ESSENTIALS INC,"X3 ON-THE-GO ANTISEPTIC SPRAY (chlorure de benzalkonium 0,13 % vaporisation cutanée) NATURAL ESSENTIALS INC",ADDED
85714,02372010,JALYN (dutasteride 0.5 mg and tamsulosin hydrochloride 0.4 mg prolonged-release oral capsule) GLAXOSMITHKLINE INC,"JALYN (dutastéride 0,5 mg et chlorhydrate de tamsulosine 0,4 mg capsule orale à libération prolongée) GLAXOSMITHKLINE INC","mp_formal_name: ""JALYN (dutasteride 0.5 mg and tamsulosin hydrochloride 0.4 mg m̲o̲d̲i̲f̲i̲ed-release oral capsule) GLAXOSMITHKLINE INC"" -> ""JALYN (dutasteride 0.5 mg and tamsulosin hydrochloride 0.4 mg p̲r̲o̲l̲o̲n̲g̲ed-release oral capsule) GLAXOSMITHKLINE INC""
mp_fr_description: ""JALYN (dutastéride 0,5 mg et chlorhydrate de tamsulosine 0,4 mg capsule orale à libération m̲o̲d̲i̲f̲i̲ée) GLAXOSMITHKLINE INC"" -> ""JALYN (dutastéride 0,5 mg et chlorhydrate de tamsulosine 0,4 mg capsule orale à libération p̲r̲o̲l̲o̲n̲g̲ée) GLAXOSMITHKLINE INC"""
85748,02372347,IRBESARTAN (irbesartan 75 mg oral tablet) SANIS HEALTH INC,IRBESARTAN (irbésartan 75 mg comprimé oral) SANIS HEALTH INC,"mp_status: ""INACTIVE"" -> ""ACTIVE""
mp_status_effective_time: ""20250618"" -> ""20111018"""
86128,02375885,APPRILON (doxycycline (doxycycline monohydrate) 40 mg modified-release oral capsule) GALDERMA CANADA INC.,APPRILON (doxycycline (monohydrate de doxycycline) 40 mg capsule orale à libération modifiée) GALDERMA CANADA INC.,"mp_formal_name: ""APPRILON (doxycycline (doxycycline monohydrate) 40 mg modified-release oral capsule) GALDERMA CANADA INC"" -> ""APPRILON (doxycycline (doxycycline monohydrate) 40 mg modified-release oral capsule) GALDERMA CANADA INC.̲""
mp_fr_description: ""APPRILON (doxycycline (monohydrate de doxycycline) 40 mg capsule orale à libération modifiée) GALDERMA CANADA INC"" -> ""APPRILON (doxycycline (monohydrate de doxycycline) 40 mg capsule orale à libération modifiée) GALDERMA CANADA INC.̲"""
87315,02387549,CALCIUM CHLORIDE FOR HAEMODIALYSIS (calcium chloride 7.45 g per vial powder for concentrate for solution for haemodialysis) CHIEF MEDICAL SUPPLIES LTD,"CALCIUM CHLORIDE FOR HAEMODIALYSIS (chlorure de calcium 7,45 g par fiole poudre pour solution à diluer pour solution pour hémodialyse) CHIEF MEDICAL SUPPLIES LTD",ADDED
87771,02392437,ISENTRESS (raltegravir (raltegravir potassium) 100 mg chewable tablet) MERCK CANADA INC,ISENTRESS (raltégravir (raltégravir potassique) 100 mg comprimé à croquer) MERCK CANADA INC,DELETED
88398,02399083,NUTROPIN AQ NUSPIN 20 (somatropin 20 mg per 2 mL solution for injection pen) HOFFMANN-LA ROCHE LIMITED,NUTROPIN AQ NUSPIN 20 (somatropine 20 mg par 2 mL solution injectable stylo) HOFFMANN-LA ROCHE LIMITED,DELETED
88424,02399350,HAND SANITIZING WIPES (benzalkonium chloride 0.12 % wipe) ATHEA LABORATORIES INC,"HAND SANITIZING WIPES (chlorure de benzalkonium 0,12 % lingette) ATHEA LABORATORIES INC",ADDED
88701,02402149,ACNE TREATMENT SYSTEM (benzoyl peroxide 5 % and salicylic acid 2 % NA) VIVIER CANADA INCORPORATED,ACNE TREATMENT SYSTEM (peroxyde de benzoyle 5 % et acide salicylique 2 % NA) VIVIER CANADA INCORPORATED,ADDED
88828,02403471,PURELL SANITIZING WIPES (benzalkonium chloride 0.13 % wipe) GOJO CANADA INC,"PURELL SANITIZING WIPES (chlorure de benzalkonium 0,13 % lingette) GOJO CANADA INC",ADDED
88829,02403498,BICART (sodium bicarbonate 720 g per cartridge powder for concentrate for solution for haemodialysis) VANTIVE ULC,BICART (bicarbonate de sodium 720 g par cartouche poudre pour solution à diluer pour solution pour hémodialyse) VANTIVE ULC,ADDED
88830,02403501,BICART (sodium bicarbonate 1250 g per cartridge powder for concentrate for solution for haemodialysis) VANTIVE ULC,BICART (bicarbonate de sodium 1250 g par cartouche poudre pour solution à diluer pour solution pour hémodialyse) VANTIVE ULC,ADDED
89096,02406233,UVADEX (methoxsalen 200 mcg per 10 mL solution for blood fraction modification vial) THERAKOS LLC,UVADEX (méthoxsalène 200 mcg par 10 mL solution pour la préparation ex vivo de fractions sanguines fiole) THERAKOS LLC,"mp_formal_name: ""UVADEX (methoxsalen 200 mcg per 10 mL solution for i̲n̲j̲e̲c̲tion vial) THERAKOS LLC"" -> ""UVADEX (methoxsalen 200 mcg per 10 mL solution for b̲l̲o̲o̲d̲ ̲f̲r̲a̲c̲t̲i̲o̲n̲ ̲m̲o̲d̲i̲f̲i̲c̲a̲tion vial) THERAKOS LLC""
mp_fr_description: ""UVADEX (méthoxsalène 200 mcg par 10 mL solution i̲n̲j̲e̲c̲t̲a̲b̲l̲e̲ fiole) THERAKOS LLC"" -> ""UVADEX (méthoxsalène 200 mcg par 10 mL solution p̲o̲u̲r̲ ̲l̲a̲ ̲p̲r̲é̲p̲a̲r̲a̲t̲i̲o̲n̲ ̲e̲x̲ ̲v̲i̲v̲o̲ ̲d̲e̲ ̲f̲r̲a̲c̲t̲i̲o̲n̲s̲ ̲s̲a̲n̲g̲u̲i̲n̲e̲s̲ fiole) THERAKOS LLC"""
89148,02406802,SOFTSOAP ANTIBACTERIAL (benzalkonium chloride 0.13 % cutaneous solution) COLGATE-PALMOLIVE CANADA INC,"SOFTSOAP ANTIBACTERIAL (chlorure de benzalkonium 0,13 % solution pour application cutanée) COLGATE-PALMOLIVE CANADA INC",ADDED
89235,02407620,ANALGESIC CREAM (trolamine salicylate 15 % cutaneous cream) PHARMASCIENCE INC,ANALGESIC CREAM (salicylate de trolamine 15 % crème cutanée) PHARMASCIENCE INC,"mp_status_effective_time: ""20190731"" -> ""20250704"""
89318,02408430,SOLUPREP AQ SPONGE (chlorhexidine gluconate 2 % medicated sponge) SOLVENTUM CANADA LIMITED,SOLUPREP AQ SPONGE (gluconate de chlorhexidine 2 % éponge médicamenteuse) SOLVENTUM CANADA LIMITED,"mp_formal_name: ""SOLUPREP AQ SPONGE (chlorhexidine gluconate 2 % medicated sponge) 3̲M̲ ̲H̲E̲A̲L̲T̲H̲C̲A̲R̲E̲ ̲C̲A̲N̲A̲D̲A̲ ̲C̲O̲M̲P̲A̲N̲Y̲ LIMITED"" -> ""SOLUPREP AQ SPONGE (chlorhexidine gluconate 2 % medicated sponge) S̲O̲L̲V̲E̲N̲T̲U̲M̲ ̲C̲A̲N̲A̲D̲A̲ LIMITED""
mp_fr_description: ""SOLUPREP AQ SPONGE (gluconate de chlorhexidine 2 % éponge médicamenteuse) 3̲M̲ ̲H̲E̲A̲L̲T̲H̲C̲A̲R̲E̲ ̲C̲A̲N̲A̲D̲A̲ ̲C̲O̲M̲P̲A̲N̲Y̲ LIMITED"" -> ""SOLUPREP AQ SPONGE (gluconate de chlorhexidine 2 % éponge médicamenteuse) S̲O̲L̲V̲E̲N̲T̲U̲M̲ ̲C̲A̲N̲A̲D̲A̲ LIMITED"""
89540,02410826,BERIPLEX P/N 1000 (coagulation factor ii (human) 1600 unit and coagulation factor IX human 1240 unit and coagulation factor vii (human) 1000 unit and coagulation factor x (human) 2040 unit and protein c 1640 unit and protein s 1360 unit powder for solution for injection) CSL BEHRING CANADA INC,BERIPLEX P/N 1000 (facteur II de coagulation humain 1600 unité et facteur IX de coagulation humain 1240 unité et facteur VII de coagulation humain 1000 unité et facteur X de coagulation humain 2040 unité et protéine c 1640 unité et protéine s 1360 unité poudre pour solution injectable) CSL BEHRING CANADA INC,ADDED
90104,02416433,"PMS-CIPROFLOXACIN XL (ciprofloxacin (ciprofloxacin, ciprofloxacin hydrochloride) 500 mg prolonged-release oral tablet) PHARMASCIENCE INC","PMS-CIPROFLOXACIN XL (ciprofloxacine (ciprofloxacine, chlorhydrate de ciprofloxacine) 500 mg comprimé oral à libération prolongée) PHARMASCIENCE INC","mp_formal_name: ""PMS-CIPROFLOXACIN XL (ciprofloxacin (ciprofloxacin, ciprofloxacin hydrochloride) 500 mg m̲o̲d̲i̲f̲i̲ed-release oral tablet) PHARMASCIENCE INC"" -> ""PMS-CIPROFLOXACIN XL (ciprofloxacin (ciprofloxacin, ciprofloxacin hydrochloride) 500 mg p̲r̲o̲l̲o̲n̲g̲ed-release oral tablet) PHARMASCIENCE INC""
mp_fr_description: ""PMS-CIPROFLOXACIN XL (ciprofloxacine (ciprofloxacine, chlorhydrate de ciprofloxacine) 500 mg comprimé oral à libération m̲o̲d̲i̲f̲i̲ée) PHARMASCIENCE INC"" -> ""PMS-CIPROFLOXACIN XL (ciprofloxacine (ciprofloxacine, chlorhydrate de ciprofloxacine) 500 mg comprimé oral à libération p̲r̲o̲l̲o̲n̲g̲ée) PHARMASCIENCE INC"""
90166,02417022,RIVASTIGMINE (rivastigmine (rivastigmine hydrogen tartrate) 6 mg oral capsule) PRO DOC LIMITEE,RIVASTIGMINE (rivastigmine (tartrate hydrogéné de rivastigmine) 6 mg capsule orale) PRO DOC LIMITEE,DELETED
90232,02417693,ABC ARBONNE BABY CARE DIAPER RASH CREAM (dimethicone 1 % and zinc oxide 12 % cutaneous cream) ARBONNE INTERNATIONAL LLC,ABC ARBONNE BABY CARE DIAPER RASH CREAM (diméthicone 1 % et oxyde de zinc 12 % crème cutanée) ARBONNE INTERNATIONAL LLC,DELETED
90580,02421208,ONRELTEA (brimonidine (brimonidine tartrate) 0.33 % cutaneous gel) GALDERMA CANADA INC.,"ONRELTEA (brimonidine (tartrate de brimonidine) 0,33 % gel cutané) GALDERMA CANADA INC.","mp_formal_name: ""ONRELTEA (brimonidine (brimonidine tartrate) 0.33 % cutaneous gel) GALDERMA CANADA INC"" -> ""ONRELTEA (brimonidine (brimonidine tartrate) 0.33 % cutaneous gel) GALDERMA CANADA INC.̲""
mp_fr_description: ""ONRELTEA (brimonidine (tartrate de brimonidine) 0,33 % gel cutané) GALDERMA CANADA INC"" -> ""ONRELTEA (brimonidine (tartrate de brimonidine) 0,33 % gel cutané) GALDERMA CANADA INC.̲"""
90937,02424703,WOMEN'S ROGAINE FOAM 5% (minoxidil 5 % cutaneous foam) KENVUE CANADA INC.,WOMEN'S ROGAINE FOAM 5% (minoxidil 5 % mousse cutanée) KENVUE CANADA INC.,"mp_formal_name: ""WOMEN'S ROGAINE FOAM 5% (minoxidil 5 % cutaneous foam) J̲O̲H̲N̲S̲O̲N̲ ̲&̲ ̲J̲O̲H̲N̲S̲O̲N̲ ̲I̲N̲C̲"" -> ""WOMEN'S ROGAINE FOAM 5% (minoxidil 5 % cutaneous foam) K̲E̲N̲V̲U̲E̲ ̲C̲A̲N̲A̲D̲A̲ ̲I̲N̲C̲.̲""
mp_fr_description: ""WOMEN'S ROGAINE FOAM 5% (minoxidil 5 % mousse cutanée) J̲O̲H̲N̲S̲O̲N̲ ̲&̲ ̲J̲O̲H̲N̲S̲O̲N̲ ̲I̲N̲C̲"" -> ""WOMEN'S ROGAINE FOAM 5% (minoxidil 5 % mousse cutanée) K̲E̲N̲V̲U̲E̲ ̲C̲A̲N̲A̲D̲A̲ ̲I̲N̲C̲.̲"""
91027,02425637,ELELYSO (taliglucerase alfa 200 unit per vial powder for solution for injection) PFIZER CANADA ULC,ELELYSO (taliglucérase alfa 200 unité par fiole poudre pour solution injectable) PFIZER CANADA ULC,DELETED
91589,02431483,SOLUPREP AQ SWAB (chlorhexidine gluconate 2 % swab) SOLVENTUM CANADA LIMITED,SOLUPREP AQ SWAB (gluconate de chlorhexidine 2 % écouvillon) SOLVENTUM CANADA LIMITED,"mp_formal_name: ""SOLUPREP AQ SWAB (chlorhexidine gluconate 2 % swab) 3̲M̲ ̲H̲E̲A̲L̲T̲H̲C̲A̲R̲E̲ ̲C̲A̲N̲A̲D̲A̲ ̲C̲O̲M̲P̲A̲N̲Y̲ LIMITED"" -> ""SOLUPREP AQ SWAB (chlorhexidine gluconate 2 % swab) S̲O̲L̲V̲E̲N̲T̲U̲M̲ ̲C̲A̲N̲A̲D̲A̲ LIMITED""
mp_fr_description: ""SOLUPREP AQ SWAB (gluconate de chlorhexidine 2 % écouvillon) 3̲M̲ ̲H̲E̲A̲L̲T̲H̲C̲A̲R̲E̲ ̲C̲A̲N̲A̲D̲A̲ ̲C̲O̲M̲P̲A̲N̲Y̲ LIMITED"" -> ""SOLUPREP AQ SWAB (gluconate de chlorhexidine 2 % écouvillon) S̲O̲L̲V̲E̲N̲T̲U̲M̲ ̲C̲A̲N̲A̲D̲A̲ LIMITED"""
91723,02432854,DUAVIVE (bazedoxifene (bazedoxifene acetate) 20 mg and conjugated estrogens 0.45 mg prolonged-release oral tablet) PFIZER CANADA ULC,"DUAVIVE (bazedoxifène (acétate de bazedoxifène) 20 mg et oestrogènes conjugués 0,45 mg comprimé oral à libération prolongée) PFIZER CANADA ULC","mp_formal_name: ""DUAVIVE (bazedoxifene (bazedoxifene acetate) 20 mg and conjugated estrogens 0.45 mg m̲o̲d̲i̲f̲i̲ed-release oral tablet) PFIZER CANADA ULC"" -> ""DUAVIVE (bazedoxifene (bazedoxifene acetate) 20 mg and conjugated estrogens 0.45 mg p̲r̲o̲l̲o̲n̲g̲ed-release oral tablet) PFIZER CANADA ULC""
mp_fr_description: ""DUAVIVE (bazedoxifène (acétate de bazedoxifène) 20 mg et oestrogènes conjugués 0,45 mg comprimé oral à libération m̲o̲d̲i̲f̲i̲ée) PFIZER CANADA ULC"" -> ""DUAVIVE (bazedoxifène (acétate de bazedoxifène) 20 mg et oestrogènes conjugués 0,45 mg comprimé oral à libération p̲r̲o̲l̲o̲n̲g̲ée) PFIZER CANADA ULC"""
91903,02434725,MUCINEX CHEST CONGESTION (guaifenesin 600 mg prolonged-release oral tablet) RB HEALTH (CANADA) INC.,MUCINEX CHEST CONGESTION (guaïfénésine 600 mg comprimé oral à libération prolongée) RB HEALTH (CANADA) INC.,"mp_formal_name: ""MUCINEX CHEST CONGESTION (guaifenesin 600 mg m̲o̲d̲i̲f̲i̲ed-release oral tablet) RB HEALTH (CANADA) INC."" -> ""MUCINEX CHEST CONGESTION (guaifenesin 600 mg p̲r̲o̲l̲o̲n̲g̲ed-release oral tablet) RB HEALTH (CANADA) INC.""
mp_fr_description: ""MUCINEX CHEST CONGESTION (guaïfénésine 600 mg comprimé oral à libération m̲o̲d̲i̲f̲i̲ée) RB HEALTH (CANADA) INC."" -> ""MUCINEX CHEST CONGESTION (guaïfénésine 600 mg comprimé oral à libération p̲r̲o̲l̲o̲n̲g̲ée) RB HEALTH (CANADA) INC."""
91926,02434970,OCTAPLEX (coagulation factor ii (human) 1520 unit per vial and coagulation factor IX human 1000 unit per vial and coagulation factor vii (human) 960 unit per vial and coagulation factor x (human) 1200 unit per vial and protein c 1240 unit per vial and protein s 1280 unit per vial NA) OCTAPHARMA PHARMAZEUTIKA PRODUKTIONSGES M B H,OCTAPLEX (facteur II de coagulation humain 1520 unité par fiole et facteur IX de coagulation humain 1000 unité par fiole et facteur VII de coagulation humain 960 unité par fiole et facteur X de coagulation humain 1200 unité par fiole et protéine c 1240 unité par fiole et protéine s 1280 unité par fiole NA) OCTAPHARMA PHARMAZEUTIKA PRODUKTIONSGES M B H,ADDED
92173,02437384,PURELL HAND SANITIZING WIPES (benzalkonium chloride 0.13 % wipe) GOJO CANADA INC,"PURELL HAND SANITIZING WIPES (chlorure de benzalkonium 0,13 % lingette) GOJO CANADA INC",ADDED
92353,02439158,NAT-QUETIAPINE (quetiapine (quetiapine fumarate) 25 mg oral tablet) NATCO PHARMA (CANADA) INC,NAT-QUETIAPINE (quétiapine (fumarate de quétiapine) 25 mg comprimé oral) NATCO PHARMA (CANADA) INC,DELETED
92354,02439166,NAT-QUETIAPINE (quetiapine (quetiapine fumarate) 100 mg oral tablet) NATCO PHARMA (CANADA) INC,NAT-QUETIAPINE (quétiapine (fumarate de quétiapine) 100 mg comprimé oral) NATCO PHARMA (CANADA) INC,DELETED
92355,02439174,NAT-QUETIAPINE (quetiapine (quetiapine fumarate) 150 mg oral tablet) NATCO PHARMA (CANADA) INC,NAT-QUETIAPINE (quétiapine (fumarate de quétiapine) 150 mg comprimé oral) NATCO PHARMA (CANADA) INC,DELETED
92356,02439182,NAT-QUETIAPINE (quetiapine (quetiapine fumarate) 200 mg oral tablet) NATCO PHARMA (CANADA) INC,NAT-QUETIAPINE (quétiapine (fumarate de quétiapine) 200 mg comprimé oral) NATCO PHARMA (CANADA) INC,DELETED
92357,02439190,NAT-QUETIAPINE (quetiapine (quetiapine fumarate) 300 mg oral tablet) NATCO PHARMA (CANADA) INC,NAT-QUETIAPINE (quétiapine (fumarate de quétiapine) 300 mg comprimé oral) NATCO PHARMA (CANADA) INC,DELETED
92395,02439549,NAT-OMEPRAZOLE DR (omeprazole (omeprazole magnesium) 20 mg gastro-resistant tablet) NATCO PHARMA (CANADA) INC,NAT-OMEPRAZOLE DR (oméprazole (oméprazole magnésium) 20 mg comprimé gastrorésistant) NATCO PHARMA (CANADA) INC,DELETED
92397,02439557,NAT-DONEPEZIL (donepezil hydrochloride 5 mg oral tablet) NATCO PHARMA (CANADA) INC,NAT-DONEPEZIL (chlorhydrate de donépézil 5 mg comprimé oral) NATCO PHARMA (CANADA) INC,DELETED
92398,02439565,NAT-DONEPEZIL (donepezil hydrochloride 10 mg oral tablet) NATCO PHARMA (CANADA) INC,NAT-DONEPEZIL (chlorhydrate de donépézil 10 mg comprimé oral) NATCO PHARMA (CANADA) INC,DELETED
92458,02440202,NAT-LEVETIRACETAM (levetiracetam 250 mg oral tablet) NATCO PHARMA (CANADA) INC,NAT-LEVETIRACETAM (lévétiracétam 250 mg comprimé oral) NATCO PHARMA (CANADA) INC,DELETED
92459,02440210,NAT-LEVETIRACETAM (levetiracetam 500 mg oral tablet) NATCO PHARMA (CANADA) INC,NAT-LEVETIRACETAM (lévétiracétam 500 mg comprimé oral) NATCO PHARMA (CANADA) INC,DELETED
92460,02440229,NAT-LEVETIRACETAM (levetiracetam 750 mg oral tablet) NATCO PHARMA (CANADA) INC,NAT-LEVETIRACETAM (lévétiracétam 750 mg comprimé oral) NATCO PHARMA (CANADA) INC,DELETED
92470,02440342,ROSIVER (ivermectin 1 % cutaneous cream) GALDERMA CANADA INC.,ROSIVER (ivermectine 1 % crème cutanée) GALDERMA CANADA INC.,"mp_formal_name: ""ROSIVER (ivermectin 1 % cutaneous cream) GALDERMA CANADA INC"" -> ""ROSIVER (ivermectin 1 % cutaneous cream) GALDERMA CANADA INC.̲""
mp_fr_description: ""ROSIVER (ivermectine 1 % crème cutanée) GALDERMA CANADA INC"" -> ""ROSIVER (ivermectine 1 % crème cutanée) GALDERMA CANADA INC.̲"""
92481,02440458,PURKLENZ (chloroxylenol 3 % cutaneous liquid) PURKLENZ FORMULATIONS INC,PURKLENZ (chloroxylénol 3 % liquide cutané) PURKLENZ FORMULATIONS INC,ADDED
92527,02440903,TREKSAFE (benzalkonium chloride 0.13 % wipe) ZHEJIANGH HONGYU MEDICAL COMMODITY CO LTD,"TREKSAFE (chlorure de benzalkonium 0,13 % lingette) ZHEJIANGH HONGYU MEDICAL COMMODITY CO LTD",ADDED
92774,02443163,"ALOE-CARE ANTIBACTERIAL LOTION SOAP, BENZALKONIUM CHLORIDE LOTION 0.13% W/W (benzalkonium chloride 0.13 % lotion) CANADIAN CUSTOM PACKAGING COMPANY","ALOE-CARE ANTIBACTERIAL LOTION SOAP, BENZALKONIUM CHLORIDE LOTION 0.13% W/W (chlorure de benzalkonium 0,13 % lotion) CANADIAN CUSTOM PACKAGING COMPANY",ADDED
92785,02443252,KLEENEX FOAM HAND SANITIZER (benzalkonium chloride 0.13 % cutaneous solution) KIMBERLY-CLARK GLOBAL SALES LLC,"KLEENEX FOAM HAND SANITIZER (chlorure de benzalkonium 0,13 % solution pour application cutanée) KIMBERLY-CLARK GLOBAL SALES LLC",ADDED
93152,02446235,TACTUPUMP FORTE (adapalene 0.3 % and benzoyl peroxide 2.5 % cutaneous gel) GALDERMA CANADA INC.,"TACTUPUMP FORTE (adapalène 0,3 % et peroxyde de benzoyle 2,5 % gel cutané) GALDERMA CANADA INC.","mp_formal_name: ""TACTUPUMP FORTE (adapalene 0.3 % and benzoyl peroxide 2.5 % cutaneous gel) GALDERMA CANADA INC"" -> ""TACTUPUMP FORTE (adapalene 0.3 % and benzoyl peroxide 2.5 % cutaneous gel) GALDERMA CANADA INC.̲""
mp_fr_description: ""TACTUPUMP FORTE (adapalène 0,3 % et peroxyde de benzoyle 2,5 % gel cutané) GALDERMA CANADA INC"" -> ""TACTUPUMP FORTE (adapalène 0,3 % et peroxyde de benzoyle 2,5 % gel cutané) GALDERMA CANADA INC.̲"""
93366,02447967,ALTUVIIIO (efanesoctocog alfa 3000 unit per vial powder for solution for injection with diluent solution syringe) SANOFI-AVENTIS CANADA INC,ALTUVIIIO (efanesoctocog alfa 3000 unité par fiole poudre pour solution injectable avec solution diluante seringue) SANOFI-AVENTIS CANADA INC,ADDED
93369,02447991,AG-PERINDOPRIL / INDAPAMIDE (indapamide 0.625 mg and perindopril erbumine 2 mg oral tablet) ANGITA PHARMA INC.,"AG-PERINDOPRIL / INDAPAMIDE (indapamide 0,625 mg et périndopril erbumine 2 mg comprimé oral) ANGITA PHARMA INC.",ADDED
93370,02448009,AG-PERINDOPRIL / INDAPAMIDE (indapamide 1.25 mg and perindopril erbumine 4 mg oral tablet) ANGITA PHARMA INC.,"AG-PERINDOPRIL / INDAPAMIDE (indapamide 1,25 mg et périndopril erbumine 4 mg comprimé oral) ANGITA PHARMA INC.",ADDED
93371,02448017,AG-PERINDOPRIL / INDAPAMIDE (indapamide 2.5 mg and perindopril erbumine 8 mg oral tablet) ANGITA PHARMA INC.,"AG-PERINDOPRIL / INDAPAMIDE (indapamide 2,5 mg et périndopril erbumine 8 mg comprimé oral) ANGITA PHARMA INC.",ADDED
93381,02448122,ALTUVIIIO (efanesoctocog alfa 500 unit per vial powder for solution for injection with diluent solution syringe) SANOFI-AVENTIS CANADA INC,ALTUVIIIO (efanesoctocog alfa 500 unité par fiole poudre pour solution injectable avec solution diluante seringue) SANOFI-AVENTIS CANADA INC,ADDED
93382,02448130,ALTUVIIIO (efanesoctocog alfa 1000 unit per vial powder for solution for injection with diluent solution syringe) SANOFI-AVENTIS CANADA INC,ALTUVIIIO (efanesoctocog alfa 1000 unité par fiole poudre pour solution injectable avec solution diluante seringue) SANOFI-AVENTIS CANADA INC,ADDED
93384,02448157,ALTUVIIIO (efanesoctocog alfa 4000 unit per vial powder for solution for injection with diluent solution syringe) SANOFI-AVENTIS CANADA INC,ALTUVIIIO (efanesoctocog alfa 4000 unité par fiole poudre pour solution injectable avec solution diluante seringue) SANOFI-AVENTIS CANADA INC,ADDED
93386,02448173,AG-ARIPIPRAZOLE (aripiprazole 2 mg oral tablet) ANGITA PHARMA INC.,AG-ARIPIPRAZOLE (aripiprazole 2 mg comprimé oral) ANGITA PHARMA INC.,ADDED
93387,02448181,AG-ARIPIPRAZOLE (aripiprazole 5 mg oral tablet) ANGITA PHARMA INC.,AG-ARIPIPRAZOLE (aripiprazole 5 mg comprimé oral) ANGITA PHARMA INC.,ADDED
93388,02448203,AG-ARIPIPRAZOLE (aripiprazole 10 mg oral tablet) ANGITA PHARMA INC.,AG-ARIPIPRAZOLE (aripiprazole 10 mg comprimé oral) ANGITA PHARMA INC.,ADDED
93389,02448211,AG-ARIPIPRAZOLE (aripiprazole 15 mg oral tablet) ANGITA PHARMA INC.,AG-ARIPIPRAZOLE (aripiprazole 15 mg comprimé oral) ANGITA PHARMA INC.,ADDED
93390,02448238,AG-ARIPIPRAZOLE (aripiprazole 20 mg oral tablet) ANGITA PHARMA INC.,AG-ARIPIPRAZOLE (aripiprazole 20 mg comprimé oral) ANGITA PHARMA INC.,ADDED
93391,02448246,AG-ARIPIPRAZOLE (aripiprazole 30 mg oral tablet) ANGITA PHARMA INC.,AG-ARIPIPRAZOLE (aripiprazole 30 mg comprimé oral) ANGITA PHARMA INC.,ADDED
93459,02448866,SOFT CARE DEFEND FOAM (chloroxylenol 1 % cutaneous solution) DIVERSEY INC,SOFT CARE DEFEND FOAM (chloroxylénol 1 % solution pour application cutanée) DIVERSEY INC,ADDED
93526,02449420,SOFT CARE DEFEND (chloroxylenol 1 % cutaneous solution) DIVERSEY INC,SOFT CARE DEFEND (chloroxylénol 1 % solution pour application cutanée) DIVERSEY INC,ADDED
93886,02452480,NRA-TADALAFIL TABLETS (tadalafil 5 mg oral tablet) NORA PHARMA INC,NRA-TADALAFIL TABLETS (tadalafil 5 mg comprimé oral) NORA PHARMA INC,"mp_status: ""INACTIVE"" -> ""ACTIVE""
mp_status_effective_time: ""20240719"" -> ""20160713"""
94646,02459272,HAND SANITIZER FOAM (benzalkonium chloride 0.13 % cutaneous solution) EMPACK SPRAYTECH INC,"HAND SANITIZER FOAM (chlorure de benzalkonium 0,13 % solution pour application cutanée) EMPACK SPRAYTECH INC",ADDED
95295,02464802,DIAL FOAMING ANTIBACTERIAL HAND WASH (benzalkonium chloride 0.13 % cutaneous solution) HENKEL CONSUMER BRANDS CANADA CORPORATION,"DIAL FOAMING ANTIBACTERIAL HAND WASH (chlorure de benzalkonium 0,13 % solution pour application cutanée) HENKEL CONSUMER BRANDS CANADA CORPORATION",ADDED
95297,02464829,DIAL ANTIBACTERIAL HAND SOAP (benzalkonium chloride 0.13 % cutaneous solution) HENKEL CONSUMER BRANDS CANADA CORPORATION,"DIAL ANTIBACTERIAL HAND SOAP (chlorure de benzalkonium 0,13 % solution pour application cutanée) HENKEL CONSUMER BRANDS CANADA CORPORATION",ADDED
95446,02466171,JAMP-CETIRIZINE (cetirizine hydrochloride 20 mg oral tablet) JAMP PHARMA CORPORATION,JAMP-CETIRIZINE (chlorhydrate de cétirizine 20 mg comprimé oral) JAMP PHARMA CORPORATION,"mp_status: ""INACTIVE"" -> ""ACTIVE""
mp_status_effective_time: ""20250731"" -> ""20171005"""
95595,02467585,SODIUM BICARBONATE INJECTION USP (sodium bicarbonate 84 mg per mL solution for injection) OMEGA LABORATORIES LIMITED,SODIUM BICARBONATE INJECTION USP (bicarbonate de sodium 84 mg par mL solution injectable) OMEGA LABORATORIES LIMITED,ADDED
95780,02469146,JELIDO (lidocaine hydrochloride 20 mg per mL cutaneous gel) PENDOPHARM DIVISION OF PHARMASCIENCE INC,JELIDO (chlorhydrate de lidocaïne 20 mg par mL gel cutané) PENDOPHARM DIVISION OF PHARMASCIENCE INC,ADDED
95927,02470292,FOQUEST (methylphenidate hydrochloride 25 mg prolonged-release oral capsule) ELVIUM LIFE SCIENCES,FOQUEST (chlorhydrate de méthylphénidate 25 mg capsule orale à libération prolongée) ELVIUM LIFE SCIENCES,"mp_formal_name: ""FOQUEST (methylphenidate hydrochloride 25 mg m̲o̲d̲i̲f̲i̲ed-release oral capsule) ELVIUM LIFE SCIENCES"" -> ""FOQUEST (methylphenidate hydrochloride 25 mg p̲r̲o̲l̲o̲n̲g̲ed-release oral capsule) ELVIUM LIFE SCIENCES""
mp_fr_description: ""FOQUEST (chlorhydrate de méthylphénidate 25 mg capsule orale à libération m̲o̲d̲i̲f̲i̲ée) ELVIUM LIFE SCIENCES"" -> ""FOQUEST (chlorhydrate de méthylphénidate 25 mg capsule orale à libération p̲r̲o̲l̲o̲n̲g̲ée) ELVIUM LIFE SCIENCES"""
95928,02470306,FOQUEST (methylphenidate hydrochloride 35 mg prolonged-release oral capsule) ELVIUM LIFE SCIENCES,FOQUEST (chlorhydrate de méthylphénidate 35 mg capsule orale à libération prolongée) ELVIUM LIFE SCIENCES,"mp_formal_name: ""FOQUEST (methylphenidate hydrochloride 35 mg m̲o̲d̲i̲f̲i̲ed-release oral capsule) ELVIUM LIFE SCIENCES"" -> ""FOQUEST (methylphenidate hydrochloride 35 mg p̲r̲o̲l̲o̲n̲g̲ed-release oral capsule) ELVIUM LIFE SCIENCES""
mp_fr_description: ""FOQUEST (chlorhydrate de méthylphénidate 35 mg capsule orale à libération m̲o̲d̲i̲f̲i̲ée) ELVIUM LIFE SCIENCES"" -> ""FOQUEST (chlorhydrate de méthylphénidate 35 mg capsule orale à libération p̲r̲o̲l̲o̲n̲g̲ée) ELVIUM LIFE SCIENCES"""
95929,02470314,FOQUEST (methylphenidate hydrochloride 45 mg prolonged-release oral capsule) ELVIUM LIFE SCIENCES,FOQUEST (chlorhydrate de méthylphénidate 45 mg capsule orale à libération prolongée) ELVIUM LIFE SCIENCES,"mp_formal_name: ""FOQUEST (methylphenidate hydrochloride 45 mg m̲o̲d̲i̲f̲i̲ed-release oral capsule) ELVIUM LIFE SCIENCES"" -> ""FOQUEST (methylphenidate hydrochloride 45 mg p̲r̲o̲l̲o̲n̲g̲ed-release oral capsule) ELVIUM LIFE SCIENCES""
mp_fr_description: ""FOQUEST (chlorhydrate de méthylphénidate 45 mg capsule orale à libération m̲o̲d̲i̲f̲i̲ée) ELVIUM LIFE SCIENCES"" -> ""FOQUEST (chlorhydrate de méthylphénidate 45 mg capsule orale à libération p̲r̲o̲l̲o̲n̲g̲ée) ELVIUM LIFE SCIENCES"""
95930,02470322,FOQUEST (methylphenidate hydrochloride 55 mg prolonged-release oral capsule) ELVIUM LIFE SCIENCES,FOQUEST (chlorhydrate de méthylphénidate 55 mg capsule orale à libération prolongée) ELVIUM LIFE SCIENCES,"mp_formal_name: ""FOQUEST (methylphenidate hydrochloride 55 mg m̲o̲d̲i̲f̲i̲ed-release oral capsule) ELVIUM LIFE SCIENCES"" -> ""FOQUEST (methylphenidate hydrochloride 55 mg p̲r̲o̲l̲o̲n̲g̲ed-release oral capsule) ELVIUM LIFE SCIENCES""
mp_fr_description: ""FOQUEST (chlorhydrate de méthylphénidate 55 mg capsule orale à libération m̲o̲d̲i̲f̲i̲ée) ELVIUM LIFE SCIENCES"" -> ""FOQUEST (chlorhydrate de méthylphénidate 55 mg capsule orale à libération p̲r̲o̲l̲o̲n̲g̲ée) ELVIUM LIFE SCIENCES"""
95931,02470330,FOQUEST (methylphenidate hydrochloride 70 mg prolonged-release oral capsule) ELVIUM LIFE SCIENCES,FOQUEST (chlorhydrate de méthylphénidate 70 mg capsule orale à libération prolongée) ELVIUM LIFE SCIENCES,"mp_formal_name: ""FOQUEST (methylphenidate hydrochloride 70 mg m̲o̲d̲i̲f̲i̲ed-release oral capsule) ELVIUM LIFE SCIENCES"" -> ""FOQUEST (methylphenidate hydrochloride 70 mg p̲r̲o̲l̲o̲n̲g̲ed-release oral capsule) ELVIUM LIFE SCIENCES""
mp_fr_description: ""FOQUEST (chlorhydrate de méthylphénidate 70 mg capsule orale à libération m̲o̲d̲i̲f̲i̲ée) ELVIUM LIFE SCIENCES"" -> ""FOQUEST (chlorhydrate de méthylphénidate 70 mg capsule orale à libération p̲r̲o̲l̲o̲n̲g̲ée) ELVIUM LIFE SCIENCES"""
95932,02470349,FOQUEST (methylphenidate hydrochloride 85 mg prolonged-release oral capsule) ELVIUM LIFE SCIENCES,FOQUEST (chlorhydrate de méthylphénidate 85 mg capsule orale à libération prolongée) ELVIUM LIFE SCIENCES,"mp_formal_name: ""FOQUEST (methylphenidate hydrochloride 85 mg m̲o̲d̲i̲f̲i̲ed-release oral capsule) ELVIUM LIFE SCIENCES"" -> ""FOQUEST (methylphenidate hydrochloride 85 mg p̲r̲o̲l̲o̲n̲g̲ed-release oral capsule) ELVIUM LIFE SCIENCES""
mp_fr_description: ""FOQUEST (chlorhydrate de méthylphénidate 85 mg capsule orale à libération m̲o̲d̲i̲f̲i̲ée) ELVIUM LIFE SCIENCES"" -> ""FOQUEST (chlorhydrate de méthylphénidate 85 mg capsule orale à libération p̲r̲o̲l̲o̲n̲g̲ée) ELVIUM LIFE SCIENCES"""
95933,02470357,FOQUEST (methylphenidate hydrochloride 100 mg prolonged-release oral capsule) ELVIUM LIFE SCIENCES,FOQUEST (chlorhydrate de méthylphénidate 100 mg capsule orale à libération prolongée) ELVIUM LIFE SCIENCES,"mp_formal_name: ""FOQUEST (methylphenidate hydrochloride 100 mg m̲o̲d̲i̲f̲i̲ed-release oral capsule) ELVIUM LIFE SCIENCES"" -> ""FOQUEST (methylphenidate hydrochloride 100 mg p̲r̲o̲l̲o̲n̲g̲ed-release oral capsule) ELVIUM LIFE SCIENCES""
mp_fr_description: ""FOQUEST (chlorhydrate de méthylphénidate 100 mg capsule orale à libération m̲o̲d̲i̲f̲i̲ée) ELVIUM LIFE SCIENCES"" -> ""FOQUEST (chlorhydrate de méthylphénidate 100 mg capsule orale à libération p̲r̲o̲l̲o̲n̲g̲ée) ELVIUM LIFE SCIENCES"""
95990,02470837,FINIPIL LAIT 50 (benzethonium chloride 0.2 % cutaneous cream) EQUIBAL LABS INC,"FINIPIL LAIT 50 (chlorure de benzéthonium 0,2 % crème cutanée) EQUIBAL LABS INC",ADDED
95992,02470853,FINIPIL (benzethonium chloride 0.2 % cutaneous cream) EQUIBAL LABS INC,"FINIPIL (chlorure de benzéthonium 0,2 % crème cutanée) EQUIBAL LABS INC",ADDED
96015,02471051,TARO-DIPYRIDAMOLE/ ASA (acetylsalicylic acid 25 mg and dipyridamole 200 mg prolonged-release oral capsule) TARO PHARMACEUTICALS INC,TARO-DIPYRIDAMOLE/ ASA (acide acétylsalicylique 25 mg et dipyridamole 200 mg capsule orale à libération prolongée) TARO PHARMACEUTICALS INC,"mp_formal_name: ""TARO-DIPYRIDAMOLE/ ASA (acetylsalicylic acid 25 mg and dipyridamole 200 mg m̲o̲d̲i̲f̲i̲ed-release oral capsule) TARO PHARMACEUTICALS INC"" -> ""TARO-DIPYRIDAMOLE/ ASA (acetylsalicylic acid 25 mg and dipyridamole 200 mg p̲r̲o̲l̲o̲n̲g̲ed-release oral capsule) TARO PHARMACEUTICALS INC""
mp_fr_description: ""TARO-DIPYRIDAMOLE/ ASA (acide acétylsalicylique 25 mg et dipyridamole 200 mg capsule orale à libération m̲o̲d̲i̲f̲i̲ée) TARO PHARMACEUTICALS INC"" -> ""TARO-DIPYRIDAMOLE/ ASA (acide acétylsalicylique 25 mg et dipyridamole 200 mg capsule orale à libération p̲r̲o̲l̲o̲n̲g̲ée) TARO PHARMACEUTICALS INC"""
96151,02472236,FUZION AB FOAMING HAND SOAP (benzalkonium chloride 0.13 % NA) ZEP MANUFACTURING COMPANY OF CANADA,"FUZION AB FOAMING HAND SOAP (chlorure de benzalkonium 0,13 % NA) ZEP MANUFACTURING COMPANY OF CANADA",ADDED
96159,02472287,ACCLAIM AB (benzalkonium chloride 0.13 % lotion) ZEP MANUFACTURING COMPANY OF CANADA,"ACCLAIM AB (chlorure de benzalkonium 0,13 % lotion) ZEP MANUFACTURING COMPANY OF CANADA",ADDED
96203,02472724,ENERGY BERRY BAIES ÉNERGISANTES FOAMING HAND SOAP ANTIBACTERIAL (benzalkonium chloride 0.13 % cutaneous solution) APOLLO HEALTH AND BEAUTY CARE,"ENERGY BERRY BAIES ÉNERGISANTES FOAMING HAND SOAP ANTIBACTERIAL (chlorure de benzalkonium 0,13 % solution pour application cutanée) APOLLO HEALTH AND BEAUTY CARE",ADDED
96208,02472775,SPRING SHOWERS PLUIES PRINTANIÈRES FOAMING HAND SOAP ANTIBACTERIAL (benzalkonium chloride 0.13 % cutaneous solution) APOLLO HEALTH AND BEAUTY CARE,"SPRING SHOWERS PLUIES PRINTANIÈRES FOAMING HAND SOAP ANTIBACTERIAL (chlorure de benzalkonium 0,13 % solution pour application cutanée) APOLLO HEALTH AND BEAUTY CARE",ADDED
97037,02479729,"ALCOHOL FREE FOAMING HAND SANITIZER (benzalkonium chloride 0.13 % cutaneous solution) VI-JON, LLC","ALCOHOL FREE FOAMING HAND SANITIZER (chlorure de benzalkonium 0,13 % solution pour application cutanée) VI-JON, LLC",ADDED
97058,02480034,POTASSIUM CHLORIDE FOR INJECTION CONCENTRATE (potassium chloride 200 meq per 100 mL solution for injection) OMEGA LABORATORIES LIMITED,POTASSIUM CHLORIDE FOR INJECTION CONCENTRATE (chlorure de potassium 200 meq par 100 mL solution injectable) OMEGA LABORATORIES LIMITED,ADDED
97086,02480336,"DYE FREE FRAGRANCE FREE ANTIBACTERIAL FOAMING HAND SOAP (benzalkonium chloride 0.13 % cutaneous solution) VI-JON, LLC","DYE FREE FRAGRANCE FREE ANTIBACTERIAL FOAMING HAND SOAP (chlorure de benzalkonium 0,13 % solution pour application cutanée) VI-JON, LLC",ADDED
97106,02480506,APPLAUD AB ANTISEPTIC LOTIONIZED HAND SOAP (chloroxylenol 0.5 % NA) ZEP MANUFACTURING COMPANY OF CANADA,"APPLAUD AB ANTISEPTIC LOTIONIZED HAND SOAP (chloroxylénol 0,5 % NA) ZEP MANUFACTURING COMPANY OF CANADA",ADDED
97147,02480816,SCOTT ANTIMICROBIAL FOAM SKIN CLEANSER (benzalkonium chloride 0.1 % cutaneous solution) KIMBERLY-CLARK GLOBAL SALES LLC,"SCOTT ANTIMICROBIAL FOAM SKIN CLEANSER (chlorure de benzalkonium 0,1 % solution pour application cutanée) KIMBERLY-CLARK GLOBAL SALES LLC",ADDED
97189,02481456,SCOTT FOAM HAND SANITIZER (benzalkonium chloride 0.13 % cutaneous solution) KIMBERLY-CLARK GLOBAL SALES LLC,"SCOTT FOAM HAND SANITIZER (chlorure de benzalkonium 0,13 % solution pour application cutanée) KIMBERLY-CLARK GLOBAL SALES LLC",ADDED
97592,02485699,POTASSIUM CHLORIDE FOR INJECTION CONCENTRATE USP (potassium chloride 149 mg per mL solution for injection) B. BRAUN MEDICAL INC,POTASSIUM CHLORIDE FOR INJECTION CONCENTRATE USP (chlorure de potassium 149 mg par mL solution injectable) B. BRAUN MEDICAL INC,ADDED
97681,02486636,"SODIUM BICARBONATE INJECTION, USP (sodium bicarbonate 84 mg per mL solution for injection) FRESENIUS KABI CANADA LTD","SODIUM BICARBONATE INJECTION, USP (bicarbonate de sodium 84 mg par mL solution injectable) FRESENIUS KABI CANADA LTD",ADDED
97789,02487756,BIBAG (sodium bicarbonate 900 g per bag powder for concentrate for solution for haemodialysis) FRESENIUS MEDICAL CARE CANADA INC,BIBAG (bicarbonate de sodium 900 g par sac poudre pour solution à diluer pour solution pour hémodialyse) FRESENIUS MEDICAL CARE CANADA INC,ADDED
98300,02493020,TARO-DOXORUBICIN LIPOSOMAL (doxorubicin hydrochloride 2 mg per mL suspension for injection) TARO PHARMACEUTICALS INC,TARO-DOXORUBICIN LIPOSOMAL (chlorhydrate de doxorubicine 2 mg par mL suspension injectable) TARO PHARMACEUTICALS INC,ADDED
98421,02494175,AKLIEF (trifarotene 50 mcg per g cutaneous cream) GALDERMA CANADA INC.,AKLIEF (trifarotène 50 mcg par g crème cutanée) GALDERMA CANADA INC.,"mp_formal_name: ""AKLIEF (trifarotene 50 mcg per g cutaneous cream) GALDERMA CANADA INC"" -> ""AKLIEF (trifarotene 50 mcg per g cutaneous cream) GALDERMA CANADA INC.̲""
mp_fr_description: ""AKLIEF (trifarotène 50 mcg par g crème cutanée) GALDERMA CANADA INC"" -> ""AKLIEF (trifarotène 50 mcg par g crème cutanée) GALDERMA CANADA INC.̲"""
98597,02496097,"PACLITAXEL POWDER FOR INJECTABLE SUSPENSION NANOPARTICLE, ALBUMIN-BOUND PACLITAXEL (paclitaxel 100 mg per vial powder for suspension for injection) PANACEA BIOTEC PHARMA LIMITED","PACLITAXEL POWDER FOR INJECTABLE SUSPENSION NANOPARTICLE, ALBUMIN-BOUND PACLITAXEL (paclitaxel 100 mg par fiole poudre pour suspension injectable) PANACEA BIOTEC PHARMA LIMITED",ADDED
98983,02500124,FOAM-CARE ULTRA (benzalkonium chloride 0.13 % cutaneous solution) LES CHIMIQUES B.O.D. INC,"FOAM-CARE ULTRA (chlorure de benzalkonium 0,13 % solution pour application cutanée) LES CHIMIQUES B.O.D. INC",ADDED
99098,02501368,DOVE CARE & PROTECT HAND WASH ANTIBACTERIAL (benzalkonium chloride 0.13 % cutaneous solution) UNILEVER CANADA,"DOVE CARE & PROTECT HAND WASH ANTIBACTERIAL (chlorure de benzalkonium 0,13 % solution pour application cutanée) UNILEVER CANADA",ADDED
99175,02502178,ANTI-MICROBE M (benzalkonium chloride 0.15 % cutaneous solution) ATOMS F.D. INC,"ANTI-MICROBE M (chlorure de benzalkonium 0,15 % solution pour application cutanée) ATOMS F.D. INC",ADDED
99178,02502208,HAND SANITIZER (benzalkonium chloride 0.15 % cutaneous solution) CONTRACT PACKAGING DISTRIBUTION INC.,"HAND SANITIZER (chlorure de benzalkonium 0,15 % solution pour application cutanée) CONTRACT PACKAGING DISTRIBUTION INC.",ADDED
99238,02502852,FS ANTIMICROBIAL HAND WASH (benzalkonium chloride 0.13 % cutaneous solution) ZEP MANUFACTURING COMPANY OF CANADA,"FS ANTIMICROBIAL HAND WASH (chlorure de benzalkonium 0,13 % solution pour application cutanée) ZEP MANUFACTURING COMPANY OF CANADA",ADDED
99564,02506300,DERMA SOLUTIONS (benzalkonium chloride 0.15 % cutaneous solution) LAROSE & FILS LTEE,"DERMA SOLUTIONS (chlorure de benzalkonium 0,15 % solution pour application cutanée) LAROSE & FILS LTEE",ADDED
99761,02508222,REFRESH ANTIBAC FOAM (benzalkonium chloride 0.13 % cutaneous solution) SC JOHNSON PROFESSIONAL CA INC,"REFRESH ANTIBAC FOAM (chlorure de benzalkonium 0,13 % solution pour application cutanée) SC JOHNSON PROFESSIONAL CA INC",ADDED
99900,02509717,VINDA ANTISEPTIC WIPES (benzethonium chloride 0.3 % wipe) GRAND OCEAN INTERNATIONAL TRADING LTD,"VINDA ANTISEPTIC WIPES (chlorure de benzéthonium 0,3 % lingette) GRAND OCEAN INTERNATIONAL TRADING LTD",ADDED
100018,02510901,SOAPOPULAR ANTIBACTERIAL HAND SOAP (benzalkonium chloride 0.15 % cutaneous solution) SOAPOPULAR INC,"SOAPOPULAR ANTIBACTERIAL HAND SOAP (chlorure de benzalkonium 0,15 % solution pour application cutanée) SOAPOPULAR INC",ADDED
100161,02512319,VISION ANTIBACTERIAL HAND SOAP (chloroxylenol 0.5 % cutaneous solution) LAWRASON'S INC,"VISION ANTIBACTERIAL HAND SOAP (chloroxylénol 0,5 % solution pour application cutanée) LAWRASON'S INC",ADDED
100244,02513226,SANI HANDS FOAM (benzalkonium chloride 0.1 % cutaneous solution) OSTREM CHEMICAL CO LTD.,"SANI HANDS FOAM (chlorure de benzalkonium 0,1 % solution pour application cutanée) OSTREM CHEMICAL CO LTD.",ADDED
100339,02514222,VISTASEAL (fibrinogen human 80 mg per 1 mL and thrombin human 500 unit per 1 mL cutaneous solution) INSTITUTO GRIFOLS S.A.,VISTASEAL (fibrinogène humaine 80 mg par 1 mL et thrombine humaine 500 unité par 1 mL solution pour application cutanée) INSTITUTO GRIFOLS S.A.,ADDED
100340,02514230,VISTASEAL (fibrinogen human 160 mg per 2 mL and thrombin human 1000 unit per 2 mL cutaneous solution) INSTITUTO GRIFOLS S.A.,VISTASEAL (fibrinogène humaine 160 mg par 2 mL et thrombine humaine 1000 unité par 2 mL solution pour application cutanée) INSTITUTO GRIFOLS S.A.,ADDED
100342,02514257,VISTASEAL (fibrinogen human 400 mg per 5 mL and thrombin human 2500 unit per 5 mL cutaneous solution) INSTITUTO GRIFOLS S.A.,VISTASEAL (fibrinogène humaine 400 mg par 5 mL et thrombine humaine 2500 unité par 5 mL solution pour application cutanée) INSTITUTO GRIFOLS S.A.,ADDED
100489,02515490,VYXEOS (cytarabine 100 mg and daunorubicin 44 mg powder for solution for injection) JAZZ PHARMACEUTICALS IRELAND LIMITED,VYXEOS (cytarabine 100 mg et daunorubicine 44 mg poudre pour solution injectable) JAZZ PHARMACEUTICALS IRELAND LIMITED,ADDED
100560,02516225,SODIUM BICARBONATE INJECTION USP (sodium bicarbonate 84 mg per mL solution for injection) JAMP PHARMA CORPORATION,SODIUM BICARBONATE INJECTION USP (bicarbonate de sodium 84 mg par mL solution injectable) JAMP PHARMA CORPORATION,ADDED
100596,02516624,QUETIAPINE FUMARATE XR (quetiapine (quetiapine fumarate) 150 mg prolonged-release oral tablet) SANIS HEALTH INC,QUETIAPINE FUMARATE XR (quétiapine (fumarate de quétiapine) 150 mg comprimé oral à libération prolongée) SANIS HEALTH INC,DELETED
100598,02516640,QUETIAPINE FUMARATE XR (quetiapine (quetiapine fumarate) 300 mg prolonged-release oral tablet) SANIS HEALTH INC,QUETIAPINE FUMARATE XR (quétiapine (fumarate de quétiapine) 300 mg comprimé oral à libération prolongée) SANIS HEALTH INC,DELETED
101483,02525852,"MELVIZO (ranibizumab 10 mg per mL solution for injection 0.23 mL vial) SAMSUNG BIOEPIS CO., LTD","MELVIZO (ranibizumab 10 mg par mL solution injectable 0,23 mL fiole) SAMSUNG BIOEPIS CO., LTD","Health_Canada_product_name: ""BYOOVIZ"" -> ""MELVIZO""
mp_formal_name: ""B̲Y̲O̲O̲V̲I̲Z̲ (ranibizumab 10 mg per mL solution for injection 0.23 mL vial) SAMSUNG BIOEPIS CO., LTD"" -> ""M̲E̲L̲V̲I̲Z̲O̲ (ranibizumab 10 mg per mL solution for injection 0.23 mL vial) SAMSUNG BIOEPIS CO., LTD""
mp_fr_description: ""B̲Y̲O̲O̲V̲I̲Z̲ (ranibizumab 10 mg par mL solution injectable 0,23 mL fiole) SAMSUNG BIOEPIS CO., LTD"" -> ""M̲E̲L̲V̲I̲Z̲O̲ (ranibizumab 10 mg par mL solution injectable 0,23 mL fiole) SAMSUNG BIOEPIS CO., LTD"""
101744,02528193,MAGNESIUM CHLORIDE FOR HEMODIALYSIS 5.15 (magnesium chloride (magnesium chloride hexahydrate) 5.15 g per vial powder for concentrate for solution for haemodialysis) CHIEF MEDICAL SUPPLIES LTD,"MAGNESIUM CHLORIDE FOR HEMODIALYSIS 5.15 (chlorure de magnésium ((fr) magnesium chloride hexahydrate) 5,15 g par fiole poudre pour solution à diluer pour solution pour hémodialyse) CHIEF MEDICAL SUPPLIES LTD",ADDED
101781,02528606,SANDOZ TACROLIMUS XR (tacrolimus 1 mg prolonged-release oral capsule) SANDOZ CANADA INCORPORATED,SANDOZ TACROLIMUS XR (tacrolimus 1 mg capsule orale à libération prolongée) SANDOZ CANADA INCORPORATED,ADDED
101783,02528622,SANDOZ TACROLIMUS XR (tacrolimus 3 mg prolonged-release oral capsule) SANDOZ CANADA INCORPORATED,SANDOZ TACROLIMUS XR (tacrolimus 3 mg capsule orale à libération prolongée) SANDOZ CANADA INCORPORATED,ADDED
101784,02528630,SANDOZ TACROLIMUS XR (tacrolimus 5 mg prolonged-release oral capsule) SANDOZ CANADA INCORPORATED,SANDOZ TACROLIMUS XR (tacrolimus 5 mg capsule orale à libération prolongée) SANDOZ CANADA INCORPORATED,ADDED
101903,02529793,POTASSIUM CHLORIDE FOR HEMODIALYSIS 7.55 (potassium chloride 7.55 g per vial powder for concentrate for solution for haemodialysis) CHIEF MEDICAL SUPPLIES LTD,"POTASSIUM CHLORIDE FOR HEMODIALYSIS 7.55 (chlorure de potassium 7,55 g par fiole poudre pour solution à diluer pour solution pour hémodialyse) CHIEF MEDICAL SUPPLIES LTD",ADDED
102623,02537524,ANTIBACTERIAL FOAMING HAND SOAP (benzalkonium chloride 0.13 % cutaneous solution) RUBBERMAID COMMERCIAL PRODUCTS LLC,"ANTIBACTERIAL FOAMING HAND SOAP (chlorure de benzalkonium 0,13 % solution pour application cutanée) RUBBERMAID COMMERCIAL PRODUCTS LLC",ADDED
102686,02538113,ANTIBACTERIAL HAND WIPES (benzalkonium chloride 0.13 % wipe) CANADIAN CUSTOM PACKAGING COMPANY,"ANTIBACTERIAL HAND WIPES (chlorure de benzalkonium 0,13 % lingette) CANADIAN CUSTOM PACKAGING COMPANY",ADDED
102735,02538652,XCOPRI (cenobamate 12.5 mg oral tablet) KNIGHT THERAPEUTICS INC.,"XCOPRI (cénobamate 12,5 mg comprimé oral) KNIGHT THERAPEUTICS INC.","mp_formal_name: ""XCOPRI (cenobamate 12.5 mg oral tablet) E̲N̲D̲O̲ ̲O̲P̲E̲R̲A̲T̲I̲O̲N̲S̲ ̲L̲T̲D̲."" -> ""XCOPRI (cenobamate 12.5 mg oral tablet) K̲N̲I̲G̲H̲T̲ ̲T̲H̲E̲R̲A̲P̲E̲U̲T̲I̲C̲S̲ ̲I̲N̲C̲.""
mp_fr_description: ""XCOPRI (cénobamate 12,5 mg comprimé oral) E̲N̲D̲O̲ ̲O̲P̲E̲R̲A̲T̲I̲O̲N̲S̲ ̲L̲T̲D̲."" -> ""XCOPRI (cénobamate 12,5 mg comprimé oral) K̲N̲I̲G̲H̲T̲ ̲T̲H̲E̲R̲A̲P̲E̲U̲T̲I̲C̲S̲ ̲I̲N̲C̲."""
102736,02538660,XCOPRI (cenobamate 25 mg oral tablet) KNIGHT THERAPEUTICS INC.,XCOPRI (cénobamate 25 mg comprimé oral) KNIGHT THERAPEUTICS INC.,"mp_formal_name: ""XCOPRI (cenobamate 25 mg oral tablet) E̲N̲D̲O̲ ̲O̲P̲E̲R̲A̲T̲I̲O̲N̲S̲ ̲L̲T̲D̲."" -> ""XCOPRI (cenobamate 25 mg oral tablet) K̲N̲I̲G̲H̲T̲ ̲T̲H̲E̲R̲A̲P̲E̲U̲T̲I̲C̲S̲ ̲I̲N̲C̲.""
mp_fr_description: ""XCOPRI (cénobamate 25 mg comprimé oral) E̲N̲D̲O̲ ̲O̲P̲E̲R̲A̲T̲I̲O̲N̲S̲ ̲L̲T̲D̲."" -> ""XCOPRI (cénobamate 25 mg comprimé oral) K̲N̲I̲G̲H̲T̲ ̲T̲H̲E̲R̲A̲P̲E̲U̲T̲I̲C̲S̲ ̲I̲N̲C̲."""
102738,02538725,XCOPRI (cenobamate 50 mg oral tablet) KNIGHT THERAPEUTICS INC.,XCOPRI (cénobamate 50 mg comprimé oral) KNIGHT THERAPEUTICS INC.,"mp_formal_name: ""XCOPRI (cenobamate 50 mg oral tablet) E̲N̲D̲O̲ ̲O̲P̲E̲R̲A̲T̲I̲O̲N̲S̲ ̲L̲T̲D̲."" -> ""XCOPRI (cenobamate 50 mg oral tablet) K̲N̲I̲G̲H̲T̲ ̲T̲H̲E̲R̲A̲P̲E̲U̲T̲I̲C̲S̲ ̲I̲N̲C̲.""
mp_fr_description: ""XCOPRI (cénobamate 50 mg comprimé oral) E̲N̲D̲O̲ ̲O̲P̲E̲R̲A̲T̲I̲O̲N̲S̲ ̲L̲T̲D̲."" -> ""XCOPRI (cénobamate 50 mg comprimé oral) K̲N̲I̲G̲H̲T̲ ̲T̲H̲E̲R̲A̲P̲E̲U̲T̲I̲C̲S̲ ̲I̲N̲C̲."""
102743,02538733,XCOPRI (cenobamate 100 mg oral tablet) KNIGHT THERAPEUTICS INC.,XCOPRI (cénobamate 100 mg comprimé oral) KNIGHT THERAPEUTICS INC.,"mp_formal_name: ""XCOPRI (cenobamate 100 mg oral tablet) E̲N̲D̲O̲ ̲O̲P̲E̲R̲A̲T̲I̲O̲N̲S̲ ̲L̲T̲D̲."" -> ""XCOPRI (cenobamate 100 mg oral tablet) K̲N̲I̲G̲H̲T̲ ̲T̲H̲E̲R̲A̲P̲E̲U̲T̲I̲C̲S̲ ̲I̲N̲C̲.""
mp_fr_description: ""XCOPRI (cénobamate 100 mg comprimé oral) E̲N̲D̲O̲ ̲O̲P̲E̲R̲A̲T̲I̲O̲N̲S̲ ̲L̲T̲D̲."" -> ""XCOPRI (cénobamate 100 mg comprimé oral) K̲N̲I̲G̲H̲T̲ ̲T̲H̲E̲R̲A̲P̲E̲U̲T̲I̲C̲S̲ ̲I̲N̲C̲."""
102744,02538741,XCOPRI (cenobamate 150 mg oral tablet) KNIGHT THERAPEUTICS INC.,XCOPRI (cénobamate 150 mg comprimé oral) KNIGHT THERAPEUTICS INC.,"mp_formal_name: ""XCOPRI (cenobamate 150 mg oral tablet) E̲N̲D̲O̲ ̲O̲P̲E̲R̲A̲T̲I̲O̲N̲S̲ ̲L̲T̲D̲."" -> ""XCOPRI (cenobamate 150 mg oral tablet) K̲N̲I̲G̲H̲T̲ ̲T̲H̲E̲R̲A̲P̲E̲U̲T̲I̲C̲S̲ ̲I̲N̲C̲.""
mp_fr_description: ""XCOPRI (cénobamate 150 mg comprimé oral) E̲N̲D̲O̲ ̲O̲P̲E̲R̲A̲T̲I̲O̲N̲S̲ ̲L̲T̲D̲."" -> ""XCOPRI (cénobamate 150 mg comprimé oral) K̲N̲I̲G̲H̲T̲ ̲T̲H̲E̲R̲A̲P̲E̲U̲T̲I̲C̲S̲ ̲I̲N̲C̲."""
102745,02538768,XCOPRI (cenobamate 200 mg oral tablet) KNIGHT THERAPEUTICS INC.,XCOPRI (cénobamate 200 mg comprimé oral) KNIGHT THERAPEUTICS INC.,"mp_formal_name: ""XCOPRI (cenobamate 200 mg oral tablet) E̲N̲D̲O̲ ̲O̲P̲E̲R̲A̲T̲I̲O̲N̲S̲ ̲L̲T̲D̲."" -> ""XCOPRI (cenobamate 200 mg oral tablet) K̲N̲I̲G̲H̲T̲ ̲T̲H̲E̲R̲A̲P̲E̲U̲T̲I̲C̲S̲ ̲I̲N̲C̲.""
mp_fr_description: ""XCOPRI (cénobamate 200 mg comprimé oral) E̲N̲D̲O̲ ̲O̲P̲E̲R̲A̲T̲I̲O̲N̲S̲ ̲L̲T̲D̲."" -> ""XCOPRI (cénobamate 200 mg comprimé oral) K̲N̲I̲G̲H̲T̲ ̲T̲H̲E̲R̲A̲P̲E̲U̲T̲I̲C̲S̲ ̲I̲N̲C̲."""
102944,02540762,JAMP NINTEDANIB (nintedanib (nintedanib esilate) 150 mg oral capsule) JAMP PHARMA CORPORATION,JAMP NINTEDANIB (nintédanib (ésilate de nintédanib) 150 mg capsule orale) JAMP PHARMA CORPORATION,ADDED
102948,02540800,COUGH & COLD RELIEF EXTRA STRENGTH (dextromethorphan hydrobromide 15 mg per 5 mL and guaifenesin 200 mg per 5 mL and pseudoephedrine hydrochloride 30 mg per 5 mL syrup) CRLS,COUGH & COLD RELIEF EXTRA STRENGTH (bromhydrate de dextrométhorphane 15 mg par 5 mL et guaïfénésine 200 mg par 5 mL et chlorhydrate de pseudoéphédrine 30 mg par 5 mL sirop) CRLS,ADDED
103004,02541394,PRZ-BISOPROLOL (bisoprolol fumarate 5 mg oral tablet) PHARMARIS CANADA INC,PRZ-BISOPROLOL (fumarate de bisoprolol 5 mg comprimé oral) PHARMARIS CANADA INC,ADDED
103006,02541408,PRZ-BISOPROLOL (bisoprolol fumarate 10 mg oral tablet) PHARMARIS CANADA INC,PRZ-BISOPROLOL (fumarate de bisoprolol 10 mg comprimé oral) PHARMARIS CANADA INC,ADDED
103050,02541890,COUGH & CHEST CONGESTION EXTRA STRENGTH (dextromethorphan hydrobromide 15 mg per 5 mL and guaifenesin 200 mg per 5 mL syrup) CRLS,COUGH & CHEST CONGESTION EXTRA STRENGTH (bromhydrate de dextrométhorphane 15 mg par 5 mL et guaïfénésine 200 mg par 5 mL sirop) CRLS,"mp_status_effective_time: ""20241230"" -> ""20241220"""
103051,02541904,SODIUM BICARBONATE INJECTION USP (sodium bicarbonate 84 mg per mL solution for injection) STERIMAX INC,SODIUM BICARBONATE INJECTION USP (bicarbonate de sodium 84 mg par mL solution injectable) STERIMAX INC,ADDED
103322,02544652,JAMP SULFASALAZINE (sulfasalazine 500 mg oral tablet) JAMP PHARMA CORPORATION,JAMP SULFASALAZINE (sulfasalazine 500 mg comprimé oral) JAMP PHARMA CORPORATION,ADDED
103443,02545683,FOAMING ANTIBACTERIAL HAND CLEANSER (benzalkonium chloride 0.13 % cutaneous solution) BETCO CORPORATION,"FOAMING ANTIBACTERIAL HAND CLEANSER (chlorure de benzalkonium 0,13 % solution pour application cutanée) BETCO CORPORATION",ADDED
103776,02548933,LAXATIVE (polyethylene glycol 3350 100 % powder for oral solution) PHARMASCIENCE INC,LAXATIVE (polyéthylèneglycol 3350 100 % poudre pour solution orale) PHARMASCIENCE INC,ADDED
103872,02549905,SOFTSOAP ANTIBACTERIAL FOR SENSITIVE SKIN (benzalkonium chloride 0.13 % cutaneous solution) COLGATE-PALMOLIVE CANADA INC,"SOFTSOAP ANTIBACTERIAL FOR SENSITIVE SKIN (chlorure de benzalkonium 0,13 % solution pour application cutanée) COLGATE-PALMOLIVE CANADA INC",ADDED
103914,02550326,BENZALKONIUM CHLORIDE WIPES (benzalkonium chloride 0.13 % wipe) ACME UNITED CORPORATION,"BENZALKONIUM CHLORIDE WIPES (chlorure de benzalkonium 0,13 % lingette) ACME UNITED CORPORATION",ADDED
103925,02550431,"KETAMINE HYDROCHLORIDE INJECTION, USP (ketamine (ketamine hydrochloride) 200 mg per 20 mL solution for injection vial) FRESENIUS KABI CANADA LTD","KETAMINE HYDROCHLORIDE INJECTION, USP (kétamine (chlorhydrate de kétamine) 200 mg par 20 mL solution injectable fiole) FRESENIUS KABI CANADA LTD",ADDED
103926,02550458,"KETAMINE HYDROCHLORIDE INJECTION, USP (ketamine (ketamine hydrochloride) 500 mg per 10 mL solution for injection vial) FRESENIUS KABI CANADA LTD","KETAMINE HYDROCHLORIDE INJECTION, USP (kétamine (chlorhydrate de kétamine) 500 mg par 10 mL solution injectable fiole) FRESENIUS KABI CANADA LTD",ADDED
103962,02550849,JAMP NINTEDANIB (nintedanib (nintedanib esilate) 100 mg oral capsule) JAMP PHARMA CORPORATION,JAMP NINTEDANIB (nintédanib (ésilate de nintédanib) 100 mg capsule orale) JAMP PHARMA CORPORATION,ADDED
104199,02553023,JORNAY PM (methylphenidate hydrochloride 100 mg modified-release oral capsule) KNIGHT THERAPEUTICS INC.,JORNAY PM (chlorhydrate de méthylphénidate 100 mg capsule orale à libération modifiée) KNIGHT THERAPEUTICS INC.,ADDED
104200,02553031,JORNAY PM (methylphenidate hydrochloride 80 mg modified-release oral capsule) KNIGHT THERAPEUTICS INC.,JORNAY PM (chlorhydrate de méthylphénidate 80 mg capsule orale à libération modifiée) KNIGHT THERAPEUTICS INC.,ADDED
104201,02553058,JORNAY PM (methylphenidate hydrochloride 60 mg modified-release oral capsule) KNIGHT THERAPEUTICS INC.,JORNAY PM (chlorhydrate de méthylphénidate 60 mg capsule orale à libération modifiée) KNIGHT THERAPEUTICS INC.,ADDED
104202,02553066,JORNAY PM (methylphenidate hydrochloride 40 mg modified-release oral capsule) KNIGHT THERAPEUTICS INC.,JORNAY PM (chlorhydrate de méthylphénidate 40 mg capsule orale à libération modifiée) KNIGHT THERAPEUTICS INC.,ADDED
104203,02553074,JORNAY PM (methylphenidate hydrochloride 20 mg modified-release oral capsule) KNIGHT THERAPEUTICS INC.,JORNAY PM (chlorhydrate de méthylphénidate 20 mg capsule orale à libération modifiée) KNIGHT THERAPEUTICS INC.,ADDED
104223,02553295,APO-CLADRIBINE (cladribine 10 mg oral tablet) APOTEX INC,APO-CLADRIBINE (cladribine 10 mg comprimé oral) APOTEX INC,ADDED
104281,02553910,MINT-SITAGLIPTIN (sitagliptin (sitagliptin phosphate) 25 mg oral tablet) MINT PHARMACEUTICALS INC,MINT-SITAGLIPTIN (sitagliptine (phosphate de sitagliptine) 25 mg comprimé oral) MINT PHARMACEUTICALS INC,ADDED
104282,02553929,MINT-SITAGLIPTIN (sitagliptin (sitagliptin phosphate) 50 mg oral tablet) MINT PHARMACEUTICALS INC,MINT-SITAGLIPTIN (sitagliptine (phosphate de sitagliptine) 50 mg comprimé oral) MINT PHARMACEUTICALS INC,ADDED
104283,02553937,MINT-SITAGLIPTIN (sitagliptin (sitagliptin phosphate) 100 mg oral tablet) MINT PHARMACEUTICALS INC,MINT-SITAGLIPTIN (sitagliptine (phosphate de sitagliptine) 100 mg comprimé oral) MINT PHARMACEUTICALS INC,ADDED
104299,02554119,JAMP PERINDOPRIL/INDAPAMIDE (indapamide 0.625 mg and perindopril erbumine 2 mg oral tablet) JAMP PHARMA CORPORATION,"JAMP PERINDOPRIL/INDAPAMIDE (indapamide 0,625 mg et périndopril erbumine 2 mg comprimé oral) JAMP PHARMA CORPORATION",ADDED
104300,02554127,JAMP PERINDOPRIL/INDAPAMIDE (indapamide 1.25 mg and perindopril erbumine 4 mg oral tablet) JAMP PHARMA CORPORATION,"JAMP PERINDOPRIL/INDAPAMIDE (indapamide 1,25 mg et périndopril erbumine 4 mg comprimé oral) JAMP PHARMA CORPORATION",ADDED
104301,02554135,JAMP PERINDOPRIL/INDAPAMIDE (indapamide 2.5 mg and perindopril erbumine 8 mg oral tablet) JAMP PHARMA CORPORATION,"JAMP PERINDOPRIL/INDAPAMIDE (indapamide 2,5 mg et périndopril erbumine 8 mg comprimé oral) JAMP PHARMA CORPORATION",ADDED
104399,02555239,ZYNYZ (retifanlimab 500 mg per 20 mL solution for injection vial) INCYTE CORPORATION,ZYNYZ (rétifanlimab 500 mg par 20 mL solution injectable fiole) INCYTE CORPORATION,ADDED
106020,02556812,OPFOLDA (miglustat 65 mg oral capsule) AMICUS THERAPEUTICS CANADA INC.,OPFOLDA (miglustat 65 mg capsule orale) AMICUS THERAPEUTICS CANADA INC.,ADDED
106027,02556898,POMBILITI (cipaglucosidase alfa 105 mg per vial powder for solution for injection) AMICUS THERAPEUTICS CANADA INC.,POMBILITI (cipaglucosidase alfa 105 mg par fiole poudre pour solution injectable) AMICUS THERAPEUTICS CANADA INC.,ADDED
106098,02557673,RIVA-ESOMEPRAZOLE (esomeprazole (esomeprazole magnesium) 20 mg gastro-resistant tablet) LABORATOIRE RIVA INC.,RIVA-ESOMEPRAZOLE (ésoméprazole (ésoméprazole magnésien) 20 mg comprimé gastrorésistant) LABORATOIRE RIVA INC.,ADDED
106099,02557681,RIVA-ESOMEPRAZOLE (esomeprazole (esomeprazole magnesium) 40 mg gastro-resistant tablet) LABORATOIRE RIVA INC.,RIVA-ESOMEPRAZOLE (ésoméprazole (ésoméprazole magnésien) 40 mg comprimé gastrorésistant) LABORATOIRE RIVA INC.,ADDED
106175,02558505,NRA-DOXYCYCLINE (doxycycline (doxycycline hyclate) 100 mg oral tablet) NORA PHARMA INC,NRA-DOXYCYCLINE (doxycycline (hyclate de doxycycline) 100 mg comprimé oral) NORA PHARMA INC,ADDED
106206,02558858,JAMP VALACYCLOVIR (valacyclovir (valacyclovir hydrochloride) 1000 mg oral tablet) JAMP PHARMA CORPORATION,JAMP VALACYCLOVIR (valaciclovir (chlorhydrate de valaciclovir) 1000 mg comprimé oral) JAMP PHARMA CORPORATION,ADDED
106378,02560747,EVRYSDI (risdiplam 5 mg oral tablet) HOFFMANN-LA ROCHE LIMITED,EVRYSDI (risdiplam 5 mg comprimé oral) HOFFMANN-LA ROCHE LIMITED,ADDED
106391,02560895,OSENVELT (denosumab 120 mg per 1.7 mL solution for injection vial) CELLTRION INC.,"OSENVELT (dénosumab 120 mg par 1,7 mL solution injectable fiole) CELLTRION INC.",ADDED
106393,02560917,STOBOCLO (denosumab 60 mg per 1 mL solution for injection syringe) CELLTRION INC.,STOBOCLO (dénosumab 60 mg par 1 mL solution injectable seringue) CELLTRION INC.,ADDED
106445,02561492,LYVDELZI (seladelpar (seladelpar lysine) 10 mg oral capsule) GILEAD SCIENCES CANADA INC,LYVDELZI (séladelpar (séladelpar lysine) 10 mg capsule orale) GILEAD SCIENCES CANADA INC,ADDED
106475,02561824,SEPHIENCE (sepiapterin 250 mg per sachet powder for oral suspension) PTC THERAPEUTICS INTERNATIONAL LIMITED,SEPHIENCE (sépiaptérine 250 mg par sachet poudre pour suspension orale) PTC THERAPEUTICS INTERNATIONAL LIMITED,ADDED
106476,02561832,SEPHIENCE (sepiapterin 1000 mg per sachet powder for oral suspension) PTC THERAPEUTICS INTERNATIONAL LIMITED,SEPHIENCE (sépiaptérine 1000 mg par sachet poudre pour suspension orale) PTC THERAPEUTICS INTERNATIONAL LIMITED,ADDED
106487,02561956,PMS-METHOTREXATE TABLETS (methotrexate 10 mg oral tablet) PHARMASCIENCE INC,PMS-METHOTREXATE TABLETS (méthotrexate 10 mg comprimé oral) PHARMASCIENCE INC,ADDED
106492,02562006,JAYPIRCA (pirtobrutinib 50 mg oral tablet) ELI LILLY CANADA INC,JAYPIRCA (pirtobrutinib 50 mg comprimé oral) ELI LILLY CANADA INC,ADDED
106493,02562014,JAYPIRCA (pirtobrutinib 100 mg oral tablet) ELI LILLY CANADA INC,JAYPIRCA (pirtobrutinib 100 mg comprimé oral) ELI LILLY CANADA INC,ADDED
NA,035162cf3d1768b08f72fc505c090c4d,MIDAZOLAM INJECTION USP (midazolam 100 mg per 100 mL solution for injection bag) HIKMA CANADA LIMITED,MIDAZOLAM INJECTION USP (midazolam 100 mg par 100 mL solution injectable sac) HIKMA CANADA LIMITED,ADDED
NA,2b896bc11e82f6fa1fc93dcdb7b2f39f,MIDAZOLAM INJECTION USP (midazolam 50 mg per 50 mL solution for injection bag) HIKMA CANADA LIMITED,MIDAZOLAM INJECTION USP (midazolam 50 mg par 50 mL solution injectable sac) HIKMA CANADA LIMITED,ADDED
NA,77700303,HYDROMORPHONE HYDROCHLORIDE INJECTION USP (hydromorphone hydrochloride 10 mg per 1 mL solution for injection vial) PFIZER CANADA ULC,HYDROMORPHONE HYDROCHLORIDE INJECTION USP (chlorhydrate d'hydromorphone 10 mg par 1 mL solution injectable fiole) PFIZER CANADA ULC,DELETED
NA,77700304,HYDROMORPHONE HYDROCHLORIDE INJECTION USP (hydromorphone hydrochloride 10 mg per mL solution for injection 50 mL vial) PFIZER CANADA ULC,HYDROMORPHONE HYDROCHLORIDE INJECTION USP (chlorhydrate d'hydromorphone 10 mg par mL solution injectable 50 mL fiole) PFIZER CANADA ULC,DELETED
NA,77700305,HYDROMORPHONE HYDROCHLORIDE INJECTION USP (hydromorphone hydrochloride 50 mg per 5 mL solution for injection vial) PFIZER CANADA ULC,HYDROMORPHONE HYDROCHLORIDE INJECTION USP (chlorhydrate d'hydromorphone 50 mg par 5 mL solution injectable fiole) PFIZER CANADA ULC,DELETED
NA,77700769,"DOXORUBICIN INJECTION, BP (doxorubicin hydrochloride 50 mg per 25 mL solution for injection vial) ACCORD HEALTHCARE INC","DOXORUBICIN INJECTION, BP (chlorhydrate de doxorubicine 50 mg par 25 mL solution injectable fiole) ACCORD HEALTHCARE INC",ADDED
NA,77700770,"DOXORUBICIN INJECTION, BP (doxorubicin hydrochloride 20 mg per 10 mL solution for injection vial) ACCORD HEALTHCARE INC","DOXORUBICIN INJECTION, BP (chlorhydrate de doxorubicine 20 mg par 10 mL solution injectable fiole) ACCORD HEALTHCARE INC",ADDED
NA,77700771,"DOXORUBICIN INJECTION, BP (doxorubicin hydrochloride 2 mg per mL solution for injection 100 mL vial) ACCORD HEALTHCARE INC","DOXORUBICIN INJECTION, BP (chlorhydrate de doxorubicine 2 mg par mL solution injectable 100 mL fiole) ACCORD HEALTHCARE INC",ADDED
NA,77700772,"DOXORUBICIN INJECTION, BP (doxorubicin hydrochloride 10 mg per 5 mL solution for injection vial) ACCORD HEALTHCARE INC","DOXORUBICIN INJECTION, BP (chlorhydrate de doxorubicine 10 mg par 5 mL solution injectable fiole) ACCORD HEALTHCARE INC",ADDED
NA,77700783,DOXORUBICIN HYDROCHLORIDE INJECTION (doxorubicin hydrochloride 50 mg per 25 mL solution for injection vial) TEVA CANADA LIMITED,DOXORUBICIN HYDROCHLORIDE INJECTION (chlorhydrate de doxorubicine 50 mg par 25 mL solution injectable fiole) TEVA CANADA LIMITED,ADDED
NA,77700784,DOXORUBICIN HYDROCHLORIDE INJECTION (doxorubicin hydrochloride 2 mg per mL solution for injection 100 mL vial) TEVA CANADA LIMITED,DOXORUBICIN HYDROCHLORIDE INJECTION (chlorhydrate de doxorubicine 2 mg par mL solution injectable 100 mL fiole) TEVA CANADA LIMITED,ADDED
NA,77700785,DOXORUBICIN HYDROCHLORIDE INJECTION (doxorubicin hydrochloride 10 mg per 5 mL solution for injection vial) TEVA CANADA LIMITED,DOXORUBICIN HYDROCHLORIDE INJECTION (chlorhydrate de doxorubicine 10 mg par 5 mL solution injectable fiole) TEVA CANADA LIMITED,ADDED
NA,77700789,DOXORUBICIN (doxorubicin hydrochloride 10 mg per 5 mL solution for injection vial) PFIZER CANADA ULC,DOXORUBICIN (chlorhydrate de doxorubicine 10 mg par 5 mL solution injectable fiole) PFIZER CANADA ULC,ADDED
NA,77700790,DOXORUBICIN (doxorubicin hydrochloride 2 mg per mL solution for injection 100 mL vial) PFIZER CANADA ULC,DOXORUBICIN (chlorhydrate de doxorubicine 2 mg par mL solution injectable 100 mL fiole) PFIZER CANADA ULC,ADDED
NA,77700791,DOXORUBICIN (doxorubicin hydrochloride 50 mg per 25 mL solution for injection vial) PFIZER CANADA ULC,DOXORUBICIN (chlorhydrate de doxorubicine 50 mg par 25 mL solution injectable fiole) PFIZER CANADA ULC,ADDED
NA,77700991,PACLITAXEL FOR INJECTION (paclitaxel 100 mg per 16.7 mL solution for injection vial) BIOLYSE PHARMA CORPORATION,"PACLITAXEL FOR INJECTION (paclitaxel 100 mg par 16,7 mL solution injectable fiole) BIOLYSE PHARMA CORPORATION",ADDED
NA,77700992,PACLITAXEL FOR INJECTION (paclitaxel 100 mg per 16.7 mL solution for injection vial) BIOLYSE PHARMA CORPORATION,"PACLITAXEL FOR INJECTION (paclitaxel 100 mg par 16,7 mL solution injectable fiole) BIOLYSE PHARMA CORPORATION",ADDED
NA,77700993,PACLITAXEL FOR INJECTION (paclitaxel 100 mg per 16.7 mL solution for injection vial) BIOLYSE PHARMA CORPORATION,"PACLITAXEL FOR INJECTION (paclitaxel 100 mg par 16,7 mL solution injectable fiole) BIOLYSE PHARMA CORPORATION",ADDED
NA,77700994,PACLITAXEL INJECTION USP (paclitaxel 100 mg per 16.7 mL solution for injection vial) SANDOZ CANADA INCORPORATED,"PACLITAXEL INJECTION USP (paclitaxel 100 mg par 16,7 mL solution injectable fiole) SANDOZ CANADA INCORPORATED",ADDED
NA,77700995,PACLITAXEL INJECTION USP (paclitaxel 100 mg per 16.7 mL solution for injection vial) SANDOZ CANADA INCORPORATED,"PACLITAXEL INJECTION USP (paclitaxel 100 mg par 16,7 mL solution injectable fiole) SANDOZ CANADA INCORPORATED",ADDED
NA,77700996,PACLITAXEL INJECTION USP (paclitaxel 100 mg per 16.7 mL solution for injection vial) SANDOZ CANADA INCORPORATED,"PACLITAXEL INJECTION USP (paclitaxel 100 mg par 16,7 mL solution injectable fiole) SANDOZ CANADA INCORPORATED",ADDED
NA,77700997,PACLITAXEL INJECTION USP (paclitaxel 100 mg per 16.7 mL solution for injection vial) SANDOZ CANADA INCORPORATED,"PACLITAXEL INJECTION USP (paclitaxel 100 mg par 16,7 mL solution injectable fiole) SANDOZ CANADA INCORPORATED",ADDED
NA,77700998,PACLITAXEL INJECTION USP (paclitaxel 100 mg per 16.7 mL solution for injection vial) ACCORD HEALTHCARE INC,"PACLITAXEL INJECTION USP (paclitaxel 100 mg par 16,7 mL solution injectable fiole) ACCORD HEALTHCARE INC",ADDED
NA,77700999,PACLITAXEL INJECTION USP (paclitaxel 100 mg per 16.7 mL solution for injection vial) ACCORD HEALTHCARE INC,"PACLITAXEL INJECTION USP (paclitaxel 100 mg par 16,7 mL solution injectable fiole) ACCORD HEALTHCARE INC",ADDED
NA,77701173,PMS-SUGAMMADEX (sugammadex (sugammadex sodium) 200 mg per 2 mL solution for injection vial) PHARMASCIENCE INC,PMS-SUGAMMADEX (sugammadex (sugammadex sodique) 200 mg par 2 mL solution injectable fiole) PHARMASCIENCE INC,"mp_status_effective_time: ""20250313"" -> ""20250213"""
NA,77701174,PMS-SUGAMMADEX (sugammadex (sugammadex sodium) 500 mg per 5 mL solution for injection vial) PHARMASCIENCE INC,PMS-SUGAMMADEX (sugammadex (sugammadex sodique) 500 mg par 5 mL solution injectable fiole) PHARMASCIENCE INC,"mp_status_effective_time: ""20250313"" -> ""20250213"""
NA,c424c83d68ba56d4017d3b72cf53888e,LEQEMBI (lecanemab 500 mg per 5 mL solution for injection vial) EISAI LIMITED,LEQEMBI (lécanémab 500 mg par 5 mL solution injectable fiole) EISAI LIMITED,ADDED
NA,f62fd53ef9c8c97fb10a517f63bb2e97,LEQEMBI (lecanemab 200 mg per 2 mL solution for injection vial) EISAI LIMITED,LEQEMBI (lécanémab 200 mg par 2 mL solution injectable fiole) EISAI LIMITED,ADDED
