drug_code,mp_code,mp_formal_name,mp_fr_description,changes
104231,02553376,PRO-SITAGLIPTIN (sitagliptin (sitagliptin phosphate monohydrate) 25 mg oral tablet) PRO DOC LIMITEE,PRO-SITAGLIPTIN (sitagliptine (phosphate de sitagliptine monohydraté) 25 mg comprimé oral) PRO DOC LIMITEE,ADDED
104477,02556057,HEMLIBRA (emicizumab 300 mg per 2 mL solution for injection vial) HOFFMANN-LA ROCHE LIMITED,HEMLIBRA (émicizumab 300 mg par 2 mL solution injectable fiole) HOFFMANN-LA ROCHE LIMITED,ADDED
12419,01926306,PANECTYL (trimeprazine (trimeprazine tartrate) 2.5 mg oral tablet) SEARCHLIGHT PHARMA INC,"PANECTYL (triméprazine (tartrate de triméprazine) 2,5 mg comprimé oral) SEARCHLIGHT PHARMA INC","mp_status: ""ACTIVE"" -> ""INACTIVE""
mp_status_effective_time: ""19591231"" -> ""20260731"""
103872,02549905,SOFTSOAP ANTIBACTERIAL FOR SENSITIVE SKIN (benzalkonium chloride 0.13 % cutaneous solution) COLGATE-PALMOLIVE CANADA INC,"SOFTSOAP ANTIBACTERIAL FOR SENSITIVE SKIN (chlorure de benzalkonium 0,13 % solution pour application cutanée) COLGATE-PALMOLIVE CANADA INC",ADDED
85354,02368560,JAMP-MIRTAZAPINE (mirtazapine 15 mg oral tablet) JAMP PHARMA CORPORATION,JAMP-MIRTAZAPINE (mirtazapine 15 mg comprimé oral) JAMP PHARMA CORPORATION,"mp_status_effective_time: ""20170807"" -> ""20260812"""
102173,02532719,TECARTUS (brexucabtagene autoleucel 100000000 cells per bag suspension for injection) GILEAD SCIENCES CANADA INC,TECARTUS (bréxucabtagène autoleucel 100000000 cellules par sac suspension injectable) GILEAD SCIENCES CANADA INC,ADDED
95295,02464802,DIAL FOAMING ANTIBACTERIAL HAND WASH (benzalkonium chloride 0.13 % cutaneous solution) HENKEL CONSUMER BRANDS CANADA CORPORATION,"DIAL FOAMING ANTIBACTERIAL HAND WASH (chlorure de benzalkonium 0,13 % solution pour application cutanée) HENKEL CONSUMER BRANDS CANADA CORPORATION",ADDED
NA,77700769,"DOXORUBICIN INJECTION, BP (doxorubicin hydrochloride 50 mg per 25 mL solution for injection vial) ACCORD HEALTHCARE INC","DOXORUBICIN INJECTION, BP (chlorhydrate de doxorubicine 50 mg par 25 mL solution injectable fiole) ACCORD HEALTHCARE INC",ADDED
NA,77700791,DOXORUBICIN (doxorubicin hydrochloride 50 mg per 25 mL solution for injection vial) PFIZER CANADA ULC,DOXORUBICIN (chlorhydrate de doxorubicine 50 mg par 25 mL solution injectable fiole) PFIZER CANADA ULC,ADDED
47738,02229682,"SUCRETS FOR KIDS (dyclonine hydrochloride 1.2 mg lozenge) INSIGHT PHARMACEUTICALS, LLC","SUCRETS FOR KIDS (chlorhydrate de dyclonine 1,2 mg pastille) INSIGHT PHARMACEUTICALS, LLC","mp_status_effective_time: ""20190703"" -> ""20260811"""
96203,02472724,ENERGY BERRY BAIES ÉNERGISANTES FOAMING HAND SOAP ANTIBACTERIAL (benzalkonium chloride 0.13 % cutaneous solution) APOLLO HEALTH AND BEAUTY CARE,"ENERGY BERRY BAIES ÉNERGISANTES FOAMING HAND SOAP ANTIBACTERIAL (chlorure de benzalkonium 0,13 % solution pour application cutanée) APOLLO HEALTH AND BEAUTY CARE",ADDED
100885,02519607,QUETIAPINE XR (quetiapine (quetiapine fumarate) 50 mg prolonged-release oral tablet) JAMP PHARMA CORPORATION,QUETIAPINE XR (quétiapine (fumarate de quétiapine) 50 mg comprimé oral à libération prolongée) JAMP PHARMA CORPORATION,DELETED
87940,02394243,APO-PREGABALIN (pregabalin 50 mg oral capsule) APOTEX INC,APO-PREGABALIN (prégabaline 50 mg capsule orale) APOTEX INC,"mp_status: ""INACTIVE"" -> ""ACTIVE""
mp_status_effective_time: ""20251009"" -> ""20130606"""
83971,02354543,LORIS 0.13% BZK (benzalkonium chloride 0.13 % wipe) LERNAPHARM (LORIS) INC.,"LORIS 0.13% BZK (chlorure de benzalkonium 0,13 % lingette) LERNAPHARM (LORIS) INC.",ADDED
74702,02261642,PMS-AZITHROMYCIN (azithromycin 600 mg oral tablet) PHARMASCIENCE INC,PMS-AZITHROMYCIN (azithromycine 600 mg comprimé oral) PHARMASCIENCE INC,DELETED
78001,02294664,OCTAPLEX (coagulation factor ii (human) 760 unit per vial and coagulation factor IX human 500 unit per vial and coagulation factor vii (human) 480 unit per vial and coagulation factor x (human) 600 unit per vial and protein c 620 unit per vial and protein s 640 unit per vial NA) OCTAPHARMA PHARMAZEUTIKA PRODUKTIONSGES M B H,OCTAPLEX (facteur II de coagulation humain 760 unité par fiole et facteur IX de coagulation humain 500 unité par fiole et facteur VII de coagulation humain 480 unité par fiole et facteur X de coagulation humain 600 unité par fiole et protéine c 620 unité par fiole et protéine s 640 unité par fiole NA) OCTAPHARMA PHARMAZEUTIKA PRODUKTIONSGES M B H,ADDED
80131,02315793,BAZA PROTECT II (dimethicone 1 % and zinc oxide 12 % cutaneous cream) COLOPLAST A/S,BAZA PROTECT II (diméthicone 1 % et oxyde de zinc 12 % crème cutanée) COLOPLAST A/S,"mp_status: ""INACTIVE"" -> ""ACTIVE""
mp_status_effective_time: ""20260729"" -> ""20090520"""
104336,02554526,DAYQUIL HOT REMEDY (acetaminophen 500 mg per sachet and dextromethorphan hydrobromide 20 mg per sachet powder for oral solution) PROCTER & GAMBLE INC,DAYQUIL HOT REMEDY (acétaminophène 500 mg par sachet et bromhydrate de dextrométhorphane 20 mg par sachet poudre pour solution orale) PROCTER & GAMBLE INC,ADDED
NA,77700996,PACLITAXEL INJECTION USP (paclitaxel 100 mg per 16.7 mL solution for injection vial) SANDOZ CANADA INCORPORATED,"PACLITAXEL INJECTION USP (paclitaxel 100 mg par 16,7 mL solution injectable fiole) SANDOZ CANADA INCORPORATED",ADDED
66725,02242893,"DIUREX WATER CAPLETS (pamabrom 50 mg oral tablet) ALVA-AMCO PHARMACAL COMPANIES, LLC","DIUREX WATER CAPLETS (pamabrom 50 mg comprimé oral) ALVA-AMCO PHARMACAL COMPANIES, LLC",DELETED
89540,02410826,BERIPLEX P/N 1000 (coagulation factor ii (human) 1600 unit and coagulation factor IX human 1240 unit and coagulation factor vii (human) 1000 unit and coagulation factor x (human) 2040 unit and protein c 1640 unit and protein s 1360 unit powder for solution for injection) CSL BEHRING CANADA INC,BERIPLEX P/N 1000 (facteur II de coagulation humain 1600 unité et facteur IX de coagulation humain 1240 unité et facteur VII de coagulation humain 1000 unité et facteur X de coagulation humain 2040 unité et protéine c 1640 unité et protéine s 1360 unité poudre pour solution injectable) CSL BEHRING CANADA INC,ADDED
102307,02534118,AG-ANASTROZOLE (anastrozole 1 mg oral tablet) ANGITA PHARMA INC.,AG-ANASTROZOLE (anastrozole 1 mg comprimé oral) ANGITA PHARMA INC.,DELETED
91692,02432463,"LODALIS (colesevelam hydrochloride 3.75 g per sachet powder for oral suspension) BAUSCH HEALTH, CANADA INC.","LODALIS (chlorhydrate de colésévélam 3,75 g par sachet poudre pour suspension orale) BAUSCH HEALTH, CANADA INC.",DELETED
101359,02524570,M-LEVETIRACETAM (levetiracetam 500 mg oral tablet) MANTRA PHARMA INC,M-LEVETIRACETAM (lévétiracétam 500 mg comprimé oral) MANTRA PHARMA INC,"mp_status_effective_time: ""20240417"" -> ""20240217"""
104476,02556049,HEMLIBRA (emicizumab 12 mg per 0.4 mL solution for injection vial) HOFFMANN-LA ROCHE LIMITED,"HEMLIBRA (émicizumab 12 mg par 0,4 mL solution injectable fiole) HOFFMANN-LA ROCHE LIMITED",ADDED
80245,02316951,GALANTAMINE ER (galantamine (galantamine hydrobromide) 16 mg prolonged-release oral capsule) ESSENTIAL PHARMA SWITZERLAND GMBH,GALANTAMINE ER (galantamine (bromhydrate de galantamine) 16 mg capsule orale à libération prolongée) ESSENTIAL PHARMA SWITZERLAND GMBH,"Health_Canada_product_name: ""PAT-GALANTAMINE ER"" -> ""GALANTAMINE ER""
mp_formal_name: ""P̲̲A̲̲T̲̲-̲̲GALANTAMINE ER (galantamine (galantamine hydrobromide) 16 mg prolonged-release oral capsule) J̲̲A̲̲N̲̲S̲̲S̲̲E̲̲N̲̲ ̲̲I̲̲N̲̲C̲̲"" -> ""GALANTAMINE ER (galantamine (galantamine hydrobromide) 16 mg prolonged-release oral capsule) E̲̲S̲̲S̲̲E̲̲N̲̲T̲̲I̲̲A̲̲L̲̲ ̲̲P̲̲H̲̲A̲̲R̲̲M̲̲A̲̲ ̲̲S̲̲W̲̲I̲̲T̲̲Z̲̲E̲̲R̲̲L̲̲A̲̲N̲̲D̲̲ ̲̲G̲̲M̲̲B̲̲H̲̲""
mp_fr_description: ""P̲̲A̲̲T̲̲-̲̲GALANTAMINE ER (galantamine (bromhydrate de galantamine) 16 mg capsule orale à libération prolongée) J̲̲A̲̲N̲̲S̲̲S̲̲E̲̲N̲̲ ̲̲I̲̲N̲̲C̲̲"" -> ""GALANTAMINE ER (galantamine (bromhydrate de galantamine) 16 mg capsule orale à libération prolongée) E̲̲S̲̲S̲̲E̲̲N̲̲T̲̲I̲̲A̲̲L̲̲ ̲̲P̲̲H̲̲A̲̲R̲̲M̲̲A̲̲ ̲̲S̲̲W̲̲I̲̲T̲̲Z̲̲E̲̲R̲̲L̲̲A̲̲N̲̲D̲̲ ̲̲G̲̲M̲̲B̲̲H̲̲"""
102064,02531526,PMS-PIRFENIDONE (pirfenidone 267 mg oral tablet) PHARMASCIENCE INC,PMS-PIRFENIDONE (pirfénidone 267 mg comprimé oral) PHARMASCIENCE INC,DELETED
NA,02566877,TREMFYA (guselkumab 100 mg per 1 mL solution for injection pen) JANSSEN INC,TREMFYA (guselkumab 100 mg par 1 mL solution injectable stylo) JANSSEN INC,DELETED
100698,02517604,PMS-CINACALCET (cinacalcet (cinacalcet hydrochloride) 30 mg oral tablet) PHARMASCIENCE INC,PMS-CINACALCET (cinacalcet (chlorhydrate de cinacalcet) 30 mg comprimé oral) PHARMASCIENCE INC,DELETED
78062,02295326,"TYLENOL COMPLETE COLD, COUGH & FLU PLUS MUCUS RELIEF (acetaminophen 250 mg and dextromethorphan hydrobromide 10 mg and guaifenesin 100 mg and pseudoephedrine hydrochloride 30 mg oral capsule) KENVUE CANADA INC.","TYLENOL COMPLETE COLD, COUGH & FLU PLUS MUCUS RELIEF (acétaminophène 250 mg et bromhydrate de dextrométhorphane 10 mg et guaïfénésine 100 mg et chlorhydrate de pseudoéphédrine 30 mg capsule orale) KENVUE CANADA INC.","mp_formal_name: ""TYLENOL COMPLETE COLD, COUGH & FLU PLUS MUCUS RELIEF (acetaminophen 250 mg and dextromethorphan hydrobromide 10 mg and guaifenesin 100 mg and pseudoephedrine hydrochloride 30 mg oral capsule) M̲̲C̲̲N̲̲E̲̲I̲̲L̲̲ ̲̲C̲̲O̲̲N̲̲S̲̲U̲̲M̲̲E̲̲R̲̲ ̲̲H̲̲E̲̲A̲̲L̲̲T̲̲H̲̲C̲̲A̲̲R̲̲E̲̲ ̲̲D̲̲I̲̲V̲̲I̲̲S̲̲I̲̲O̲̲N̲̲ ̲̲O̲̲F̲̲ ̲̲J̲̲O̲̲H̲̲N̲̲S̲̲O̲̲N̲̲ ̲̲&̲̲ ̲̲J̲̲O̲̲H̲̲N̲̲S̲̲O̲̲N̲̲ ̲̲I̲̲N̲̲C̲̲"" -> ""TYLENOL COMPLETE COLD, COUGH & FLU PLUS MUCUS RELIEF (acetaminophen 250 mg and dextromethorphan hydrobromide 10 mg and guaifenesin 100 mg and pseudoephedrine hydrochloride 30 mg oral capsule) K̲̲E̲̲N̲̲V̲̲U̲̲E̲̲ ̲̲C̲̲A̲̲N̲̲A̲̲D̲̲A̲̲ ̲̲I̲̲N̲̲C̲̲.̲̲""
mp_fr_description: ""TYLENOL COMPLETE COLD, COUGH & FLU PLUS MUCUS RELIEF (acétaminophène 250 mg et bromhydrate de dextrométhorphane 10 mg et guaïfénésine 100 mg et chlorhydrate de pseudoéphédrine 30 mg capsule orale) M̲̲C̲̲N̲̲E̲̲I̲̲L̲̲ ̲̲C̲̲O̲̲N̲̲S̲̲U̲̲M̲̲E̲̲R̲̲ ̲̲H̲̲E̲̲A̲̲L̲̲T̲̲H̲̲C̲̲A̲̲R̲̲E̲̲ ̲̲D̲̲I̲̲V̲̲I̲̲S̲̲I̲̲O̲̲N̲̲ ̲̲O̲̲F̲̲ ̲̲J̲̲O̲̲H̲̲N̲̲S̲̲O̲̲N̲̲ ̲̲&̲̲ ̲̲J̲̲O̲̲H̲̲N̲̲S̲̲O̲̲N̲̲ ̲̲I̲̲N̲̲C̲̲"" -> ""TYLENOL COMPLETE COLD, COUGH & FLU PLUS MUCUS RELIEF (acétaminophène 250 mg et bromhydrate de dextrométhorphane 10 mg et guaïfénésine 100 mg et chlorhydrate de pseudoéphédrine 30 mg capsule orale) K̲̲E̲̲N̲̲V̲̲U̲̲E̲̲ ̲̲C̲̲A̲̲N̲̲A̲̲D̲̲A̲̲ ̲̲I̲̲N̲̲C̲̲.̲̲"""
83344,02348098,EXTRA STRENGTH TYLENOL COLD & SINUS NIGHTTIME (acetaminophen 500 mg and chlorpheniramine maleate 2 mg and pseudoephedrine hydrochloride 30 mg oral tablet) KENVUE CANADA INC.,EXTRA STRENGTH TYLENOL COLD & SINUS NIGHTTIME (acétaminophène 500 mg et maléate de chlorphéniramine 2 mg et chlorhydrate de pseudoéphédrine 30 mg comprimé oral) KENVUE CANADA INC.,"mp_formal_name: ""EXTRA STRENGTH TYLENOL COLD & SINUS NIGHTTIME (acetaminophen 500 mg and chlorpheniramine maleate 2 mg and pseudoephedrine hydrochloride 30 mg oral tablet) M̲̲C̲̲N̲̲E̲̲I̲̲L̲̲ ̲̲C̲̲O̲̲N̲̲S̲̲U̲̲M̲̲E̲̲R̲̲ ̲̲H̲̲E̲̲A̲̲L̲̲T̲̲H̲̲C̲̲A̲̲R̲̲E̲̲ ̲̲D̲̲I̲̲V̲̲I̲̲S̲̲I̲̲O̲̲N̲̲ ̲̲O̲̲F̲̲ ̲̲J̲̲O̲̲H̲̲N̲̲S̲̲O̲̲N̲̲ ̲̲&̲̲ ̲̲J̲̲O̲̲H̲̲N̲̲S̲̲O̲̲N̲̲ ̲̲I̲̲N̲̲C̲̲"" -> ""EXTRA STRENGTH TYLENOL COLD & SINUS NIGHTTIME (acetaminophen 500 mg and chlorpheniramine maleate 2 mg and pseudoephedrine hydrochloride 30 mg oral tablet) K̲̲E̲̲N̲̲V̲̲U̲̲E̲̲ ̲̲C̲̲A̲̲N̲̲A̲̲D̲̲A̲̲ ̲̲I̲̲N̲̲C̲̲.̲̲""
mp_fr_description: ""EXTRA STRENGTH TYLENOL COLD & SINUS NIGHTTIME (acétaminophène 500 mg et maléate de chlorphéniramine 2 mg et chlorhydrate de pseudoéphédrine 30 mg comprimé oral) M̲̲C̲̲N̲̲E̲̲I̲̲L̲̲ ̲̲C̲̲O̲̲N̲̲S̲̲U̲̲M̲̲E̲̲R̲̲ ̲̲H̲̲E̲̲A̲̲L̲̲T̲̲H̲̲C̲̲A̲̲R̲̲E̲̲ ̲̲D̲̲I̲̲V̲̲I̲̲S̲̲I̲̲O̲̲N̲̲ ̲̲O̲̲F̲̲ ̲̲J̲̲O̲̲H̲̲N̲̲S̲̲O̲̲N̲̲ ̲̲&̲̲ ̲̲J̲̲O̲̲H̲̲N̲̲S̲̲O̲̲N̲̲ ̲̲I̲̲N̲̲C̲̲"" -> ""EXTRA STRENGTH TYLENOL COLD & SINUS NIGHTTIME (acétaminophène 500 mg et maléate de chlorphéniramine 2 mg et chlorhydrate de pseudoéphédrine 30 mg comprimé oral) K̲̲E̲̲N̲̲V̲̲U̲̲E̲̲ ̲̲C̲̲A̲̲N̲̲A̲̲D̲̲A̲̲ ̲̲I̲̲N̲̲C̲̲.̲̲"""
NA,77700772,"DOXORUBICIN INJECTION, BP (doxorubicin hydrochloride 10 mg per 5 mL solution for injection vial) ACCORD HEALTHCARE INC","DOXORUBICIN INJECTION, BP (chlorhydrate de doxorubicine 10 mg par 5 mL solution injectable fiole) ACCORD HEALTHCARE INC",ADDED
NA,02565587,TARO-SODIUM FUSIDATE (fusidate sodium 2 % cutaneous ointment) TARO PHARMACEUTICALS INC,TARO-SODIUM FUSIDATE (fusidate sodique 2 % pommade cutanée) TARO PHARMACEUTICALS INC,DELETED
NA,02566443,AURO-CLADRIBINE (cladribine 10 mg oral tablet) AURO PHARMA INC,AURO-CLADRIBINE (cladribine 10 mg comprimé oral) AURO PHARMA INC,DELETED
106565,02562804,TNKASE (tenecteplase 25 mg per vial powder for solution for injection with diluent solution) HOFFMANN-LA ROCHE LIMITED,TNKASE (ténectéplase 25 mg par fiole poudre pour solution injectable avec solution diluante) HOFFMANN-LA ROCHE LIMITED,ADDED
96159,02472287,ACCLAIM AB (benzalkonium chloride 0.13 % lotion) ZEP MANUFACTURING COMPANY OF CANADA,"ACCLAIM AB (chlorure de benzalkonium 0,13 % lotion) ZEP MANUFACTURING COMPANY OF CANADA",ADDED
67995,02244052,KEYSTONE ANTIBACTERIAL FOAM HAND SOAP (triclosan 0.3 % cutaneous liquid) ECOLAB CO,"KEYSTONE ANTIBACTERIAL FOAM HAND SOAP (triclosan 0,3 % liquide cutané) ECOLAB CO",ADDED
91561,02431173,ESOMEPRAZOLE (esomeprazole (esomeprazole magnesium dihydrate) 40 mg gastro-resistant tablet) SANIS HEALTH INC,ESOMEPRAZOLE (ésoméprazole (ésoméprazole magnésien dihydraté) 40 mg comprimé gastrorésistant) SANIS HEALTH INC,"mp_status_effective_time: ""20260723"" -> ""20260831"""
99564,02506300,DERMA SOLUTIONS (benzalkonium chloride 0.15 % cutaneous solution) LAROSE & FILS LTEE,"DERMA SOLUTIONS (chlorure de benzalkonium 0,15 % solution pour application cutanée) LAROSE & FILS LTEE",ADDED
NA,02567725,KISUNLA (donanemab 350 mg per 20 mL solution for injection vial) ELI LILLY CANADA INC,KISUNLA (donanémab 350 mg par 20 mL solution injectable fiole) ELI LILLY CANADA INC,DELETED
79962,02314126,PHENREX MVD (chloroxylenol 0.6 % cutaneous solution) IMREX INC.,"PHENREX MVD (chloroxylénol 0,6 % solution pour application cutanée) IMREX INC.",ADDED
92527,02440903,TREKSAFE (benzalkonium chloride 0.13 % wipe) ZHEJIANGH HONGYU MEDICAL COMMODITY CO LTD,"TREKSAFE (chlorure de benzalkonium 0,13 % lingette) ZHEJIANGH HONGYU MEDICAL COMMODITY CO LTD",ADDED
81095,02325586,BIBAG (sodium bicarbonate 650 g per bag powder for concentrate for solution for haemodialysis) FRESENIUS MEDICAL CARE CANADA INC,BIBAG (bicarbonate de sodium 650 g par sac poudre pour solution à diluer pour solution pour hémodialyse) FRESENIUS MEDICAL CARE CANADA INC,ADDED
1555,00003875,DULCOLAX (bisacodyl 10 mg suppository) OPELLA CANADA INC.,DULCOLAX (bisacodyl 10 mg suppositoire) OPELLA CANADA INC.,"mp_formal_name: ""DULCOLAX (bisacodyl 10 mg suppository) S̲̲A̲̲N̲̲O̲̲F̲̲I̲̲ ̲̲C̲̲O̲̲N̲̲S̲̲U̲̲M̲̲E̲̲R̲̲ ̲̲H̲̲E̲̲A̲̲L̲̲T̲̲H̲̲ ̲̲I̲̲N̲̲C̲̲"" -> ""DULCOLAX (bisacodyl 10 mg suppository) O̲̲P̲̲E̲̲L̲̲L̲̲A̲̲ ̲̲C̲̲A̲̲N̲̲A̲̲D̲̲A̲̲ ̲̲I̲̲N̲̲C̲̲.̲̲""
mp_fr_description: ""DULCOLAX (bisacodyl 10 mg suppositoire) S̲̲A̲̲N̲̲O̲̲F̲̲I̲̲ ̲̲C̲̲O̲̲N̲̲S̲̲U̲̲M̲̲E̲̲R̲̲ ̲̲H̲̲E̲̲A̲̲L̲̲T̲̲H̲̲ ̲̲I̲̲N̲̲C̲̲"" -> ""DULCOLAX (bisacodyl 10 mg suppositoire) O̲̲P̲̲E̲̲L̲̲L̲̲A̲̲ ̲̲C̲̲A̲̲N̲̲A̲̲D̲̲A̲̲ ̲̲I̲̲N̲̲C̲̲.̲̲"""
70070,02245946,JAMP-DOCUSATE SODIUM (docusate sodium 100 mg oral capsule) JAMP PHARMA CORPORATION,JAMP-DOCUSATE SODIUM (docusate sodique 100 mg capsule orale) JAMP PHARMA CORPORATION,DELETED
104154,02552590,"ALOCANE PLUS (benzalkonium chloride 0.13 % and lidocaine hydrochloride 4 % cutaneous gel) QUEST PRODUCTS, LLC","ALOCANE PLUS (chlorure de benzalkonium 0,13 % et chlorhydrate de lidocaïne 4 % gel cutané) QUEST PRODUCTS, LLC",ADDED
101242,02523310,KETOROLAC TROMETHAMINE INJECTION USP (ketorolac tromethamine 30 mg per 1 mL solution for injection vial) JAMP PHARMA CORPORATION,KETOROLAC TROMETHAMINE INJECTION USP (trométhamine de kétorolac 30 mg par 1 mL solution injectable fiole) JAMP PHARMA CORPORATION,DELETED
104180,02552833,PRO-SITAGLIPTIN-METFORMIN (metformin hydrochloride 1000 mg and sitagliptin (sitagliptin phosphate monohydrate) 50 mg oral tablet) PRO DOC LIMITEE,PRO-SITAGLIPTIN-METFORMIN (chlorhydrate de metformine 1000 mg et sitagliptine (phosphate de sitagliptine monohydraté) 50 mg comprimé oral) PRO DOC LIMITEE,ADDED
101889,02529645,HYDROMORPHONE HYDROCHLORIDE INJECTION USP (hydromorphone hydrochloride 2 mg per 1 mL solution for injection ampoule) JAMP PHARMA CORPORATION,HYDROMORPHONE HYDROCHLORIDE INJECTION USP (chlorhydrate d'hydromorphone 2 mg par 1 mL solution injectable ampoule) JAMP PHARMA CORPORATION,DELETED
102065,02531534,PMS-PIRFENIDONE (pirfenidone 801 mg oral tablet) PHARMASCIENCE INC,PMS-PIRFENIDONE (pirfénidone 801 mg comprimé oral) PHARMASCIENCE INC,DELETED
97587,02485648,YESCARTA (axicabtagene ciloleucel 200000000 cells per bag suspension for injection) GILEAD SCIENCES CANADA INC,YESCARTA (axicabtagène ciloleucel 200000000 cellules par sac suspension injectable) GILEAD SCIENCES CANADA INC,ADDED
NA,77700641,"TOBRAMYCIN INJECTION, USP (tobramycin (tobramycin sulfate) 80 mg per 2 mL solution for injection vial) FRESENIUS KABI CANADA LTD","TOBRAMYCIN INJECTION, USP (tobramycine (sulfate de tobramycine) 80 mg par 2 mL solution injectable fiole) FRESENIUS KABI CANADA LTD","Health_Canada_product_name: ""TOBRAMYCIN INJECTION"" -> ""TOBRAMYCIN INJECTION, USP""
mp_formal_name: ""TOBRAMYCIN INJECTION (tobramycin (tobramycin sulfate) 80 mg per 2 mL solution for injection vial) FRESENIUS KABI CANADA LTD"" -> ""TOBRAMYCIN INJECTION,̲̲ ̲̲U̲̲S̲̲P̲̲ (tobramycin (tobramycin sulfate) 80 mg per 2 mL solution for injection vial) FRESENIUS KABI CANADA LTD""
mp_fr_description: ""TOBRAMYCIN INJECTION (tobramycine (sulfate de tobramycine) 80 mg par 2 mL solution injectable fiole) FRESENIUS KABI CANADA LTD"" -> ""TOBRAMYCIN INJECTION,̲̲ ̲̲U̲̲S̲̲P̲̲ (tobramycine (sulfate de tobramycine) 80 mg par 2 mL solution injectable fiole) FRESENIUS KABI CANADA LTD"""
NA,02565773,JAMP BIMATOPROST SOLUTION RC (bimatoprost 0.01 % ophthalmic drops) JAMP PHARMA CORPORATION,"JAMP BIMATOPROST SOLUTION RC (bimatoprost 0,01 % gouttes ophtalmiques) JAMP PHARMA CORPORATION",DELETED
65337,02241677,POTASSIUM CHLORIDE INJECTION (potassium chloride 20 meq per 100 mL solution for injection) BAXTER CORPORATION,POTASSIUM CHLORIDE INJECTION (chlorure de potassium 20 meq par 100 mL solution injectable) BAXTER CORPORATION,ADDED
13833,01905740,K+ 45 (potassium chloride 251.6 g per l solution for haemodialysis) VANTIVE ULC,"K+ 45 (chlorure de potassium 251,6 g par l solution pour hémodialyse) VANTIVE ULC",ADDED
75715,02271605,"TEVA-DILTIAZEM HCL ER (diltiazem hydrochloride 120 mg prolonged-release oral capsule) BAUSCH HEALTH, CANADA INC.","TEVA-DILTIAZEM HCL ER (chlorhydrate de diltiazem 120 mg capsule orale à libération prolongée) BAUSCH HEALTH, CANADA INC.","mp_status: ""ACTIVE"" -> ""INACTIVE""
mp_status_effective_time: ""20060130"" -> ""20260731"""
85088,02366010,HALOPERIDOL INJECTION (haloperidol 5 mg per 1 mL solution for injection vial) JUNO PHARMA CANADA INC.,HALOPERIDOL INJECTION (halopéridol 5 mg par 1 mL solution injectable fiole) JUNO PHARMA CANADA INC.,"mp_formal_name: ""HALOPERIDOL INJECTION (haloperidol 5 mg per 1 mL solution for injection vial) O̲̲M̲̲E̲̲G̲̲A̲̲ ̲̲L̲̲A̲̲B̲̲O̲̲R̲̲A̲̲T̲̲O̲̲R̲̲I̲̲E̲̲S̲̲ ̲̲L̲̲I̲̲M̲̲I̲̲T̲̲E̲̲D̲̲"" -> ""HALOPERIDOL INJECTION (haloperidol 5 mg per 1 mL solution for injection vial) J̲̲U̲̲N̲̲O̲̲ ̲̲P̲̲H̲̲A̲̲R̲̲M̲̲A̲̲ ̲̲C̲̲A̲̲N̲̲A̲̲D̲̲A̲̲ ̲̲I̲̲N̲̲C̲̲.̲̲""
mp_fr_description: ""HALOPERIDOL INJECTION (halopéridol 5 mg par 1 mL solution injectable fiole) O̲̲M̲̲E̲̲G̲̲A̲̲ ̲̲L̲̲A̲̲B̲̲O̲̲R̲̲A̲̲T̲̲O̲̲R̲̲I̲̲E̲̲S̲̲ ̲̲L̲̲I̲̲M̲̲I̲̲T̲̲E̲̲D̲̲"" -> ""HALOPERIDOL INJECTION (halopéridol 5 mg par 1 mL solution injectable fiole) J̲̲U̲̲N̲̲O̲̲ ̲̲P̲̲H̲̲A̲̲R̲̲M̲̲A̲̲ ̲̲C̲̲A̲̲N̲̲A̲̲D̲̲A̲̲ ̲̲I̲̲N̲̲C̲̲.̲̲"""
92481,02440458,PURKLENZ (chloroxylenol 3 % cutaneous liquid) PURKLENZ FORMULATIONS INC,PURKLENZ (chloroxylénol 3 % liquide cutané) PURKLENZ FORMULATIONS INC,ADDED
88441,02399539,APO-ABACAVIR-LAMIVUDINE (abacavir (abacavir sulfate) 600 mg and lamivudine 300 mg oral tablet) APOTEX INC,APO-ABACAVIR-LAMIVUDINE (abacavir (sulfate d'abacavir) 600 mg et lamivudine 300 mg comprimé oral) APOTEX INC,DELETED
933,00029149,FUNGIZONE (amphotericin B 50 mg per vial powder for solution for injection) CHEPLAPHARM ARZNEIMITTEL GMBH,FUNGIZONE (amphotéricine B 50 mg par fiole poudre pour solution injectable) CHEPLAPHARM ARZNEIMITTEL GMBH,ADDED
106544,02562561,PRZ-ISMN (isosorbide mononitrate 60 mg prolonged-release oral tablet) PHARMARIS CANADA INC,PRZ-ISMN (mononitrate d'isosorbide 60 mg comprimé oral à libération prolongée) PHARMARIS CANADA INC,ADDED
99152,02501910,AG-LACOSAMIDE (lacosamide 50 mg oral tablet) ANGITA PHARMA INC.,AG-LACOSAMIDE (lacosamide 50 mg comprimé oral) ANGITA PHARMA INC.,DELETED
102817,02539411,JAMP AMOXI CLAV SUSPENSION (amoxicillin (amoxicillin trihydrate) 200 mg per 5 mL and clavulanic acid (potassium clavulanate) 28.5 mg per 5 mL oral suspension) JAMP PHARMA CORPORATION,"JAMP AMOXI CLAV SUSPENSION (amoxicilline (trihydrate d'amoxicilline) 200 mg par 5 mL et acide clavulanique (clavulanate de potassium) 28,5 mg par 5 mL suspension orale) JAMP PHARMA CORPORATION",DELETED
NA,02567369,LUNSUMIO SC (mosunetuzumab 5 mg per 0.5 mL solution for injection vial) HOFFMANN-LA ROCHE LIMITED,"LUNSUMIO SC (mosunétuzumab 5 mg par 0,5 mL solution injectable fiole) HOFFMANN-LA ROCHE LIMITED",DELETED
43155,02215187,CAVERJECT STERILE POWDER - PWS 23.2MCG/VIAL (alprostadil 20 mcg per vial powder for solution for injection) PFIZER CANADA ULC,CAVERJECT STERILE POWDER - PWS 23.2MCG/VIAL (alprostadil 20 mcg par fiole poudre pour solution injectable) PFIZER CANADA ULC,ADDED
NA,02566788,ODAN-ARIPIPRAZOLE SOLUTION (aripiprazole 1 mg per mL oral solution) ODAN LABORATORIESLTD,ODAN-ARIPIPRAZOLE SOLUTION (aripiprazole 1 mg par mL solution orale) ODAN LABORATORIESLTD,DELETED
83304,02347660,"EXTRA STRENGTH TYLENOL COMPLETE COLD, COUGH & FLU (acetaminophen 500 mg and dextromethorphan hydrobromide 15 mg and guaifenesin 100 mg and pseudoephedrine hydrochloride 30 mg oral tablet) KENVUE CANADA INC.","EXTRA STRENGTH TYLENOL COMPLETE COLD, COUGH & FLU (acétaminophène 500 mg et bromhydrate de dextrométhorphane 15 mg et guaïfénésine 100 mg et chlorhydrate de pseudoéphédrine 30 mg comprimé oral) KENVUE CANADA INC.","mp_formal_name: ""EXTRA STRENGTH TYLENOL COMPLETE COLD, COUGH & FLU (acetaminophen 500 mg and dextromethorphan hydrobromide 15 mg and guaifenesin 100 mg and pseudoephedrine hydrochloride 30 mg oral tablet) M̲̲C̲̲N̲̲E̲̲I̲̲L̲̲ ̲̲C̲̲O̲̲N̲̲S̲̲U̲̲M̲̲E̲̲R̲̲ ̲̲H̲̲E̲̲A̲̲L̲̲T̲̲H̲̲C̲̲A̲̲R̲̲E̲̲ ̲̲D̲̲I̲̲V̲̲I̲̲S̲̲I̲̲O̲̲N̲̲ ̲̲O̲̲F̲̲ ̲̲J̲̲O̲̲H̲̲N̲̲S̲̲O̲̲N̲̲ ̲̲&̲̲ ̲̲J̲̲O̲̲H̲̲N̲̲S̲̲O̲̲N̲̲ ̲̲I̲̲N̲̲C̲̲"" -> ""EXTRA STRENGTH TYLENOL COMPLETE COLD, COUGH & FLU (acetaminophen 500 mg and dextromethorphan hydrobromide 15 mg and guaifenesin 100 mg and pseudoephedrine hydrochloride 30 mg oral tablet) K̲̲E̲̲N̲̲V̲̲U̲̲E̲̲ ̲̲C̲̲A̲̲N̲̲A̲̲D̲̲A̲̲ ̲̲I̲̲N̲̲C̲̲.̲̲""
mp_fr_description: ""EXTRA STRENGTH TYLENOL COMPLETE COLD, COUGH & FLU (acétaminophène 500 mg et bromhydrate de dextrométhorphane 15 mg et guaïfénésine 100 mg et chlorhydrate de pseudoéphédrine 30 mg comprimé oral) M̲̲C̲̲N̲̲E̲̲I̲̲L̲̲ ̲̲C̲̲O̲̲N̲̲S̲̲U̲̲M̲̲E̲̲R̲̲ ̲̲H̲̲E̲̲A̲̲L̲̲T̲̲H̲̲C̲̲A̲̲R̲̲E̲̲ ̲̲D̲̲I̲̲V̲̲I̲̲S̲̲I̲̲O̲̲N̲̲ ̲̲O̲̲F̲̲ ̲̲J̲̲O̲̲H̲̲N̲̲S̲̲O̲̲N̲̲ ̲̲&̲̲ ̲̲J̲̲O̲̲H̲̲N̲̲S̲̲O̲̲N̲̲ ̲̲I̲̲N̲̲C̲̲"" -> ""EXTRA STRENGTH TYLENOL COMPLETE COLD, COUGH & FLU (acétaminophène 500 mg et bromhydrate de dextrométhorphane 15 mg et guaïfénésine 100 mg et chlorhydrate de pseudoéphédrine 30 mg comprimé oral) K̲̲E̲̲N̲̲V̲̲U̲̲E̲̲ ̲̲C̲̲A̲̲N̲̲A̲̲D̲̲A̲̲ ̲̲I̲̲N̲̲C̲̲.̲̲"""
76877,02283158,"ALTACE HCT (hydrochlorothiazide 12.5 mg and ramipril 5 mg oral tablet) BAUSCH HEALTH, CANADA INC.","ALTACE HCT (hydrochlorothiazide 12,5 mg et ramipril 5 mg comprimé oral) BAUSCH HEALTH, CANADA INC.","mp_status: ""ACTIVE"" -> ""INACTIVE""
mp_status_effective_time: ""20061116"" -> ""20260731"""
106710,02564408,"EVERYDAY CLEAN 2 IN 1 DANDRUFF SHAMPOO PLUS CONDITIONER (pyrithione zinc 1 % shampoo) CONSUMER PRODUCT PARTNERS, LLC","EVERYDAY CLEAN 2 IN 1 DANDRUFF SHAMPOO PLUS CONDITIONER (pyrithione zincique 1 % shampoing) CONSUMER PRODUCT PARTNERS, LLC",ADDED
92774,02443163,"MEDLINE SPECTRUM ADVANCED ANTIBACTERIAL LOTION SOAP (benzalkonium chloride 0.13 % lotion) MEDLINE INDUSTRIES, LP","MEDLINE SPECTRUM ADVANCED ANTIBACTERIAL LOTION SOAP (chlorure de benzalkonium 0,13 % lotion) MEDLINE INDUSTRIES, LP",ADDED
96208,02472775,SPRING SHOWERS PLUIES PRINTANIÈRES FOAMING HAND SOAP ANTIBACTERIAL (benzalkonium chloride 0.13 % cutaneous solution) APOLLO HEALTH AND BEAUTY CARE,"SPRING SHOWERS PLUIES PRINTANIÈRES FOAMING HAND SOAP ANTIBACTERIAL (chlorure de benzalkonium 0,13 % solution pour application cutanée) APOLLO HEALTH AND BEAUTY CARE",ADDED
99663,02507242,PMSC-ATORVASTATIN (atorvastatin (atorvastatin calcium) 20 mg oral tablet) PHARMASCIENCE INC,PMSC-ATORVASTATIN (atorvastatine (atorvastatine calcique) 20 mg comprimé oral) PHARMASCIENCE INC,DELETED
106711,02564416,"EVERYDAY CLEAN DANDRUFF SHAMPOO (pyrithione zinc 1 % shampoo) CONSUMER PRODUCT PARTNERS, LLC","EVERYDAY CLEAN DANDRUFF SHAMPOO (pyrithione zincique 1 % shampoing) CONSUMER PRODUCT PARTNERS, LLC",ADDED
78139,02296039,TAPAZOLE (methimazole 10 mg oral tablet) KNIGHT THERAPEUTICS INC.,TAPAZOLE (méthimazole 10 mg comprimé oral) KNIGHT THERAPEUTICS INC.,DELETED
62787,02239318,ECOCARE 360 (benzalkonium chloride 0.13 % cutaneous liquid) ECOLAB CO,"ECOCARE 360 (chlorure de benzalkonium 0,13 % liquide cutané) ECOLAB CO",ADDED
97592,02485699,POTASSIUM CHLORIDE FOR INJECTION CONCENTRATE USP (potassium chloride 149 mg per mL solution for injection) B. BRAUN MEDICAL INC,POTASSIUM CHLORIDE FOR INJECTION CONCENTRATE USP (chlorure de potassium 149 mg par mL solution injectable) B. BRAUN MEDICAL INC,ADDED
85413,02369192,AG-ATENOLOL (atenolol 100 mg oral tablet) ANGITA PHARMA INC.,AG-ATENOLOL (aténolol 100 mg comprimé oral) ANGITA PHARMA INC.,DELETED
100951,02520303,PMSC-METFORMIN (metformin hydrochloride 500 mg oral tablet) PHARMASCIENCE INC,PMSC-METFORMIN (chlorhydrate de metformine 500 mg comprimé oral) PHARMASCIENCE INC,DELETED
97988,02489805,M-LANSOPRAZOLE (lansoprazole 15 mg gastro-resistant capsule) MANTRA PHARMA INC,M-LANSOPRAZOLE (lansoprazole 15 mg capsule gastrorésistante) MANTRA PHARMA INC,"mp_status_effective_time: ""20250724"" -> ""20260731"""
102946,02540789,AURO-BROMFENAC (bromfenac (bromfenac sodium sesquihydrate) 0.07 % ophthalmic drops) AURO PHARMA INC,"AURO-BROMFENAC (bromfénac (bromfénac sodique sesquihydraté) 0,07 % gouttes ophtalmiques) AURO PHARMA INC",ADDED
92173,02437384,PURELL HAND SANITIZING WIPES (benzalkonium chloride 0.13 % wipe) GOJO CANADA INC,"PURELL HAND SANITIZING WIPES (chlorure de benzalkonium 0,13 % lingette) GOJO CANADA INC",ADDED
97989,02489813,M-LANSOPRAZOLE (lansoprazole 30 mg gastro-resistant capsule) MANTRA PHARMA INC,M-LANSOPRAZOLE (lansoprazole 30 mg capsule gastrorésistante) MANTRA PHARMA INC,"mp_status_effective_time: ""20250724"" -> ""20260731"""
1668,00266507,ADASEPT (triclosan 0.5 % cutaneous solution) ODAN LABORATORIESLTD,"ADASEPT (triclosan 0,5 % solution pour application cutanée) ODAN LABORATORIESLTD",ADDED
106504,02562146,"MUCINEX ALL IN ONE COLD, FLU & FEVER (acetaminophen 325 mg and dextromethorphan hydrobromide 10 mg oral tablet) RECKITT BENCKISER (CANADA) INC","MUCINEX ALL IN ONE COLD, FLU & FEVER (acétaminophène 325 mg et bromhydrate de dextrométhorphane 10 mg comprimé oral) RECKITT BENCKISER (CANADA) INC",ADDED
13600,01974548,MICRO I (iodide (sodium iodide) 1000 mcg per 10 mL solution for injection vial) SANDOZ CANADA INCORPORATED,MICRO I (iodure (iodure de sodium) 1000 mcg par 10 mL solution injectable fiole) SANDOZ CANADA INCORPORATED,ADDED
100235,02513110,JAMP ATAZANAVIR (atazanavir (atazanavir sulfate) 200 mg oral capsule) JAMP PHARMA CORPORATION,JAMP ATAZANAVIR (atazanavir (sulfate d'atazanavir) 200 mg capsule orale) JAMP PHARMA CORPORATION,DELETED
NA,02565536,TARO-METFORMIN XR (metformin hydrochloride 1000 mg prolonged-release oral tablet) TARO PHARMACEUTICALS INC,TARO-METFORMIN XR (chlorhydrate de metformine 1000 mg comprimé oral à libération prolongée) TARO PHARMACEUTICALS INC,DELETED
NA,77700770,"DOXORUBICIN INJECTION, BP (doxorubicin hydrochloride 20 mg per 10 mL solution for injection vial) ACCORD HEALTHCARE INC","DOXORUBICIN INJECTION, BP (chlorhydrate de doxorubicine 20 mg par 10 mL solution injectable fiole) ACCORD HEALTHCARE INC",ADDED
106535,02562472,APO-DASATINIB TABLETS (dasatinib (dasatinib monohydrate) 50 mg oral tablet) APOTEX INC,APO-DASATINIB TABLETS (dasatinib (monohydrate de dasatinib) 50 mg comprimé oral) APOTEX INC,ADDED
97449,02484153,FULPHILA (filgrastim (pegfilgrastim) 6 mg per 0.6 mL solution for injection syringe) BIOCON BIOLOGICS CANADA INC,"FULPHILA (filgrastim (pegfilgastrim) 6 mg par 0,6 mL solution injectable seringue) BIOCON BIOLOGICS CANADA INC","mp_formal_name: ""FULPHILA (filgrastim (pegfilgrastim) 6 mg per 0.6 mL solution for injection syringe) BIOS̲̲I̲̲M̲̲I̲̲L̲̲A̲̲R̲̲ ̲̲C̲̲O̲̲L̲̲L̲̲A̲̲B̲̲O̲̲R̲̲A̲̲T̲̲I̲̲O̲̲N̲̲S̲̲ ̲̲I̲̲R̲̲E̲̲L̲̲A̲̲N̲̲D̲̲ ̲̲L̲̲I̲̲M̲̲I̲̲T̲̲E̲̲D̲̲"" -> ""FULPHILA (filgrastim (pegfilgrastim) 6 mg per 0.6 mL solution for injection syringe) BIOC̲̲O̲̲N̲̲ ̲̲B̲̲I̲̲O̲̲L̲̲O̲̲G̲̲I̲̲C̲̲S̲̲ ̲̲C̲̲A̲̲N̲̲A̲̲D̲̲A̲̲ ̲̲I̲̲N̲̲C̲̲""
mp_fr_description: ""FULPHILA (filgrastim (pegfilgastrim) 6 mg par 0,6 mL solution injectable seringue) BIOS̲̲I̲̲M̲̲I̲̲L̲̲A̲̲R̲̲ ̲̲C̲̲O̲̲L̲̲L̲̲A̲̲B̲̲O̲̲R̲̲A̲̲T̲̲I̲̲O̲̲N̲̲S̲̲ ̲̲I̲̲R̲̲E̲̲L̲̲A̲̲N̲̲D̲̲ ̲̲L̲̲I̲̲M̲̲I̲̲T̲̲E̲̲D̲̲"" -> ""FULPHILA (filgrastim (pegfilgastrim) 6 mg par 0,6 mL solution injectable seringue) BIOC̲̲O̲̲N̲̲ ̲̲B̲̲I̲̲O̲̲L̲̲O̲̲G̲̲I̲̲C̲̲S̲̲ ̲̲C̲̲A̲̲N̲̲A̲̲D̲̲A̲̲ ̲̲I̲̲N̲̲C̲̲"""
106342,02560356,AURO-RIVAROXABAN (rivaroxaban 10 mg oral tablet) AURO PHARMA INC,AURO-RIVAROXABAN (rivaroxaban 10 mg comprimé oral) AURO PHARMA INC,ADDED
101207,02522993,MINT-VENLAFAXINE XR (venlafaxine (venlafaxine hydrochloride) 150 mg prolonged-release oral capsule) MINT PHARMACEUTICALS INC,MINT-VENLAFAXINE XR (venlafaxine (chlorhydrate de venlafaxine) 150 mg capsule orale à libération prolongée) MINT PHARMACEUTICALS INC,DELETED
NA,77700783,DOXORUBICIN HYDROCHLORIDE INJECTION (doxorubicin hydrochloride 50 mg per 25 mL solution for injection vial) TEVA CANADA LIMITED,DOXORUBICIN HYDROCHLORIDE INJECTION (chlorhydrate de doxorubicine 50 mg par 25 mL solution injectable fiole) TEVA CANADA LIMITED,ADDED
62780,02239311,ECOCARE 250 (triclosan 0.3 % cutaneous liquid) ECOLAB CO,"ECOCARE 250 (triclosan 0,3 % liquide cutané) ECOLAB CO",ADDED
65336,02241676,POTASSIUM CHLORIDE INJECTION (potassium (potassium chloride) 10 mmol per 100 mL solution for injection bag) BAXTER CORPORATION,POTASSIUM CHLORIDE INJECTION (potassium (chlorure de potassium) 10 mmol par 100 mL solution injectable sac) BAXTER CORPORATION,ADDED
104179,02552825,PRO-SITAGLIPTIN-METFORMIN (metformin hydrochloride 850 mg and sitagliptin (sitagliptin phosphate monohydrate) 50 mg oral tablet) PRO DOC LIMITEE,PRO-SITAGLIPTIN-METFORMIN (chlorhydrate de metformine 850 mg et sitagliptine (phosphate de sitagliptine monohydraté) 50 mg comprimé oral) PRO DOC LIMITEE,ADDED
106534,02562464,APO-DASATINIB TABLETS (dasatinib (dasatinib monohydrate) 20 mg oral tablet) APOTEX INC,APO-DASATINIB TABLETS (dasatinib (monohydrate de dasatinib) 20 mg comprimé oral) APOTEX INC,ADDED
85961,02374404,AG-FINASTERIDE (finasteride 5 mg oral tablet) ANGITA PHARMA INC.,AG-FINASTERIDE (finastéride 5 mg comprimé oral) ANGITA PHARMA INC.,"mp_status: ""ACTIVE"" -> ""INACTIVE""
mp_status_effective_time: ""20200120"" -> ""20260803"""
NA,77700992,PACLITAXEL FOR INJECTION (paclitaxel 100 mg per 16.7 mL solution for injection vial) BIOLYSE PHARMA CORPORATION,"PACLITAXEL FOR INJECTION (paclitaxel 100 mg par 16,7 mL solution injectable fiole) BIOLYSE PHARMA CORPORATION",ADDED
6775,00691623,BICARBONATE CONCENTRATE D17000 (sodium bicarbonate 81.3 g per l solution for haemodialysis) VANTIVE ULC,"BICARBONATE CONCENTRATE D17000 (bicarbonate de sodium 81,3 g par l solution pour hémodialyse) VANTIVE ULC",ADDED
75580,02270420,SOAPOPULAR (benzalkonium chloride 0.15 % cutaneous liquid) SOAPOPULAR INC,"SOAPOPULAR (chlorure de benzalkonium 0,15 % liquide cutané) SOAPOPULAR INC",ADDED
106637,02563606,SINEX CONGESTION MOISTURIZING (oxymetazoline hydrochloride 0.05 % nasal spray) PROCTER & GAMBLE INC,"SINEX CONGESTION MOISTURIZING (chlorhydrate d'oxymétazoline 0,05 % vaporisation nasale) PROCTER & GAMBLE INC",ADDED
NA,02565412,AMB-SOTALOL (sotalol hydrochloride 160 mg oral tablet) AMBICARE PHARMACEUTICALS INC.,AMB-SOTALOL (chlorhydrate de sotalol 160 mg comprimé oral) AMBICARE PHARMACEUTICALS INC.,DELETED
86619,02380382,JAMP-MYCOPHENOLATE (mycophenolate mofetil 500 mg oral tablet) JAMP PHARMA CORPORATION,JAMP-MYCOPHENOLATE (mycophénolate mofétil 500 mg comprimé oral) JAMP PHARMA CORPORATION,"mp_status: ""INACTIVE"" -> ""ACTIVE""
mp_status_effective_time: ""20250731"" -> ""20120323"""
12639,01977873,GERMICIDAL HAND SOAP LIQ 0.6% (chloroxylenol 0.6 % cutaneous liquid) OSTREM CHEMICAL CO LTD.,"GERMICIDAL HAND SOAP LIQ 0.6% (chloroxylénol 0,6 % liquide cutané) OSTREM CHEMICAL CO LTD.",ADDED
87642,02391058,JAMP-ATORVASTATIN (atorvastatin (atorvastatin calcium) 10 mg oral tablet) JAMP PHARMA CORPORATION,JAMP-ATORVASTATIN (atorvastatine (atorvastatine calcique) 10 mg comprimé oral) JAMP PHARMA CORPORATION,DELETED
97789,02487756,BIBAG (sodium bicarbonate 900 g per bag powder for concentrate for solution for haemodialysis) FRESENIUS MEDICAL CARE CANADA INC,BIBAG (bicarbonate de sodium 900 g par sac poudre pour solution à diluer pour solution pour hémodialyse) FRESENIUS MEDICAL CARE CANADA INC,ADDED
92667,02442302,QUINSAIR (levofloxacin (levofloxacin hemihydrate) 240 mg per 2.4 mL nebulizer solution unit dose vial) CHIESI FARMACEUTICI S.P.A.,"QUINSAIR (lévofloxacine (hémihydrate de lévofloxacine) 240 mg par 2,4 mL solution pour inhalation par nébuliseur fiole unidose) CHIESI FARMACEUTICI S.P.A.","mp_formal_name: ""QUINSAIR (levofloxacin (levofloxacin hemihydrate) 240 mg per 2.4 mL nebulizer solution unit dose vial) H̲̲O̲̲R̲̲I̲̲Z̲̲O̲̲N̲̲ ̲̲T̲̲H̲̲E̲̲R̲̲A̲̲P̲̲E̲̲U̲̲T̲̲I̲̲C̲̲S̲̲ ̲̲I̲̲R̲̲E̲̲L̲̲A̲̲N̲̲D̲̲ ̲̲D̲̲A̲̲C̲̲"" -> ""QUINSAIR (levofloxacin (levofloxacin hemihydrate) 240 mg per 2.4 mL nebulizer solution unit dose vial) C̲̲H̲̲I̲̲E̲̲S̲̲I̲̲ ̲̲F̲̲A̲̲R̲̲M̲̲A̲̲C̲̲E̲̲U̲̲T̲̲I̲̲C̲̲I̲̲ ̲̲S̲̲.̲̲P̲̲.̲̲A̲̲.̲̲""
mp_fr_description: ""QUINSAIR (lévofloxacine (hémihydrate de lévofloxacine) 240 mg par 2,4 mL solution pour inhalation par nébuliseur fiole unidose) H̲̲O̲̲R̲̲I̲̲Z̲̲O̲̲N̲̲ ̲̲T̲̲H̲̲E̲̲R̲̲A̲̲P̲̲E̲̲U̲̲T̲̲I̲̲C̲̲S̲̲ ̲̲I̲̲R̲̲E̲̲L̲̲A̲̲N̲̲D̲̲ ̲̲D̲̲A̲̲C̲̲"" -> ""QUINSAIR (lévofloxacine (hémihydrate de lévofloxacine) 240 mg par 2,4 mL solution pour inhalation par nébuliseur fiole unidose) C̲̲H̲̲I̲̲E̲̲S̲̲I̲̲ ̲̲F̲̲A̲̲R̲̲M̲̲A̲̲C̲̲E̲̲U̲̲T̲̲I̲̲C̲̲I̲̲ ̲̲S̲̲.̲̲P̲̲.̲̲A̲̲.̲̲"""
88276,02397854,DULCOLAX FOR WOMEN (bisacodyl 5 mg gastro-resistant tablet) OPELLA CANADA INC.,DULCOLAX FOR WOMEN (bisacodyl 5 mg comprimé gastrorésistant) OPELLA CANADA INC.,"mp_formal_name: ""DULCOLAX FOR WOMEN (bisacodyl 5 mg o̲̲r̲̲a̲̲l̲̲ ̲̲t̲̲a̲̲b̲̲l̲̲e̲̲t̲̲)̲̲ ̲̲S̲̲A̲̲N̲̲O̲̲F̲̲I̲̲ ̲̲C̲̲O̲̲N̲̲S̲̲U̲̲M̲̲E̲̲R̲̲ ̲̲H̲̲E̲̲A̲̲L̲̲T̲̲H̲̲ ̲̲I̲̲N̲̲C̲̲"" -> ""DULCOLAX FOR WOMEN (bisacodyl 5 mg g̲̲a̲̲s̲̲t̲̲r̲̲o̲̲-̲̲r̲̲e̲̲s̲̲i̲̲s̲̲t̲̲a̲̲n̲̲t̲̲ ̲̲t̲̲a̲̲b̲̲l̲̲e̲̲t̲̲)̲̲ ̲̲O̲̲P̲̲E̲̲L̲̲L̲̲A̲̲ ̲̲C̲̲A̲̲N̲̲A̲̲D̲̲A̲̲ ̲̲I̲̲N̲̲C̲̲.̲̲""
mp_fr_description: ""DULCOLAX FOR WOMEN (bisacodyl 5 mg comprimé o̲̲r̲̲a̲̲l̲̲)̲̲ ̲̲S̲̲A̲̲N̲̲O̲̲F̲̲I̲̲ ̲̲C̲̲O̲̲N̲̲S̲̲U̲̲M̲̲E̲̲R̲̲ ̲̲H̲̲E̲̲A̲̲L̲̲T̲̲H̲̲ ̲̲I̲̲N̲̲C̲̲"" -> ""DULCOLAX FOR WOMEN (bisacodyl 5 mg comprimé g̲̲a̲̲s̲̲t̲̲r̲̲o̲̲r̲̲é̲̲s̲̲i̲̲s̲̲t̲̲a̲̲n̲̲t̲̲)̲̲ ̲̲O̲̲P̲̲E̲̲L̲̲L̲̲A̲̲ ̲̲C̲̲A̲̲N̲̲A̲̲D̲̲A̲̲ ̲̲I̲̲N̲̲C̲̲.̲̲"""
90104,02416433,"PMS-CIPROFLOXACIN XL (ciprofloxacin (ciprofloxacin, ciprofloxacin hydrochloride) 500 mg prolonged-release oral tablet) PHARMASCIENCE INC","PMS-CIPROFLOXACIN XL (ciprofloxacine (ciprofloxacine, chlorhydrate de ciprofloxacine) 500 mg comprimé oral à libération prolongée) PHARMASCIENCE INC",DELETED
96937,02478595,JAMP-CHOLESTYRAMINE SUGAR-FREE (cholestyramine 4 g per sachet powder for oral suspension) JAMP PHARMA CORPORATION,JAMP-CHOLESTYRAMINE SUGAR-FREE (cholestyramine 4 g par sachet poudre pour suspension orale) JAMP PHARMA CORPORATION,"mp_formal_name: ""JAMP-CHOLESTYRAMINE SUGAR ̲̲FREE (cholestyramine 4 g per sachet powder for oral suspension) JAMP PHARMA CORPORATION"" -> ""JAMP-CHOLESTYRAMINE SUGAR-̲̲FREE (cholestyramine 4 g per sachet powder for oral suspension) JAMP PHARMA CORPORATION""
mp_fr_description: ""JAMP-CHOLESTYRAMINE SUGAR ̲̲FREE (cholestyramine 4 g par sachet poudre pour suspension orale) JAMP PHARMA CORPORATION"" -> ""JAMP-CHOLESTYRAMINE SUGAR-̲̲FREE (cholestyramine 4 g par sachet poudre pour suspension orale) JAMP PHARMA CORPORATION"""
85813,02373009,JAMP-LETROZOLE (letrozole 2.5 mg oral tablet) JAMP PHARMA CORPORATION,"JAMP-LETROZOLE (létrozole 2,5 mg comprimé oral) JAMP PHARMA CORPORATION",DELETED
80244,02316943,GALANTAMINE ER (galantamine (galantamine hydrobromide) 8 mg prolonged-release oral capsule) ESSENTIAL PHARMA SWITZERLAND GMBH,GALANTAMINE ER (galantamine (bromhydrate de galantamine) 8 mg capsule orale à libération prolongée) ESSENTIAL PHARMA SWITZERLAND GMBH,"Health_Canada_product_name: ""PAT-GALANTAMINE ER"" -> ""GALANTAMINE ER""
mp_formal_name: ""P̲̲A̲̲T̲̲-̲̲GALANTAMINE ER (galantamine (galantamine hydrobromide) 8 mg prolonged-release oral capsule) J̲̲A̲̲N̲̲S̲̲S̲̲E̲̲N̲̲ ̲̲I̲̲N̲̲C̲̲"" -> ""GALANTAMINE ER (galantamine (galantamine hydrobromide) 8 mg prolonged-release oral capsule) E̲̲S̲̲S̲̲E̲̲N̲̲T̲̲I̲̲A̲̲L̲̲ ̲̲P̲̲H̲̲A̲̲R̲̲M̲̲A̲̲ ̲̲S̲̲W̲̲I̲̲T̲̲Z̲̲E̲̲R̲̲L̲̲A̲̲N̲̲D̲̲ ̲̲G̲̲M̲̲B̲̲H̲̲""
mp_fr_description: ""P̲̲A̲̲T̲̲-̲̲GALANTAMINE ER (galantamine (bromhydrate de galantamine) 8 mg capsule orale à libération prolongée) J̲̲A̲̲N̲̲S̲̲S̲̲E̲̲N̲̲ ̲̲I̲̲N̲̲C̲̲"" -> ""GALANTAMINE ER (galantamine (bromhydrate de galantamine) 8 mg capsule orale à libération prolongée) E̲̲S̲̲S̲̲E̲̲N̲̲T̲̲I̲̲A̲̲L̲̲ ̲̲P̲̲H̲̲A̲̲R̲̲M̲̲A̲̲ ̲̲S̲̲W̲̲I̲̲T̲̲Z̲̲E̲̲R̲̲L̲̲A̲̲N̲̲D̲̲ ̲̲G̲̲M̲̲B̲̲H̲̲"""
19442,02139545,"POTASSIUM PHOSPHATES INJECTION, USP (potassium phosphate dibasic 236 mg per mL and potassium phosphate monobasic 224 mg per mL solution for injection) FRESENIUS KABI CANADA LTD","POTASSIUM PHOSPHATES INJECTION, USP (phosphate de potassium dibasique 236 mg par mL et phosphate de potassium monobasique 224 mg par mL solution injectable) FRESENIUS KABI CANADA LTD",ADDED
101205,02522977,MINT-VENLAFAXINE XR (venlafaxine (venlafaxine hydrochloride) 37.5 mg prolonged-release oral capsule) MINT PHARMACEUTICALS INC,"MINT-VENLAFAXINE XR (venlafaxine (chlorhydrate de venlafaxine) 37,5 mg capsule orale à libération prolongée) MINT PHARMACEUTICALS INC",DELETED
103914,02550326,BENZALKONIUM CHLORIDE WIPES (benzalkonium chloride 0.13 % wipe) ACME UNITED CORPORATION,"BENZALKONIUM CHLORIDE WIPES (chlorure de benzalkonium 0,13 % lingette) ACME UNITED CORPORATION",ADDED
97681,02486636,"SODIUM BICARBONATE INJECTION, USP (sodium bicarbonate 84 mg per mL solution for injection) FRESENIUS KABI CANADA LTD","SODIUM BICARBONATE INJECTION, USP (bicarbonate de sodium 84 mg par mL solution injectable) FRESENIUS KABI CANADA LTD",ADDED
85979,02374439,AG-LETROZOLE (letrozole 2.5 mg oral tablet) ANGITA PHARMA INC.,"AG-LETROZOLE (létrozole 2,5 mg comprimé oral) ANGITA PHARMA INC.",DELETED
42945,02194473,DOXORUBICIN HYDROCHLORIDE FOR INJECTION USP (doxorubicin hydrochloride 150 mg per vial powder for solution for injection) PFIZER CANADA ULC,DOXORUBICIN HYDROCHLORIDE FOR INJECTION USP (chlorhydrate de doxorubicine 150 mg par fiole poudre pour solution injectable) PFIZER CANADA ULC,ADDED
NA,77700993,PACLITAXEL FOR INJECTION (paclitaxel 100 mg per 16.7 mL solution for injection vial) BIOLYSE PHARMA CORPORATION,"PACLITAXEL FOR INJECTION (paclitaxel 100 mg par 16,7 mL solution injectable fiole) BIOLYSE PHARMA CORPORATION",ADDED
96151,02472236,FUZION AB FOAMING HAND SOAP (benzalkonium chloride 0.13 % NA) ZEP MANUFACTURING COMPANY OF CANADA,"FUZION AB FOAMING HAND SOAP (chlorure de benzalkonium 0,13 % NA) ZEP MANUFACTURING COMPANY OF CANADA",ADDED
NA,77700640,"TOBRAMYCIN INJECTION, USP (tobramycin (tobramycin sulfate) 40 mg per mL solution for injection 30 mL vial) FRESENIUS KABI CANADA LTD","TOBRAMYCIN INJECTION, USP (tobramycine (sulfate de tobramycine) 40 mg par mL solution injectable 30 mL fiole) FRESENIUS KABI CANADA LTD","Health_Canada_product_name: ""TOBRAMYCIN INJECTION"" -> ""TOBRAMYCIN INJECTION, USP""
mp_formal_name: ""TOBRAMYCIN INJECTION (tobramycin (tobramycin sulfate) 40 mg per mL solution for injection 30 mL vial) FRESENIUS KABI CANADA LTD"" -> ""TOBRAMYCIN INJECTION,̲̲ ̲̲U̲̲S̲̲P̲̲ (tobramycin (tobramycin sulfate) 40 mg per mL solution for injection 30 mL vial) FRESENIUS KABI CANADA LTD""
mp_fr_description: ""TOBRAMYCIN INJECTION (tobramycine (sulfate de tobramycine) 40 mg par mL solution injectable 30 mL fiole) FRESENIUS KABI CANADA LTD"" -> ""TOBRAMYCIN INJECTION,̲̲ ̲̲U̲̲S̲̲P̲̲ (tobramycine (sulfate de tobramycine) 40 mg par mL solution injectable 30 mL fiole) FRESENIUS KABI CANADA LTD"""
106587,02563045,EYDENZELT (aflibercept 2 mg per 0.05 mL solution for injection syringe) CELLTRION INC.,"EYDENZELT (aflibercept 2 mg par 0,05 mL solution injectable seringue) CELLTRION INC.",ADDED
91671,02432471,JAMP-FLUCONAZOLE (fluconazole 150 mg oral capsule) JAMP PHARMA CORPORATION,JAMP-FLUCONAZOLE (fluconazole 150 mg capsule orale) JAMP PHARMA CORPORATION,DELETED
1327,00236683,"CARBOLITH (lithium carbonate 300 mg oral capsule) BAUSCH HEALTH, CANADA INC.","CARBOLITH (carbonate de lithium 300 mg capsule orale) BAUSCH HEALTH, CANADA INC.",DELETED
101842,02529238,JAMP MINOXIDIL SOLUTION (minoxidil 20 mg per mL cutaneous solution) JAMP PHARMA CORPORATION,JAMP MINOXIDIL SOLUTION (minoxidil 20 mg par mL solution pour application cutanée) JAMP PHARMA CORPORATION,DELETED
99238,02502852,FS ANTIMICROBIAL HAND WASH (benzalkonium chloride 0.13 % cutaneous solution) ZEP MANUFACTURING COMPANY OF CANADA,"FS ANTIMICROBIAL HAND WASH (chlorure de benzalkonium 0,13 % solution pour application cutanée) ZEP MANUFACTURING COMPANY OF CANADA",ADDED
81113,02325772,HEMACART (sodium bicarbonate 650 g per cartridge powder for concentrate for solution for haemodialysis) CHIEF MEDICAL SUPPLIES LTD,HEMACART (bicarbonate de sodium 650 g par cartouche poudre pour solution à diluer pour solution pour hémodialyse) CHIEF MEDICAL SUPPLIES LTD,ADDED
85384,02368870,JAMP-PAROXETINE (paroxetine (paroxetine hydrochloride hemihydrate) 20 mg oral tablet) JAMP PHARMA CORPORATION,JAMP-PAROXETINE (paroxétine (chlorhydrate de paroxétine hémihydraté) 20 mg comprimé oral) JAMP PHARMA CORPORATION,DELETED
NA,02568934,EXDENSUR (depemokimab 100 mg per 1 mL solution for injection syringe) GLAXOSMITHKLINE INC,EXDENSUR (dépémokimab 100 mg par 1 mL solution injectable seringue) GLAXOSMITHKLINE INC,DELETED
100340,02514230,VISTASEAL (fibrinogen human 160 mg per 2 mL and thrombin human 1000 unit per 2 mL cutaneous solution) INSTITUTO GRIFOLS S.A.,VISTASEAL (fibrinogène humaine 160 mg par 2 mL et thrombine humaine 1000 unité par 2 mL solution pour application cutanée) INSTITUTO GRIFOLS S.A.,ADDED
NA,77700995,PACLITAXEL INJECTION USP (paclitaxel 100 mg per 16.7 mL solution for injection vial) SANDOZ CANADA INCORPORATED,"PACLITAXEL INJECTION USP (paclitaxel 100 mg par 16,7 mL solution injectable fiole) SANDOZ CANADA INCORPORATED",ADDED
87315,02387549,CALCIUM CHLORIDE FOR HAEMODIALYSIS (calcium chloride 7.45 g per vial powder for concentrate for solution for haemodialysis) CHIEF MEDICAL SUPPLIES LTD,"CALCIUM CHLORIDE FOR HAEMODIALYSIS (chlorure de calcium 7,45 g par fiole poudre pour solution à diluer pour solution pour hémodialyse) CHIEF MEDICAL SUPPLIES LTD",ADDED
99618,02506823,JAMP ATOMOXETINE (atomoxetine (atomoxetine hydrochloride) 25 mg oral capsule) JAMP PHARMA CORPORATION,JAMP ATOMOXETINE (atomoxétine (chlorhydrate d'atomoxétine) 25 mg capsule orale) JAMP PHARMA CORPORATION,DELETED
100342,02514257,VISTASEAL (fibrinogen human 400 mg per 5 mL and thrombin human 2500 unit per 5 mL cutaneous solution) INSTITUTO GRIFOLS S.A.,VISTASEAL (fibrinogène humaine 400 mg par 5 mL et thrombine humaine 2500 unité par 5 mL solution pour application cutanée) INSTITUTO GRIFOLS S.A.,ADDED
97147,02480816,SCOTT ANTIMICROBIAL FOAM SKIN CLEANSER (benzalkonium chloride 0.1 % cutaneous solution) KIMBERLY-CLARK GLOBAL SALES LLC,"SCOTT ANTIMICROBIAL FOAM SKIN CLEANSER (chlorure de benzalkonium 0,1 % solution pour application cutanée) KIMBERLY-CLARK GLOBAL SALES LLC",ADDED
106537,02562499,APO-DASATINIB TABLETS (dasatinib (dasatinib monohydrate) 80 mg oral tablet) APOTEX INC,APO-DASATINIB TABLETS (dasatinib (monohydrate de dasatinib) 80 mg comprimé oral) APOTEX INC,ADDED
NA,77700998,PACLITAXEL INJECTION USP (paclitaxel 100 mg per 16.7 mL solution for injection vial) ACCORD HEALTHCARE INC,"PACLITAXEL INJECTION USP (paclitaxel 100 mg par 16,7 mL solution injectable fiole) ACCORD HEALTHCARE INC",ADDED
101903,02529793,POTASSIUM CHLORIDE FOR HEMODIALYSIS 7.55 (potassium chloride 7.55 g per vial powder for concentrate for solution for haemodialysis) CHIEF MEDICAL SUPPLIES LTD,"POTASSIUM CHLORIDE FOR HEMODIALYSIS 7.55 (chlorure de potassium 7,55 g par fiole poudre pour solution à diluer pour solution pour hémodialyse) CHIEF MEDICAL SUPPLIES LTD",ADDED
NA,02567776,OCTREOTIDE DEPOT (octreotide (octreotide acetate) 10 mg per vial powder for prolonged-release suspension for injection with diluent solution syringe) STERIMAX INC,OCTREOTIDE DEPOT (octréotide (acétate d'octréotide) 10 mg par fiole poudre pour suspension injectable à libération prolongée avec solution diluante seringue) STERIMAX INC,DELETED
NA,77700999,PACLITAXEL INJECTION USP (paclitaxel 100 mg per 16.7 mL solution for injection vial) ACCORD HEALTHCARE INC,"PACLITAXEL INJECTION USP (paclitaxel 100 mg par 16,7 mL solution injectable fiole) ACCORD HEALTHCARE INC",ADDED
75718,02271648,"TEVA-DILTIAZEM HCL ER (diltiazem hydrochloride 300 mg prolonged-release oral capsule) BAUSCH HEALTH, CANADA INC.","TEVA-DILTIAZEM HCL ER (chlorhydrate de diltiazem 300 mg capsule orale à libération prolongée) BAUSCH HEALTH, CANADA INC.","mp_status: ""ACTIVE"" -> ""INACTIVE""
mp_status_effective_time: ""20060130"" -> ""20260731"""
84093,02355736,BENZALKONIUM CHLORIDE ANTISEPTIC TOWELETTE (benzalkonium chloride 0.13 % wipe) CANADIAN CUSTOM PACKAGING COMPANY,"BENZALKONIUM CHLORIDE ANTISEPTIC TOWELETTE (chlorure de benzalkonium 0,13 % lingette) CANADIAN CUSTOM PACKAGING COMPANY",ADDED
78942,02304112,"WET ONES (benzethonium chloride 0.3 % wipe) EDGEWELL PERSONAL CARE CANADA, ULC","WET ONES (chlorure de benzéthonium 0,3 % lingette) EDGEWELL PERSONAL CARE CANADA, ULC",ADDED
79122,02305666,BENYLIN FOR CHILDREN ALL-IN-ONE COLD & FEVER NIGHTIME (acetaminophen 160 mg per 5 mL and dextromethorphan hydrobromide 5 mg per 5 mL and diphenhydramine hydrochloride 6.25 mg per 5 mL oral suspension) KENVUE CANADA INC.,"BENYLIN FOR CHILDREN ALL-IN-ONE COLD & FEVER NIGHTIME (acétaminophène 160 mg par 5 mL et bromhydrate de dextrométhorphane 5 mg par 5 mL et chlorhydrate de diphenhydramine 6,25 mg par 5 mL suspension orale) KENVUE CANADA INC.","mp_formal_name: ""BENYLIN FOR CHILDREN ALL-IN-ONE COLD & FEVER NIGHTIME (acetaminophen 160 mg per 5 mL and dextromethorphan hydrobromide 5 mg per 5 mL and diphenhydramine hydrochloride 6.25 mg per 5 mL oral suspension) M̲̲C̲̲N̲̲E̲̲I̲̲L̲̲ ̲̲C̲̲O̲̲N̲̲S̲̲U̲̲M̲̲E̲̲R̲̲ ̲̲H̲̲E̲̲A̲̲L̲̲T̲̲H̲̲C̲̲A̲̲R̲̲E̲̲ ̲̲D̲̲I̲̲V̲̲I̲̲S̲̲I̲̲O̲̲N̲̲ ̲̲O̲̲F̲̲ ̲̲J̲̲O̲̲H̲̲N̲̲S̲̲O̲̲N̲̲ ̲̲&̲̲ ̲̲J̲̲O̲̲H̲̲N̲̲S̲̲O̲̲N̲̲ ̲̲I̲̲N̲̲C̲̲"" -> ""BENYLIN FOR CHILDREN ALL-IN-ONE COLD & FEVER NIGHTIME (acetaminophen 160 mg per 5 mL and dextromethorphan hydrobromide 5 mg per 5 mL and diphenhydramine hydrochloride 6.25 mg per 5 mL oral suspension) K̲̲E̲̲N̲̲V̲̲U̲̲E̲̲ ̲̲C̲̲A̲̲N̲̲A̲̲D̲̲A̲̲ ̲̲I̲̲N̲̲C̲̲.̲̲""
mp_fr_description: ""BENYLIN FOR CHILDREN ALL-IN-ONE COLD & FEVER NIGHTIME (acétaminophène 160 mg par 5 mL et bromhydrate de dextrométhorphane 5 mg par 5 mL et chlorhydrate de diphenhydramine 6,25 mg par 5 mL suspension orale) M̲̲C̲̲N̲̲E̲̲I̲̲L̲̲ ̲̲C̲̲O̲̲N̲̲S̲̲U̲̲M̲̲E̲̲R̲̲ ̲̲H̲̲E̲̲A̲̲L̲̲T̲̲H̲̲C̲̲A̲̲R̲̲E̲̲ ̲̲D̲̲I̲̲V̲̲I̲̲S̲̲I̲̲O̲̲N̲̲ ̲̲O̲̲F̲̲ ̲̲J̲̲O̲̲H̲̲N̲̲S̲̲O̲̲N̲̲ ̲̲&̲̲ ̲̲J̲̲O̲̲H̲̲N̲̲S̲̲O̲̲N̲̲ ̲̲I̲̲N̲̲C̲̲"" -> ""BENYLIN FOR CHILDREN ALL-IN-ONE COLD & FEVER NIGHTIME (acétaminophène 160 mg par 5 mL et bromhydrate de dextrométhorphane 5 mg par 5 mL et chlorhydrate de diphenhydramine 6,25 mg par 5 mL suspension orale) K̲̲E̲̲N̲̲V̲̲U̲̲E̲̲ ̲̲C̲̲A̲̲N̲̲A̲̲D̲̲A̲̲ ̲̲I̲̲N̲̲C̲̲.̲̲"""
104403,02555247,NOVEX ANTI-BACTERIAL HAND SANITIZER WIPE (benzalkonium chloride 0.13 % wipe) CALLINGTON CANADA ULC,"NOVEX ANTI-BACTERIAL HAND SANITIZER WIPE (chlorure de benzalkonium 0,13 % lingette) CALLINGTON CANADA ULC",ADDED
106536,02562480,APO-DASATINIB TABLETS (dasatinib (dasatinib monohydrate) 70 mg oral tablet) APOTEX INC,APO-DASATINIB TABLETS (dasatinib (monohydrate de dasatinib) 70 mg comprimé oral) APOTEX INC,ADDED
101054,02521342,DARUNAVIR (darunavir 600 mg oral tablet) JAMP PHARMA CORPORATION,DARUNAVIR (darunavir 600 mg comprimé oral) JAMP PHARMA CORPORATION,DELETED
35083,02181746,SODIUM ACETATE INJECTION USP (sodium (sodium acetate) 4 mmol per mL solution for injection 50 mL vial) OMEGA LABORATORIES LIMITED,SODIUM ACETATE INJECTION USP (sodium (acétate de sodium) 4 mmol par mL solution injectable 50 mL fiole) OMEGA LABORATORIES LIMITED,ADDED
93376,02448076,HELLO EXTRA MINTY (cetylpyridinium chloride 0.075 % mouthwash) COLGATE-PALMOLIVE CANADA INC,"HELLO EXTRA MINTY (chlorure de cétylpyridinium 0,075 % solution pour bain de bouche) COLGATE-PALMOLIVE CANADA INC",ADDED
100489,02515490,VYXEOS (cytarabine 100 mg and daunorubicin 44 mg powder for solution for injection) JAZZ PHARMACEUTICALS IRELAND LIMITED,VYXEOS (cytarabine 100 mg et daunorubicine 44 mg poudre pour solution injectable) JAZZ PHARMACEUTICALS IRELAND LIMITED,ADDED
103989,02551152,JAMP DIVALPROEX (valproic acid (divalproex sodium) 250 mg gastro-resistant tablet) JAMP PHARMA CORPORATION,JAMP DIVALPROEX (acide valproïque (divalproex sodique) 250 mg comprimé gastrorésistant) JAMP PHARMA CORPORATION,ADDED
1905,00261998,SODIUM BICARBONATE INJECTION USP (sodium bicarbonate 84 mg per mL solution for injection) PFIZER CANADA ULC,SODIUM BICARBONATE INJECTION USP (bicarbonate de sodium 84 mg par mL solution injectable) PFIZER CANADA ULC,ADDED
NA,77700790,DOXORUBICIN (doxorubicin hydrochloride 2 mg per mL solution for injection 100 mL vial) PFIZER CANADA ULC,DOXORUBICIN (chlorhydrate de doxorubicine 2 mg par mL solution injectable 100 mL fiole) PFIZER CANADA ULC,ADDED
76258,02276917,QUICK CLEAN (chloroxylenol 1 % cutaneous gel) SPRAKITA PRODUCTS,QUICK CLEAN (chloroxylénol 1 % gel cutané) SPRAKITA PRODUCTS,ADDED
65460,02241795,PROCYTOX (cyclophosphamide 25 mg oral tablet) BAXTER CORPORATION,PROCYTOX (cyclophosphamide 25 mg comprimé oral) BAXTER CORPORATION,"Health_Canada_product_name: ""PROCYTOX TAB 25MG"" -> ""PROCYTOX""
mp_formal_name: ""PROCYTOX ̲̲T̲̲A̲̲B̲̲ ̲̲2̲̲5̲̲M̲̲G̲̲ (cyclophosphamide 25 mg oral tablet) BAXTER CORPORATION"" -> ""PROCYTOX (cyclophosphamide 25 mg oral tablet) BAXTER CORPORATION""
mp_fr_description: ""PROCYTOX ̲̲T̲̲A̲̲B̲̲ ̲̲2̲̲5̲̲M̲̲G̲̲ (cyclophosphamide 25 mg comprimé oral) BAXTER CORPORATION"" -> ""PROCYTOX (cyclophosphamide 25 mg comprimé oral) BAXTER CORPORATION"""
NA,77700994,PACLITAXEL INJECTION USP (paclitaxel 100 mg per 16.7 mL solution for injection vial) SANDOZ CANADA INCORPORATED,"PACLITAXEL INJECTION USP (paclitaxel 100 mg par 16,7 mL solution injectable fiole) SANDOZ CANADA INCORPORATED",ADDED
99098,02501368,DOVE CARE & PROTECT HAND WASH ANTIBACTERIAL (benzalkonium chloride 0.13 % cutaneous solution) UNILEVER CANADA,"DOVE CARE & PROTECT HAND WASH ANTIBACTERIAL (chlorure de benzalkonium 0,13 % solution pour application cutanée) UNILEVER CANADA",ADDED
106117,02557886,JAMP CLINDAMYCIN CAPSULES (clindamycin (clindamycin hydrochloride) 300 mg oral capsule) JAMP PHARMA CORPORATION,JAMP CLINDAMYCIN CAPSULES (clindamycine (chlorhydrate de clindamycine) 300 mg capsule orale) JAMP PHARMA CORPORATION,ADDED
95990,02470837,FINIPIL LAIT 50 (benzethonium chloride 0.2 % cutaneous cream) EQUIBAL LABS INC,"FINIPIL LAIT 50 (chlorure de benzéthonium 0,2 % crème cutanée) EQUIBAL LABS INC",ADDED
97086,02480336,"DYE FREE FRAGRANCE FREE ANTIBACTERIAL FOAMING HAND SOAP (benzalkonium chloride 0.13 % cutaneous solution) VI-JON, LLC","DYE FREE FRAGRANCE FREE ANTIBACTERIAL FOAMING HAND SOAP (chlorure de benzalkonium 0,13 % solution pour application cutanée) VI-JON, LLC",ADDED
106508,02562189,MUCINEX CONGESTION & FEVER (acetaminophen 325 mg and guaifenesin 200 mg oral tablet) RECKITT BENCKISER (CANADA) INC,MUCINEX CONGESTION & FEVER (acétaminophène 325 mg et guaïfénésine 200 mg comprimé oral) RECKITT BENCKISER (CANADA) INC,ADDED
16612,02126605,"MONISTAT 3 VAGINAL OVULES (miconazole nitrate 400 mg pessary) INSIGHT PHARMACEUTICALS, LLC","MONISTAT 3 VAGINAL OVULES (nitrate de miconazole 400 mg ovule) INSIGHT PHARMACEUTICALS, LLC","mp_status_effective_time: ""20240709"" -> ""20260811"""
93526,02449420,SOFT CARE DEFEND (chloroxylenol 1 % cutaneous solution) DIVERSEY INC,SOFT CARE DEFEND (chloroxylénol 1 % solution pour application cutanée) DIVERSEY INC,ADDED
NA,77700241,DALACIN C PHOSPHATE (clindamycin (clindamycin phosphate) 900 mg per 6 mL solution for injection vial) PFIZER CANADA ULC,DALACIN C PHOSPHATE (clindamycine (phosphate de clindamycine) 900 mg par 6 mL solution injectable fiole) PFIZER CANADA ULC,"mp_status: ""ACTIVE"" -> ""INACTIVE""
mp_status_effective_time: ""19731231"" -> ""20260630"""
99154,02501937,AG-LACOSAMIDE (lacosamide 150 mg oral tablet) ANGITA PHARMA INC.,AG-LACOSAMIDE (lacosamide 150 mg comprimé oral) ANGITA PHARMA INC.,DELETED
97515,02484870,JAMP DUTASTERIDE (dutasteride 0.5 mg oral capsule) JAMP PHARMA CORPORATION,"JAMP DUTASTERIDE (dutastéride 0,5 mg capsule orale) JAMP PHARMA CORPORATION",DELETED
73309,02248934,BICARBONATE CONCENTRATE B38 (sodium bicarbonate 80.7 g per l solution for haemodialysis) CHIEF MEDICAL SUPPLIES LTD,"BICARBONATE CONCENTRATE B38 (bicarbonate de sodium 80,7 g par l solution pour hémodialyse) CHIEF MEDICAL SUPPLIES LTD",ADDED
18208,02131471,VIROBEX-P (chloroxylenol 0.6 % cutaneous liquid) GERMIPHENE CORPORATION,"VIROBEX-P (chloroxylénol 0,6 % liquide cutané) GERMIPHENE CORPORATION",ADDED
88828,02403471,PURELL SANITIZING WIPES (benzalkonium chloride 0.13 % wipe) GOJO CANADA INC,"PURELL SANITIZING WIPES (chlorure de benzalkonium 0,13 % lingette) GOJO CANADA INC",ADDED
84235,02357224,JAMP-FINASTERIDE (finasteride 5 mg oral tablet) JAMP PHARMA CORPORATION,JAMP-FINASTERIDE (finastéride 5 mg comprimé oral) JAMP PHARMA CORPORATION,DELETED
88830,02403501,BICART (sodium bicarbonate 1250 g per cartridge powder for concentrate for solution for haemodialysis) VANTIVE ULC,BICART (bicarbonate de sodium 1250 g par cartouche poudre pour solution à diluer pour solution pour hémodialyse) VANTIVE ULC,ADDED
97189,02481456,SCOTT FOAM HAND SANITIZER (benzalkonium chloride 0.13 % cutaneous solution) KIMBERLY-CLARK GLOBAL SALES LLC,"SCOTT FOAM HAND SANITIZER (chlorure de benzalkonium 0,13 % solution pour application cutanée) KIMBERLY-CLARK GLOBAL SALES LLC",ADDED
100234,02513102,JAMP ATAZANAVIR (atazanavir (atazanavir sulfate) 150 mg oral capsule) JAMP PHARMA CORPORATION,JAMP ATAZANAVIR (atazanavir (sulfate d'atazanavir) 150 mg capsule orale) JAMP PHARMA CORPORATION,DELETED
NA,77700789,DOXORUBICIN (doxorubicin hydrochloride 10 mg per 5 mL solution for injection vial) PFIZER CANADA ULC,DOXORUBICIN (chlorhydrate de doxorubicine 10 mg par 5 mL solution injectable fiole) PFIZER CANADA ULC,ADDED
74181,02256576,"BENYLIN EXTRA STRENGTH ALL-IN-ONE COLD, FLU & COUGH NIGHT (acetaminophen 500 mg and diphenhydramine hydrochloride 25 mg and pseudoephedrine hydrochloride 30 mg oral tablet) KENVUE CANADA INC.","BENYLIN EXTRA STRENGTH ALL-IN-ONE COLD, FLU & COUGH NIGHT (acétaminophène 500 mg et chlorhydrate de diphenhydramine 25 mg et chlorhydrate de pseudoéphédrine 30 mg comprimé oral) KENVUE CANADA INC.","mp_formal_name: ""BENYLIN EXTRA STRENGTH ALL-IN-ONE COLD, FLU & COUGH NIGHT (acetaminophen 500 mg and diphenhydramine hydrochloride 25 mg and pseudoephedrine hydrochloride 30 mg oral tablet) M̲̲C̲̲N̲̲E̲̲I̲̲L̲̲ ̲̲C̲̲O̲̲N̲̲S̲̲U̲̲M̲̲E̲̲R̲̲ ̲̲H̲̲E̲̲A̲̲L̲̲T̲̲H̲̲C̲̲A̲̲R̲̲E̲̲ ̲̲D̲̲I̲̲V̲̲I̲̲S̲̲I̲̲O̲̲N̲̲ ̲̲O̲̲F̲̲ ̲̲J̲̲O̲̲H̲̲N̲̲S̲̲O̲̲N̲̲ ̲̲&̲̲ ̲̲J̲̲O̲̲H̲̲N̲̲S̲̲O̲̲N̲̲ ̲̲I̲̲N̲̲C̲̲"" -> ""BENYLIN EXTRA STRENGTH ALL-IN-ONE COLD, FLU & COUGH NIGHT (acetaminophen 500 mg and diphenhydramine hydrochloride 25 mg and pseudoephedrine hydrochloride 30 mg oral tablet) K̲̲E̲̲N̲̲V̲̲U̲̲E̲̲ ̲̲C̲̲A̲̲N̲̲A̲̲D̲̲A̲̲ ̲̲I̲̲N̲̲C̲̲.̲̲""
mp_fr_description: ""BENYLIN EXTRA STRENGTH ALL-IN-ONE COLD, FLU & COUGH NIGHT (acétaminophène 500 mg et chlorhydrate de diphenhydramine 25 mg et chlorhydrate de pseudoéphédrine 30 mg comprimé oral) M̲̲C̲̲N̲̲E̲̲I̲̲L̲̲ ̲̲C̲̲O̲̲N̲̲S̲̲U̲̲M̲̲E̲̲R̲̲ ̲̲H̲̲E̲̲A̲̲L̲̲T̲̲H̲̲C̲̲A̲̲R̲̲E̲̲ ̲̲D̲̲I̲̲V̲̲I̲̲S̲̲I̲̲O̲̲N̲̲ ̲̲O̲̲F̲̲ ̲̲J̲̲O̲̲H̲̲N̲̲S̲̲O̲̲N̲̲ ̲̲&̲̲ ̲̲J̲̲O̲̲H̲̲N̲̲S̲̲O̲̲N̲̲ ̲̲I̲̲N̲̲C̲̲"" -> ""BENYLIN EXTRA STRENGTH ALL-IN-ONE COLD, FLU & COUGH NIGHT (acétaminophène 500 mg et chlorhydrate de diphenhydramine 25 mg et chlorhydrate de pseudoéphédrine 30 mg comprimé oral) K̲̲E̲̲N̲̲V̲̲U̲̲E̲̲ ̲̲C̲̲A̲̲N̲̲A̲̲D̲̲A̲̲ ̲̲I̲̲N̲̲C̲̲.̲̲"""
65461,02241796,PROCYTOX (cyclophosphamide 50 mg oral tablet) BAXTER CORPORATION,PROCYTOX (cyclophosphamide 50 mg comprimé oral) BAXTER CORPORATION,"Health_Canada_product_name: ""PROCYTOX TAB 50MG"" -> ""PROCYTOX""
mp_formal_name: ""PROCYTOX ̲̲T̲̲A̲̲B̲̲ ̲̲5̲̲0̲̲M̲̲G̲̲ (cyclophosphamide 50 mg oral tablet) BAXTER CORPORATION"" -> ""PROCYTOX (cyclophosphamide 50 mg oral tablet) BAXTER CORPORATION""
mp_fr_description: ""PROCYTOX ̲̲T̲̲A̲̲B̲̲ ̲̲5̲̲0̲̲M̲̲G̲̲ (cyclophosphamide 50 mg comprimé oral) BAXTER CORPORATION"" -> ""PROCYTOX (cyclophosphamide 50 mg comprimé oral) BAXTER CORPORATION"""
75716,02271613,"TEVA-DILTIAZEM HCL ER (diltiazem hydrochloride 180 mg prolonged-release oral capsule) BAUSCH HEALTH, CANADA INC.","TEVA-DILTIAZEM HCL ER (chlorhydrate de diltiazem 180 mg capsule orale à libération prolongée) BAUSCH HEALTH, CANADA INC.","mp_status: ""ACTIVE"" -> ""INACTIVE""
mp_status_effective_time: ""20060130"" -> ""20260731"""
98218,02492199,AMLODIPINE (amlodipine (amlodipine besylate) 2.5 mg oral tablet) JAMP PHARMA CORPORATION,"AMLODIPINE (amlodipine (bésylate d'amlodipine) 2,5 mg comprimé oral) JAMP PHARMA CORPORATION","mp_status: ""INACTIVE"" -> ""ACTIVE""
mp_status_effective_time: ""20250731"" -> ""20200824"""
98300,02493020,TARO-DOXORUBICIN LIPOSOMAL (doxorubicin hydrochloride 2 mg per mL suspension for injection) TARO PHARMACEUTICALS INC,TARO-DOXORUBICIN LIPOSOMAL (chlorhydrate de doxorubicine 2 mg par mL suspension injectable) TARO PHARMACEUTICALS INC,ADDED
99620,02506858,JAMP ATOMOXETINE (atomoxetine (atomoxetine hydrochloride) 60 mg oral capsule) JAMP PHARMA CORPORATION,JAMP ATOMOXETINE (atomoxétine (chlorhydrate d'atomoxétine) 60 mg capsule orale) JAMP PHARMA CORPORATION,DELETED
99761,02508222,REFRESH ANTIBAC FOAM (benzalkonium chloride 0.13 % cutaneous solution) SC JOHNSON PROFESSIONAL CA INC,"REFRESH ANTIBAC FOAM (chlorure de benzalkonium 0,13 % solution pour application cutanée) SC JOHNSON PROFESSIONAL CA INC",ADDED
102142,02532387,"SUMATRIPTAN INJECTION, USP (sumatriptan (sumatriptan succinate) 6 mg per 0.5 mL solution for injection syringe) DR REDDY'S LABORATORIES LTD","SUMATRIPTAN INJECTION, USP (sumatriptan (succinate de sumatriptan) 6 mg par 0,5 mL solution injectable seringue) DR REDDY'S LABORATORIES LTD",ADDED
88701,02402149,ACNE TREATMENT SYSTEM (benzoyl peroxide 5 % and salicylic acid 2 % NA) VIVIER CANADA INCORPORATED,ACNE TREATMENT SYSTEM (peroxyde de benzoyle 5 % et acide salicylique 2 % NA) VIVIER CANADA INCORPORATED,ADDED
86412,02378302,"MONICURE (fluconazole 150 mg oral capsule) INSIGHT PHARMACEUTICALS, LLC","MONICURE (fluconazole 150 mg capsule orale) INSIGHT PHARMACEUTICALS, LLC","mp_status_effective_time: ""20180716"" -> ""20260811"""
98597,02496097,"PACLITAXEL POWDER FOR INJECTABLE SUSPENSION NANOPARTICLE, ALBUMIN-BOUND PACLITAXEL (paclitaxel 100 mg per vial powder for suspension for injection) PANACEA BIOTEC PHARMA LIMITED","PACLITAXEL POWDER FOR INJECTABLE SUSPENSION NANOPARTICLE, ALBUMIN-BOUND PACLITAXEL (paclitaxel 100 mg par fiole poudre pour suspension injectable) PANACEA BIOTEC PHARMA LIMITED",ADDED
101618,02527138,BREYANZI (lisocabtagene maraleucel 120000000 cells suspension for injection) BRISTOL-MYERS SQUIBB CANADA,BREYANZI (lisocabtagène maraleucel 120000000 cellules suspension injectable) BRISTOL-MYERS SQUIBB CANADA,ADDED
91232,02427826,APO-EZETIMIBE (ezetimibe 10 mg oral tablet) APOTEX INC,APO-EZETIMIBE (ézétimibe 10 mg comprimé oral) APOTEX INC,"mp_status: ""INACTIVE"" -> ""ACTIVE""
mp_status_effective_time: ""20250110"" -> ""20140923"""
NA,77700238,DALACIN C PHOSPHATE (clindamycin (clindamycin phosphate) 300 mg per 2 mL solution for injection vial) PFIZER CANADA ULC,DALACIN C PHOSPHATE (clindamycine (phosphate de clindamycine) 300 mg par 2 mL solution injectable fiole) PFIZER CANADA ULC,"mp_status: ""ACTIVE"" -> ""INACTIVE""
mp_status_effective_time: ""19731231"" -> ""20260630"""
NA,77700997,PACLITAXEL INJECTION USP (paclitaxel 100 mg per 16.7 mL solution for injection vial) SANDOZ CANADA INCORPORATED,"PACLITAXEL INJECTION USP (paclitaxel 100 mg par 16,7 mL solution injectable fiole) SANDOZ CANADA INCORPORATED",ADDED
92801,02443376,"KETOROLAC TROMETHAMINE INJECTION, USP (ketorolac tromethamine 30 mg per 1 mL solution for injection vial) JUNO PHARMA CANADA INC.","KETOROLAC TROMETHAMINE INJECTION, USP (trométhamine de kétorolac 30 mg par 1 mL solution injectable fiole) JUNO PHARMA CANADA INC.","mp_formal_name: ""KETOROLAC TROMETHAMINE INJECTION, USP (ketorolac tromethamine 30 mg per 1 mL solution for injection vial) JUNO PHARMAC̲̲E̲̲U̲̲T̲̲I̲̲C̲̲A̲̲L̲̲S̲̲ ̲̲C̲̲O̲̲R̲̲P̲̲."" -> ""KETOROLAC TROMETHAMINE INJECTION, USP (ketorolac tromethamine 30 mg per 1 mL solution for injection vial) JUNO PHARMA ̲̲C̲̲A̲̲N̲̲A̲̲D̲̲A̲̲ ̲̲I̲̲N̲̲C̲̲.""
mp_fr_description: ""KETOROLAC TROMETHAMINE INJECTION, USP (trométhamine de kétorolac 30 mg par 1 mL solution injectable fiole) JUNO PHARMAC̲̲E̲̲U̲̲T̲̲I̲̲C̲̲A̲̲L̲̲S̲̲ ̲̲C̲̲O̲̲R̲̲P̲̲."" -> ""KETOROLAC TROMETHAMINE INJECTION, USP (trométhamine de kétorolac 30 mg par 1 mL solution injectable fiole) JUNO PHARMA ̲̲C̲̲A̲̲N̲̲A̲̲D̲̲A̲̲ ̲̲I̲̲N̲̲C̲̲."""
101744,02528193,MAGNESIUM CHLORIDE FOR HEMODIALYSIS 5.15 (magnesium chloride (magnesium chloride hexahydrate) 5.15 g per vial powder for concentrate for solution for haemodialysis) CHIEF MEDICAL SUPPLIES LTD,"MAGNESIUM CHLORIDE FOR HEMODIALYSIS 5.15 (chlorure de magnésium ((fr) magnesium chloride hexahydrate) 5,15 g par fiole poudre pour solution à diluer pour solution pour hémodialyse) CHIEF MEDICAL SUPPLIES LTD",ADDED
95595,02467585,SODIUM BICARBONATE INJECTION USP (sodium bicarbonate 84 mg per mL solution for injection) OMEGA LABORATORIES LIMITED,SODIUM BICARBONATE INJECTION USP (bicarbonate de sodium 84 mg par mL solution injectable) OMEGA LABORATORIES LIMITED,ADDED
100898,02519747,QUETIAPINE XR (quetiapine (quetiapine fumarate) 300 mg prolonged-release oral tablet) JAMP PHARMA CORPORATION,QUETIAPINE XR (quétiapine (fumarate de quétiapine) 300 mg comprimé oral à libération prolongée) JAMP PHARMA CORPORATION,DELETED
76673,02281066,ABRAXANE FOR INJECTABLE SUSPENSION (paclitaxel 100 mg per vial powder for suspension for injection) BRISTOL-MYERS SQUIBB CANADA,ABRAXANE FOR INJECTABLE SUSPENSION (paclitaxel 100 mg par fiole poudre pour suspension injectable) BRISTOL-MYERS SQUIBB CANADA,ADDED
84428,02359251,BERIPLEX P/N 500 (coagulation factor ii (human) 800 unit and coagulation factor IX human 620 unit and coagulation factor vii (human) 500 unit and coagulation factor x (human) 1020 unit and protein c 820 unit and protein s 680 unit powder for solution for injection) CSL BEHRING CANADA INC,BERIPLEX P/N 500 (facteur II de coagulation humain 800 unité et facteur IX de coagulation humain 620 unité et facteur VII de coagulation humain 500 unité et facteur X de coagulation humain 1020 unité et protéine c 820 unité et protéine s 680 unité poudre pour solution injectable) CSL BEHRING CANADA INC,ADDED
NA,77701148,FUROSEMIDE INJECTION USP (furosemide 20 mg per 2 mL solution for injection vial) JAMP PHARMA CORPORATION,FUROSEMIDE INJECTION USP (furosémide 20 mg par 2 mL solution injectable fiole) JAMP PHARMA CORPORATION,DELETED
42944,02194465,DOXORUBICIN HYDROCHLORIDE FOR INJECTION USP (doxorubicin hydrochloride 50 mg per vial powder for solution for injection) PFIZER CANADA ULC,DOXORUBICIN HYDROCHLORIDE FOR INJECTION USP (chlorhydrate de doxorubicine 50 mg par fiole poudre pour solution injectable) PFIZER CANADA ULC,ADDED
106431,02561344,THERABREATH DEEP CLEAN ANTISEPTIC ORAL RINSE (cetylpyridinium chloride 0.075 % mouthwash) CHURCH & DWIGHT CANADA CORP,"THERABREATH DEEP CLEAN ANTISEPTIC ORAL RINSE (chlorure de cétylpyridinium 0,075 % solution pour bain de bouche) CHURCH & DWIGHT CANADA CORP",ADDED
76168,02276003,EXTRA STRENGTH TYLENOL SINUS DAYTIME (acetaminophen 500 mg and phenylephrine hydrochloride 5 mg oral tablet) KENVUE CANADA INC.,EXTRA STRENGTH TYLENOL SINUS DAYTIME (acétaminophène 500 mg et chlorhydrate de phényléphrine 5 mg comprimé oral) KENVUE CANADA INC.,"mp_formal_name: ""EXTRA STRENGTH TYLENOL SINUS DAYTIME (acetaminophen 500 mg and phenylephrine hydrochloride 5 mg oral tablet) M̲̲C̲̲N̲̲E̲̲I̲̲L̲̲ ̲̲C̲̲O̲̲N̲̲S̲̲U̲̲M̲̲E̲̲R̲̲ ̲̲H̲̲E̲̲A̲̲L̲̲T̲̲H̲̲C̲̲A̲̲R̲̲E̲̲ ̲̲D̲̲I̲̲V̲̲I̲̲S̲̲I̲̲O̲̲N̲̲ ̲̲O̲̲F̲̲ ̲̲J̲̲O̲̲H̲̲N̲̲S̲̲O̲̲N̲̲ ̲̲&̲̲ ̲̲J̲̲O̲̲H̲̲N̲̲S̲̲O̲̲N̲̲ ̲̲I̲̲N̲̲C̲̲"" -> ""EXTRA STRENGTH TYLENOL SINUS DAYTIME (acetaminophen 500 mg and phenylephrine hydrochloride 5 mg oral tablet) K̲̲E̲̲N̲̲V̲̲U̲̲E̲̲ ̲̲C̲̲A̲̲N̲̲A̲̲D̲̲A̲̲ ̲̲I̲̲N̲̲C̲̲.̲̲""
mp_fr_description: ""EXTRA STRENGTH TYLENOL SINUS DAYTIME (acétaminophène 500 mg et chlorhydrate de phényléphrine 5 mg comprimé oral) M̲̲C̲̲N̲̲E̲̲I̲̲L̲̲ ̲̲C̲̲O̲̲N̲̲S̲̲U̲̲M̲̲E̲̲R̲̲ ̲̲H̲̲E̲̲A̲̲L̲̲T̲̲H̲̲C̲̲A̲̲R̲̲E̲̲ ̲̲D̲̲I̲̲V̲̲I̲̲S̲̲I̲̲O̲̲N̲̲ ̲̲O̲̲F̲̲ ̲̲J̲̲O̲̲H̲̲N̲̲S̲̲O̲̲N̲̲ ̲̲&̲̲ ̲̲J̲̲O̲̲H̲̲N̲̲S̲̲O̲̲N̲̲ ̲̲I̲̲N̲̲C̲̲"" -> ""EXTRA STRENGTH TYLENOL SINUS DAYTIME (acétaminophène 500 mg et chlorhydrate de phényléphrine 5 mg comprimé oral) K̲̲E̲̲N̲̲V̲̲U̲̲E̲̲ ̲̲C̲̲A̲̲N̲̲A̲̲D̲̲A̲̲ ̲̲I̲̲N̲̲C̲̲.̲̲"""
106538,02562502,APO-DASATINIB TABLETS (dasatinib (dasatinib monohydrate) 100 mg oral tablet) APOTEX INC,APO-DASATINIB TABLETS (dasatinib (monohydrate de dasatinib) 100 mg comprimé oral) APOTEX INC,ADDED
18321,02160986,CALCIUM-45 0.5-4.5 (calcium chloride 14.9 g per bottle powder for concentrate for solution for haemodialysis) VANTIVE ULC,"CALCIUM-45 0.5-4.5 (chlorure de calcium 14,9 g par bouteille poudre pour solution à diluer pour solution pour hémodialyse) VANTIVE ULC",ADDED
95780,02469146,JELIDO (lidocaine hydrochloride 20 mg per mL cutaneous gel) PENDOPHARM DIVISION OF PHARMASCIENCE INC,JELIDO (chlorhydrate de lidocaïne 20 mg par mL gel cutané) PENDOPHARM DIVISION OF PHARMASCIENCE INC,ADDED
92785,02443252,KLEENEX FOAM HAND SANITIZER (benzalkonium chloride 0.13 % cutaneous solution) KIMBERLY-CLARK GLOBAL SALES LLC,"KLEENEX FOAM HAND SANITIZER (chlorure de benzalkonium 0,13 % solution pour application cutanée) KIMBERLY-CLARK GLOBAL SALES LLC",ADDED
NA,77700240,DALACIN C PHOSPHATE (clindamycin (clindamycin phosphate) 150 mg per mL solution for injection 60 mL vial) PFIZER CANADA ULC,DALACIN C PHOSPHATE (clindamycine (phosphate de clindamycine) 150 mg par mL solution injectable 60 mL fiole) PFIZER CANADA ULC,"mp_status: ""ACTIVE"" -> ""INACTIVE""
mp_status_effective_time: ""19731231"" -> ""20260630"""
103990,02551160,JAMP DIVALPROEX (valproic acid (divalproex sodium) 500 mg gastro-resistant tablet) JAMP PHARMA CORPORATION,JAMP DIVALPROEX (acide valproïque (divalproex sodique) 500 mg comprimé gastrorésistant) JAMP PHARMA CORPORATION,ADDED
98983,02500124,FOAM-CARE ULTRA (benzalkonium chloride 0.13 % cutaneous solution) LES CHIMIQUES B.O.D. INC,"FOAM-CARE ULTRA (chlorure de benzalkonium 0,13 % solution pour application cutanée) LES CHIMIQUES B.O.D. INC",ADDED
88440,02399520,PYRITHIONE ZINC DANDRUFF SHAMPOO ITCH RELIEF (pyrithione zinc 1 % shampoo) PROCTER & GAMBLE INC,PYRITHIONE ZINC DANDRUFF SHAMPOO ITCH RELIEF (pyrithione zincique 1 % shampoing) PROCTER & GAMBLE INC,"Health_Canada_product_name: ""PYRITHIONE ZINC DANDRUFF SHAMPOO ITCHY SCALP CARE"" -> ""PYRITHIONE ZINC DANDRUFF SHAMPOO ITCH RELIEF""
mp_formal_name: ""PYRITHIONE ZINC DANDRUFF SHAMPOO ITCHY̲̲ ̲̲S̲̲C̲̲A̲̲L̲̲P̲̲ ̲̲C̲̲A̲̲R̲̲E̲̲ (pyrithione zinc 1 % shampoo) PROCTER & GAMBLE INC"" -> ""PYRITHIONE ZINC DANDRUFF SHAMPOO ITCH ̲̲R̲̲E̲̲L̲̲I̲̲E̲̲F̲̲ (pyrithione zinc 1 % shampoo) PROCTER & GAMBLE INC""
mp_fr_description: ""PYRITHIONE ZINC DANDRUFF SHAMPOO ITCHY̲̲ ̲̲S̲̲C̲̲A̲̲L̲̲P̲̲ ̲̲C̲̲A̲̲R̲̲E̲̲ (pyrithione zincique 1 % shampoing) PROCTER & GAMBLE INC"" -> ""PYRITHIONE ZINC DANDRUFF SHAMPOO ITCH ̲̲R̲̲E̲̲L̲̲I̲̲E̲̲F̲̲ (pyrithione zincique 1 % shampoing) PROCTER & GAMBLE INC"""
88454,02399687,PYRITHIONE ZINC DANDRUFF SHAMPOO ITCH RELIEF 2IN1 (pyrithione zinc 1 % shampoo) PROCTER & GAMBLE INC,PYRITHIONE ZINC DANDRUFF SHAMPOO ITCH RELIEF 2IN1 (pyrithione zincique 1 % shampoing) PROCTER & GAMBLE INC,"Health_Canada_product_name: ""PYRITHIONE ZINC DANDRUFF SHAMPOO ITCHY SCALP CARE 2IN1"" -> ""PYRITHIONE ZINC DANDRUFF SHAMPOO ITCH RELIEF 2IN1""
mp_formal_name: ""PYRITHIONE ZINC DANDRUFF SHAMPOO ITCHY̲̲ ̲̲S̲̲C̲̲A̲̲L̲̲P̲̲ ̲̲C̲̲A̲̲R̲̲E̲̲ 2IN1 (pyrithione zinc 1 % shampoo) PROCTER & GAMBLE INC"" -> ""PYRITHIONE ZINC DANDRUFF SHAMPOO ITCH ̲̲R̲̲E̲̲L̲̲I̲̲E̲̲F̲̲ 2IN1 (pyrithione zinc 1 % shampoo) PROCTER & GAMBLE INC""
mp_fr_description: ""PYRITHIONE ZINC DANDRUFF SHAMPOO ITCHY̲̲ ̲̲S̲̲C̲̲A̲̲L̲̲P̲̲ ̲̲C̲̲A̲̲R̲̲E̲̲ 2IN1 (pyrithione zincique 1 % shampoing) PROCTER & GAMBLE INC"" -> ""PYRITHIONE ZINC DANDRUFF SHAMPOO ITCH ̲̲R̲̲E̲̲L̲̲I̲̲E̲̲F̲̲ 2IN1 (pyrithione zincique 1 % shampoing) PROCTER & GAMBLE INC"""
85356,02368579,JAMP-MIRTAZAPINE (mirtazapine 30 mg oral tablet) JAMP PHARMA CORPORATION,JAMP-MIRTAZAPINE (mirtazapine 30 mg comprimé oral) JAMP PHARMA CORPORATION,"mp_status_effective_time: ""20170807"" -> ""20260812"""
41477,00373435,DETTOL (chloroxylenol 4.8 % cutaneous solution) RECKITT BENCKISER (CANADA) INC,"DETTOL (chloroxylénol 4,8 % solution pour application cutanée) RECKITT BENCKISER (CANADA) INC",ADDED
66672,02242842,DIGISAN E FOAM HAND SANITIZER (benzalkonium chloride 0.1 % cutaneous liquid) ECOLAB CO,"DIGISAN E FOAM HAND SANITIZER (chlorure de benzalkonium 0,1 % liquide cutané) ECOLAB CO",ADDED
91134,02426773,NEGATIVE SKIN TEST CONTROL - GLYCERIN (glycerin 50 % solution for injection) JUBILANT HOLLISTERSTIER LLC,NEGATIVE SKIN TEST CONTROL - GLYCERIN (glycérine 50 % solution injectable) JUBILANT HOLLISTERSTIER LLC,ADDED
93459,02448866,SOFT CARE DEFEND FOAM (chloroxylenol 1 % cutaneous solution) DIVERSEY INC,SOFT CARE DEFEND FOAM (chloroxylénol 1 % solution pour application cutanée) DIVERSEY INC,ADDED
100236,02513129,JAMP ATAZANAVIR (atazanavir (atazanavir sulfate) 300 mg oral capsule) JAMP PHARMA CORPORATION,JAMP ATAZANAVIR (atazanavir (sulfate d'atazanavir) 300 mg capsule orale) JAMP PHARMA CORPORATION,DELETED
85450,02369575,X3 ON-THE-GO ANTISEPTIC SPRAY (benzalkonium chloride 0.13 % cutaneous spray) NATURAL ESSENTIALS INC,"X3 ON-THE-GO ANTISEPTIC SPRAY (chlorure de benzalkonium 0,13 % vaporisation cutanée) NATURAL ESSENTIALS INC",ADDED
67891,02243948,PUREGON (follitropin beta 833 unit per mL solution for injection) ORGANON CANADA INC.,PUREGON (follitropine bêta 833 unité par mL solution injectable) ORGANON CANADA INC.,ADDED
89148,02406802,SOFTSOAP ANTIBACTERIAL (benzalkonium chloride 0.13 % cutaneous solution) COLGATE-PALMOLIVE CANADA INC,"SOFTSOAP ANTIBACTERIAL (chlorure de benzalkonium 0,13 % solution pour application cutanée) COLGATE-PALMOLIVE CANADA INC",ADDED
104233,02553392,PRO-SITAGLIPTIN (sitagliptin (sitagliptin phosphate monohydrate) 100 mg oral tablet) PRO DOC LIMITEE,PRO-SITAGLIPTIN (sitagliptine (phosphate de sitagliptine monohydraté) 100 mg comprimé oral) PRO DOC LIMITEE,ADDED
12651,01926292,PANECTYL (trimeprazine (trimeprazine tartrate) 5 mg oral tablet) SEARCHLIGHT PHARMA INC,PANECTYL (triméprazine (tartrate de triméprazine) 5 mg comprimé oral) SEARCHLIGHT PHARMA INC,DELETED
97058,02480034,POTASSIUM CHLORIDE FOR INJECTION CONCENTRATE (potassium chloride 200 meq per 100 mL solution for injection) OMEGA LABORATORIES LIMITED,POTASSIUM CHLORIDE FOR INJECTION CONCENTRATE (chlorure de potassium 200 meq par 100 mL solution injectable) OMEGA LABORATORIES LIMITED,ADDED
106584,02563010,WYNZORA (betamethasone (betamethasone dipropionate) 0.5 mg per g and calcipotriol 50 mcg per g cutaneous cream) KNIGHT THERAPEUTICS INC.,"WYNZORA (bétaméthasone (dipropionate de bétaméthasone) 0,5 mg par g et calcipotriol 50 mcg par g crème cutanée) KNIGHT THERAPEUTICS INC.",ADDED
99217,02502607,"VANCOMYCIN HYDROCHLORIDE FOR INJECTION, USP (vancomycin (vancomycin hydrochloride) 1 g per vial powder for solution for injection) JAMP PHARMA CORPORATION","VANCOMYCIN HYDROCHLORIDE FOR INJECTION, USP (vancomycine (chlorhydrate de vancomycine) 1 g par fiole poudre pour solution injectable) JAMP PHARMA CORPORATION",DELETED
106423,02561247,NB-LANSOPRAZOLE (lansoprazole 30 mg gastro-resistant capsule) NB PHARMA INC.,NB-LANSOPRAZOLE (lansoprazole 30 mg capsule gastrorésistante) NB PHARMA INC.,ADDED
12753,01926462,"VITAMIN A ACID (tretinoin 0.01 % cutaneous gel) BAUSCH HEALTH, CANADA INC.","VITAMIN A ACID (trétinoïne 0,01 % gel cutané) BAUSCH HEALTH, CANADA INC.",DELETED
88829,02403498,BICART (sodium bicarbonate 720 g per cartridge powder for concentrate for solution for haemodialysis) VANTIVE ULC,BICART (bicarbonate de sodium 720 g par cartouche poudre pour solution à diluer pour solution pour hémodialyse) VANTIVE ULC,ADDED
NA,77701149,FUROSEMIDE INJECTION USP (furosemide 40 mg per 4 mL solution for injection vial) JAMP PHARMA CORPORATION,FUROSEMIDE INJECTION USP (furosémide 40 mg par 4 mL solution injectable fiole) JAMP PHARMA CORPORATION,DELETED
97384,02483394,IPRATROPIUM BROMIDE AND SALBUTAMOL SULPHATE INHALATION SOLUTION (ipratropium bromide (ipratropium bromide monohydrate) 0.5 mg per 2.5 mL and salbutamol (salbutamol sulfate) 2.5 mg per 2.5 mL nebulizer solution unit dose vial) JUNO PHARMA CANADA INC.,"IPRATROPIUM BROMIDE AND SALBUTAMOL SULPHATE INHALATION SOLUTION (bromure d'ipratropium (bromure d'ipratropium monohydraté) 0,5 mg par 2,5 mL et salbutamol (sulfate de salbutamol) 2,5 mg par 2,5 mL solution pour inhalation par nébuliseur fiole unidose) JUNO PHARMA CANADA INC.","mp_formal_name: ""IPRATROPIUM BROMIDE AND SALBUTAMOL SULPHATE INHALATION SOLUTION (ipratropium bromide (ipratropium bromide monohydrate) 0.5 mg per 2.5 mL and salbutamol (salbutamol sulfate) 2.5 mg per 2.5 mL nebulizer solution unit dose vial) JUNO PHARMAC̲̲E̲̲U̲̲T̲̲I̲̲C̲̲A̲̲L̲̲S̲̲ ̲̲C̲̲O̲̲R̲̲P̲̲."" -> ""IPRATROPIUM BROMIDE AND SALBUTAMOL SULPHATE INHALATION SOLUTION (ipratropium bromide (ipratropium bromide monohydrate) 0.5 mg per 2.5 mL and salbutamol (salbutamol sulfate) 2.5 mg per 2.5 mL nebulizer solution unit dose vial) JUNO PHARMA ̲̲C̲̲A̲̲N̲̲A̲̲D̲̲A̲̲ ̲̲I̲̲N̲̲C̲̲.""
mp_fr_description: ""IPRATROPIUM BROMIDE AND SALBUTAMOL SULPHATE INHALATION SOLUTION (bromure d'ipratropium (bromure d'ipratropium monohydraté) 0,5 mg par 2,5 mL et salbutamol (sulfate de salbutamol) 2,5 mg par 2,5 mL solution pour inhalation par nébuliseur fiole unidose) JUNO PHARMAC̲̲E̲̲U̲̲T̲̲I̲̲C̲̲A̲̲L̲̲S̲̲ ̲̲C̲̲O̲̲R̲̲P̲̲."" -> ""IPRATROPIUM BROMIDE AND SALBUTAMOL SULPHATE INHALATION SOLUTION (bromure d'ipratropium (bromure d'ipratropium monohydraté) 0,5 mg par 2,5 mL et salbutamol (sulfate de salbutamol) 2,5 mg par 2,5 mL solution pour inhalation par nébuliseur fiole unidose) JUNO PHARMA ̲̲C̲̲A̲̲N̲̲A̲̲D̲̲A̲̲ ̲̲I̲̲N̲̲C̲̲."""
91926,02434970,OCTAPLEX (coagulation factor ii (human) 1520 unit per vial and coagulation factor IX human 1000 unit per vial and coagulation factor vii (human) 960 unit per vial and coagulation factor x (human) 1200 unit per vial and protein c 1240 unit per vial and protein s 1280 unit per vial NA) OCTAPHARMA PHARMAZEUTIKA PRODUKTIONSGES M B H,OCTAPLEX (facteur II de coagulation humain 1520 unité par fiole et facteur IX de coagulation humain 1000 unité par fiole et facteur VII de coagulation humain 960 unité par fiole et facteur X de coagulation humain 1200 unité par fiole et protéine c 1240 unité par fiole et protéine s 1280 unité par fiole NA) OCTAPHARMA PHARMAZEUTIKA PRODUKTIONSGES M B H,ADDED
11537,00779237,BACTI-STAT 0.3% (triclosan 0.3 % cutaneous liquid) ECOLAB CO,"BACTI-STAT 0.3% (triclosan 0,3 % liquide cutané) ECOLAB CO",ADDED
NA,77700991,PACLITAXEL FOR INJECTION (paclitaxel 100 mg per 16.7 mL solution for injection vial) BIOLYSE PHARMA CORPORATION,"PACLITAXEL FOR INJECTION (paclitaxel 100 mg par 16,7 mL solution injectable fiole) BIOLYSE PHARMA CORPORATION",ADDED
NA,02567377,LUNSUMIO SC (mosunetuzumab 45 mg per 1 mL solution for injection vial) HOFFMANN-LA ROCHE LIMITED,LUNSUMIO SC (mosunétuzumab 45 mg par 1 mL solution injectable fiole) HOFFMANN-LA ROCHE LIMITED,DELETED
100976,02520567,AG-QUETIAPINE XR (quetiapine (quetiapine fumarate) 300 mg prolonged-release oral tablet) ANGITA PHARMA INC.,AG-QUETIAPINE XR (quétiapine (fumarate de quétiapine) 300 mg comprimé oral à libération prolongée) ANGITA PHARMA INC.,DELETED
106116,02557878,JAMP CLINDAMYCIN CAPSULES (clindamycin (clindamycin hydrochloride) 150 mg oral capsule) JAMP PHARMA CORPORATION,JAMP CLINDAMYCIN CAPSULES (clindamycine (chlorhydrate de clindamycine) 150 mg capsule orale) JAMP PHARMA CORPORATION,ADDED
NA,02565846,ODAN-BUPROPION XL (bupropion hydrochloride 300 mg prolonged-release oral tablet) ODAN LABORATORIESLTD,ODAN-BUPROPION XL (chlorhydrate de bupropion 300 mg comprimé oral à libération prolongée) ODAN LABORATORIESLTD,DELETED
100694,02517566,CETIRIZINE EXTRA STRENGTH (cetirizine hydrochloride 10 mg oral tablet) JAMP PHARMA CORPORATION,CETIRIZINE EXTRA STRENGTH (chlorhydrate de cétirizine 10 mg comprimé oral) JAMP PHARMA CORPORATION,DELETED
76939,02283816,ANTIBACTERIAL CLEAN & SMOOTH (triclosan 0.3 % cutaneous solution) ECOLAB CO,"ANTIBACTERIAL CLEAN & SMOOTH (triclosan 0,3 % solution pour application cutanée) ECOLAB CO",ADDED
71628,02247383,PHARMA-LACTULOSE (lactulose 667 mg per mL oral solution) PHARMASCIENCE INC,PHARMA-LACTULOSE (lactulose 667 mg par mL solution orale) PHARMASCIENCE INC,DELETED
NA,c2174bb0b7f74dfc882b512094679795,"SULFAMETHOXAZOLE AND TRIMETHOPRIM FOR INJECTION, USP (sulfamethoxazole 2400 mg per 30 mL and trimethoprim 480 mg per 30 mL solution for injection vial) EUGIA PHARMA INC.","SULFAMETHOXAZOLE AND TRIMETHOPRIM FOR INJECTION, USP (sulfaméthoxazole 2400 mg par 30 mL et triméthoprime 480 mg par 30 mL solution injectable fiole) EUGIA PHARMA INC.",ADDED
100952,02520311,PMSC-METFORMIN (metformin hydrochloride 850 mg oral tablet) PHARMASCIENCE INC,PMSC-METFORMIN (chlorhydrate de metformine 850 mg comprimé oral) PHARMASCIENCE INC,DELETED
11831,01919687,PROSTIN E2 VAGINAL GEL (dinoprostone 2 mg per 3 g vaginal gel syringe) PFIZER CANADA ULC,PROSTIN E2 VAGINAL GEL (dinoprostone 2 mg par 3 g gel vaginal seringue) PFIZER CANADA ULC,DELETED
101172,02522616,DEQUADIN ORAL SPRAY (dequalinium chloride 0.5 % oromucosal spray) PHARMASCIENCE INC,"DEQUADIN ORAL SPRAY (chlorure de déqualinium 0,5 % vaporisation buccale) PHARMASCIENCE INC",DELETED
97037,02479729,"ALCOHOL FREE FOAMING HAND SANITIZER (benzalkonium chloride 0.13 % cutaneous solution) VI-JON, LLC","ALCOHOL FREE FOAMING HAND SANITIZER (chlorure de benzalkonium 0,13 % solution pour application cutanée) VI-JON, LLC",ADDED
NA,97e0f568ae03559a777582ee43993263,"SULFAMETHOXAZOLE AND TRIMETHOPRIM FOR INJECTION, USP (sulfamethoxazole 800 mg per 10 mL and trimethoprim 160 mg per 10 mL solution for injection vial) EUGIA PHARMA INC.","SULFAMETHOXAZOLE AND TRIMETHOPRIM FOR INJECTION, USP (sulfaméthoxazole 800 mg par 10 mL et triméthoprime 160 mg par 10 mL solution injectable fiole) EUGIA PHARMA INC.",ADDED
100700,02517620,PMS-CINACALCET (cinacalcet (cinacalcet hydrochloride) 90 mg oral tablet) PHARMASCIENCE INC,PMS-CINACALCET (cinacalcet (chlorhydrate de cinacalcet) 90 mg comprimé oral) PHARMASCIENCE INC,DELETED
NA,02567814,SEMAGLUTIDE INJECTION MULTI-DOSE PRE-FILLED PEN DISPENSES 1 MG DOSES (semaglutide 1 mg per actuation solution for injection pre-filled pen) DR REDDY'S LABORATORIES LTD,SEMAGLUTIDE INJECTION STYLO PRÉREMPLI A DOSES MULTIPLES PERMETTANT D'INJECTER DES DOSES DE 1 MG (sémaglutide 1 mg par actionnement solution injectable stylo prérempli) DR REDDY'S LABORATORIES LTD,DELETED
106070,02557363,PMS-IVERMECTIN (ivermectin 1 % cutaneous cream) PHARMASCIENCE INC,PMS-IVERMECTIN (ivermectine 1 % crème cutanée) PHARMASCIENCE INC,ADDED
101131,02522160,ABEVMY (bevacizumab 400 mg per 16 mL solution for injection vial) BIOCON BIOLOGICS CANADA INC,ABEVMY (bévacizumab 400 mg par 16 mL solution injectable fiole) BIOCON BIOLOGICS CANADA INC,"mp_formal_name: ""ABEVMY (bevacizumab 400 mg per 16 mL solution for injection vial) BIOS̲̲I̲̲M̲̲I̲̲L̲̲A̲̲R̲̲ ̲̲C̲̲O̲̲L̲̲L̲̲A̲̲B̲̲O̲̲R̲̲A̲̲T̲̲I̲̲O̲̲N̲̲S̲̲ ̲̲I̲̲R̲̲E̲̲L̲̲A̲̲N̲̲D̲̲ ̲̲L̲̲I̲̲M̲̲I̲̲T̲̲E̲̲D̲̲"" -> ""ABEVMY (bevacizumab 400 mg per 16 mL solution for injection vial) BIOC̲̲O̲̲N̲̲ ̲̲B̲̲I̲̲O̲̲L̲̲O̲̲G̲̲I̲̲C̲̲S̲̲ ̲̲C̲̲A̲̲N̲̲A̲̲D̲̲A̲̲ ̲̲I̲̲N̲̲C̲̲""
mp_fr_description: ""ABEVMY (bévacizumab 400 mg par 16 mL solution injectable fiole) BIOS̲̲I̲̲M̲̲I̲̲L̲̲A̲̲R̲̲ ̲̲C̲̲O̲̲L̲̲L̲̲A̲̲B̲̲O̲̲R̲̲A̲̲T̲̲I̲̲O̲̲N̲̲S̲̲ ̲̲I̲̲R̲̲E̲̲L̲̲A̲̲N̲̲D̲̲ ̲̲L̲̲I̲̲M̲̲I̲̲T̲̲E̲̲D̲̲"" -> ""ABEVMY (bévacizumab 400 mg par 16 mL solution injectable fiole) BIOC̲̲O̲̲N̲̲ ̲̲B̲̲I̲̲O̲̲L̲̲O̲̲G̲̲I̲̲C̲̲S̲̲ ̲̲C̲̲A̲̲N̲̲A̲̲D̲̲A̲̲ ̲̲I̲̲N̲̲C̲̲"""
70601,02246427,KEYSTONE FOAM HAND SANITIZER (benzalkonium chloride 0.1 % cutaneous liquid) ECOLAB CO,"KEYSTONE FOAM HAND SANITIZER (chlorure de benzalkonium 0,1 % liquide cutané) ECOLAB CO",ADDED
75717,02271621,"TEVA-DILTIAZEM HCL ER (diltiazem hydrochloride 240 mg prolonged-release oral capsule) BAUSCH HEALTH, CANADA INC.","TEVA-DILTIAZEM HCL ER (chlorhydrate de diltiazem 240 mg capsule orale à libération prolongée) BAUSCH HEALTH, CANADA INC.","mp_status: ""ACTIVE"" -> ""INACTIVE""
mp_status_effective_time: ""20060130"" -> ""20260731"""
65339,02241679,POTASSIUM CHLORIDE INJECTION (potassium chloride 40 meq per 100 mL solution for injection) BAXTER CORPORATION,POTASSIUM CHLORIDE INJECTION (chlorure de potassium 40 meq par 100 mL solution injectable) BAXTER CORPORATION,ADDED
NA,02565404,AMB-SOTALOL (sotalol hydrochloride 80 mg oral tablet) AMBICARE PHARMACEUTICALS INC.,AMB-SOTALOL (chlorhydrate de sotalol 80 mg comprimé oral) AMBICARE PHARMACEUTICALS INC.,DELETED
81142,02326086,DOCUSATE SODIUM (docusate sodium 100 mg oral capsule) PRO DOC LIMITEE,DOCUSATE SODIUM (docusate sodique 100 mg capsule orale) PRO DOC LIMITEE,DELETED
3394,00402206,POTASSIUM CHLORIDE FOR INJECTION CONCENTRATE (potassium chloride 20 meq per 10 mL solution for injection) OMEGA LABORATORIES LIMITED,POTASSIUM CHLORIDE FOR INJECTION CONCENTRATE (chlorure de potassium 20 meq par 10 mL solution injectable) OMEGA LABORATORIES LIMITED,ADDED
102623,02537524,ANTIBACTERIAL FOAMING HAND SOAP (benzalkonium chloride 0.13 % cutaneous solution) RUBBERMAID COMMERCIAL PRODUCTS LLC,"ANTIBACTERIAL FOAMING HAND SOAP (chlorure de benzalkonium 0,13 % solution pour application cutanée) RUBBERMAID COMMERCIAL PRODUCTS LLC",ADDED
NA,02567792,OCTREOTIDE DEPOT (octreotide (octreotide acetate) 30 mg per vial powder for prolonged-release suspension for injection with diluent solution syringe) STERIMAX INC,OCTREOTIDE DEPOT (octréotide (acétate d'octréotide) 30 mg par fiole poudre pour suspension injectable à libération prolongée avec solution diluante seringue) STERIMAX INC,DELETED
13256,00899356,"MANERIX (moclobemide 150 mg oral tablet) BAUSCH HEALTH, CANADA INC.","MANERIX (moclobémide 150 mg comprimé oral) BAUSCH HEALTH, CANADA INC.",DELETED
103051,02541904,SODIUM BICARBONATE INJECTION USP (sodium bicarbonate 84 mg per mL solution for injection) STERIMAX INC,SODIUM BICARBONATE INJECTION USP (bicarbonate de sodium 84 mg par mL solution injectable) STERIMAX INC,ADDED
106422,02561239,NB-LANSOPRAZOLE (lansoprazole 15 mg gastro-resistant capsule) NB PHARMA INC.,NB-LANSOPRAZOLE (lansoprazole 15 mg capsule gastrorésistante) NB PHARMA INC.,ADDED
NA,02567806,SEMAGLUTIDE INJECTION MULTI-DOSE PRE-FILLED PEN DISPENSES 0.25 MG OR 0.5 MG DOSES (semaglutide 1.34 mg per mL solution for injection 1.5 mL pen) DR REDDY'S LABORATORIES LTD,"SEMAGLUTIDE INJECTION MULTI-DOSE PRE-FILLED PEN DISPENSES 0.25 MG OR 0.5 MG DOSES (sémaglutide 1,34 mg par mL solution injectable 1,5 mL stylo) DR REDDY'S LABORATORIES LTD",DELETED
100677,02517353,JAMP CETIRIZINE TABLETS (cetirizine hydrochloride 20 mg oral tablet) JAMP PHARMA CORPORATION,JAMP CETIRIZINE TABLETS (chlorhydrate de cétirizine 20 mg comprimé oral) JAMP PHARMA CORPORATION,DELETED
102419,02535335,ESOMEPRAZOLE (esomeprazole (esomeprazole magnesium dihydrate) 20 mg gastro-resistant tablet) SANIS HEALTH INC,ESOMEPRAZOLE (ésoméprazole (ésoméprazole magnésien dihydraté) 20 mg comprimé gastrorésistant) SANIS HEALTH INC,"mp_status_effective_time: ""20260723"" -> ""20260831"""
NA,77700785,DOXORUBICIN HYDROCHLORIDE INJECTION (doxorubicin hydrochloride 10 mg per 5 mL solution for injection vial) TEVA CANADA LIMITED,DOXORUBICIN HYDROCHLORIDE INJECTION (chlorhydrate de doxorubicine 10 mg par 5 mL solution injectable fiole) TEVA CANADA LIMITED,ADDED
NA,c9ca260564bdc6e1999a0c6f9c965eee,"SULFAMETHOXAZOLE AND TRIMETHOPRIM FOR INJECTION, USP (sulfamethoxazole 400 mg per 5 mL and trimethoprim 80 mg per 5 mL solution for injection vial) EUGIA PHARMA INC.","SULFAMETHOXAZOLE AND TRIMETHOPRIM FOR INJECTION, USP (sulfaméthoxazole 400 mg par 5 mL et triméthoprime 80 mg par 5 mL solution injectable fiole) EUGIA PHARMA INC.",ADDED
NA,02568373,THYCONVI (levothyroxine sodium 20 mcg per mL oral solution) BIOSYENT PHARMA INC,THYCONVI (lévothyroxine sodique 20 mcg par mL solution orale) BIOSYENT PHARMA INC,DELETED
9,00015741,TAPAZOLE (methimazole 5 mg oral tablet) KNIGHT THERAPEUTICS INC.,TAPAZOLE (méthimazole 5 mg comprimé oral) KNIGHT THERAPEUTICS INC.,DELETED
66677,02242847,DIGICLEAN E FOAM HAND SOAP (chloroxylenol 1 % cutaneous liquid) ECOLAB CO,DIGICLEAN E FOAM HAND SOAP (chloroxylénol 1 % liquide cutané) ECOLAB CO,ADDED
106696,02564254,BUCKLEY'S COUGH AND MUCUS RELIEF EXTRA STRENGTH (dextromethorphan hydrobromide 30 mg per 10 mL and guaifenesin 400 mg per 10 mL and menthol 40 mg per 10 mL syrup) HALEON CANADA ULC,BUCKLEY'S COUGH AND MUCUS RELIEF EXTRA STRENGTH (bromhydrate de dextrométhorphane 30 mg par 10 mL et guaïfénésine 400 mg par 10 mL et menthol 40 mg par 10 mL sirop) HALEON CANADA ULC,ADDED
99603,02506661,JAMP TROSPIUM (trospium chloride 20 mg oral tablet) JAMP PHARMA CORPORATION,JAMP TROSPIUM (chlorure de trospium 20 mg comprimé oral) JAMP PHARMA CORPORATION,DELETED
2684,00400688,PROSTIN E2 TABLETS (dinoprostone 0.5 mg oral tablet) PFIZER CANADA ULC,"PROSTIN E2 TABLETS (dinoprostone 0,5 mg comprimé oral) PFIZER CANADA ULC",DELETED
95297,02464829,DIAL ANTIBACTERIAL HAND SOAP (benzalkonium chloride 0.13 % cutaneous solution) HENKEL CONSUMER BRANDS CANADA CORPORATION,"DIAL ANTIBACTERIAL HAND SOAP (chlorure de benzalkonium 0,13 % solution pour application cutanée) HENKEL CONSUMER BRANDS CANADA CORPORATION",ADDED
NA,02565951,"BILDYOS (denosumab 60 mg per 1 mL solution for injection syringe) SHANGHAI HENLIUS BIOTECH, INC.","BILDYOS (dénosumab 60 mg par 1 mL solution injectable seringue) SHANGHAI HENLIUS BIOTECH, INC.",DELETED
18310,02161060,CALCIUM-45 0.25-4.5 (calcium chloride 7.45 g per bottle powder for concentrate for solution for haemodialysis) VANTIVE ULC,"CALCIUM-45 0.25-4.5 (chlorure de calcium 7,45 g par bouteille poudre pour solution à diluer pour solution pour hémodialyse) VANTIVE ULC",ADDED
95992,02470853,FINIPIL (benzethonium chloride 0.2 % cutaneous cream) EQUIBAL LABS INC,"FINIPIL (chlorure de benzéthonium 0,2 % crème cutanée) EQUIBAL LABS INC",ADDED
NA,02568926,EXDENSUR (depemokimab 100 mg per 1 mL solution for injection pen) GLAXOSMITHKLINE INC,EXDENSUR (dépémokimab 100 mg par 1 mL solution injectable stylo) GLAXOSMITHKLINE INC,DELETED
99178,02502208,HAND SANITIZER (benzalkonium chloride 0.15 % cutaneous solution) CONTRACT PACKAGING DISTRIBUTION INC.,"HAND SANITIZER (chlorure de benzalkonium 0,15 % solution pour application cutanée) CONTRACT PACKAGING DISTRIBUTION INC.",ADDED
NA,02567784,OCTREOTIDE DEPOT (octreotide (octreotide acetate) 20 mg per vial powder for prolonged-release suspension for injection with diluent solution syringe) STERIMAX INC,OCTREOTIDE DEPOT (octréotide (acétate d'octréotide) 20 mg par fiole poudre pour suspension injectable à libération prolongée avec solution diluante seringue) STERIMAX INC,DELETED
1553,00254142,DULCOLAX (bisacodyl 5 mg gastro-resistant tablet) OPELLA CANADA INC.,DULCOLAX (bisacodyl 5 mg comprimé gastrorésistant) OPELLA CANADA INC.,"mp_formal_name: ""DULCOLAX (bisacodyl 5 mg gastro-resistant tablet) S̲̲A̲̲N̲̲O̲̲F̲̲I̲̲ ̲̲C̲̲O̲̲N̲̲S̲̲U̲̲M̲̲E̲̲R̲̲ ̲̲H̲̲E̲̲A̲̲L̲̲T̲̲H̲̲ ̲̲I̲̲N̲̲C̲̲"" -> ""DULCOLAX (bisacodyl 5 mg gastro-resistant tablet) O̲̲P̲̲E̲̲L̲̲L̲̲A̲̲ ̲̲C̲̲A̲̲N̲̲A̲̲D̲̲A̲̲ ̲̲I̲̲N̲̲C̲̲.̲̲""
mp_fr_description: ""DULCOLAX (bisacodyl 5 mg comprimé gastrorésistant) S̲̲A̲̲N̲̲O̲̲F̲̲I̲̲ ̲̲C̲̲O̲̲N̲̲S̲̲U̲̲M̲̲E̲̲R̲̲ ̲̲H̲̲E̲̲A̲̲L̲̲T̲̲H̲̲ ̲̲I̲̲N̲̲C̲̲"" -> ""DULCOLAX (bisacodyl 5 mg comprimé gastrorésistant) O̲̲P̲̲E̲̲L̲̲L̲̲A̲̲ ̲̲C̲̲A̲̲N̲̲A̲̲D̲̲A̲̲ ̲̲I̲̲N̲̲C̲̲.̲̲"""
106343,02560364,AURO-RIVAROXABAN (rivaroxaban 15 mg oral tablet) AURO PHARMA INC,AURO-RIVAROXABAN (rivaroxaban 15 mg comprimé oral) AURO PHARMA INC,ADDED
106638,02563614,SINEX CONGESTION ULTRA FINE MIST (oxymetazoline hydrochloride 0.05 % nasal spray) PROCTER & GAMBLE INC,"SINEX CONGESTION ULTRA FINE MIST (chlorhydrate d'oxymétazoline 0,05 % vaporisation nasale) PROCTER & GAMBLE INC",ADDED
75279,02267365,INO-F-SAN INSTANT HAND SANITIZER (benzethonium chloride 0.2 % cutaneous liquid) GROUPE DISSAN INC.,"INO-F-SAN INSTANT HAND SANITIZER (chlorure de benzéthonium 0,2 % liquide cutané) GROUPE DISSAN INC.",ADDED
31360,02139529,"SODIUM ACETATE INJECTION, USP (sodium acetate 328 mg per mL solution for injection) FRESENIUS KABI CANADA LTD","SODIUM ACETATE INJECTION, USP (acétate de sodium 328 mg par mL solution injectable) FRESENIUS KABI CANADA LTD",ADDED
61730,02238327,PMS-SOTALOL - 160 MG (sotalol hydrochloride 160 mg oral tablet) PHARMASCIENCE INC,PMS-SOTALOL - 160 MG (chlorhydrate de sotalol 160 mg comprimé oral) PHARMASCIENCE INC,DELETED
100339,02514222,VISTASEAL (fibrinogen human 80 mg per 1 mL and thrombin human 500 unit per 1 mL cutaneous solution) INSTITUTO GRIFOLS S.A.,VISTASEAL (fibrinogène humaine 80 mg par 1 mL et thrombine humaine 500 unité par 1 mL solution pour application cutanée) INSTITUTO GRIFOLS S.A.,ADDED
47553,02229628,PMS-VALPROIC ACID E.C. (valproic acid 500 mg gastro-resistant capsule) PHARMASCIENCE INC,PMS-VALPROIC ACID E.C. (acide valproïque 500 mg capsule gastrorésistante) PHARMASCIENCE INC,DELETED
99322,02503786,OCTREOTIDE FOR INJECTABLE SUSPENSION (octreotide (octreotide acetate) 30 mg per vial powder for prolonged-release suspension for injection with diluent solution syringe) TEVA CANADA LIMITED,OCTREOTIDE FOR INJECTABLE SUSPENSION (octréotide (acétate d'octréotide) 30 mg par fiole poudre pour suspension injectable à libération prolongée avec solution diluante seringue) TEVA CANADA LIMITED,DELETED
NA,02566001,"TUZEMTY (denosumab 120 mg per 1.7 mL solution for injection vial) SHANGHAI HENLIUS BIOTECH, INC.","TUZEMTY (dénosumab 120 mg par 1,7 mL solution injectable fiole) SHANGHAI HENLIUS BIOTECH, INC.",DELETED
11830,01919679,PROSTIN E2 VAGINAL GEL (dinoprostone 1 mg per 3 g vaginal gel syringe) PFIZER CANADA ULC,PROSTIN E2 VAGINAL GEL (dinoprostone 1 mg par 3 g gel vaginal seringue) PFIZER CANADA ULC,DELETED
103443,02545683,FOAMING ANTIBACTERIAL HAND CLEANSER (benzalkonium chloride 0.13 % cutaneous solution) BETCO CORPORATION,"FOAMING ANTIBACTERIAL HAND CLEANSER (chlorure de benzalkonium 0,13 % solution pour application cutanée) BETCO CORPORATION",ADDED
100179,02512505,JAMP DULOXETINE CAPSULES (duloxetine (duloxetine hydrochloride) 30 mg gastro-resistant capsule) JAMP PHARMA CORPORATION,JAMP DULOXETINE CAPSULES (duloxétine (chlorhydrate de duloxétine) 30 mg capsule gastrorésistante) JAMP PHARMA CORPORATION,DELETED
75719,02271656,"TEVA-DILTIAZEM HCL ER (diltiazem hydrochloride 360 mg prolonged-release oral capsule) BAUSCH HEALTH, CANADA INC.","TEVA-DILTIAZEM HCL ER (chlorhydrate de diltiazem 360 mg capsule orale à libération prolongée) BAUSCH HEALTH, CANADA INC.","mp_status: ""ACTIVE"" -> ""INACTIVE""
mp_status_effective_time: ""20060130"" -> ""20260731"""
100560,02516225,SODIUM BICARBONATE INJECTION USP (sodium bicarbonate 84 mg per mL solution for injection) JAMP PHARMA CORPORATION,SODIUM BICARBONATE INJECTION USP (bicarbonate de sodium 84 mg par mL solution injectable) JAMP PHARMA CORPORATION,ADDED
100244,02513226,SANI HANDS FOAM (benzalkonium chloride 0.1 % cutaneous solution) OSTREM CHEMICAL CO LTD.,"SANI HANDS FOAM (chlorure de benzalkonium 0,1 % solution pour application cutanée) OSTREM CHEMICAL CO LTD.",ADDED
76878,02283166,"ALTACE HCT (hydrochlorothiazide 12.5 mg and ramipril 10 mg oral tablet) BAUSCH HEALTH, CANADA INC.","ALTACE HCT (hydrochlorothiazide 12,5 mg et ramipril 10 mg comprimé oral) BAUSCH HEALTH, CANADA INC.",DELETED
NA,02568020,APO-SEMAGLUTIDE INJECTION (semaglutide 0.68 mg per mL solution for injection 3 mL pen) APOTEX INC,"APO-SEMAGLUTIDE INJECTION (sémaglutide 0,68 mg par mL solution injectable 3 mL stylo) APOTEX INC",DELETED
10509,00804789,POTASSIUM PHOSPHATES (phosphorus (potassium phosphate dibasic and potassium phosphate monobasic) 30 mmol per 10 mL and potassium (potassium phosphate dibasic and potassium phosphate monobasic) 44 mmol per 10 mL solution for injection vial) SANDOZ CANADA INCORPORATED,POTASSIUM PHOSPHATES (phosphore (phosphate de potassium dibasique et phosphate de potassium monobasique) 30 mmol par 10 mL et potassium (phosphate de potassium dibasique et phosphate de potassium monobasique) 44 mmol par 10 mL solution injectable fiole) SANDOZ CANADA INCORPORATED,ADDED
100600,02516667,TECARTUS (brexucabtagene autoleucel 200000000 cells per bag suspension for injection) GILEAD SCIENCES CANADA INC,TECARTUS (bréxucabtagène autoleucel 200000000 cellules par sac suspension injectable) GILEAD SCIENCES CANADA INC,ADDED
104232,02553384,PRO-SITAGLIPTIN (sitagliptin (sitagliptin phosphate monohydrate) 50 mg oral tablet) PRO DOC LIMITEE,PRO-SITAGLIPTIN (sitagliptine (phosphate de sitagliptine monohydraté) 50 mg comprimé oral) PRO DOC LIMITEE,ADDED
100699,02517612,PMS-CINACALCET (cinacalcet (cinacalcet hydrochloride) 60 mg oral tablet) PHARMASCIENCE INC,PMS-CINACALCET (cinacalcet (chlorhydrate de cinacalcet) 60 mg comprimé oral) PHARMASCIENCE INC,DELETED
80246,02316978,GALANTAMINE ER (galantamine (galantamine hydrobromide) 24 mg prolonged-release oral capsule) ESSENTIAL PHARMA SWITZERLAND GMBH,GALANTAMINE ER (galantamine (bromhydrate de galantamine) 24 mg capsule orale à libération prolongée) ESSENTIAL PHARMA SWITZERLAND GMBH,"Health_Canada_product_name: ""PAT-GALANTAMINE ER"" -> ""GALANTAMINE ER""
mp_formal_name: ""P̲̲A̲̲T̲̲-̲̲GALANTAMINE ER (galantamine (galantamine hydrobromide) 24 mg prolonged-release oral capsule) J̲̲A̲̲N̲̲S̲̲S̲̲E̲̲N̲̲ ̲̲I̲̲N̲̲C̲̲"" -> ""GALANTAMINE ER (galantamine (galantamine hydrobromide) 24 mg prolonged-release oral capsule) E̲̲S̲̲S̲̲E̲̲N̲̲T̲̲I̲̲A̲̲L̲̲ ̲̲P̲̲H̲̲A̲̲R̲̲M̲̲A̲̲ ̲̲S̲̲W̲̲I̲̲T̲̲Z̲̲E̲̲R̲̲L̲̲A̲̲N̲̲D̲̲ ̲̲G̲̲M̲̲B̲̲H̲̲""
mp_fr_description: ""P̲̲A̲̲T̲̲-̲̲GALANTAMINE ER (galantamine (bromhydrate de galantamine) 24 mg capsule orale à libération prolongée) J̲̲A̲̲N̲̲S̲̲S̲̲E̲̲N̲̲ ̲̲I̲̲N̲̲C̲̲"" -> ""GALANTAMINE ER (galantamine (bromhydrate de galantamine) 24 mg capsule orale à libération prolongée) E̲̲S̲̲S̲̲E̲̲N̲̲T̲̲I̲̲A̲̲L̲̲ ̲̲P̲̲H̲̲A̲̲R̲̲M̲̲A̲̲ ̲̲S̲̲W̲̲I̲̲T̲̲Z̲̲E̲̲R̲̲L̲̲A̲̲N̲̲D̲̲ ̲̲G̲̲M̲̲B̲̲H̲̲"""
97104,02480514,KYMRIAH (tisagenlecleucel 600000000 cells suspension for injection) NOVARTIS PHARMACEUTICALS CANADA INC,KYMRIAH (tisagenlecleucel 600000000 cellules suspension injectable) NOVARTIS PHARMACEUTICALS CANADA INC,ADDED
99175,02502178,ANTI-MICROBE M (benzalkonium chloride 0.15 % cutaneous solution) ATOMS F.D. INC,"ANTI-MICROBE M (chlorure de benzalkonium 0,15 % solution pour application cutanée) ATOMS F.D. INC",ADDED
86844,02382628,"MONICURE COMBO (fluconazole 150 mg oral capsule with miconazole nitrate 2 % cutaneous cream) INSIGHT PHARMACEUTICALS, LLC","MONICURE COMBO (luconazole 150 mg capsule orale avec nitrate de miconazole 2 % crème cutanée) INSIGHT PHARMACEUTICALS, LLC",DELETED
77627,02290855,X3 CLEAN GERM ATTACK HAND SANITIZER (benzalkonium chloride 0.13 % cutaneous solution) NATURAL ESSENTIALS INC,"X3 CLEAN GERM ATTACK HAND SANITIZER (chlorure de benzalkonium 0,13 % solution pour application cutanée) NATURAL ESSENTIALS INC",ADDED
99619,02506831,JAMP ATOMOXETINE (atomoxetine (atomoxetine hydrochloride) 40 mg oral capsule) JAMP PHARMA CORPORATION,JAMP ATOMOXETINE (atomoxétine (chlorhydrate d'atomoxétine) 40 mg capsule orale) JAMP PHARMA CORPORATION,DELETED
14332,00890960,OLESTYR LIGHT POWDER SUGAR FREE (cholestyramine 4 g per sachet powder for oral suspension) PHARMASCIENCE INC,OLESTYR LIGHT POWDER SUGAR FREE (cholestyramine 4 g par sachet poudre pour suspension orale) PHARMASCIENCE INC,DELETED
101295,02523906,TEPADINA (thiotepa 400 mg powder for solution for injection with diluent solution per bag) ADIENNE SA,TEPADINA (thiotépa 400 mg poudre pour solution injectable avec solution diluante par sac) ADIENNE SA,DELETED
97321,02482800,M-ZOPICLONE (zopiclone 3.75 mg oral tablet) MANTRA PHARMA INC,"M-ZOPICLONE (zopiclone 3,75 mg comprimé oral) MANTRA PHARMA INC","mp_status_effective_time: ""20220712"" -> ""20260731"""
NA,02565838,ODAN-BUPROPION XL (bupropion hydrochloride 150 mg prolonged-release oral tablet) ODAN LABORATORIESLTD,ODAN-BUPROPION XL (chlorhydrate de bupropion 150 mg comprimé oral à libération prolongée) ODAN LABORATORIESLTD,DELETED
99900,02509717,VINDA ANTISEPTIC WIPES (benzethonium chloride 0.3 % wipe) GRAND OCEAN INTERNATIONAL TRADING LTD,"VINDA ANTISEPTIC WIPES (chlorure de benzéthonium 0,3 % lingette) GRAND OCEAN INTERNATIONAL TRADING LTD",ADDED
18634,02125447,R & C SHAMPOO WITH CONDITIONER (piperonyl butoxide 3 % and pyrethrins 0.33 % shampoo) MEDTECH PRODUCTS INC,"R & C SHAMPOO WITH CONDITIONER (butoxyde de pipéronyle 3 % et pyréthrines 0,33 % shampoing) MEDTECH PRODUCTS INC",DELETED
101132,02522179,ABEVMY (bevacizumab 100 mg per 4 mL solution for injection vial) BIOCON BIOLOGICS CANADA INC,ABEVMY (bévacizumab 100 mg par 4 mL solution injectable fiole) BIOCON BIOLOGICS CANADA INC,"mp_formal_name: ""ABEVMY (bevacizumab 100 mg per 4 mL solution for injection vial) BIOS̲̲I̲̲M̲̲I̲̲L̲̲A̲̲R̲̲ ̲̲C̲̲O̲̲L̲̲L̲̲A̲̲B̲̲O̲̲R̲̲A̲̲T̲̲I̲̲O̲̲N̲̲S̲̲ ̲̲I̲̲R̲̲E̲̲L̲̲A̲̲N̲̲D̲̲ ̲̲L̲̲I̲̲M̲̲I̲̲T̲̲E̲̲D̲̲"" -> ""ABEVMY (bevacizumab 100 mg per 4 mL solution for injection vial) BIOC̲̲O̲̲N̲̲ ̲̲B̲̲I̲̲O̲̲L̲̲O̲̲G̲̲I̲̲C̲̲S̲̲ ̲̲C̲̲A̲̲N̲̲A̲̲D̲̲A̲̲ ̲̲I̲̲N̲̲C̲̲""
mp_fr_description: ""ABEVMY (bévacizumab 100 mg par 4 mL solution injectable fiole) BIOS̲̲I̲̲M̲̲I̲̲L̲̲A̲̲R̲̲ ̲̲C̲̲O̲̲L̲̲L̲̲A̲̲B̲̲O̲̲R̲̲A̲̲T̲̲I̲̲O̲̲N̲̲S̲̲ ̲̲I̲̲R̲̲E̲̲L̲̲A̲̲N̲̲D̲̲ ̲̲L̲̲I̲̲M̲̲I̲̲T̲̲E̲̲D̲̲"" -> ""ABEVMY (bévacizumab 100 mg par 4 mL solution injectable fiole) BIOC̲̲O̲̲N̲̲ ̲̲B̲̲I̲̲O̲̲L̲̲O̲̲G̲̲I̲̲C̲̲S̲̲ ̲̲C̲̲A̲̲N̲̲A̲̲D̲̲A̲̲ ̲̲I̲̲N̲̲C̲̲"""
100018,02510901,SOAPOPULAR ANTIBACTERIAL HAND SOAP (benzalkonium chloride 0.15 % cutaneous solution) SOAPOPULAR INC,"SOAPOPULAR ANTIBACTERIAL HAND SOAP (chlorure de benzalkonium 0,15 % solution pour application cutanée) SOAPOPULAR INC",ADDED
20112,02219301,MAGNESIUM-45 0.5-4.5 (magnesium chloride 20.5 g per bottle powder for concentrate for solution for haemodialysis) VANTIVE ULC,"MAGNESIUM-45 0.5-4.5 (chlorure de magnésium 20,5 g par bouteille poudre pour solution à diluer pour solution pour hémodialyse) VANTIVE ULC",ADDED
96331,02473801,JAMP FOSFOMYCIN (fosfomycin (fosfomycin tromethamine) 3 g per sachet powder for oral solution) JAMP PHARMA CORPORATION,JAMP FOSFOMYCIN (fosfomycine (trométhamine de fosfomycine) 3 g par sachet poudre pour solution orale) JAMP PHARMA CORPORATION,"Health_Canada_product_name: ""JAMP-FOSFOMYCIN"" -> ""JAMP FOSFOMYCIN""
mp_formal_name: ""JAMP-̲̲FOSFOMYCIN (fosfomycin (fosfomycin tromethamine) 3 g per sachet powder for oral solution) JAMP PHARMA CORPORATION"" -> ""JAMP ̲̲FOSFOMYCIN (fosfomycin (fosfomycin tromethamine) 3 g per sachet powder for oral solution) JAMP PHARMA CORPORATION""
mp_fr_description: ""JAMP-̲̲FOSFOMYCIN (fosfomycine (trométhamine de fosfomycine) 3 g par sachet poudre pour solution orale) JAMP PHARMA CORPORATION"" -> ""JAMP ̲̲FOSFOMYCIN (fosfomycine (trométhamine de fosfomycine) 3 g par sachet poudre pour solution orale) JAMP PHARMA CORPORATION"""
2527,00037869,POTASSIUM CHLORIDE FOR INJECTION CONCENTRATE USP (potassium chloride 149 mg per mL solution for injection) PFIZER CANADA ULC,POTASSIUM CHLORIDE FOR INJECTION CONCENTRATE USP (chlorure de potassium 149 mg par mL solution injectable) PFIZER CANADA ULC,ADDED
NA,77700784,DOXORUBICIN HYDROCHLORIDE INJECTION (doxorubicin hydrochloride 2 mg per mL solution for injection 100 mL vial) TEVA CANADA LIMITED,DOXORUBICIN HYDROCHLORIDE INJECTION (chlorhydrate de doxorubicine 2 mg par mL solution injectable 100 mL fiole) TEVA CANADA LIMITED,ADDED
NA,02568012,APO-SEMAGLUTIDE INJECTION MULTI-DOSE PRE-FILLED PEN DISPENSES 1 MG DOSES (semaglutide 1 mg per actuation solution for injection pre-filled pen) APOTEX INC,APO-SEMAGLUTIDE INJECTION STYLO PRÉREMPLI A DOSES MULTIPLES PERMETTANT D'INJECTER DES DOSES DE 1 MG (sémaglutide 1 mg par actionnement solution injectable stylo prérempli) APOTEX INC,DELETED
65288,02241630,AMBISOME (amphotericin B 50 mg per vial powder for solution for injection) ASTELLAS PHARMA CANADA INC,AMBISOME (amphotéricine B 50 mg par fiole poudre pour solution injectable) ASTELLAS PHARMA CANADA INC,ADDED
61804,02238389,CAELYX (doxorubicin hydrochloride 20 mg per 10 mL suspension for injection vial) BAXTER CORPORATION,CAELYX (chlorhydrate de doxorubicine 20 mg par 10 mL suspension injectable fiole) BAXTER CORPORATION,ADDED
101709,02527901,ARTHRITIS PAIN RELIEF (acetaminophen 650 mg prolonged-release oral tablet) PHARMASCIENCE INC,ARTHRITIS PAIN RELIEF (acétaminophène 650 mg comprimé oral à libération prolongée) PHARMASCIENCE INC,DELETED
88654,02401657,PMS-TRAMADOL-ACET (acetaminophen 325 mg and tramadol hydrochloride 37.5 mg oral tablet) PHARMASCIENCE INC,"PMS-TRAMADOL-ACET (acétaminophène 325 mg et chlorhydrate de tramadol 37,5 mg comprimé oral) PHARMASCIENCE INC","mp_status: ""ACTIVE"" -> ""INACTIVE""
mp_status_effective_time: ""20130429"" -> ""20260731"""
97106,02480506,APPLAUD AB ANTISEPTIC LOTIONIZED HAND SOAP (chloroxylenol 0.5 % NA) ZEP MANUFACTURING COMPANY OF CANADA,"APPLAUD AB ANTISEPTIC LOTIONIZED HAND SOAP (chloroxylénol 0,5 % NA) ZEP MANUFACTURING COMPANY OF CANADA",ADDED
101206,02522985,MINT-VENLAFAXINE XR (venlafaxine (venlafaxine hydrochloride) 75 mg prolonged-release oral capsule) MINT PHARMACEUTICALS INC,MINT-VENLAFAXINE XR (venlafaxine (chlorhydrate de venlafaxine) 75 mg capsule orale à libération prolongée) MINT PHARMACEUTICALS INC,DELETED
71113,02246888,AVAGARD CHG (alcohol anhydrous 61 % and chlorhexidine gluconate 1 % lotion) SOLVENTUM CANADA LIMITED,AVAGARD CHG (alcool anhydre 61 % et gluconate de chlorhexidine 1 % lotion) SOLVENTUM CANADA LIMITED,ADDED
NA,77700771,"DOXORUBICIN INJECTION, BP (doxorubicin hydrochloride 2 mg per mL solution for injection 100 mL vial) ACCORD HEALTHCARE INC","DOXORUBICIN INJECTION, BP (chlorhydrate de doxorubicine 2 mg par mL solution injectable 100 mL fiole) ACCORD HEALTHCARE INC",ADDED
NA,77700239,DALACIN C PHOSPHATE (clindamycin (clindamycin phosphate) 600 mg per 4 mL solution for injection vial) PFIZER CANADA ULC,DALACIN C PHOSPHATE (clindamycine (phosphate de clindamycine) 600 mg par 4 mL solution injectable fiole) PFIZER CANADA ULC,"mp_status: ""ACTIVE"" -> ""INACTIVE""
mp_status_effective_time: ""19731231"" -> ""20260630"""
