drug_code,mp_code,mp_formal_name,mp_fr_description,changes
NA,e1130140dc58e636927888dbc0b9001c,LUNSUMIO (mosunetuzumab 1 mg per 1 mL solution for injection vial) HOFFMANN-LA ROCHE LIMITED,LUNSUMIO (mosunétuzumab 1 mg par 1 mL solution injectable fiole) HOFFMANN-LA ROCHE LIMITED,ADDED
103872,02549905,SOFTSOAP ANTIBACTERIAL FOR SENSITIVE SKIN (benzalkonium chloride 0.13 % cutaneous solution) COLGATE-PALMOLIVE CANADA INC,"SOFTSOAP ANTIBACTERIAL FOR SENSITIVE SKIN (chlorure de benzalkonium 0,13 % solution pour application cutanée) COLGATE-PALMOLIVE CANADA INC",ADDED
NA,77701200,YESINTEK (ustekinumab 45 mg per 0.5 mL solution for injection vial) BIOCON BIOLOGICS CANADA INC,"YESINTEK (ustékinumab 45 mg par 0,5 mL solution injectable fiole) BIOCON BIOLOGICS CANADA INC","mp_formal_name: ""YESINTEK (ustekinumab 45 mg per 0.5 mL solution for injection vial) BIOS̲I̲M̲I̲L̲A̲R̲ ̲C̲O̲L̲L̲A̲B̲O̲R̲A̲T̲I̲O̲N̲S̲ ̲I̲R̲E̲L̲A̲N̲D̲ ̲L̲I̲M̲I̲T̲E̲D̲"" -> ""YESINTEK (ustekinumab 45 mg per 0.5 mL solution for injection vial) BIOC̲O̲N̲ ̲B̲I̲O̲L̲O̲G̲I̲C̲S̲ ̲C̲A̲N̲A̲D̲A̲ ̲I̲N̲C̲""
mp_fr_description: ""YESINTEK (ustékinumab 45 mg par 0,5 mL solution injectable fiole) BIOS̲I̲M̲I̲L̲A̲R̲ ̲C̲O̲L̲L̲A̲B̲O̲R̲A̲T̲I̲O̲N̲S̲ ̲I̲R̲E̲L̲A̲N̲D̲ ̲L̲I̲M̲I̲T̲E̲D̲"" -> ""YESINTEK (ustékinumab 45 mg par 0,5 mL solution injectable fiole) BIOC̲O̲N̲ ̲B̲I̲O̲L̲O̲G̲I̲C̲S̲ ̲C̲A̲N̲A̲D̲A̲ ̲I̲N̲C̲"""
102173,02532719,TECARTUS (brexucabtagene autoleucel 100000000 cells per bag suspension for injection) GILEAD SCIENCES CANADA INC,TECARTUS (bréxucabtagène autoleucel 100000000 cellules par sac suspension injectable) GILEAD SCIENCES CANADA INC,ADDED
100562,02516268,WAKIX (pitolisant hydrochloride 20 mg oral tablet) KNIGHT THERAPEUTICS INC.,WAKIX (chlorhydrate de pitolisant 20 mg comprimé oral) KNIGHT THERAPEUTICS INC.,"mp_formal_name: ""WAKIX (pitolisant hydrochloride 20 mg oral tablet) E̲N̲D̲O̲ ̲O̲P̲E̲R̲A̲T̲I̲O̲N̲S̲ ̲L̲T̲D̲."" -> ""WAKIX (pitolisant hydrochloride 20 mg oral tablet) K̲N̲I̲G̲H̲T̲ ̲T̲H̲E̲R̲A̲P̲E̲U̲T̲I̲C̲S̲ ̲I̲N̲C̲.""
mp_fr_description: ""WAKIX (chlorhydrate de pitolisant 20 mg comprimé oral) E̲N̲D̲O̲ ̲O̲P̲E̲R̲A̲T̲I̲O̲N̲S̲ ̲L̲T̲D̲."" -> ""WAKIX (chlorhydrate de pitolisant 20 mg comprimé oral) K̲N̲I̲G̲H̲T̲ ̲T̲H̲E̲R̲A̲P̲E̲U̲T̲I̲C̲S̲ ̲I̲N̲C̲."""
95295,02464802,DIAL FOAMING ANTIBACTERIAL HAND WASH (benzalkonium chloride 0.13 % cutaneous solution) HENKEL CONSUMER BRANDS CANADA CORPORATION,"DIAL FOAMING ANTIBACTERIAL HAND WASH (chlorure de benzalkonium 0,13 % solution pour application cutanée) HENKEL CONSUMER BRANDS CANADA CORPORATION",ADDED
96681,02475944,AG-TOPIRAMATE (topiramate 100 mg oral tablet) ANGITA PHARMA INC.,AG-TOPIRAMATE (topiramate 100 mg comprimé oral) ANGITA PHARMA INC.,"mp_status_effective_time: ""20250730"" -> ""20260507"""
NA,1d344ad97d631fd489502d65b19fd129,MAGNESIUM SULFATE INJECTION USP (magnesium sulfate 5000 mg per 10 mL solution for injection vial) STERIMAX INC,MAGNESIUM SULFATE INJECTION USP (sulfate de magnésium 5000 mg par 10 mL solution injectable fiole) STERIMAX INC,ADDED
NA,77700769,"DOXORUBICIN INJECTION, BP (doxorubicin hydrochloride 50 mg per 25 mL solution for injection vial) ACCORD HEALTHCARE INC","DOXORUBICIN INJECTION, BP (chlorhydrate de doxorubicine 50 mg par 25 mL solution injectable fiole) ACCORD HEALTHCARE INC",ADDED
NA,77700791,DOXORUBICIN (doxorubicin hydrochloride 50 mg per 25 mL solution for injection vial) PFIZER CANADA ULC,DOXORUBICIN (chlorhydrate de doxorubicine 50 mg par 25 mL solution injectable fiole) PFIZER CANADA ULC,ADDED
106180,02558564,NB-BISOPROLOL TABLETS (bisoprolol fumarate 10 mg oral tablet) NB PHARMA INC.,NB-BISOPROLOL TABLETS (fumarate de bisoprolol 10 mg comprimé oral) NB PHARMA INC.,ADDED
106317,02560089,NB-IRBESARTAN (irbesartan 150 mg oral tablet) NB PHARMA INC.,NB-IRBESARTAN (irbésartan 150 mg comprimé oral) NB PHARMA INC.,ADDED
96203,02472724,ENERGY BERRY BAIES ÉNERGISANTES FOAMING HAND SOAP ANTIBACTERIAL (benzalkonium chloride 0.13 % cutaneous solution) APOLLO HEALTH AND BEAUTY CARE,"ENERGY BERRY BAIES ÉNERGISANTES FOAMING HAND SOAP ANTIBACTERIAL (chlorure de benzalkonium 0,13 % solution pour application cutanée) APOLLO HEALTH AND BEAUTY CARE",ADDED
66676,02242846,DIGICLEAN ANTIBACTERIAL FOAM HAND SOAP (triclosan 0.3 % cutaneous liquid) ECOLAB CO,"DIGICLEAN ANTIBACTERIAL FOAM HAND SOAP (triclosan 0,3 % liquide cutané) ECOLAB CO",ADDED
37038,02215268,BENYLIN FOR CHILDREN DRY COUGH (dextromethorphan hydrobromide 7.5 mg per 5 mL oral solution) KENVUE CANADA INC.,"BENYLIN FOR CHILDREN DRY COUGH (bromhydrate de dextrométhorphane 7,5 mg par 5 mL solution orale) KENVUE CANADA INC.","mp_formal_name: ""BENYLIN FOR CHILDREN DRY COUGH (dextromethorphan hydrobromide 7.5 mg per 5 mL oral solution) M̲C̲N̲E̲I̲L̲ ̲C̲O̲N̲S̲U̲M̲E̲R̲ ̲H̲E̲A̲L̲T̲H̲C̲A̲R̲E̲ ̲D̲I̲V̲I̲S̲I̲O̲N̲ ̲O̲F̲ ̲J̲O̲H̲N̲S̲O̲N̲ ̲&̲ ̲J̲O̲H̲N̲S̲O̲N̲ ̲I̲N̲C̲"" -> ""BENYLIN FOR CHILDREN DRY COUGH (dextromethorphan hydrobromide 7.5 mg per 5 mL oral solution) K̲E̲N̲V̲U̲E̲ ̲C̲A̲N̲A̲D̲A̲ ̲I̲N̲C̲.̲""
mp_fr_description: ""BENYLIN FOR CHILDREN DRY COUGH (bromhydrate de dextrométhorphane 7,5 mg par 5 mL solution orale) M̲C̲N̲E̲I̲L̲ ̲C̲O̲N̲S̲U̲M̲E̲R̲ ̲H̲E̲A̲L̲T̲H̲C̲A̲R̲E̲ ̲D̲I̲V̲I̲S̲I̲O̲N̲ ̲O̲F̲ ̲J̲O̲H̲N̲S̲O̲N̲ ̲&̲ ̲J̲O̲H̲N̲S̲O̲N̲ ̲I̲N̲C̲"" -> ""BENYLIN FOR CHILDREN DRY COUGH (bromhydrate de dextrométhorphane 7,5 mg par 5 mL solution orale) K̲E̲N̲V̲U̲E̲ ̲C̲A̲N̲A̲D̲A̲ ̲I̲N̲C̲.̲"""
83971,02354543,LORIS 0.13% BZK (benzalkonium chloride 0.13 % wipe) LERNAPHARM (LORIS) INC.,"LORIS 0.13% BZK (chlorure de benzalkonium 0,13 % lingette) LERNAPHARM (LORIS) INC.",ADDED
106049,02557142,MINT-CHLORTHALIDONE (chlorthalidone 50 mg oral tablet) MINT PHARMACEUTICALS INC,MINT-CHLORTHALIDONE (chlorthalidone 50 mg comprimé oral) MINT PHARMACEUTICALS INC,ADDED
74230,02257084,FROVA (frovatriptan (frovatriptan succinate) 2.5 mg oral tablet) KNIGHT THERAPEUTICS INC.,"FROVA (frovatriptan (succinate de frovatriptan) 2,5 mg comprimé oral) KNIGHT THERAPEUTICS INC.","mp_formal_name: ""FROVA (frovatriptan (frovatriptan succinate) 2.5 mg oral tablet) E̲N̲D̲O̲ ̲O̲P̲E̲R̲A̲T̲I̲O̲N̲S̲ ̲L̲T̲D̲."" -> ""FROVA (frovatriptan (frovatriptan succinate) 2.5 mg oral tablet) K̲N̲I̲G̲H̲T̲ ̲T̲H̲E̲R̲A̲P̲E̲U̲T̲I̲C̲S̲ ̲I̲N̲C̲.""
mp_fr_description: ""FROVA (frovatriptan (succinate de frovatriptan) 2,5 mg comprimé oral) E̲N̲D̲O̲ ̲O̲P̲E̲R̲A̲T̲I̲O̲N̲S̲ ̲L̲T̲D̲."" -> ""FROVA (frovatriptan (succinate de frovatriptan) 2,5 mg comprimé oral) K̲N̲I̲G̲H̲T̲ ̲T̲H̲E̲R̲A̲P̲E̲U̲T̲I̲C̲S̲ ̲I̲N̲C̲."""
106532,02562448,MAR-RANOLAZINE XR (ranolazine 500 mg prolonged-release oral tablet) MARCAN PHARMACEUTICALS INC,MAR-RANOLAZINE XR (ranolazine 500 mg comprimé oral à libération prolongée) MARCAN PHARMACEUTICALS INC,ADDED
NA,77701179,BICNU (carmustine 300 mg per 3 mL solution for injection vial) MARCAN PHARMACEUTICALS INC,BICNU (carmustine 300 mg par 3 mL solution injectable fiole) MARCAN PHARMACEUTICALS INC,DELETED
78001,02294664,OCTAPLEX (coagulation factor ii (human) 760 unit per vial and coagulation factor IX human 500 unit per vial and coagulation factor vii (human) 480 unit per vial and coagulation factor x (human) 600 unit per vial and protein c 620 unit per vial and protein s 640 unit per vial NA) OCTAPHARMA PHARMAZEUTIKA PRODUKTIONSGES M B H,OCTAPLEX (facteur II de coagulation humain 760 unité par fiole et facteur IX de coagulation humain 500 unité par fiole et facteur VII de coagulation humain 480 unité par fiole et facteur X de coagulation humain 600 unité par fiole et protéine c 620 unité par fiole et protéine s 640 unité par fiole NA) OCTAPHARMA PHARMAZEUTIKA PRODUKTIONSGES M B H,ADDED
62021,02238593,MUSE (alprostadil 250 mcg urethral stick) KNIGHT THERAPEUTICS INC.,MUSE (alprostadil 250 mcg bâton pour usage urétral) KNIGHT THERAPEUTICS INC.,"mp_formal_name: ""MUSE (alprostadil 250 mcg urethral stick) E̲N̲D̲O̲ ̲O̲P̲E̲R̲A̲T̲I̲O̲N̲S̲ ̲L̲T̲D̲."" -> ""MUSE (alprostadil 250 mcg urethral stick) K̲N̲I̲G̲H̲T̲ ̲T̲H̲E̲R̲A̲P̲E̲U̲T̲I̲C̲S̲ ̲I̲N̲C̲.""
mp_fr_description: ""MUSE (alprostadil 250 mcg bâton pour usage urétral) E̲N̲D̲O̲ ̲O̲P̲E̲R̲A̲T̲I̲O̲N̲S̲ ̲L̲T̲D̲."" -> ""MUSE (alprostadil 250 mcg bâton pour usage urétral) K̲N̲I̲G̲H̲T̲ ̲T̲H̲E̲R̲A̲P̲E̲U̲T̲I̲C̲S̲ ̲I̲N̲C̲.""
mp_status_effective_time: ""20250509"" -> ""20260520"""
106417,02561182,ATHLETE'S FOOT CREAM (tolnaftate 1 w/w cutaneous cream) SCHOLL'S WELLNESS COMPANY,ATHLETE'S FOOT CREAM (tolnaftate 1 p/p crème cutanée) SCHOLL'S WELLNESS COMPANY,ADDED
101417,02525151,AG-GUANFACINE XR (guanfacine (guanfacine hydrochloride) 4 mg prolonged-release oral tablet) ANGITA PHARMA INC.,AG-GUANFACINE XR (guanfacine (chlorhydrate de guanfacine) 4 mg comprimé oral à libération prolongée) ANGITA PHARMA INC.,ADDED
16587,02041448,ATIVAN (lorazepam 2 mg oral tablet) PFIZER CANADA ULC,ATIVAN (lorazépam 2 mg comprimé oral) PFIZER CANADA ULC,DELETED
83549,02350270,PRO-FINASTERIDE (finasteride 5 mg oral tablet) PRO DOC LIMITEE,PRO-FINASTERIDE (finastéride 5 mg comprimé oral) PRO DOC LIMITEE,"Health_Canada_product_name: ""FINASTERIDE"" -> ""PRO-FINASTERIDE""
mp_formal_name: ""FINASTERIDE (finasteride 5 mg oral tablet) PRO DOC LIMITEE"" -> ""P̲R̲O̲-̲FINASTERIDE (finasteride 5 mg oral tablet) PRO DOC LIMITEE""
mp_fr_description: ""FINASTERIDE (finastéride 5 mg comprimé oral) PRO DOC LIMITEE"" -> ""P̲R̲O̲-̲FINASTERIDE (finastéride 5 mg comprimé oral) PRO DOC LIMITEE"""
NA,77700996,PACLITAXEL INJECTION USP (paclitaxel 100 mg per 16.7 mL solution for injection vial) SANDOZ CANADA INCORPORATED,"PACLITAXEL INJECTION USP (paclitaxel 100 mg par 16,7 mL solution injectable fiole) SANDOZ CANADA INCORPORATED",ADDED
89540,02410826,BERIPLEX P/N 1000 (coagulation factor ii (human) 1600 unit and coagulation factor IX human 1240 unit and coagulation factor vii (human) 1000 unit and coagulation factor x (human) 2040 unit and protein c 1640 unit and protein s 1360 unit powder for solution for injection) CSL BEHRING CANADA INC,BERIPLEX P/N 1000 (facteur II de coagulation humain 1600 unité et facteur IX de coagulation humain 1240 unité et facteur VII de coagulation humain 1000 unité et facteur X de coagulation humain 2040 unité et protéine c 1640 unité et protéine s 1360 unité poudre pour solution injectable) CSL BEHRING CANADA INC,ADDED
107015,02567776,OCTREOTIDE DEPOT (octreotide (octreotide acetate) 10 mg per vial powder for prolonged-release suspension for injection) STERIMAX INC,OCTREOTIDE DEPOT (octréotide (acétate d'octréotide) 10 mg par fiole poudre pour suspension injectable à libération prolongée) STERIMAX INC,ADDED
99746,02508109,MINT-LETROZOLE (letrozole 2.5 mg oral tablet) MINT PHARMACEUTICALS INC,"MINT-LETROZOLE (létrozole 2,5 mg comprimé oral) MINT PHARMACEUTICALS INC","mp_status: ""INACTIVE"" -> ""ACTIVE""
mp_status_effective_time: ""20260221"" -> ""20210720"""
74507,02259818,RIVA-GABAPENTIN (gabapentin 800 mg oral tablet) LABORATOIRE RIVA INC.,RIVA-GABAPENTIN (gabapentine 800 mg comprimé oral) LABORATOIRE RIVA INC.,"mp_status: ""INACTIVE"" -> ""ACTIVE""
mp_status_effective_time: ""20260122"" -> ""20041203"""
83851,02353318,CIPROFLOXACIN (ciprofloxacin (ciprofloxacin hydrochloride) 250 mg oral tablet) SANIS HEALTH INC,CIPROFLOXACIN (ciprofloxacine (chlorhydrate de ciprofloxacine) 250 mg comprimé oral) SANIS HEALTH INC,"mp_status: ""INACTIVE"" -> ""ACTIVE""
mp_status_effective_time: ""20241024"" -> ""20100726"""
93682,02450674,FRAXIPARINE FORTE (nadroparin calcium 11400 unit per 0.6 mL solution for injection syringe) ASPEN PHARMACARE CANADA INC.,"FRAXIPARINE FORTE (nadroparine calcique 11400 unité par 0,6 mL solution injectable seringue) ASPEN PHARMACARE CANADA INC.","mp_status_effective_time: ""20251008"" -> ""20260521"""
101414,02525127,AG-GUANFACINE XR (guanfacine (guanfacine hydrochloride) 1 mg prolonged-release oral tablet) ANGITA PHARMA INC.,AG-GUANFACINE XR (guanfacine (chlorhydrate de guanfacine) 1 mg comprimé oral à libération prolongée) ANGITA PHARMA INC.,ADDED
106478,02561859,NB-RISEDRONATE (risedronate sodium (risedronate sodium hemipentahydrate) 35 mg oral tablet) NB PHARMA INC.,NB-RISEDRONATE (risédronate sodique (hémipentahydrate de risédronate sodique) 35 mg comprimé oral) NB PHARMA INC.,ADDED
98404,02494027,BUCKLEY'S COMPLETE 24 HOUR PACK (acetaminophen 325 mg and dextromethorphan hydrobromide 15 mg and doxylamine succinate 6.25 mg and pseudoephedrine hydrochloride 30 mg oral capsule with acetaminophen 250 mg and dextromethorphan hydrobromide 10 mg and guaifenesin 100 mg and pseudoephedrine hydrochloride 30 mg oral capsule) HALEON CANADA ULC,"BUCKLEY'S COMPLETE 24 HOUR PACK (acétaminophène 325 mg et bromhydrate de dextrométhorphane 15 mg et succinate de doxylamine 6,25 mg et chlorhydrate de pseudoéphédrine 30 mg capsule orale avec acétaminophène 250 mg et bromhydrate de dextrométhorphane 10 mg et guaïfénésine 100 mg et chlorhydrate de pseudoéphédrine 30 mg capsule orale) HALEON CANADA ULC","mp_formal_name: ""BUCKLEY'S COMPLETE 24 HOUR PACK (acetaminophen 2̲5̲0̲ ̲m̲g̲ ̲a̲n̲d̲ ̲d̲e̲x̲t̲r̲o̲m̲e̲t̲h̲o̲r̲p̲h̲a̲n̲ ̲h̲y̲d̲r̲o̲b̲r̲o̲m̲i̲d̲e̲ ̲1̲0̲ ̲m̲g̲ ̲a̲n̲d̲ ̲g̲u̲a̲i̲f̲e̲n̲e̲s̲i̲n̲ ̲1̲0̲0̲ ̲m̲g̲ ̲a̲n̲d̲ ̲p̲s̲e̲u̲d̲o̲e̲p̲h̲e̲d̲r̲i̲n̲e̲ ̲h̲y̲d̲r̲o̲c̲h̲l̲o̲r̲i̲d̲e̲ ̲3̲0̲ ̲m̲g̲ ̲o̲r̲a̲l̲ ̲c̲a̲p̲s̲u̲l̲e̲ ̲w̲i̲t̲h̲ ̲a̲c̲e̲t̲a̲m̲i̲n̲o̲p̲h̲e̲n̲ ̲3̲2̲5̲ ̲m̲g̲ ̲a̲n̲d̲ ̲d̲e̲x̲t̲r̲o̲m̲e̲t̲h̲o̲r̲p̲h̲a̲n̲ ̲h̲y̲d̲r̲o̲b̲r̲o̲m̲i̲d̲e̲ ̲1̲5̲ ̲m̲g̲ ̲a̲n̲d̲ ̲d̲o̲x̲y̲l̲a̲m̲i̲n̲e̲ ̲s̲u̲c̲c̲i̲n̲a̲t̲e̲ ̲6̲.̲2̲5̲ mg and pseudoephedrine hydrochloride 30 mg oral capsule) HALEON CANADA ULC"" -> ""BUCKLEY'S COMPLETE 24 HOUR PACK (acetaminophen 3̲2̲5̲ ̲m̲g̲ ̲a̲n̲d̲ ̲d̲e̲x̲t̲r̲o̲m̲e̲t̲h̲o̲r̲p̲h̲a̲n̲ ̲h̲y̲d̲r̲o̲b̲r̲o̲m̲i̲d̲e̲ ̲1̲5̲ ̲m̲g̲ ̲a̲n̲d̲ ̲d̲o̲x̲y̲l̲a̲m̲i̲n̲e̲ ̲s̲u̲c̲c̲i̲n̲a̲t̲e̲ ̲6̲.̲2̲5̲ ̲m̲g̲ ̲a̲n̲d̲ ̲p̲s̲e̲u̲d̲o̲e̲p̲h̲e̲d̲r̲i̲n̲e̲ ̲h̲y̲d̲r̲o̲c̲h̲l̲o̲r̲i̲d̲e̲ ̲3̲0̲ ̲m̲g̲ ̲o̲r̲a̲l̲ ̲c̲a̲p̲s̲u̲l̲e̲ ̲w̲i̲t̲h̲ ̲a̲c̲e̲t̲a̲m̲i̲n̲o̲p̲h̲e̲n̲ ̲2̲5̲0̲ ̲m̲g̲ ̲a̲n̲d̲ ̲d̲e̲x̲t̲r̲o̲m̲e̲t̲h̲o̲r̲p̲h̲a̲n̲ ̲h̲y̲d̲r̲o̲b̲r̲o̲m̲i̲d̲e̲ ̲1̲0̲ ̲m̲g̲ ̲a̲n̲d̲ ̲g̲u̲a̲i̲f̲e̲n̲e̲s̲i̲n̲ ̲1̲0̲0̲ mg and pseudoephedrine hydrochloride 30 mg oral capsule) HALEON CANADA ULC""
mp_fr_description: ""BUCKLEY'S COMPLETE 24 HOUR PACK (acétaminophène 2̲5̲0̲ ̲m̲g̲ ̲e̲t̲ ̲b̲r̲o̲m̲h̲y̲d̲r̲a̲t̲e̲ ̲d̲e̲ ̲d̲e̲x̲t̲r̲o̲m̲é̲t̲h̲o̲r̲p̲h̲a̲n̲e̲ ̲1̲0̲ ̲m̲g̲ ̲e̲t̲ ̲g̲u̲a̲ï̲f̲é̲n̲é̲s̲i̲n̲e̲ ̲1̲0̲0̲ ̲m̲g̲ ̲e̲t̲ ̲c̲h̲l̲o̲r̲h̲y̲d̲r̲a̲t̲e̲ ̲d̲e̲ ̲p̲s̲e̲u̲d̲o̲é̲p̲h̲é̲d̲r̲i̲n̲e̲ ̲3̲0̲ ̲m̲g̲ ̲c̲a̲p̲s̲u̲l̲e̲ ̲o̲r̲a̲l̲e̲ ̲a̲v̲e̲c̲ ̲a̲c̲é̲t̲a̲m̲i̲n̲o̲p̲h̲è̲n̲e̲ ̲3̲2̲5̲ ̲m̲g̲ ̲e̲t̲ ̲b̲r̲o̲m̲h̲y̲d̲r̲a̲t̲e̲ ̲d̲e̲ ̲d̲e̲x̲t̲r̲o̲m̲é̲t̲h̲o̲r̲p̲h̲a̲n̲e̲ ̲1̲5̲ ̲m̲g̲ ̲e̲t̲ ̲s̲u̲c̲c̲i̲n̲a̲t̲e̲ ̲d̲e̲ ̲d̲o̲x̲y̲l̲a̲m̲i̲n̲e̲ ̲6̲,̲2̲5̲ mg et chlorhydrate de pseudoéphédrine 30 mg capsule orale) HALEON CANADA ULC"" -> ""BUCKLEY'S COMPLETE 24 HOUR PACK (acétaminophène 3̲2̲5̲ ̲m̲g̲ ̲e̲t̲ ̲b̲r̲o̲m̲h̲y̲d̲r̲a̲t̲e̲ ̲d̲e̲ ̲d̲e̲x̲t̲r̲o̲m̲é̲t̲h̲o̲r̲p̲h̲a̲n̲e̲ ̲1̲5̲ ̲m̲g̲ ̲e̲t̲ ̲s̲u̲c̲c̲i̲n̲a̲t̲e̲ ̲d̲e̲ ̲d̲o̲x̲y̲l̲a̲m̲i̲n̲e̲ ̲6̲,̲2̲5̲ ̲m̲g̲ ̲e̲t̲ ̲c̲h̲l̲o̲r̲h̲y̲d̲r̲a̲t̲e̲ ̲d̲e̲ ̲p̲s̲e̲u̲d̲o̲é̲p̲h̲é̲d̲r̲i̲n̲e̲ ̲3̲0̲ ̲m̲g̲ ̲c̲a̲p̲s̲u̲l̲e̲ ̲o̲r̲a̲l̲e̲ ̲a̲v̲e̲c̲ ̲a̲c̲é̲t̲a̲m̲i̲n̲o̲p̲h̲è̲n̲e̲ ̲2̲5̲0̲ ̲m̲g̲ ̲e̲t̲ ̲b̲r̲o̲m̲h̲y̲d̲r̲a̲t̲e̲ ̲d̲e̲ ̲d̲e̲x̲t̲r̲o̲m̲é̲t̲h̲o̲r̲p̲h̲a̲n̲e̲ ̲1̲0̲ ̲m̲g̲ ̲e̲t̲ ̲g̲u̲a̲ï̲f̲é̲n̲é̲s̲i̲n̲e̲ ̲1̲0̲0̲ mg et chlorhydrate de pseudoéphédrine 30 mg capsule orale) HALEON CANADA ULC"""
88976,02404923,APO-MOXIFLOXACIN (moxifloxacin (moxifloxacin hydrochloride) 400 mg oral tablet) APOTEX INC,APO-MOXIFLOXACIN (moxifloxacine (chlorhydrate de moxifloxacine) 400 mg comprimé oral) APOTEX INC,"mp_status: ""ACTIVE"" -> ""INACTIVE""
mp_status_effective_time: ""20160111"" -> ""20260408"""
NA,77700772,"DOXORUBICIN INJECTION, BP (doxorubicin hydrochloride 10 mg per 5 mL solution for injection vial) ACCORD HEALTHCARE INC","DOXORUBICIN INJECTION, BP (chlorhydrate de doxorubicine 10 mg par 5 mL solution injectable fiole) ACCORD HEALTHCARE INC",ADDED
106652,02563770,JATENZO (testosterone undecanoate 158 mg oral capsule) TOLMAR INTERNATIONAL LTD.,JATENZO (undécanoate de testostérone 158 mg capsule orale) TOLMAR INTERNATIONAL LTD.,ADDED
93681,02450666,FRAXIPARINE FORTE (nadroparin calcium 15200 unit per 0.8 mL solution for injection syringe) ASPEN PHARMACARE CANADA INC.,"FRAXIPARINE FORTE (nadroparine calcique 15200 unité par 0,8 mL solution injectable seringue) ASPEN PHARMACARE CANADA INC.","mp_status_effective_time: ""20251008"" -> ""20260521"""
96159,02472287,ACCLAIM AB (benzalkonium chloride 0.13 % lotion) ZEP MANUFACTURING COMPANY OF CANADA,"ACCLAIM AB (chlorure de benzalkonium 0,13 % lotion) ZEP MANUFACTURING COMPANY OF CANADA",ADDED
67995,02244052,KEYSTONE ANTIBACTERIAL FOAM HAND SOAP (triclosan 0.3 % cutaneous liquid) ECOLAB CO,"KEYSTONE ANTIBACTERIAL FOAM HAND SOAP (triclosan 0,3 % liquide cutané) ECOLAB CO",ADDED
106316,02560070,NB-IRBESARTAN (irbesartan 75 mg oral tablet) NB PHARMA INC.,NB-IRBESARTAN (irbésartan 75 mg comprimé oral) NB PHARMA INC.,ADDED
99564,02506300,DERMA SOLUTIONS (benzalkonium chloride 0.15 % cutaneous solution) LAROSE & FILS LTEE,"DERMA SOLUTIONS (chlorure de benzalkonium 0,15 % solution pour application cutanée) LAROSE & FILS LTEE",ADDED
79962,02314126,PHENREX MVD (chloroxylenol 0.6 % cutaneous solution) IMREX INC.,"PHENREX MVD (chloroxylénol 0,6 % solution pour application cutanée) IMREX INC.",ADDED
92527,02440903,TREKSAFE (benzalkonium chloride 0.13 % wipe) ZHEJIANGH HONGYU MEDICAL COMMODITY CO LTD,"TREKSAFE (chlorure de benzalkonium 0,13 % lingette) ZHEJIANGH HONGYU MEDICAL COMMODITY CO LTD",ADDED
81095,02325586,BIBAG (sodium bicarbonate 650 g per bag powder for concentrate for solution for haemodialysis) FRESENIUS MEDICAL CARE CANADA INC,BIBAG (bicarbonate de sodium 650 g par sac poudre pour solution à diluer pour solution pour hémodialyse) FRESENIUS MEDICAL CARE CANADA INC,ADDED
95863,02469774,ROCURONIUM BROMIDE INJECTION (rocuronium bromide 50 mg per 5 mL solution for injection vial) JUNO PHARMA CANADA INC.,ROCURONIUM BROMIDE INJECTION (bromure de rocuronium 50 mg par 5 mL solution injectable fiole) JUNO PHARMA CANADA INC.,"mp_formal_name: ""ROCURONIUM BROMIDE INJECTION (rocuronium bromide 50 mg per 5 mL solution for injection vial) JUNO PHARMAC̲E̲U̲T̲I̲C̲A̲L̲S̲ ̲C̲O̲R̲P̲."" -> ""ROCURONIUM BROMIDE INJECTION (rocuronium bromide 50 mg per 5 mL solution for injection vial) JUNO PHARMA ̲C̲A̲N̲A̲D̲A̲ ̲I̲N̲C̲.""
mp_fr_description: ""ROCURONIUM BROMIDE INJECTION (bromure de rocuronium 50 mg par 5 mL solution injectable fiole) JUNO PHARMAC̲E̲U̲T̲I̲C̲A̲L̲S̲ ̲C̲O̲R̲P̲."" -> ""ROCURONIUM BROMIDE INJECTION (bromure de rocuronium 50 mg par 5 mL solution injectable fiole) JUNO PHARMA ̲C̲A̲N̲A̲D̲A̲ ̲I̲N̲C̲."""
8123,00707503,TRIQUILAR 28 (ethinyl estradiol 30 mcg and levonorgestrel 50 mcg oral tablet with ethinyl estradiol 30 mcg and levonorgestrel 125 mcg oral tablet with ethinyl estradiol 40 mcg and levonorgestrel 750 mcg oral tablet with lactose oral tablet) BAYER INC,TRIQUILAR 28 (éthinylestradiol 30 mcg et lévonorgestrel 50 mcg comprimé oral avec éthinylestradiol 30 mcg et lévonorgestrel 125 mcg comprimé oral avec éthinylestradiol 40 mcg et lévonorgestrel 750 mcg comprimé oral avec lactose comprimé oral) BAYER INC,"mp_formal_name: ""TRIQUILAR 28 (ethinyl estradiol 30 mcg and levonorgestrel 50 mcg oral tablet with ethinyl estradiol 4̲0̲ ̲m̲c̲g̲ ̲a̲n̲d̲ ̲l̲e̲v̲o̲n̲o̲r̲g̲e̲s̲t̲r̲e̲l̲ ̲7̲5̲0̲ ̲m̲c̲g̲ ̲o̲r̲a̲l̲ ̲t̲a̲b̲l̲e̲t̲ ̲w̲i̲t̲h̲ ̲e̲t̲h̲i̲n̲y̲l̲ ̲e̲s̲t̲r̲a̲d̲i̲o̲l̲ ̲3̲0̲ ̲m̲c̲g̲ ̲a̲n̲d̲ ̲l̲e̲v̲o̲n̲o̲r̲g̲e̲s̲t̲r̲e̲l̲ ̲1̲2̲5̲ mcg oral tablet with lactose oral tablet) BAYER INC"" -> ""TRIQUILAR 28 (ethinyl estradiol 30 mcg and levonorgestrel 50 mcg oral tablet with ethinyl estradiol 3̲0̲ ̲m̲c̲g̲ ̲a̲n̲d̲ ̲l̲e̲v̲o̲n̲o̲r̲g̲e̲s̲t̲r̲e̲l̲ ̲1̲2̲5̲ ̲m̲c̲g̲ ̲o̲r̲a̲l̲ ̲t̲a̲b̲l̲e̲t̲ ̲w̲i̲t̲h̲ ̲e̲t̲h̲i̲n̲y̲l̲ ̲e̲s̲t̲r̲a̲d̲i̲o̲l̲ ̲4̲0̲ ̲m̲c̲g̲ ̲a̲n̲d̲ ̲l̲e̲v̲o̲n̲o̲r̲g̲e̲s̲t̲r̲e̲l̲ ̲7̲5̲0̲ mcg oral tablet with lactose oral tablet) BAYER INC""
mp_fr_description: ""TRIQUILAR 28 (éthinylestradiol 30 mcg et lévonorgestrel 50 mcg comprimé oral avec éthinylestradiol 4̲0̲ ̲m̲c̲g̲ ̲e̲t̲ ̲l̲é̲v̲o̲n̲o̲r̲g̲e̲s̲t̲r̲e̲l̲ ̲7̲5̲0̲ ̲m̲c̲g̲ ̲c̲o̲m̲p̲r̲i̲m̲é̲ ̲o̲r̲a̲l̲ ̲a̲v̲e̲c̲ ̲é̲t̲h̲i̲n̲y̲l̲e̲s̲t̲r̲a̲d̲i̲o̲l̲ ̲3̲0̲ ̲m̲c̲g̲ ̲e̲t̲ ̲l̲é̲v̲o̲n̲o̲r̲g̲e̲s̲t̲r̲e̲l̲ ̲1̲2̲5̲ mcg comprimé oral avec lactose comprimé oral) BAYER INC"" -> ""TRIQUILAR 28 (éthinylestradiol 30 mcg et lévonorgestrel 50 mcg comprimé oral avec éthinylestradiol 3̲0̲ ̲m̲c̲g̲ ̲e̲t̲ ̲l̲é̲v̲o̲n̲o̲r̲g̲e̲s̲t̲r̲e̲l̲ ̲1̲2̲5̲ ̲m̲c̲g̲ ̲c̲o̲m̲p̲r̲i̲m̲é̲ ̲o̲r̲a̲l̲ ̲a̲v̲e̲c̲ ̲é̲t̲h̲i̲n̲y̲l̲e̲s̲t̲r̲a̲d̲i̲o̲l̲ ̲4̲0̲ ̲m̲c̲g̲ ̲e̲t̲ ̲l̲é̲v̲o̲n̲o̲r̲g̲e̲s̲t̲r̲e̲l̲ ̲7̲5̲0̲ mcg comprimé oral avec lactose comprimé oral) BAYER INC"""
75280,02267373,INO-F ANTIBAC ANTIBACTERIAL HAND SOAP (triclosan 0.5 % cutaneous liquid) GROUPE DISSAN INC.,"INO-F ANTIBAC ANTIBACTERIAL HAND SOAP (triclosan 0,5 % liquide cutané) GROUPE DISSAN INC.",ADDED
62023,02238595,MUSE (alprostadil 1000 mcg urethral stick) KNIGHT THERAPEUTICS INC.,MUSE (alprostadil 1000 mcg bâton pour usage urétral) KNIGHT THERAPEUTICS INC.,"mp_formal_name: ""MUSE (alprostadil 1000 mcg urethral stick) E̲N̲D̲O̲ ̲O̲P̲E̲R̲A̲T̲I̲O̲N̲S̲ ̲L̲T̲D̲."" -> ""MUSE (alprostadil 1000 mcg urethral stick) K̲N̲I̲G̲H̲T̲ ̲T̲H̲E̲R̲A̲P̲E̲U̲T̲I̲C̲S̲ ̲I̲N̲C̲.""
mp_fr_description: ""MUSE (alprostadil 1000 mcg bâton pour usage urétral) E̲N̲D̲O̲ ̲O̲P̲E̲R̲A̲T̲I̲O̲N̲S̲ ̲L̲T̲D̲."" -> ""MUSE (alprostadil 1000 mcg bâton pour usage urétral) K̲N̲I̲G̲H̲T̲ ̲T̲H̲E̲R̲A̲P̲E̲U̲T̲I̲C̲S̲ ̲I̲N̲C̲.""
mp_status_effective_time: ""20250509"" -> ""20260520"""
102389,02535009,M-SITAGLIPTIN (sitagliptin (sitagliptin phosphate monohydrate) 100 mg oral tablet) MANTRA PHARMA INC,M-SITAGLIPTIN (sitagliptine (phosphate de sitagliptine monohydraté) 100 mg comprimé oral) MANTRA PHARMA INC,ADDED
50599,02231289,GENTEAL (hypromellose 3 mg per mL ophthalmic drops) ALCON CANADA INC,GENTEAL (hypromellose 3 mg par mL gouttes ophtalmiques) ALCON CANADA INC,DELETED
97587,02485648,YESCARTA (axicabtagene ciloleucel 200000000 cells per bag suspension for injection) GILEAD SCIENCES CANADA INC,YESCARTA (axicabtagène ciloleucel 200000000 cellules par sac suspension injectable) GILEAD SCIENCES CANADA INC,ADDED
65337,02241677,POTASSIUM CHLORIDE INJECTION (potassium chloride 20 meq per 100 mL solution for injection) BAXTER CORPORATION,POTASSIUM CHLORIDE INJECTION (chlorure de potassium 20 meq par 100 mL solution injectable) BAXTER CORPORATION,ADDED
13833,01905740,K+ 45 (potassium chloride 251.6 g per l solution for haemodialysis) VANTIVE ULC,"K+ 45 (chlorure de potassium 251,6 g par l solution pour hémodialyse) VANTIVE ULC",ADDED
92481,02440458,PURKLENZ (chloroxylenol 3 % cutaneous liquid) PURKLENZ FORMULATIONS INC,PURKLENZ (chloroxylénol 3 % liquide cutané) PURKLENZ FORMULATIONS INC,ADDED
107017,02567792,OCTREOTIDE DEPOT (octreotide (octreotide acetate) 30 mg per vial powder for prolonged-release suspension for injection) STERIMAX INC,OCTREOTIDE DEPOT (octréotide (acétate d'octréotide) 30 mg par fiole poudre pour suspension injectable à libération prolongée) STERIMAX INC,ADDED
933,00029149,FUNGIZONE (amphotericin B 50 mg per vial powder for solution for injection) CHEPLAPHARM ARZNEIMITTEL GMBH,FUNGIZONE (amphotéricine B 50 mg par fiole poudre pour solution injectable) CHEPLAPHARM ARZNEIMITTEL GMBH,ADDED
16656,02125250,APO-SUCRALFATE - TAB 1G (sucralfate 1 g oral tablet) APOTEX INC,APO-SUCRALFATE - TAB 1G (sucralfate 1 g comprimé oral) APOTEX INC,"mp_status: ""INACTIVE"" -> ""ACTIVE""
mp_status_effective_time: ""20260201"" -> ""19941231"""
99586,02506491,NOROMBY (enoxaparin sodium 100 mg per 1 mL solution for injection syringe) JUNO PHARMA CANADA INC.,NOROMBY (énoxaparine sodique 100 mg par 1 mL solution injectable seringue) JUNO PHARMA CANADA INC.,"mp_formal_name: ""NOROMBY (enoxaparin sodium 100 mg per 1 mL solution for injection syringe) JUNO PHARMAC̲E̲U̲T̲I̲C̲A̲L̲S̲ ̲C̲O̲R̲P̲."" -> ""NOROMBY (enoxaparin sodium 100 mg per 1 mL solution for injection syringe) JUNO PHARMA ̲C̲A̲N̲A̲D̲A̲ ̲I̲N̲C̲.""
mp_fr_description: ""NOROMBY (énoxaparine sodique 100 mg par 1 mL solution injectable seringue) JUNO PHARMAC̲E̲U̲T̲I̲C̲A̲L̲S̲ ̲C̲O̲R̲P̲."" -> ""NOROMBY (énoxaparine sodique 100 mg par 1 mL solution injectable seringue) JUNO PHARMA ̲C̲A̲N̲A̲D̲A̲ ̲I̲N̲C̲."""
106246,02559293,JAMP DOXEPIN (doxepin (doxepin hydrochloride) 100 mg oral capsule) JAMP PHARMA CORPORATION,JAMP DOXEPIN (doxépine (chlorhydrate de doxépine) 100 mg capsule orale) JAMP PHARMA CORPORATION,ADDED
43155,02215187,CAVERJECT STERILE POWDER - PWS 23.2MCG/VIAL (alprostadil 20 mcg per vial powder for solution for injection) PFIZER CANADA ULC,CAVERJECT STERILE POWDER - PWS 23.2MCG/VIAL (alprostadil 20 mcg par fiole poudre pour solution injectable) PFIZER CANADA ULC,ADDED
96640,02476002,AG-QUETIAPINE (quetiapine (quetiapine fumarate) 300 mg oral tablet) ANGITA PHARMA INC.,AG-QUETIAPINE (quétiapine (fumarate de quétiapine) 300 mg comprimé oral) ANGITA PHARMA INC.,"mp_status_effective_time: ""20250730"" -> ""20260507"""
101415,02525135,AG-GUANFACINE XR (guanfacine (guanfacine hydrochloride) 2 mg prolonged-release oral tablet) ANGITA PHARMA INC.,AG-GUANFACINE XR (guanfacine (chlorhydrate de guanfacine) 2 mg comprimé oral à libération prolongée) ANGITA PHARMA INC.,ADDED
106485,02561921,WAYMADE-MARAVIROC (maraviroc 150 mg oral tablet) WAYMADE CANADA INC.,WAYMADE-MARAVIROC (maraviroc 150 mg comprimé oral) WAYMADE CANADA INC.,ADDED
92774,02443163,"MEDLINE SPECTRUM ADVANCED ANTIBACTERIAL LOTION SOAP (benzalkonium chloride 0.13 % lotion) MEDLINE INDUSTRIES, LP","MEDLINE SPECTRUM ADVANCED ANTIBACTERIAL LOTION SOAP (chlorure de benzalkonium 0,13 % lotion) MEDLINE INDUSTRIES, LP",ADDED
96208,02472775,SPRING SHOWERS PLUIES PRINTANIÈRES FOAMING HAND SOAP ANTIBACTERIAL (benzalkonium chloride 0.13 % cutaneous solution) APOLLO HEALTH AND BEAUTY CARE,"SPRING SHOWERS PLUIES PRINTANIÈRES FOAMING HAND SOAP ANTIBACTERIAL (chlorure de benzalkonium 0,13 % solution pour application cutanée) APOLLO HEALTH AND BEAUTY CARE",ADDED
96680,02475936,AG-TOPIRAMATE (topiramate 25 mg oral tablet) ANGITA PHARMA INC.,AG-TOPIRAMATE (topiramate 25 mg comprimé oral) ANGITA PHARMA INC.,"mp_status_effective_time: ""20250730"" -> ""20260507"""
99585,02506483,NOROMBY (enoxaparin sodium 80 mg per 0.8 mL solution for injection syringe) JUNO PHARMA CANADA INC.,"NOROMBY (énoxaparine sodique 80 mg par 0,8 mL solution injectable seringue) JUNO PHARMA CANADA INC.","mp_formal_name: ""NOROMBY (enoxaparin sodium 80 mg per 0.8 mL solution for injection syringe) JUNO PHARMAC̲E̲U̲T̲I̲C̲A̲L̲S̲ ̲C̲O̲R̲P̲."" -> ""NOROMBY (enoxaparin sodium 80 mg per 0.8 mL solution for injection syringe) JUNO PHARMA ̲C̲A̲N̲A̲D̲A̲ ̲I̲N̲C̲.""
mp_fr_description: ""NOROMBY (énoxaparine sodique 80 mg par 0,8 mL solution injectable seringue) JUNO PHARMAC̲E̲U̲T̲I̲C̲A̲L̲S̲ ̲C̲O̲R̲P̲."" -> ""NOROMBY (énoxaparine sodique 80 mg par 0,8 mL solution injectable seringue) JUNO PHARMA ̲C̲A̲N̲A̲D̲A̲ ̲I̲N̲C̲."""
86912,02383365,COMPLETE LIQUID CAPSULES (acetaminophen 325 mg and dextromethorphan hydrobromide 15 mg and doxylamine succinate 6.25 mg and pseudoephedrine hydrochloride 30 mg oral capsule with acetaminophen 250 mg and dextromethorphan hydrobromide 10 mg and guaifenesin 100 mg and pseudoephedrine hydrochloride 30 mg oral capsule) VITA HEALTH PRODUCTS INC,"COMPLETE LIQUID CAPSULES (acétaminophène 325 mg et bromhydrate de dextrométhorphane 15 mg et succinate de doxylamine 6,25 mg et chlorhydrate de pseudoéphédrine 30 mg capsule orale avec acétaminophène 250 mg et bromhydrate de dextrométhorphane 10 mg et guaïfénésine 100 mg et chlorhydrate de pseudoéphédrine 30 mg capsule orale) VITA HEALTH PRODUCTS INC","mp_formal_name: ""COMPLETE LIQUID CAPSULES (acetaminophen 2̲5̲0̲ ̲m̲g̲ ̲a̲n̲d̲ ̲d̲e̲x̲t̲r̲o̲m̲e̲t̲h̲o̲r̲p̲h̲a̲n̲ ̲h̲y̲d̲r̲o̲b̲r̲o̲m̲i̲d̲e̲ ̲1̲0̲ ̲m̲g̲ ̲a̲n̲d̲ ̲g̲u̲a̲i̲f̲e̲n̲e̲s̲i̲n̲ ̲1̲0̲0̲ ̲m̲g̲ ̲a̲n̲d̲ ̲p̲s̲e̲u̲d̲o̲e̲p̲h̲e̲d̲r̲i̲n̲e̲ ̲h̲y̲d̲r̲o̲c̲h̲l̲o̲r̲i̲d̲e̲ ̲3̲0̲ ̲m̲g̲ ̲o̲r̲a̲l̲ ̲c̲a̲p̲s̲u̲l̲e̲ ̲w̲i̲t̲h̲ ̲a̲c̲e̲t̲a̲m̲i̲n̲o̲p̲h̲e̲n̲ ̲3̲2̲5̲ ̲m̲g̲ ̲a̲n̲d̲ ̲d̲e̲x̲t̲r̲o̲m̲e̲t̲h̲o̲r̲p̲h̲a̲n̲ ̲h̲y̲d̲r̲o̲b̲r̲o̲m̲i̲d̲e̲ ̲1̲5̲ ̲m̲g̲ ̲a̲n̲d̲ ̲d̲o̲x̲y̲l̲a̲m̲i̲n̲e̲ ̲s̲u̲c̲c̲i̲n̲a̲t̲e̲ ̲6̲.̲2̲5̲ mg and pseudoephedrine hydrochloride 30 mg oral capsule) VITA HEALTH PRODUCTS INC"" -> ""COMPLETE LIQUID CAPSULES (acetaminophen 3̲2̲5̲ ̲m̲g̲ ̲a̲n̲d̲ ̲d̲e̲x̲t̲r̲o̲m̲e̲t̲h̲o̲r̲p̲h̲a̲n̲ ̲h̲y̲d̲r̲o̲b̲r̲o̲m̲i̲d̲e̲ ̲1̲5̲ ̲m̲g̲ ̲a̲n̲d̲ ̲d̲o̲x̲y̲l̲a̲m̲i̲n̲e̲ ̲s̲u̲c̲c̲i̲n̲a̲t̲e̲ ̲6̲.̲2̲5̲ ̲m̲g̲ ̲a̲n̲d̲ ̲p̲s̲e̲u̲d̲o̲e̲p̲h̲e̲d̲r̲i̲n̲e̲ ̲h̲y̲d̲r̲o̲c̲h̲l̲o̲r̲i̲d̲e̲ ̲3̲0̲ ̲m̲g̲ ̲o̲r̲a̲l̲ ̲c̲a̲p̲s̲u̲l̲e̲ ̲w̲i̲t̲h̲ ̲a̲c̲e̲t̲a̲m̲i̲n̲o̲p̲h̲e̲n̲ ̲2̲5̲0̲ ̲m̲g̲ ̲a̲n̲d̲ ̲d̲e̲x̲t̲r̲o̲m̲e̲t̲h̲o̲r̲p̲h̲a̲n̲ ̲h̲y̲d̲r̲o̲b̲r̲o̲m̲i̲d̲e̲ ̲1̲0̲ ̲m̲g̲ ̲a̲n̲d̲ ̲g̲u̲a̲i̲f̲e̲n̲e̲s̲i̲n̲ ̲1̲0̲0̲ mg and pseudoephedrine hydrochloride 30 mg oral capsule) VITA HEALTH PRODUCTS INC""
mp_fr_description: ""COMPLETE LIQUID CAPSULES (acétaminophène 2̲5̲0̲ ̲m̲g̲ ̲e̲t̲ ̲b̲r̲o̲m̲h̲y̲d̲r̲a̲t̲e̲ ̲d̲e̲ ̲d̲e̲x̲t̲r̲o̲m̲é̲t̲h̲o̲r̲p̲h̲a̲n̲e̲ ̲1̲0̲ ̲m̲g̲ ̲e̲t̲ ̲g̲u̲a̲ï̲f̲é̲n̲é̲s̲i̲n̲e̲ ̲1̲0̲0̲ ̲m̲g̲ ̲e̲t̲ ̲c̲h̲l̲o̲r̲h̲y̲d̲r̲a̲t̲e̲ ̲d̲e̲ ̲p̲s̲e̲u̲d̲o̲é̲p̲h̲é̲d̲r̲i̲n̲e̲ ̲3̲0̲ ̲m̲g̲ ̲c̲a̲p̲s̲u̲l̲e̲ ̲o̲r̲a̲l̲e̲ ̲a̲v̲e̲c̲ ̲a̲c̲é̲t̲a̲m̲i̲n̲o̲p̲h̲è̲n̲e̲ ̲3̲2̲5̲ ̲m̲g̲ ̲e̲t̲ ̲b̲r̲o̲m̲h̲y̲d̲r̲a̲t̲e̲ ̲d̲e̲ ̲d̲e̲x̲t̲r̲o̲m̲é̲t̲h̲o̲r̲p̲h̲a̲n̲e̲ ̲1̲5̲ ̲m̲g̲ ̲e̲t̲ ̲s̲u̲c̲c̲i̲n̲a̲t̲e̲ ̲d̲e̲ ̲d̲o̲x̲y̲l̲a̲m̲i̲n̲e̲ ̲6̲,̲2̲5̲ mg et chlorhydrate de pseudoéphédrine 30 mg capsule orale) VITA HEALTH PRODUCTS INC"" -> ""COMPLETE LIQUID CAPSULES (acétaminophène 3̲2̲5̲ ̲m̲g̲ ̲e̲t̲ ̲b̲r̲o̲m̲h̲y̲d̲r̲a̲t̲e̲ ̲d̲e̲ ̲d̲e̲x̲t̲r̲o̲m̲é̲t̲h̲o̲r̲p̲h̲a̲n̲e̲ ̲1̲5̲ ̲m̲g̲ ̲e̲t̲ ̲s̲u̲c̲c̲i̲n̲a̲t̲e̲ ̲d̲e̲ ̲d̲o̲x̲y̲l̲a̲m̲i̲n̲e̲ ̲6̲,̲2̲5̲ ̲m̲g̲ ̲e̲t̲ ̲c̲h̲l̲o̲r̲h̲y̲d̲r̲a̲t̲e̲ ̲d̲e̲ ̲p̲s̲e̲u̲d̲o̲é̲p̲h̲é̲d̲r̲i̲n̲e̲ ̲3̲0̲ ̲m̲g̲ ̲c̲a̲p̲s̲u̲l̲e̲ ̲o̲r̲a̲l̲e̲ ̲a̲v̲e̲c̲ ̲a̲c̲é̲t̲a̲m̲i̲n̲o̲p̲h̲è̲n̲e̲ ̲2̲5̲0̲ ̲m̲g̲ ̲e̲t̲ ̲b̲r̲o̲m̲h̲y̲d̲r̲a̲t̲e̲ ̲d̲e̲ ̲d̲e̲x̲t̲r̲o̲m̲é̲t̲h̲o̲r̲p̲h̲a̲n̲e̲ ̲1̲0̲ ̲m̲g̲ ̲e̲t̲ ̲g̲u̲a̲ï̲f̲é̲n̲é̲s̲i̲n̲e̲ ̲1̲0̲0̲ mg et chlorhydrate de pseudoéphédrine 30 mg capsule orale) VITA HEALTH PRODUCTS INC"""
12926,01944363,COMBANTRIN TAB 125MG (pyrantel (pyrantel pamoate) 125 mg oral tablet) KENVUE CANADA INC.,COMBANTRIN TAB 125MG (pyrantel (pamoate de pyrantel) 125 mg comprimé oral) KENVUE CANADA INC.,"mp_formal_name: ""COMBANTRIN TAB 125MG (pyrantel (pyrantel pamoate) 125 mg oral tablet) M̲C̲N̲E̲I̲L̲ ̲C̲O̲N̲S̲U̲M̲E̲R̲ ̲H̲E̲A̲L̲T̲H̲C̲A̲R̲E̲ ̲D̲I̲V̲I̲S̲I̲O̲N̲ ̲O̲F̲ ̲J̲O̲H̲N̲S̲O̲N̲ ̲&̲ ̲J̲O̲H̲N̲S̲O̲N̲ ̲I̲N̲C̲"" -> ""COMBANTRIN TAB 125MG (pyrantel (pyrantel pamoate) 125 mg oral tablet) K̲E̲N̲V̲U̲E̲ ̲C̲A̲N̲A̲D̲A̲ ̲I̲N̲C̲.̲""
mp_fr_description: ""COMBANTRIN TAB 125MG (pyrantel (pamoate de pyrantel) 125 mg comprimé oral) M̲C̲N̲E̲I̲L̲ ̲C̲O̲N̲S̲U̲M̲E̲R̲ ̲H̲E̲A̲L̲T̲H̲C̲A̲R̲E̲ ̲D̲I̲V̲I̲S̲I̲O̲N̲ ̲O̲F̲ ̲J̲O̲H̲N̲S̲O̲N̲ ̲&̲ ̲J̲O̲H̲N̲S̲O̲N̲ ̲I̲N̲C̲"" -> ""COMBANTRIN TAB 125MG (pyrantel (pamoate de pyrantel) 125 mg comprimé oral) K̲E̲N̲V̲U̲E̲ ̲C̲A̲N̲A̲D̲A̲ ̲I̲N̲C̲.̲"""
96638,02475987,AG-QUETIAPINE (quetiapine (quetiapine fumarate) 100 mg oral tablet) ANGITA PHARMA INC.,AG-QUETIAPINE (quétiapine (fumarate de quétiapine) 100 mg comprimé oral) ANGITA PHARMA INC.,"mp_status_effective_time: ""20240731"" -> ""20260507"""
62787,02239318,ECOCARE 360 (benzalkonium chloride 0.13 % cutaneous liquid) ECOLAB CO,"ECOCARE 360 (chlorure de benzalkonium 0,13 % liquide cutané) ECOLAB CO",ADDED
97592,02485699,POTASSIUM CHLORIDE FOR INJECTION CONCENTRATE USP (potassium chloride 149 mg per mL solution for injection) B. BRAUN MEDICAL INC,POTASSIUM CHLORIDE FOR INJECTION CONCENTRATE USP (chlorure de potassium 149 mg par mL solution injectable) B. BRAUN MEDICAL INC,ADDED
104242,02553481,ELFY (ethinyl estradiol 10 mcg oral tablet with ethinyl estradiol 10 mcg and norethindrone acetate 1 mg oral tablet with lactose oral tablet) APOTEX INC,ELFY (éthinylestradiol 10 mcg comprimé oral avec éthinylestradiol 10 mcg et acétate de noréthindrone 1 mg comprimé oral avec lactose comprimé oral) APOTEX INC,ADDED
94294,02456095,ACH-TACROLIMUS (tacrolimus 1 mg oral capsule) ACCORD HEALTHCARE INC,ACH-TACROLIMUS (tacrolimus 1 mg capsule orale) ACCORD HEALTHCARE INC,"mp_formal_name: ""ACH-TACROLIMUS (tacrolimus (̲t̲a̲c̲r̲o̲l̲i̲m̲u̲s̲ ̲m̲o̲n̲o̲h̲y̲d̲r̲a̲t̲e̲)̲ ̲1 mg oral capsule) ACCORD HEALTHCARE INC"" -> ""ACH-TACROLIMUS (tacrolimus 1 mg oral capsule) ACCORD HEALTHCARE INC""
mp_fr_description: ""ACH-TACROLIMUS (tacrolimus (̲m̲o̲n̲o̲h̲y̲d̲r̲a̲t̲e̲ ̲d̲e̲ ̲t̲a̲c̲r̲o̲l̲i̲m̲u̲s̲)̲ ̲1 mg capsule orale) ACCORD HEALTHCARE INC"" -> ""ACH-TACROLIMUS (tacrolimus 1 mg capsule orale) ACCORD HEALTHCARE INC"""
92173,02437384,PURELL HAND SANITIZING WIPES (benzalkonium chloride 0.13 % wipe) GOJO CANADA INC,"PURELL HAND SANITIZING WIPES (chlorure de benzalkonium 0,13 % lingette) GOJO CANADA INC",ADDED
103981,02551063,CLOROTEKAL (chloroprocaine hydrochloride 10 mg per mL solution for injection) B. BRAUN MELSUNGEN AG,CLOROTEKAL (chlorhydrate de chloroprocaïne 10 mg par mL solution injectable) B. BRAUN MELSUNGEN AG,ADDED
78682,02301490,CYMBALTA (duloxetine (duloxetine hydrochloride) 60 mg gastro-resistant capsule) ELI LILLY CANADA INC,CYMBALTA (duloxétine (chlorhydrate de duloxétine) 60 mg capsule gastrorésistante) ELI LILLY CANADA INC,DELETED
65897,02242217,SUDAFED SINUS ADVANCE (ibuprofen 200 mg and pseudoephedrine hydrochloride 30 mg oral tablet) KENVUE CANADA INC.,SUDAFED SINUS ADVANCE (ibuprofène 200 mg et chlorhydrate de pseudoéphédrine 30 mg comprimé oral) KENVUE CANADA INC.,"mp_formal_name: ""SUDAFED SINUS ADVANCE (ibuprofen 200 mg and pseudoephedrine hydrochloride 30 mg oral tablet) M̲C̲N̲E̲I̲L̲ ̲C̲O̲N̲S̲U̲M̲E̲R̲ ̲H̲E̲A̲L̲T̲H̲C̲A̲R̲E̲ ̲D̲I̲V̲I̲S̲I̲O̲N̲ ̲O̲F̲ ̲J̲O̲H̲N̲S̲O̲N̲ ̲&̲ ̲J̲O̲H̲N̲S̲O̲N̲ ̲I̲N̲C̲"" -> ""SUDAFED SINUS ADVANCE (ibuprofen 200 mg and pseudoephedrine hydrochloride 30 mg oral tablet) K̲E̲N̲V̲U̲E̲ ̲C̲A̲N̲A̲D̲A̲ ̲I̲N̲C̲.̲""
mp_fr_description: ""SUDAFED SINUS ADVANCE (ibuprofène 200 mg et chlorhydrate de pseudoéphédrine 30 mg comprimé oral) M̲C̲N̲E̲I̲L̲ ̲C̲O̲N̲S̲U̲M̲E̲R̲ ̲H̲E̲A̲L̲T̲H̲C̲A̲R̲E̲ ̲D̲I̲V̲I̲S̲I̲O̲N̲ ̲O̲F̲ ̲J̲O̲H̲N̲S̲O̲N̲ ̲&̲ ̲J̲O̲H̲N̲S̲O̲N̲ ̲I̲N̲C̲"" -> ""SUDAFED SINUS ADVANCE (ibuprofène 200 mg et chlorhydrate de pseudoéphédrine 30 mg comprimé oral) K̲E̲N̲V̲U̲E̲ ̲C̲A̲N̲A̲D̲A̲ ̲I̲N̲C̲.̲"""
13600,01974548,MICRO I (iodide (sodium iodide) 1000 mcg per 10 mL solution for injection vial) SANDOZ CANADA INCORPORATED,MICRO I (iodure (iodure de sodium) 1000 mcg par 10 mL solution injectable fiole) SANDOZ CANADA INCORPORATED,ADDED
NA,77701188,LIDOCAINE HYDROCHLORIDE INJECTION (lidocaine hydrochloride 100 mg per 10 mL solution for injection ampoule) JUNO PHARMA CANADA INC.,LIDOCAINE HYDROCHLORIDE INJECTION (chlorhydrate de lidocaïne 100 mg par 10 mL solution injectable ampoule) JUNO PHARMA CANADA INC.,"mp_formal_name: ""LIDOCAINE HYDROCHLORIDE INJECTION (lidocaine hydrochloride 100 mg per 10 mL solution for injection ampoule) JUNO PHARMAC̲E̲U̲T̲I̲C̲A̲L̲S̲ ̲C̲O̲R̲P̲."" -> ""LIDOCAINE HYDROCHLORIDE INJECTION (lidocaine hydrochloride 100 mg per 10 mL solution for injection ampoule) JUNO PHARMA ̲C̲A̲N̲A̲D̲A̲ ̲I̲N̲C̲.""
mp_fr_description: ""LIDOCAINE HYDROCHLORIDE INJECTION (chlorhydrate de lidocaïne 100 mg par 10 mL solution injectable ampoule) JUNO PHARMAC̲E̲U̲T̲I̲C̲A̲L̲S̲ ̲C̲O̲R̲P̲."" -> ""LIDOCAINE HYDROCHLORIDE INJECTION (chlorhydrate de lidocaïne 100 mg par 10 mL solution injectable ampoule) JUNO PHARMA ̲C̲A̲N̲A̲D̲A̲ ̲I̲N̲C̲."""
93680,02450658,FRAXIPARINE (nadroparin calcium 9500 unit per 1 mL solution for injection syringe) ASPEN PHARMACARE CANADA INC.,FRAXIPARINE (nadroparine calcique 9500 unité par 1 mL solution injectable seringue) ASPEN PHARMACARE CANADA INC.,"mp_status_effective_time: ""20251008"" -> ""20260521"""
106772,02565080,RIVA-LACOSAMIDE (lacosamide 200 mg oral tablet) LABORATOIRE RIVA INC.,RIVA-LACOSAMIDE (lacosamide 200 mg comprimé oral) LABORATOIRE RIVA INC.,ADDED
106017,02556782,PMS-DOLUTEGRAVIR (dolutegravir (dolutegravir sodium) 50 mg oral tablet) PHARMASCIENCE INC,PMS-DOLUTEGRAVIR (dolutégravir (dolutégravir sodique) 50 mg comprimé oral) PHARMASCIENCE INC,ADDED
3883,00509558,EPIPEN (epinephrine 0.3 mg per 0.3 mL solution for injection syringe) VIATRIS SPECIALTY LLC,"EPIPEN (épinéphrine 0,3 mg par 0,3 mL solution injectable seringue) VIATRIS SPECIALTY LLC","mp_formal_name: ""EPIPEN (epinephrine 0.3 mg per 0.3 mL solution for injection syringe) M̲Y̲L̲A̲N̲ SPECIALTY LP̲"" -> ""EPIPEN (epinephrine 0.3 mg per 0.3 mL solution for injection syringe) V̲I̲A̲T̲R̲I̲S̲ SPECIALTY LL̲C̲""
mp_fr_description: ""EPIPEN (épinéphrine 0,3 mg par 0,3 mL solution injectable seringue) M̲Y̲L̲A̲N̲ SPECIALTY LP̲"" -> ""EPIPEN (épinéphrine 0,3 mg par 0,3 mL solution injectable seringue) V̲I̲A̲T̲R̲I̲S̲ SPECIALTY LL̲C̲"""
NA,77700770,"DOXORUBICIN INJECTION, BP (doxorubicin hydrochloride 20 mg per 10 mL solution for injection vial) ACCORD HEALTHCARE INC","DOXORUBICIN INJECTION, BP (chlorhydrate de doxorubicine 20 mg par 10 mL solution injectable fiole) ACCORD HEALTHCARE INC",ADDED
106718,02564483,TAKHZYRO (lanadelumab 300 mg per 2 mL solution for injection pen) TAKEDA CANADA INC,TAKHZYRO (lanadélumab 300 mg par 2 mL solution injectable stylo) TAKEDA CANADA INC,ADDED
106491,02561999,ARTICAINE HYDROCHLORIDE AND EPINEPHRINE INJECTION - SP (articaine hydrochloride 40 mg per mL and epinephrine (epinephrine bitartrate) 0.01 mg per mL solution for injection 1.7 mL cartridge) SEPTODONT,"ARTICAINE HYDROCHLORIDE AND EPINEPHRINE INJECTION - SP (chlorhydrate d'articaïne 40 mg par mL et épinéphrine (bitartrate d'épinéphrine) 0,01 mg par mL solution injectable 1,7 mL cartouche) SEPTODONT",ADDED
102770,02539039,TARO-METHYLPHENIDATE ER (methylphenidate hydrochloride 54 mg prolonged-release oral tablet) SUN PHARMA CANADA INC,TARO-METHYLPHENIDATE ER (chlorhydrate de méthylphénidate 54 mg comprimé oral à libération prolongée) SUN PHARMA CANADA INC,ADDED
91765,02433257,MUCINEX CONGESTION & COUGH (dextromethorphan hydrobromide 15 mg per 5 mL and guaifenesin 100 mg per 5 mL syrup) RECKITT BENCKISER (CANADA) INC,MUCINEX CONGESTION & COUGH (bromhydrate de dextrométhorphane 15 mg par 5 mL et guaïfénésine 100 mg par 5 mL sirop) RECKITT BENCKISER (CANADA) INC,"mp_formal_name: ""MUCINEX CONGESTION & COUGH (dextromethorphan hydrobromide 15 mg per 5 mL and guaifenesin 100 mg per 5 mL syrup) RB̲ ̲H̲E̲A̲L̲T̲H̲ ̲(̲C̲A̲N̲A̲D̲A̲)̲ ̲I̲N̲C̲.̲"" -> ""MUCINEX CONGESTION & COUGH (dextromethorphan hydrobromide 15 mg per 5 mL and guaifenesin 100 mg per 5 mL syrup) RE̲C̲K̲I̲T̲T̲ ̲B̲E̲N̲C̲K̲I̲S̲E̲R̲ ̲(̲C̲A̲N̲A̲D̲A̲)̲ ̲I̲N̲C̲""
mp_fr_description: ""MUCINEX CONGESTION & COUGH (bromhydrate de dextrométhorphane 15 mg par 5 mL et guaïfénésine 100 mg par 5 mL sirop) RB̲ ̲H̲E̲A̲L̲T̲H̲ ̲(̲C̲A̲N̲A̲D̲A̲)̲ ̲I̲N̲C̲.̲"" -> ""MUCINEX CONGESTION & COUGH (bromhydrate de dextrométhorphane 15 mg par 5 mL et guaïfénésine 100 mg par 5 mL sirop) RE̲C̲K̲I̲T̲T̲ ̲B̲E̲N̲C̲K̲I̲S̲E̲R̲ ̲(̲C̲A̲N̲A̲D̲A̲)̲ ̲I̲N̲C̲"""
93679,02450631,FRAXIPARINE (nadroparin calcium 5700 unit per 0.6 mL solution for injection syringe) ASPEN PHARMACARE CANADA INC.,"FRAXIPARINE (nadroparine calcique 5700 unité par 0,6 mL solution injectable seringue) ASPEN PHARMACARE CANADA INC.","mp_status_effective_time: ""20251008"" -> ""20260521"""
NA,77700783,DOXORUBICIN HYDROCHLORIDE INJECTION (doxorubicin hydrochloride 50 mg per 25 mL solution for injection vial) TEVA CANADA LIMITED,DOXORUBICIN HYDROCHLORIDE INJECTION (chlorhydrate de doxorubicine 50 mg par 25 mL solution injectable fiole) TEVA CANADA LIMITED,ADDED
62780,02239311,ECOCARE 250 (triclosan 0.3 % cutaneous liquid) ECOLAB CO,"ECOCARE 250 (triclosan 0,3 % liquide cutané) ECOLAB CO",ADDED
65336,02241676,POTASSIUM CHLORIDE INJECTION (potassium (potassium chloride) 10 mmol per 100 mL solution for injection bag) BAXTER CORPORATION,POTASSIUM CHLORIDE INJECTION (potassium (chlorure de potassium) 10 mmol par 100 mL solution injectable sac) BAXTER CORPORATION,ADDED
NA,77701203,KEYTRUDA SC (pembrolizumab 396 mg per 2.4 mL solution for injection vial) MERCK CANADA INC,"KEYTRUDA SC (pembrolizumab 396 mg par 2,4 mL solution injectable fiole) MERCK CANADA INC",ADDED
73592,02250993,"BENADRYL ALLERGY, SINUS & PAIN TOTAL (acetaminophen 500 mg and diphenhydramine hydrochloride 25 mg and pseudoephedrine hydrochloride 30 mg oral tablet) KENVUE CANADA INC.","BENADRYL ALLERGY, SINUS & PAIN TOTAL (acétaminophène 500 mg et chlorhydrate de diphenhydramine 25 mg et chlorhydrate de pseudoéphédrine 30 mg comprimé oral) KENVUE CANADA INC.","mp_formal_name: ""BENADRYL ALLERGY, SINUS & PAIN TOTAL (acetaminophen 500 mg and diphenhydramine hydrochloride 25 mg and pseudoephedrine hydrochloride 30 mg oral tablet) M̲C̲N̲E̲I̲L̲ ̲C̲O̲N̲S̲U̲M̲E̲R̲ ̲H̲E̲A̲L̲T̲H̲C̲A̲R̲E̲ ̲D̲I̲V̲I̲S̲I̲O̲N̲ ̲O̲F̲ ̲J̲O̲H̲N̲S̲O̲N̲ ̲&̲ ̲J̲O̲H̲N̲S̲O̲N̲ ̲I̲N̲C̲"" -> ""BENADRYL ALLERGY, SINUS & PAIN TOTAL (acetaminophen 500 mg and diphenhydramine hydrochloride 25 mg and pseudoephedrine hydrochloride 30 mg oral tablet) K̲E̲N̲V̲U̲E̲ ̲C̲A̲N̲A̲D̲A̲ ̲I̲N̲C̲.̲""
mp_fr_description: ""BENADRYL ALLERGY, SINUS & PAIN TOTAL (acétaminophène 500 mg et chlorhydrate de diphenhydramine 25 mg et chlorhydrate de pseudoéphédrine 30 mg comprimé oral) M̲C̲N̲E̲I̲L̲ ̲C̲O̲N̲S̲U̲M̲E̲R̲ ̲H̲E̲A̲L̲T̲H̲C̲A̲R̲E̲ ̲D̲I̲V̲I̲S̲I̲O̲N̲ ̲O̲F̲ ̲J̲O̲H̲N̲S̲O̲N̲ ̲&̲ ̲J̲O̲H̲N̲S̲O̲N̲ ̲I̲N̲C̲"" -> ""BENADRYL ALLERGY, SINUS & PAIN TOTAL (acétaminophène 500 mg et chlorhydrate de diphenhydramine 25 mg et chlorhydrate de pseudoéphédrine 30 mg comprimé oral) K̲E̲N̲V̲U̲E̲ ̲C̲A̲N̲A̲D̲A̲ ̲I̲N̲C̲.̲"""
83160,02346176,SEASONIQUE (ethinyl estradiol 10 mcg oral tablet with ethinyl estradiol 30 mcg and levonorgestrel 150 mcg oral tablet) TEVA CANADA LIMITED,SEASONIQUE (éthinylestradiol 10 mcg comprimé oral avec éthinylestradiol 30 mcg et lévonorgestrel 150 mcg comprimé oral) TEVA CANADA LIMITED,"mp_formal_name: ""SEASONIQUE (ethinyl estradiol 3̲0̲ ̲m̲c̲g̲ ̲a̲n̲d̲ ̲l̲e̲v̲o̲n̲o̲r̲g̲e̲s̲t̲r̲e̲l̲ ̲15̲0 mcg oral tablet with ethinyl estradiol 10 mcg oral tablet) TEVA CANADA LIMITED"" -> ""SEASONIQUE (ethinyl estradiol 10 mcg oral tablet with ethinyl estradiol 3̲0̲ ̲m̲c̲g̲ ̲a̲n̲d̲ ̲l̲e̲v̲o̲n̲o̲r̲g̲e̲s̲t̲r̲e̲l̲ ̲15̲0 mcg oral tablet) TEVA CANADA LIMITED""
mp_fr_description: ""SEASONIQUE (éthinylestradiol 3̲0̲ ̲m̲c̲g̲ ̲e̲t̲ ̲l̲é̲v̲o̲n̲o̲r̲g̲e̲s̲t̲r̲e̲l̲ ̲15̲0 mcg comprimé oral avec éthinylestradiol 10 mcg comprimé oral) TEVA CANADA LIMITED"" -> ""SEASONIQUE (éthinylestradiol 10 mcg comprimé oral avec éthinylestradiol 3̲0̲ ̲m̲c̲g̲ ̲e̲t̲ ̲l̲é̲v̲o̲n̲o̲r̲g̲e̲s̲t̲r̲e̲l̲ ̲15̲0 mcg comprimé oral) TEVA CANADA LIMITED"""
NA,77700992,PACLITAXEL FOR INJECTION (paclitaxel 100 mg per 16.7 mL solution for injection vial) BIOLYSE PHARMA CORPORATION,"PACLITAXEL FOR INJECTION (paclitaxel 100 mg par 16,7 mL solution injectable fiole) BIOLYSE PHARMA CORPORATION",ADDED
6775,00691623,BICARBONATE CONCENTRATE D17000 (sodium bicarbonate 81.3 g per l solution for haemodialysis) VANTIVE ULC,"BICARBONATE CONCENTRATE D17000 (bicarbonate de sodium 81,3 g par l solution pour hémodialyse) VANTIVE ULC",ADDED
75580,02270420,SOAPOPULAR (benzalkonium chloride 0.15 % cutaneous liquid) SOAPOPULAR INC,"SOAPOPULAR (chlorure de benzalkonium 0,15 % liquide cutané) SOAPOPULAR INC",ADDED
63070,02239600,"MONISTAT 1 COMBINATION PACK (miconazole nitrate 2 % cutaneous cream with miconazole nitrate 1200 mg pessary) INSIGHT PHARMACEUTICALS, LLC","MONISTAT 1 COMBINATION PACK (nitrate de miconazole 2 % crème cutanée avec nitrate de miconazole 1200 mg ovule) INSIGHT PHARMACEUTICALS, LLC","mp_formal_name: ""MONISTAT 1 COMBINATION PACK (miconazole nitrate 1̲2̲0̲0̲ ̲m̲g̲ ̲p̲e̲s̲s̲a̲r̲y̲ ̲w̲i̲t̲h̲ ̲m̲i̲c̲o̲n̲a̲z̲o̲l̲e̲ ̲n̲i̲t̲r̲a̲t̲e̲ ̲2̲ ̲%̲ ̲c̲u̲t̲a̲n̲e̲o̲u̲s̲ ̲c̲r̲e̲a̲m̲) INSIGHT PHARMACEUTICALS, LLC"" -> ""MONISTAT 1 COMBINATION PACK (miconazole nitrate 2̲ ̲%̲ ̲c̲u̲t̲a̲n̲e̲o̲u̲s̲ ̲c̲r̲e̲a̲m̲ ̲w̲i̲t̲h̲ ̲m̲i̲c̲o̲n̲a̲z̲o̲l̲e̲ ̲n̲i̲t̲r̲a̲t̲e̲ ̲1̲2̲0̲0̲ ̲m̲g̲ ̲p̲e̲s̲s̲a̲r̲y̲) INSIGHT PHARMACEUTICALS, LLC""
mp_fr_description: ""MONISTAT 1 COMBINATION PACK (nitrate de miconazole 1̲2̲0̲0̲ ̲m̲g̲ ̲o̲v̲u̲l̲e avec nitrate de miconazole 2̲ ̲%̲ ̲c̲r̲è̲m̲e̲ ̲c̲u̲t̲a̲n̲é̲e) INSIGHT PHARMACEUTICALS, LLC"" -> ""MONISTAT 1 COMBINATION PACK (nitrate de miconazole 2̲ ̲%̲ ̲c̲r̲è̲m̲e̲ ̲c̲u̲t̲a̲n̲é̲e avec nitrate de miconazole 1̲2̲0̲0̲ ̲m̲g̲ ̲o̲v̲u̲l̲e) INSIGHT PHARMACEUTICALS, LLC"""
8124,00707600,TRIQUILAR 21 (ethinyl estradiol 30 mcg and levonorgestrel 50 mcg oral tablet with ethinyl estradiol 30 mcg and levonorgestrel 125 mcg oral tablet with ethinyl estradiol 40 mcg and levonorgestrel 750 mcg oral tablet) BAYER INC,TRIQUILAR 21 (éthinylestradiol 30 mcg et lévonorgestrel 50 mcg comprimé oral avec éthinylestradiol 30 mcg et lévonorgestrel 125 mcg comprimé oral avec éthinylestradiol 40 mcg et lévonorgestrel 750 mcg comprimé oral) BAYER INC,"mp_formal_name: ""TRIQUILAR 21 (ethinyl estradiol 30 mcg and levonorgestrel 50 mcg oral tablet with ethinyl estradiol 4̲0̲ ̲m̲c̲g̲ ̲a̲n̲d̲ ̲l̲e̲v̲o̲n̲o̲r̲g̲e̲s̲t̲r̲e̲l̲ ̲7̲5̲0̲ ̲m̲c̲g̲ ̲o̲r̲a̲l̲ ̲t̲a̲b̲l̲e̲t̲ ̲w̲i̲t̲h̲ ̲e̲t̲h̲i̲n̲y̲l̲ ̲e̲s̲t̲r̲a̲d̲i̲o̲l̲ ̲3̲0̲ ̲m̲c̲g̲ ̲a̲n̲d̲ ̲l̲e̲v̲o̲n̲o̲r̲g̲e̲s̲t̲r̲e̲l̲ ̲1̲2̲5̲ mcg oral tablet) BAYER INC"" -> ""TRIQUILAR 21 (ethinyl estradiol 30 mcg and levonorgestrel 50 mcg oral tablet with ethinyl estradiol 3̲0̲ ̲m̲c̲g̲ ̲a̲n̲d̲ ̲l̲e̲v̲o̲n̲o̲r̲g̲e̲s̲t̲r̲e̲l̲ ̲1̲2̲5̲ ̲m̲c̲g̲ ̲o̲r̲a̲l̲ ̲t̲a̲b̲l̲e̲t̲ ̲w̲i̲t̲h̲ ̲e̲t̲h̲i̲n̲y̲l̲ ̲e̲s̲t̲r̲a̲d̲i̲o̲l̲ ̲4̲0̲ ̲m̲c̲g̲ ̲a̲n̲d̲ ̲l̲e̲v̲o̲n̲o̲r̲g̲e̲s̲t̲r̲e̲l̲ ̲7̲5̲0̲ mcg oral tablet) BAYER INC""
mp_fr_description: ""TRIQUILAR 21 (éthinylestradiol 30 mcg et lévonorgestrel 50 mcg comprimé oral avec éthinylestradiol 4̲0̲ ̲m̲c̲g̲ ̲e̲t̲ ̲l̲é̲v̲o̲n̲o̲r̲g̲e̲s̲t̲r̲e̲l̲ ̲7̲5̲0̲ ̲m̲c̲g̲ ̲c̲o̲m̲p̲r̲i̲m̲é̲ ̲o̲r̲a̲l̲ ̲a̲v̲e̲c̲ ̲é̲t̲h̲i̲n̲y̲l̲e̲s̲t̲r̲a̲d̲i̲o̲l̲ ̲3̲0̲ ̲m̲c̲g̲ ̲e̲t̲ ̲l̲é̲v̲o̲n̲o̲r̲g̲e̲s̲t̲r̲e̲l̲ ̲1̲2̲5̲ mcg comprimé oral) BAYER INC"" -> ""TRIQUILAR 21 (éthinylestradiol 30 mcg et lévonorgestrel 50 mcg comprimé oral avec éthinylestradiol 3̲0̲ ̲m̲c̲g̲ ̲e̲t̲ ̲l̲é̲v̲o̲n̲o̲r̲g̲e̲s̲t̲r̲e̲l̲ ̲1̲2̲5̲ ̲m̲c̲g̲ ̲c̲o̲m̲p̲r̲i̲m̲é̲ ̲o̲r̲a̲l̲ ̲a̲v̲e̲c̲ ̲é̲t̲h̲i̲n̲y̲l̲e̲s̲t̲r̲a̲d̲i̲o̲l̲ ̲4̲0̲ ̲m̲c̲g̲ ̲e̲t̲ ̲l̲é̲v̲o̲n̲o̲r̲g̲e̲s̲t̲r̲e̲l̲ ̲7̲5̲0̲ mcg comprimé oral) BAYER INC"""
12639,01977873,GERMICIDAL HAND SOAP LIQ 0.6% (chloroxylenol 0.6 % cutaneous liquid) OSTREM CHEMICAL CO LTD.,"GERMICIDAL HAND SOAP LIQ 0.6% (chloroxylénol 0,6 % liquide cutané) OSTREM CHEMICAL CO LTD.",ADDED
99320,02503751,OCTREOTIDE FOR INJECTABLE SUSPENSION (octreotide (octreotide acetate) 10 mg per vial powder for prolonged-release suspension for injection with diluent solution syringe) TEVA CANADA LIMITED,OCTREOTIDE FOR INJECTABLE SUSPENSION (octréotide (acétate d'octréotide) 10 mg par fiole poudre pour suspension injectable à libération prolongée avec solution diluante seringue) TEVA CANADA LIMITED,DELETED
106728,02564599,CREST PRO-HEALTH COMPLETE CLEAN (cetylpyridinium chloride 0.07 % mouthwash) PROCTER & GAMBLE INC,"CREST PRO-HEALTH COMPLETE CLEAN (chlorure de cétylpyridinium 0,07 % solution pour bain de bouche) PROCTER & GAMBLE INC",ADDED
97789,02487756,BIBAG (sodium bicarbonate 900 g per bag powder for concentrate for solution for haemodialysis) FRESENIUS MEDICAL CARE CANADA INC,BIBAG (bicarbonate de sodium 900 g par sac poudre pour solution à diluer pour solution pour hémodialyse) FRESENIUS MEDICAL CARE CANADA INC,ADDED
106599,02563185,SANDOZ GUANFACINE XR (guanfacine (guanfacine hydrochloride) 1 mg prolonged-release oral tablet) SANDOZ CANADA INCORPORATED,SANDOZ GUANFACINE XR (guanfacine (chlorhydrate de guanfacine) 1 mg comprimé oral à libération prolongée) SANDOZ CANADA INCORPORATED,ADDED
106654,02563797,JATENZO (testosterone undecanoate 237 mg oral capsule) TOLMAR INTERNATIONAL LTD.,JATENZO (undécanoate de testostérone 237 mg capsule orale) TOLMAR INTERNATIONAL LTD.,ADDED
106602,02563215,SANDOZ GUANFACINE XR (guanfacine (guanfacine hydrochloride) 4 mg prolonged-release oral tablet) SANDOZ CANADA INCORPORATED,SANDOZ GUANFACINE XR (guanfacine (chlorhydrate de guanfacine) 4 mg comprimé oral à libération prolongée) SANDOZ CANADA INCORPORATED,ADDED
106771,02565072,RIVA-LACOSAMIDE (lacosamide 150 mg oral tablet) LABORATOIRE RIVA INC.,RIVA-LACOSAMIDE (lacosamide 150 mg comprimé oral) LABORATOIRE RIVA INC.,ADDED
NA,291c86585f4b51526d4a7187866f1446,MAGNESIUM SULFATE INJECTION USP (magnesium sulfate 500 mg per mL solution for injection 50 mL vial) STERIMAX INC,MAGNESIUM SULFATE INJECTION USP (sulfate de magnésium 500 mg par mL solution injectable 50 mL fiole) STERIMAX INC,ADDED
19442,02139545,"POTASSIUM PHOSPHATES INJECTION, USP (potassium phosphate dibasic 236 mg per mL and potassium phosphate monobasic 224 mg per mL solution for injection) FRESENIUS KABI CANADA LTD","POTASSIUM PHOSPHATES INJECTION, USP (phosphate de potassium dibasique 236 mg par mL et phosphate de potassium monobasique 224 mg par mL solution injectable) FRESENIUS KABI CANADA LTD",ADDED
90967,02425009,CONTINGENCY ONE (levonorgestrel 1.5 mg oral tablet) SENADOR LABORATORIES PRIVATE LIMITED,"CONTINGENCY ONE (lévonorgestrel 1,5 mg comprimé oral) SENADOR LABORATORIES PRIVATE LIMITED","mp_formal_name: ""CONTINGENCY ONE (levonorgestrel 1.5 mg oral tablet) M̲Y̲L̲A̲N̲ ̲P̲H̲A̲R̲M̲A̲C̲E̲U̲T̲I̲C̲A̲L̲S̲ ̲U̲L̲C̲"" -> ""CONTINGENCY ONE (levonorgestrel 1.5 mg oral tablet) S̲E̲N̲A̲D̲O̲R̲ ̲L̲A̲B̲O̲R̲A̲T̲O̲R̲I̲E̲S̲ ̲P̲R̲I̲V̲A̲T̲E̲ ̲L̲I̲M̲I̲T̲E̲D̲ ̲""
mp_fr_description: ""CONTINGENCY ONE (lévonorgestrel 1,5 mg comprimé oral) M̲Y̲L̲A̲N̲ ̲P̲H̲A̲R̲M̲A̲C̲E̲U̲T̲I̲C̲A̲L̲S̲ ̲U̲L̲C̲"" -> ""CONTINGENCY ONE (lévonorgestrel 1,5 mg comprimé oral) S̲E̲N̲A̲D̲O̲R̲ ̲L̲A̲B̲O̲R̲A̲T̲O̲R̲I̲E̲S̲ ̲P̲R̲I̲V̲A̲T̲E̲ ̲L̲I̲M̲I̲T̲E̲D̲ ̲"""
103914,02550326,BENZALKONIUM CHLORIDE WIPES (benzalkonium chloride 0.13 % wipe) ACME UNITED CORPORATION,"BENZALKONIUM CHLORIDE WIPES (chlorure de benzalkonium 0,13 % lingette) ACME UNITED CORPORATION",ADDED
97681,02486636,"SODIUM BICARBONATE INJECTION, USP (sodium bicarbonate 84 mg per mL solution for injection) FRESENIUS KABI CANADA LTD","SODIUM BICARBONATE INJECTION, USP (bicarbonate de sodium 84 mg par mL solution injectable) FRESENIUS KABI CANADA LTD",ADDED
102686,02538113,ANTIBACTERIAL HAND WIPES (benzalkonium chloride 0.13 % wipe) CANADIAN CUSTOM PACKAGING COMPANY,"ANTIBACTERIAL HAND WIPES (chlorure de benzalkonium 0,13 % lingette) CANADIAN CUSTOM PACKAGING COMPANY",ADDED
42945,02194473,DOXORUBICIN HYDROCHLORIDE FOR INJECTION USP (doxorubicin hydrochloride 150 mg per vial powder for solution for injection) PFIZER CANADA ULC,DOXORUBICIN HYDROCHLORIDE FOR INJECTION USP (chlorhydrate de doxorubicine 150 mg par fiole poudre pour solution injectable) PFIZER CANADA ULC,ADDED
106600,02563193,SANDOZ GUANFACINE XR (guanfacine (guanfacine hydrochloride) 2 mg prolonged-release oral tablet) SANDOZ CANADA INCORPORATED,SANDOZ GUANFACINE XR (guanfacine (chlorhydrate de guanfacine) 2 mg comprimé oral à libération prolongée) SANDOZ CANADA INCORPORATED,ADDED
NA,77700993,PACLITAXEL FOR INJECTION (paclitaxel 100 mg per 16.7 mL solution for injection vial) BIOLYSE PHARMA CORPORATION,"PACLITAXEL FOR INJECTION (paclitaxel 100 mg par 16,7 mL solution injectable fiole) BIOLYSE PHARMA CORPORATION",ADDED
96151,02472236,FUZION AB FOAMING HAND SOAP (benzalkonium chloride 0.13 % NA) ZEP MANUFACTURING COMPANY OF CANADA,"FUZION AB FOAMING HAND SOAP (chlorure de benzalkonium 0,13 % NA) ZEP MANUFACTURING COMPANY OF CANADA",ADDED
99582,02506459,NOROMBY (enoxaparin sodium 30 mg per 0.3 mL solution for injection syringe) JUNO PHARMA CANADA INC.,"NOROMBY (énoxaparine sodique 30 mg par 0,3 mL solution injectable seringue) JUNO PHARMA CANADA INC.","mp_formal_name: ""NOROMBY (enoxaparin sodium 30 mg per 0.3 mL solution for injection syringe) JUNO PHARMAC̲E̲U̲T̲I̲C̲A̲L̲S̲ ̲C̲O̲R̲P̲."" -> ""NOROMBY (enoxaparin sodium 30 mg per 0.3 mL solution for injection syringe) JUNO PHARMA ̲C̲A̲N̲A̲D̲A̲ ̲I̲N̲C̲.""
mp_fr_description: ""NOROMBY (énoxaparine sodique 30 mg par 0,3 mL solution injectable seringue) JUNO PHARMAC̲E̲U̲T̲I̲C̲A̲L̲S̲ ̲C̲O̲R̲P̲."" -> ""NOROMBY (énoxaparine sodique 30 mg par 0,3 mL solution injectable seringue) JUNO PHARMA ̲C̲A̲N̲A̲D̲A̲ ̲I̲N̲C̲."""
97107,02480522,XYDALBA (dalbavancin (dalbavancin hydrochloride) 500 mg per vial powder for solution for injection) KNIGHT THERAPEUTICS INC.,XYDALBA (dalbavancine (chlorhydrate de dalbavancine) 500 mg par fiole poudre pour solution injectable) KNIGHT THERAPEUTICS INC.,"mp_formal_name: ""XYDALBA (dalbavancin (dalbavancin hydrochloride) 500 mg per vial powder for solution for injection) E̲N̲D̲O̲ ̲O̲P̲E̲R̲A̲T̲I̲O̲N̲S̲ ̲L̲T̲D̲."" -> ""XYDALBA (dalbavancin (dalbavancin hydrochloride) 500 mg per vial powder for solution for injection) K̲N̲I̲G̲H̲T̲ ̲T̲H̲E̲R̲A̲P̲E̲U̲T̲I̲C̲S̲ ̲I̲N̲C̲.""
mp_fr_description: ""XYDALBA (dalbavancine (chlorhydrate de dalbavancine) 500 mg par fiole poudre pour solution injectable) E̲N̲D̲O̲ ̲O̲P̲E̲R̲A̲T̲I̲O̲N̲S̲ ̲L̲T̲D̲."" -> ""XYDALBA (dalbavancine (chlorhydrate de dalbavancine) 500 mg par fiole poudre pour solution injectable) K̲N̲I̲G̲H̲T̲ ̲T̲H̲E̲R̲A̲P̲E̲U̲T̲I̲C̲S̲ ̲I̲N̲C̲."""
81618,02330458,JAMP-QUETIAPINE (quetiapine (quetiapine fumarate) 200 mg oral tablet) JAMP PHARMA CORPORATION,JAMP-QUETIAPINE (quétiapine (fumarate de quétiapine) 200 mg comprimé oral) JAMP PHARMA CORPORATION,"mp_status_effective_time: ""20240731"" -> ""20260507"""
88797,02403145,APO-AMITRIPTYLINE (amitriptyline hydrochloride 25 mg oral tablet) APOTEX INC,APO-AMITRIPTYLINE (chlorhydrate d'amitriptyline 25 mg comprimé oral) APOTEX INC,DELETED
99238,02502852,FS ANTIMICROBIAL HAND WASH (benzalkonium chloride 0.13 % cutaneous solution) ZEP MANUFACTURING COMPANY OF CANADA,"FS ANTIMICROBIAL HAND WASH (chlorure de benzalkonium 0,13 % solution pour application cutanée) ZEP MANUFACTURING COMPANY OF CANADA",ADDED
81113,02325772,HEMACART (sodium bicarbonate 650 g per cartridge powder for concentrate for solution for haemodialysis) CHIEF MEDICAL SUPPLIES LTD,HEMACART (bicarbonate de sodium 650 g par cartouche poudre pour solution à diluer pour solution pour hémodialyse) CHIEF MEDICAL SUPPLIES LTD,ADDED
96637,02475979,AG-QUETIAPINE (quetiapine (quetiapine fumarate) 25 mg oral tablet) ANGITA PHARMA INC.,AG-QUETIAPINE (quétiapine (fumarate de quétiapine) 25 mg comprimé oral) ANGITA PHARMA INC.,"mp_status_effective_time: ""20240731"" -> ""20260507"""
1668,00266507,ADASEPT LIQ 0.5% (triclosan 0.5 % cutaneous liquid) ODAN LABORATORIES LTD,"ADASEPT LIQ 0.5% (triclosan 0,5 % liquide cutané) ODAN LABORATORIES LTD",ADDED
106244,02559277,JAMP DOXEPIN (doxepin (doxepin hydrochloride) 50 mg oral capsule) JAMP PHARMA CORPORATION,JAMP DOXEPIN (doxépine (chlorhydrate de doxépine) 50 mg capsule orale) JAMP PHARMA CORPORATION,ADDED
NA,77701199,YESINTEK (ustekinumab 45 mg per 0.5 mL solution for injection syringe) BIOCON BIOLOGICS CANADA INC,"YESINTEK (ustékinumab 45 mg par 0,5 mL solution injectable seringue) BIOCON BIOLOGICS CANADA INC","mp_formal_name: ""YESINTEK (ustekinumab 45 mg per 0.5 mL solution for injection syringe) BIOS̲I̲M̲I̲L̲A̲R̲ ̲C̲O̲L̲L̲A̲B̲O̲R̲A̲T̲I̲O̲N̲S̲ ̲I̲R̲E̲L̲A̲N̲D̲ ̲L̲I̲M̲I̲T̲E̲D̲"" -> ""YESINTEK (ustekinumab 45 mg per 0.5 mL solution for injection syringe) BIOC̲O̲N̲ ̲B̲I̲O̲L̲O̲G̲I̲C̲S̲ ̲C̲A̲N̲A̲D̲A̲ ̲I̲N̲C̲""
mp_fr_description: ""YESINTEK (ustékinumab 45 mg par 0,5 mL solution injectable seringue) BIOS̲I̲M̲I̲L̲A̲R̲ ̲C̲O̲L̲L̲A̲B̲O̲R̲A̲T̲I̲O̲N̲S̲ ̲I̲R̲E̲L̲A̲N̲D̲ ̲L̲I̲M̲I̲T̲E̲D̲"" -> ""YESINTEK (ustékinumab 45 mg par 0,5 mL solution injectable seringue) BIOC̲O̲N̲ ̲B̲I̲O̲L̲O̲G̲I̲C̲S̲ ̲C̲A̲N̲A̲D̲A̲ ̲I̲N̲C̲"""
106430,02561336,DAPAGLIFLOZIN (dapagliflozin 10 mg oral tablet) SANIS HEALTH INC,DAPAGLIFLOZIN (dapagliflozine 10 mg comprimé oral) SANIS HEALTH INC,ADDED
100340,02514230,VISTASEAL (fibrinogen human 160 mg per 2 mL and thrombin human 1000 unit per 2 mL cutaneous solution) INSTITUTO GRIFOLS S.A.,VISTASEAL (fibrinogène humaine 160 mg par 2 mL et thrombine humaine 1000 unité par 2 mL solution pour application cutanée) INSTITUTO GRIFOLS S.A.,ADDED
NA,77700995,PACLITAXEL INJECTION USP (paclitaxel 100 mg per 16.7 mL solution for injection vial) SANDOZ CANADA INCORPORATED,"PACLITAXEL INJECTION USP (paclitaxel 100 mg par 16,7 mL solution injectable fiole) SANDOZ CANADA INCORPORATED",ADDED
94646,02459272,HAND SANITIZER FOAM (benzalkonium chloride 0.13 % cutaneous solution) EMPACK SPRAYTECH INC,"HAND SANITIZER FOAM (chlorure de benzalkonium 0,13 % solution pour application cutanée) EMPACK SPRAYTECH INC",ADDED
102767,02539004,TARO-METHYLPHENIDATE ER (methylphenidate hydrochloride 18 mg prolonged-release oral tablet) SUN PHARMA CANADA INC,TARO-METHYLPHENIDATE ER (chlorhydrate de méthylphénidate 18 mg comprimé oral à libération prolongée) SUN PHARMA CANADA INC,ADDED
106179,02558556,NB-BISOPROLOL TABLETS (bisoprolol fumarate 5 mg oral tablet) NB PHARMA INC.,NB-BISOPROLOL TABLETS (fumarate de bisoprolol 5 mg comprimé oral) NB PHARMA INC.,ADDED
87315,02387549,CALCIUM CHLORIDE FOR HAEMODIALYSIS (calcium chloride 7.45 g per vial powder for concentrate for solution for haemodialysis) CHIEF MEDICAL SUPPLIES LTD,"CALCIUM CHLORIDE FOR HAEMODIALYSIS (chlorure de calcium 7,45 g par fiole poudre pour solution à diluer pour solution pour hémodialyse) CHIEF MEDICAL SUPPLIES LTD",ADDED
106245,02559285,JAMP DOXEPIN (doxepin (doxepin hydrochloride) 75 mg oral capsule) JAMP PHARMA CORPORATION,JAMP DOXEPIN (doxépine (chlorhydrate de doxépine) 75 mg capsule orale) JAMP PHARMA CORPORATION,ADDED
102467,02535858,YESAFILI (aflibercept 2 mg per 0.05 mL solution for injection vial) BIOCON BIOLOGICS CANADA INC,"YESAFILI (aflibercept 2 mg par 0,05 mL solution injectable fiole) BIOCON BIOLOGICS CANADA INC","mp_formal_name: ""YESAFILI (aflibercept 2 mg per 0.05 mL solution for injection vial) BIOS̲I̲M̲I̲L̲A̲R̲ ̲C̲O̲L̲L̲A̲B̲O̲R̲A̲T̲I̲O̲N̲S̲ ̲I̲R̲E̲L̲A̲N̲D̲ ̲L̲I̲M̲I̲T̲E̲D̲"" -> ""YESAFILI (aflibercept 2 mg per 0.05 mL solution for injection vial) BIOC̲O̲N̲ ̲B̲I̲O̲L̲O̲G̲I̲C̲S̲ ̲C̲A̲N̲A̲D̲A̲ ̲I̲N̲C̲""
mp_fr_description: ""YESAFILI (aflibercept 2 mg par 0,05 mL solution injectable fiole) BIOS̲I̲M̲I̲L̲A̲R̲ ̲C̲O̲L̲L̲A̲B̲O̲R̲A̲T̲I̲O̲N̲S̲ ̲I̲R̲E̲L̲A̲N̲D̲ ̲L̲I̲M̲I̲T̲E̲D̲"" -> ""YESAFILI (aflibercept 2 mg par 0,05 mL solution injectable fiole) BIOC̲O̲N̲ ̲B̲I̲O̲L̲O̲G̲I̲C̲S̲ ̲C̲A̲N̲A̲D̲A̲ ̲I̲N̲C̲"""
106048,02557134,MINT-CHLORTHALIDONE (chlorthalidone 25 mg oral tablet) MINT PHARMACEUTICALS INC,MINT-CHLORTHALIDONE (chlorthalidone 25 mg comprimé oral) MINT PHARMACEUTICALS INC,ADDED
100342,02514257,VISTASEAL (fibrinogen human 400 mg per 5 mL and thrombin human 2500 unit per 5 mL cutaneous solution) INSTITUTO GRIFOLS S.A.,VISTASEAL (fibrinogène humaine 400 mg par 5 mL et thrombine humaine 2500 unité par 5 mL solution pour application cutanée) INSTITUTO GRIFOLS S.A.,ADDED
97147,02480816,SCOTT ANTIMICROBIAL FOAM SKIN CLEANSER (benzalkonium chloride 0.1 % cutaneous solution) KIMBERLY-CLARK GLOBAL SALES LLC,"SCOTT ANTIMICROBIAL FOAM SKIN CLEANSER (chlorure de benzalkonium 0,1 % solution pour application cutanée) KIMBERLY-CLARK GLOBAL SALES LLC",ADDED
NA,77700998,PACLITAXEL INJECTION USP (paclitaxel 100 mg per 16.7 mL solution for injection vial) ACCORD HEALTHCARE INC,"PACLITAXEL INJECTION USP (paclitaxel 100 mg par 16,7 mL solution injectable fiole) ACCORD HEALTHCARE INC",ADDED
101903,02529793,POTASSIUM CHLORIDE FOR HEMODIALYSIS 7.55 (potassium chloride 7.55 g per vial powder for concentrate for solution for haemodialysis) CHIEF MEDICAL SUPPLIES LTD,"POTASSIUM CHLORIDE FOR HEMODIALYSIS 7.55 (chlorure de potassium 7,55 g par fiole poudre pour solution à diluer pour solution pour hémodialyse) CHIEF MEDICAL SUPPLIES LTD",ADDED
107019,02567814,SEMAGLUTIDE INJECTION MULTI-DOSE PRE-FILLED PEN DISPENSES 1 MG DOSES (semaglutide 1 mg per actuation solution for injection pre-filled pen) DR REDDY'S LABORATORIES LTD,SEMAGLUTIDE INJECTION STYLO PRÉREMPLI A DOSES MULTIPLES PERMETTANT D'INJECTER DES DOSES DE 1 MG (sémaglutide 1 mg par actionnement solution injectable stylo prérempli) DR REDDY'S LABORATORIES LTD,ADDED
NA,77700999,PACLITAXEL INJECTION USP (paclitaxel 100 mg per 16.7 mL solution for injection vial) ACCORD HEALTHCARE INC,"PACLITAXEL INJECTION USP (paclitaxel 100 mg par 16,7 mL solution injectable fiole) ACCORD HEALTHCARE INC",ADDED
84093,02355736,BENZALKONIUM CHLORIDE ANTISEPTIC TOWELETTE (benzalkonium chloride 0.13 % wipe) CANADIAN CUSTOM PACKAGING COMPANY,"BENZALKONIUM CHLORIDE ANTISEPTIC TOWELETTE (chlorure de benzalkonium 0,13 % lingette) CANADIAN CUSTOM PACKAGING COMPANY",ADDED
78942,02304112,"WET ONES (benzethonium chloride 0.3 % wipe) EDGEWELL PERSONAL CARE CANADA, ULC","WET ONES (chlorure de benzéthonium 0,3 % lingette) EDGEWELL PERSONAL CARE CANADA, ULC",ADDED
90215,02417456,LOLO (ethinyl estradiol 10 mcg oral tablet with ethinyl estradiol 10 mcg and norethindrone acetate 1 mg oral tablet with lactose oral tablet) ABBVIE CORPORATION,LOLO (éthinylestradiol 10 mcg comprimé oral avec éthinylestradiol 10 mcg et acétate de noréthindrone 1 mg comprimé oral avec lactose comprimé oral) ABBVIE CORPORATION,"mp_formal_name: ""LOLO (ethinyl estradiol 10 mcg a̲n̲d̲ ̲n̲o̲r̲e̲t̲h̲i̲n̲d̲r̲o̲n̲e̲ ̲a̲c̲e̲t̲a̲t̲e̲ ̲1̲ ̲m̲g̲ ̲oral tablet with ethinyl estradiol 10 mcg oral tablet with lactose oral tablet) ABBVIE CORPORATION"" -> ""LOLO (ethinyl estradiol 10 mcg oral tablet with ethinyl estradiol 10 mcg̲ ̲a̲n̲d̲ ̲n̲o̲r̲e̲t̲h̲i̲n̲d̲r̲o̲n̲e̲ ̲a̲c̲e̲t̲a̲t̲e̲ ̲1̲ ̲m̲g oral tablet with lactose oral tablet) ABBVIE CORPORATION""
mp_fr_description: ""LOLO (éthinylestradiol 10 mcg e̲t̲ ̲a̲c̲é̲t̲a̲t̲e̲ ̲d̲e̲ ̲n̲o̲r̲é̲t̲h̲i̲n̲d̲r̲o̲n̲e̲ ̲1̲ ̲m̲g̲ ̲comprimé oral avec éthinylestradiol 10 mcg comprimé oral avec lactose comprimé oral) ABBVIE CORPORATION"" -> ""LOLO (éthinylestradiol 10 mcg comprimé oral avec éthinylestradiol 10 mcg̲ ̲e̲t̲ ̲a̲c̲é̲t̲a̲t̲e̲ ̲d̲e̲ ̲n̲o̲r̲é̲t̲h̲i̲n̲d̲r̲o̲n̲e̲ ̲1̲ ̲m̲g comprimé oral avec lactose comprimé oral) ABBVIE CORPORATION"""
96816,02477610,ALTA-AZITHROMYCIN (azithromycin (azithromycin dihydrate) 250 mg oral tablet) ALTAMED PHARMA,ALTA-AZITHROMYCIN (azithromycine (dihydrate d'azithromycine) 250 mg comprimé oral) ALTAMED PHARMA,"Health_Canada_product_name: ""AZITHROMYCIN"" -> ""ALTA-AZITHROMYCIN""
mp_formal_name: ""AZITHROMYCIN (azithromycin (azithromycin dihydrate) 250 mg oral tablet) ALTAMED PHARMA"" -> ""A̲L̲T̲A̲-̲AZITHROMYCIN (azithromycin (azithromycin dihydrate) 250 mg oral tablet) ALTAMED PHARMA""
mp_fr_description: ""AZITHROMYCIN (azithromycine (dihydrate d'azithromycine) 250 mg comprimé oral) ALTAMED PHARMA"" -> ""A̲L̲T̲A̲-̲AZITHROMYCIN (azithromycine (dihydrate d'azithromycine) 250 mg comprimé oral) ALTAMED PHARMA""
mp_status_effective_time: ""20220613"" -> ""20260526"""
35083,02181746,SODIUM ACETATE INJECTION USP (sodium (sodium acetate) 4 mmol per mL solution for injection 50 mL vial) OMEGA LABORATORIES LIMITED,SODIUM ACETATE INJECTION USP (sodium (acétate de sodium) 4 mmol par mL solution injectable 50 mL fiole) OMEGA LABORATORIES LIMITED,ADDED
NA,77701190,LIDOCAINE HYDROCHLORIDE INJECTION (lidocaine hydrochloride 200 mg per 10 mL solution for injection ampoule) JUNO PHARMA CANADA INC.,LIDOCAINE HYDROCHLORIDE INJECTION (chlorhydrate de lidocaïne 200 mg par 10 mL solution injectable ampoule) JUNO PHARMA CANADA INC.,"mp_formal_name: ""LIDOCAINE HYDROCHLORIDE INJECTION (lidocaine hydrochloride 200 mg per 10 mL solution for injection ampoule) JUNO PHARMAC̲E̲U̲T̲I̲C̲A̲L̲S̲ ̲C̲O̲R̲P̲."" -> ""LIDOCAINE HYDROCHLORIDE INJECTION (lidocaine hydrochloride 200 mg per 10 mL solution for injection ampoule) JUNO PHARMA ̲C̲A̲N̲A̲D̲A̲ ̲I̲N̲C̲.""
mp_fr_description: ""LIDOCAINE HYDROCHLORIDE INJECTION (chlorhydrate de lidocaïne 200 mg par 10 mL solution injectable ampoule) JUNO PHARMAC̲E̲U̲T̲I̲C̲A̲L̲S̲ ̲C̲O̲R̲P̲."" -> ""LIDOCAINE HYDROCHLORIDE INJECTION (chlorhydrate de lidocaïne 200 mg par 10 mL solution injectable ampoule) JUNO PHARMA ̲C̲A̲N̲A̲D̲A̲ ̲I̲N̲C̲."""
NA,f123150874cb6eaba241777c56527428,LUNSUMIO (mosunetuzumab 30 mg per 30 mL solution for injection vial) HOFFMANN-LA ROCHE LIMITED,LUNSUMIO (mosunétuzumab 30 mg par 30 mL solution injectable fiole) HOFFMANN-LA ROCHE LIMITED,ADDED
106486,02561948,WAYMADE-MARAVIROC (maraviroc 300 mg oral tablet) WAYMADE CANADA INC.,WAYMADE-MARAVIROC (maraviroc 300 mg comprimé oral) WAYMADE CANADA INC.,ADDED
100489,02515490,VYXEOS (cytarabine 100 mg and daunorubicin 44 mg powder for solution for injection) JAZZ PHARMACEUTICALS IRELAND LIMITED,VYXEOS (cytarabine 100 mg et daunorubicine 44 mg poudre pour solution injectable) JAZZ PHARMACEUTICALS IRELAND LIMITED,ADDED
1905,00261998,SODIUM BICARBONATE INJECTION USP (sodium bicarbonate 84 mg per mL solution for injection) PFIZER CANADA ULC,SODIUM BICARBONATE INJECTION USP (bicarbonate de sodium 84 mg par mL solution injectable) PFIZER CANADA ULC,ADDED
106934,02566877,TREMFYA (guselkumab 100 mg per 1 mL solution for injection pen) JANSSEN INC,TREMFYA (guselkumab 100 mg par 1 mL solution injectable stylo) JANSSEN INC,ADDED
102768,02539012,TARO-METHYLPHENIDATE ER (methylphenidate hydrochloride 27 mg prolonged-release oral tablet) SUN PHARMA CANADA INC,TARO-METHYLPHENIDATE ER (chlorhydrate de méthylphénidate 27 mg comprimé oral à libération prolongée) SUN PHARMA CANADA INC,ADDED
NA,77700157,PHENYTOIN SODIUM INJECTION USP (phenytoin sodium 100 mg per 2 mL solution for injection vial) JUNO PHARMA CANADA INC.,PHENYTOIN SODIUM INJECTION USP (phénytoïne sodique 100 mg par 2 mL solution injectable fiole) JUNO PHARMA CANADA INC.,"mp_formal_name: ""PHENYTOIN SODIUM INJECTION USP (phenytoin sodium 100 mg per 2 mL solution for injection vial) O̲M̲E̲G̲A̲ ̲L̲A̲B̲O̲R̲A̲T̲O̲R̲I̲E̲S̲ ̲L̲I̲M̲I̲T̲E̲D̲"" -> ""PHENYTOIN SODIUM INJECTION USP (phenytoin sodium 100 mg per 2 mL solution for injection vial) J̲U̲N̲O̲ ̲P̲H̲A̲R̲M̲A̲ ̲C̲A̲N̲A̲D̲A̲ ̲I̲N̲C̲.̲""
mp_fr_description: ""PHENYTOIN SODIUM INJECTION USP (phénytoïne sodique 100 mg par 2 mL solution injectable fiole) O̲M̲E̲G̲A̲ ̲L̲A̲B̲O̲R̲A̲T̲O̲R̲I̲E̲S̲ ̲L̲I̲M̲I̲T̲E̲D̲"" -> ""PHENYTOIN SODIUM INJECTION USP (phénytoïne sodique 100 mg par 2 mL solution injectable fiole) J̲U̲N̲O̲ ̲P̲H̲A̲R̲M̲A̲ ̲C̲A̲N̲A̲D̲A̲ ̲I̲N̲C̲.̲"""
NA,77700790,DOXORUBICIN (doxorubicin hydrochloride 2 mg per mL solution for injection 100 mL vial) PFIZER CANADA ULC,DOXORUBICIN (chlorhydrate de doxorubicine 2 mg par mL solution injectable 100 mL fiole) PFIZER CANADA ULC,ADDED
106318,02560097,NB-IRBESARTAN (irbesartan 300 mg oral tablet) NB PHARMA INC.,NB-IRBESARTAN (irbésartan 300 mg comprimé oral) NB PHARMA INC.,ADDED
76258,02276917,QUICK CLEAN (chloroxylenol 1 % cutaneous gel) SPRAKITA PRODUCTS,QUICK CLEAN (chloroxylénol 1 % gel cutané) SPRAKITA PRODUCTS,ADDED
NA,77700994,PACLITAXEL INJECTION USP (paclitaxel 100 mg per 16.7 mL solution for injection vial) SANDOZ CANADA INCORPORATED,"PACLITAXEL INJECTION USP (paclitaxel 100 mg par 16,7 mL solution injectable fiole) SANDOZ CANADA INCORPORATED",ADDED
99098,02501368,DOVE CARE & PROTECT HAND WASH ANTIBACTERIAL (benzalkonium chloride 0.13 % cutaneous solution) UNILEVER CANADA,"DOVE CARE & PROTECT HAND WASH ANTIBACTERIAL (chlorure de benzalkonium 0,13 % solution pour application cutanée) UNILEVER CANADA",ADDED
99757,02508184,ANTI-DANDRUFF ANTIPELLICULAIRE 2 IN 1 (pyrithione zinc 1 % shampoo) L'OREAL CANADA,ANTI-DANDRUFF ANTIPELLICULAIRE 2 IN 1 (pyrithione zincique 1 % shampoing) L'OREAL CANADA,"mp_formal_name: ""ANTI-DANDRUFF ANTIPELLICULAIRE 2 IN 1 (pyrithione zinc 1 % shampoo) L' ̲OREAL CANADA"" -> ""ANTI-DANDRUFF ANTIPELLICULAIRE 2 IN 1 (pyrithione zinc 1 % shampoo) L'OREAL CANADA""
mp_fr_description: ""ANTI-DANDRUFF ANTIPELLICULAIRE 2 IN 1 (pyrithione zincique 1 % shampoing) L' ̲OREAL CANADA"" -> ""ANTI-DANDRUFF ANTIPELLICULAIRE 2 IN 1 (pyrithione zincique 1 % shampoing) L'OREAL CANADA"""
95990,02470837,FINIPIL LAIT 50 (benzethonium chloride 0.2 % cutaneous cream) EQUIBAL LABS INC,"FINIPIL LAIT 50 (chlorure de benzéthonium 0,2 % crème cutanée) EQUIBAL LABS INC",ADDED
97086,02480336,"DYE FREE FRAGRANCE FREE ANTIBACTERIAL FOAMING HAND SOAP (benzalkonium chloride 0.13 % cutaneous solution) VI-JON, LLC","DYE FREE FRAGRANCE FREE ANTIBACTERIAL FOAMING HAND SOAP (chlorure de benzalkonium 0,13 % solution pour application cutanée) VI-JON, LLC",ADDED
106490,02561980,ARTICAINE HYDROCHLORIDE AND EPINEPHRINE INJECTION - N (articaine hydrochloride 40 mg per mL and epinephrine (epinephrine bitartrate) 0.005 mg per mL solution for injection 1.7 mL cartridge) SEPTODONT,"ARTICAINE HYDROCHLORIDE AND EPINEPHRINE INJECTION - N (chlorhydrate d'articaïne 40 mg par mL et épinéphrine (bitartrate d'épinéphrine) 0,005 mg par mL solution injectable 1,7 mL cartouche) SEPTODONT",ADDED
93526,02449420,SOFT CARE DEFEND (chloroxylenol 1 % cutaneous solution) DIVERSEY INC,SOFT CARE DEFEND (chloroxylénol 1 % solution pour application cutanée) DIVERSEY INC,ADDED
91995,02435616,JAMP-TOPIRAMATE (topiramate 100 mg oral tablet) JAMP PHARMA CORPORATION,JAMP-TOPIRAMATE (topiramate 100 mg comprimé oral) JAMP PHARMA CORPORATION,DELETED
106242,02559250,JAMP DOXEPIN (doxepin (doxepin hydrochloride) 10 mg oral capsule) JAMP PHARMA CORPORATION,JAMP DOXEPIN (doxépine (chlorhydrate de doxépine) 10 mg capsule orale) JAMP PHARMA CORPORATION,ADDED
73309,02248934,BICARBONATE CONCENTRATE B38 (sodium bicarbonate 80.7 g per l solution for haemodialysis) CHIEF MEDICAL SUPPLIES LTD,"BICARBONATE CONCENTRATE B38 (bicarbonate de sodium 80,7 g par l solution pour hémodialyse) CHIEF MEDICAL SUPPLIES LTD",ADDED
106812,02565536,TARO-METFORMIN XR (metformin hydrochloride 1000 mg prolonged-release oral tablet) TARO PHARMACEUTICALS INC,TARO-METFORMIN XR (chlorhydrate de metformine 1000 mg comprimé oral à libération prolongée) TARO PHARMACEUTICALS INC,ADDED
18208,02131471,VIROBEX-P (chloroxylenol 0.6 % cutaneous liquid) GERMIPHENE CORPORATION,"VIROBEX-P (chloroxylénol 0,6 % liquide cutané) GERMIPHENE CORPORATION",ADDED
88828,02403471,PURELL SANITIZING WIPES (benzalkonium chloride 0.13 % wipe) GOJO CANADA INC,"PURELL SANITIZING WIPES (chlorure de benzalkonium 0,13 % lingette) GOJO CANADA INC",ADDED
106724,02564556,APO-CANAGLIFLOZIN (canagliflozin 100 mg oral tablet) APOTEX INC,APO-CANAGLIFLOZIN (canagliflozine 100 mg comprimé oral) APOTEX INC,ADDED
88830,02403501,BICART (sodium bicarbonate 1250 g per cartridge powder for concentrate for solution for haemodialysis) VANTIVE ULC,BICART (bicarbonate de sodium 1250 g par cartouche poudre pour solution à diluer pour solution pour hémodialyse) VANTIVE ULC,ADDED
97189,02481456,SCOTT FOAM HAND SANITIZER (benzalkonium chloride 0.13 % cutaneous solution) KIMBERLY-CLARK GLOBAL SALES LLC,"SCOTT FOAM HAND SANITIZER (chlorure de benzalkonium 0,13 % solution pour application cutanée) KIMBERLY-CLARK GLOBAL SALES LLC",ADDED
107037,02568012,APO-SEMAGLUTIDE INJECTION MULTI-DOSE PRE-FILLED PEN DISPENSES 1 MG DOSES (semaglutide 1 mg per actuation solution for injection pre-filled pen) APOTEX INC,APO-SEMAGLUTIDE INJECTION STYLO PRÉREMPLI A DOSES MULTIPLES PERMETTANT D'INJECTER DES DOSES DE 1 MG (sémaglutide 1 mg par actionnement solution injectable stylo prérempli) APOTEX INC,ADDED
NA,77700789,DOXORUBICIN (doxorubicin hydrochloride 10 mg per 5 mL solution for injection vial) PFIZER CANADA ULC,DOXORUBICIN (chlorhydrate de doxorubicine 10 mg par 5 mL solution injectable fiole) PFIZER CANADA ULC,ADDED
99588,02506513,NOROMBY HP (enoxaparin sodium 150 mg per 1 mL solution for injection syringe) JUNO PHARMA CANADA INC.,NOROMBY HP (énoxaparine sodique 150 mg par 1 mL solution injectable seringue) JUNO PHARMA CANADA INC.,"mp_formal_name: ""NOROMBY HP (enoxaparin sodium 150 mg per 1 mL solution for injection syringe) JUNO PHARMAC̲E̲U̲T̲I̲C̲A̲L̲S̲ ̲C̲O̲R̲P̲."" -> ""NOROMBY HP (enoxaparin sodium 150 mg per 1 mL solution for injection syringe) JUNO PHARMA ̲C̲A̲N̲A̲D̲A̲ ̲I̲N̲C̲.""
mp_fr_description: ""NOROMBY HP (énoxaparine sodique 150 mg par 1 mL solution injectable seringue) JUNO PHARMAC̲E̲U̲T̲I̲C̲A̲L̲S̲ ̲C̲O̲R̲P̲."" -> ""NOROMBY HP (énoxaparine sodique 150 mg par 1 mL solution injectable seringue) JUNO PHARMA ̲C̲A̲N̲A̲D̲A̲ ̲I̲N̲C̲."""
106243,02559269,JAMP DOXEPIN (doxepin (doxepin hydrochloride) 25 mg oral capsule) JAMP PHARMA CORPORATION,JAMP DOXEPIN (doxépine (chlorhydrate de doxépine) 25 mg capsule orale) JAMP PHARMA CORPORATION,ADDED
98300,02493020,TARO-DOXORUBICIN LIPOSOMAL (doxorubicin hydrochloride 2 mg per mL suspension for injection) TARO PHARMACEUTICALS INC,TARO-DOXORUBICIN LIPOSOMAL (chlorhydrate de doxorubicine 2 mg par mL suspension injectable) TARO PHARMACEUTICALS INC,ADDED
106770,02565064,RIVA-LACOSAMIDE (lacosamide 100 mg oral tablet) LABORATOIRE RIVA INC.,RIVA-LACOSAMIDE (lacosamide 100 mg comprimé oral) LABORATOIRE RIVA INC.,ADDED
99761,02508222,REFRESH ANTIBAC FOAM (benzalkonium chloride 0.13 % cutaneous solution) SC JOHNSON PROFESSIONAL CA INC,"REFRESH ANTIBAC FOAM (chlorure de benzalkonium 0,13 % solution pour application cutanée) SC JOHNSON PROFESSIONAL CA INC",ADDED
88701,02402149,ACNE TREATMENT SYSTEM (benzoyl peroxide 5 % and salicylic acid 2 % NA) VIVIER CANADA INCORPORATED,ACNE TREATMENT SYSTEM (peroxyde de benzoyle 5 % et acide salicylique 2 % NA) VIVIER CANADA INCORPORATED,ADDED
98597,02496097,"PACLITAXEL POWDER FOR INJECTABLE SUSPENSION NANOPARTICLE, ALBUMIN-BOUND PACLITAXEL (paclitaxel 100 mg per vial powder for suspension for injection) PANACEA BIOTEC PHARMA LIMITED","PACLITAXEL POWDER FOR INJECTABLE SUSPENSION NANOPARTICLE, ALBUMIN-BOUND PACLITAXEL (paclitaxel 100 mg par fiole poudre pour suspension injectable) PANACEA BIOTEC PHARMA LIMITED",ADDED
101618,02527138,BREYANZI (lisocabtagene maraleucel 120000000 cells suspension for injection) BRISTOL-MYERS SQUIBB CANADA,BREYANZI (lisocabtagène maraleucel 120000000 cellules suspension injectable) BRISTOL-MYERS SQUIBB CANADA,ADDED
100561,02516241,WAKIX (pitolisant hydrochloride 5 mg oral tablet) KNIGHT THERAPEUTICS INC.,WAKIX (chlorhydrate de pitolisant 5 mg comprimé oral) KNIGHT THERAPEUTICS INC.,"mp_formal_name: ""WAKIX (pitolisant hydrochloride 5 mg oral tablet) E̲N̲D̲O̲ ̲O̲P̲E̲R̲A̲T̲I̲O̲N̲S̲ ̲L̲T̲D̲."" -> ""WAKIX (pitolisant hydrochloride 5 mg oral tablet) K̲N̲I̲G̲H̲T̲ ̲T̲H̲E̲R̲A̲P̲E̲U̲T̲I̲C̲S̲ ̲I̲N̲C̲.""
mp_fr_description: ""WAKIX (chlorhydrate de pitolisant 5 mg comprimé oral) E̲N̲D̲O̲ ̲O̲P̲E̲R̲A̲T̲I̲O̲N̲S̲ ̲L̲T̲D̲."" -> ""WAKIX (chlorhydrate de pitolisant 5 mg comprimé oral) K̲N̲I̲G̲H̲T̲ ̲T̲H̲E̲R̲A̲P̲E̲U̲T̲I̲C̲S̲ ̲I̲N̲C̲."""
87099,02385368,METFORMIN (metformin hydrochloride 850 mg oral tablet) SIVEM PHARMACEUTICALS ULC,METFORMIN (chlorhydrate de metformine 850 mg comprimé oral) SIVEM PHARMACEUTICALS ULC,"Health_Canada_product_name: ""METFORMIN FC"" -> ""METFORMIN""
mp_formal_name: ""METFORMIN ̲F̲C̲ (metformin hydrochloride 850 mg oral tablet) SIVEM PHARMACEUTICALS ULC"" -> ""METFORMIN (metformin hydrochloride 850 mg oral tablet) SIVEM PHARMACEUTICALS ULC""
mp_fr_description: ""METFORMIN ̲F̲C̲ (chlorhydrate de metformine 850 mg comprimé oral) SIVEM PHARMACEUTICALS ULC"" -> ""METFORMIN (chlorhydrate de metformine 850 mg comprimé oral) SIVEM PHARMACEUTICALS ULC"""
106601,02563207,SANDOZ GUANFACINE XR (guanfacine (guanfacine hydrochloride) 3 mg prolonged-release oral tablet) SANDOZ CANADA INCORPORATED,SANDOZ GUANFACINE XR (guanfacine (chlorhydrate de guanfacine) 3 mg comprimé oral à libération prolongée) SANDOZ CANADA INCORPORATED,ADDED
NA,77700997,PACLITAXEL INJECTION USP (paclitaxel 100 mg per 16.7 mL solution for injection vial) SANDOZ CANADA INCORPORATED,"PACLITAXEL INJECTION USP (paclitaxel 100 mg par 16,7 mL solution injectable fiole) SANDOZ CANADA INCORPORATED",ADDED
103995,02551217,REGULAR STRENGTH ASA (acetylsalicylic acid 325 mg oral tablet) LNK INTERNATIONAL INC.,REGULAR STRENGTH ASA (acide acétylsalicylique 325 mg comprimé oral) LNK INTERNATIONAL INC.,ADDED
101744,02528193,MAGNESIUM CHLORIDE FOR HEMODIALYSIS 5.15 (magnesium chloride (magnesium chloride hexahydrate) 5.15 g per vial powder for concentrate for solution for haemodialysis) CHIEF MEDICAL SUPPLIES LTD,"MAGNESIUM CHLORIDE FOR HEMODIALYSIS 5.15 (chlorure de magnésium ((fr) magnesium chloride hexahydrate) 5,15 g par fiole poudre pour solution à diluer pour solution pour hémodialyse) CHIEF MEDICAL SUPPLIES LTD",ADDED
102769,02539020,TARO-METHYLPHENIDATE ER (methylphenidate hydrochloride 36 mg prolonged-release oral tablet) SUN PHARMA CANADA INC,TARO-METHYLPHENIDATE ER (chlorhydrate de méthylphénidate 36 mg comprimé oral à libération prolongée) SUN PHARMA CANADA INC,ADDED
106047,02557126,MINT-CHLORTHALIDONE (chlorthalidone 12.5 mg oral tablet) MINT PHARMACEUTICALS INC,"MINT-CHLORTHALIDONE (chlorthalidone 12,5 mg comprimé oral) MINT PHARMACEUTICALS INC",ADDED
95595,02467585,SODIUM BICARBONATE INJECTION USP (sodium bicarbonate 84 mg per mL solution for injection) OMEGA LABORATORIES LIMITED,SODIUM BICARBONATE INJECTION USP (bicarbonate de sodium 84 mg par mL solution injectable) OMEGA LABORATORIES LIMITED,ADDED
100015,02510871,CREST PRO-HEALTH GUM DETOXIFY (cetylpyridinium chloride 0.07 % mouthwash) PROCTER & GAMBLE INC,"CREST PRO-HEALTH GUM DETOXIFY (chlorure de cétylpyridinium 0,07 % solution pour bain de bouche) PROCTER & GAMBLE INC","mp_status: ""INACTIVE"" -> ""ACTIVE""
mp_status_effective_time: ""20260121"" -> ""20210705"""
96639,02475995,AG-QUETIAPINE (quetiapine (quetiapine fumarate) 200 mg oral tablet) ANGITA PHARMA INC.,AG-QUETIAPINE (quétiapine (fumarate de quétiapine) 200 mg comprimé oral) ANGITA PHARMA INC.,"mp_status_effective_time: ""20240731"" -> ""20260507"""
91994,02435608,JAMP-TOPIRAMATE (topiramate 25 mg oral tablet) JAMP PHARMA CORPORATION,JAMP-TOPIRAMATE (topiramate 25 mg comprimé oral) JAMP PHARMA CORPORATION,"mp_status_effective_time: ""20250731"" -> ""20260507"""
76673,02281066,ABRAXANE FOR INJECTABLE SUSPENSION (paclitaxel 100 mg per vial powder for suspension for injection) BRISTOL-MYERS SQUIBB CANADA,ABRAXANE FOR INJECTABLE SUSPENSION (paclitaxel 100 mg par fiole poudre pour suspension injectable) BRISTOL-MYERS SQUIBB CANADA,ADDED
84428,02359251,BERIPLEX P/N 500 (coagulation factor ii (human) 800 unit and coagulation factor IX human 620 unit and coagulation factor vii (human) 500 unit and coagulation factor x (human) 1020 unit and protein c 820 unit and protein s 680 unit powder for solution for injection) CSL BEHRING CANADA INC,BERIPLEX P/N 500 (facteur II de coagulation humain 800 unité et facteur IX de coagulation humain 620 unité et facteur VII de coagulation humain 500 unité et facteur X de coagulation humain 1020 unité et protéine c 820 unité et protéine s 680 unité poudre pour solution injectable) CSL BEHRING CANADA INC,ADDED
42944,02194465,DOXORUBICIN HYDROCHLORIDE FOR INJECTION USP (doxorubicin hydrochloride 50 mg per vial powder for solution for injection) PFIZER CANADA ULC,DOXORUBICIN HYDROCHLORIDE FOR INJECTION USP (chlorhydrate de doxorubicine 50 mg par fiole poudre pour solution injectable) PFIZER CANADA ULC,ADDED
102387,02534983,M-SITAGLIPTIN (sitagliptin (sitagliptin phosphate monohydrate) 25 mg oral tablet) MANTRA PHARMA INC,M-SITAGLIPTIN (sitagliptine (phosphate de sitagliptine monohydraté) 25 mg comprimé oral) MANTRA PHARMA INC,ADDED
78681,02301482,CYMBALTA (duloxetine (duloxetine hydrochloride) 30 mg gastro-resistant capsule) ELI LILLY CANADA INC,CYMBALTA (duloxétine (chlorhydrate de duloxétine) 30 mg capsule gastrorésistante) ELI LILLY CANADA INC,DELETED
NA,77701204,KEYTRUDA SC (pembrolizumab 792 mg per 4.8 mL solution for injection vial) MERCK CANADA INC,"KEYTRUDA SC (pembrolizumab 792 mg par 4,8 mL solution injectable fiole) MERCK CANADA INC",ADDED
99587,02506505,NOROMBY HP (enoxaparin sodium 120 mg per 0.8 mL solution for injection syringe) JUNO PHARMA CANADA INC.,"NOROMBY HP (énoxaparine sodique 120 mg par 0,8 mL solution injectable seringue) JUNO PHARMA CANADA INC.","mp_formal_name: ""NOROMBY HP (enoxaparin sodium 120 mg per 0.8 mL solution for injection syringe) JUNO PHARMAC̲E̲U̲T̲I̲C̲A̲L̲S̲ ̲C̲O̲R̲P̲."" -> ""NOROMBY HP (enoxaparin sodium 120 mg per 0.8 mL solution for injection syringe) JUNO PHARMA ̲C̲A̲N̲A̲D̲A̲ ̲I̲N̲C̲.""
mp_fr_description: ""NOROMBY HP (énoxaparine sodique 120 mg par 0,8 mL solution injectable seringue) JUNO PHARMAC̲E̲U̲T̲I̲C̲A̲L̲S̲ ̲C̲O̲R̲P̲."" -> ""NOROMBY HP (énoxaparine sodique 120 mg par 0,8 mL solution injectable seringue) JUNO PHARMA ̲C̲A̲N̲A̲D̲A̲ ̲I̲N̲C̲."""
42890,02187116,SYNPHASIC 28 TABLETS (ethinyl estradiol 35 mcg and norethindrone 0.5 mg oral tablet with ethinyl estradiol 35 mcg and norethindrone 1 mg oral tablet with lactose oral tablet) PFIZER CANADA ULC,"SYNPHASIC 28 TABLETS (éthinylestradiol 35 mcg et noréthindrone 0,5 mg comprimé oral avec éthinylestradiol 35 mcg et noréthindrone 1 mg comprimé oral avec lactose comprimé oral) PFIZER CANADA ULC","mp_formal_name: ""SYNPHASIC 28 TABLETS (ethinyl estradiol 35 mcg and norethindrone 1̲ mg oral tablet with ethinyl estradiol 35 mcg and norethindrone 0̲.̲5̲ mg oral tablet with lactose oral tablet) PFIZER CANADA ULC"" -> ""SYNPHASIC 28 TABLETS (ethinyl estradiol 35 mcg and norethindrone 0̲.̲5̲ mg oral tablet with ethinyl estradiol 35 mcg and norethindrone 1̲ mg oral tablet with lactose oral tablet) PFIZER CANADA ULC""
mp_fr_description: ""SYNPHASIC 28 TABLETS (éthinylestradiol 35 mcg et noréthindrone 1̲ mg comprimé oral avec éthinylestradiol 35 mcg et noréthindrone 0̲,̲5̲ mg comprimé oral avec lactose comprimé oral) PFIZER CANADA ULC"" -> ""SYNPHASIC 28 TABLETS (éthinylestradiol 35 mcg et noréthindrone 0̲,̲5̲ mg comprimé oral avec éthinylestradiol 35 mcg et noréthindrone 1̲ mg comprimé oral avec lactose comprimé oral) PFIZER CANADA ULC"""
18321,02160986,CALCIUM-45 0.5-4.5 (calcium chloride 14.9 g per bottle powder for concentrate for solution for haemodialysis) VANTIVE ULC,"CALCIUM-45 0.5-4.5 (chlorure de calcium 14,9 g par bouteille poudre pour solution à diluer pour solution pour hémodialyse) VANTIVE ULC",ADDED
95780,02469146,JELIDO (lidocaine hydrochloride 20 mg per mL cutaneous gel) PENDOPHARM DIVISION OF PHARMASCIENCE INC,JELIDO (chlorhydrate de lidocaïne 20 mg par mL gel cutané) PENDOPHARM DIVISION OF PHARMASCIENCE INC,ADDED
62022,02238594,MUSE (alprostadil 500 mcg urethral stick) KNIGHT THERAPEUTICS INC.,MUSE (alprostadil 500 mcg bâton pour usage urétral) KNIGHT THERAPEUTICS INC.,"mp_formal_name: ""MUSE (alprostadil 500 mcg urethral stick) E̲N̲D̲O̲ ̲O̲P̲E̲R̲A̲T̲I̲O̲N̲S̲ ̲L̲T̲D̲."" -> ""MUSE (alprostadil 500 mcg urethral stick) K̲N̲I̲G̲H̲T̲ ̲T̲H̲E̲R̲A̲P̲E̲U̲T̲I̲C̲S̲ ̲I̲N̲C̲.""
mp_fr_description: ""MUSE (alprostadil 500 mcg bâton pour usage urétral) E̲N̲D̲O̲ ̲O̲P̲E̲R̲A̲T̲I̲O̲N̲S̲ ̲L̲T̲D̲."" -> ""MUSE (alprostadil 500 mcg bâton pour usage urétral) K̲N̲I̲G̲H̲T̲ ̲T̲H̲E̲R̲A̲P̲E̲U̲T̲I̲C̲S̲ ̲I̲N̲C̲.""
mp_status_effective_time: ""20250509"" -> ""20260520"""
92785,02443252,KLEENEX FOAM HAND SANITIZER (benzalkonium chloride 0.13 % cutaneous solution) KIMBERLY-CLARK GLOBAL SALES LLC,"KLEENEX FOAM HAND SANITIZER (chlorure de benzalkonium 0,13 % solution pour application cutanée) KIMBERLY-CLARK GLOBAL SALES LLC",ADDED
106501,02562103,YESINTEK (ustekinumab 90 mg per 1 mL solution for injection syringe) BIOCON BIOLOGICS CANADA INC,YESINTEK (ustékinumab 90 mg par 1 mL solution injectable seringue) BIOCON BIOLOGICS CANADA INC,"mp_formal_name: ""YESINTEK (ustekinumab 90 mg per 1 mL solution for injection syringe) BIOS̲I̲M̲I̲L̲A̲R̲ ̲C̲O̲L̲L̲A̲B̲O̲R̲A̲T̲I̲O̲N̲S̲ ̲I̲R̲E̲L̲A̲N̲D̲ ̲L̲I̲M̲I̲T̲E̲D̲"" -> ""YESINTEK (ustekinumab 90 mg per 1 mL solution for injection syringe) BIOC̲O̲N̲ ̲B̲I̲O̲L̲O̲G̲I̲C̲S̲ ̲C̲A̲N̲A̲D̲A̲ ̲I̲N̲C̲""
mp_fr_description: ""YESINTEK (ustékinumab 90 mg par 1 mL solution injectable seringue) BIOS̲I̲M̲I̲L̲A̲R̲ ̲C̲O̲L̲L̲A̲B̲O̲R̲A̲T̲I̲O̲N̲S̲ ̲I̲R̲E̲L̲A̲N̲D̲ ̲L̲I̲M̲I̲T̲E̲D̲"" -> ""YESINTEK (ustékinumab 90 mg par 1 mL solution injectable seringue) BIOC̲O̲N̲ ̲B̲I̲O̲L̲O̲G̲I̲C̲S̲ ̲C̲A̲N̲A̲D̲A̲ ̲I̲N̲C̲"""
92663,02442272,LUXA-D (cholecalciferol 10000 unit oral capsule) ORIMED PHARMA INC,LUXA-D (cholécalciférol 10000 unité capsule orale) ORIMED PHARMA INC,"mp_status: ""INACTIVE"" -> ""ACTIVE""
mp_status_effective_time: ""20230607"" -> ""20151020"""
NA,77701189,LIDOCAINE HYDROCHLORIDE INJECTION (lidocaine hydrochloride 100 mg per 5 mL solution for injection ampoule) JUNO PHARMA CANADA INC.,LIDOCAINE HYDROCHLORIDE INJECTION (chlorhydrate de lidocaïne 100 mg par 5 mL solution injectable ampoule) JUNO PHARMA CANADA INC.,"mp_formal_name: ""LIDOCAINE HYDROCHLORIDE INJECTION (lidocaine hydrochloride 100 mg per 5 mL solution for injection ampoule) JUNO PHARMAC̲E̲U̲T̲I̲C̲A̲L̲S̲ ̲C̲O̲R̲P̲."" -> ""LIDOCAINE HYDROCHLORIDE INJECTION (lidocaine hydrochloride 100 mg per 5 mL solution for injection ampoule) JUNO PHARMA ̲C̲A̲N̲A̲D̲A̲ ̲I̲N̲C̲.""
mp_fr_description: ""LIDOCAINE HYDROCHLORIDE INJECTION (chlorhydrate de lidocaïne 100 mg par 5 mL solution injectable ampoule) JUNO PHARMAC̲E̲U̲T̲I̲C̲A̲L̲S̲ ̲C̲O̲R̲P̲."" -> ""LIDOCAINE HYDROCHLORIDE INJECTION (chlorhydrate de lidocaïne 100 mg par 5 mL solution injectable ampoule) JUNO PHARMA ̲C̲A̲N̲A̲D̲A̲ ̲I̲N̲C̲."""
98983,02500124,FOAM-CARE ULTRA (benzalkonium chloride 0.13 % cutaneous solution) LES CHIMIQUES B.O.D. INC,"FOAM-CARE ULTRA (chlorure de benzalkonium 0,13 % solution pour application cutanée) LES CHIMIQUES B.O.D. INC",ADDED
102481,02535998,ACH-FESOTERODINE (fesoterodine fumarate 4 mg prolonged-release oral tablet) ACCORD HEALTHCARE INC,ACH-FESOTERODINE (fumarate de fésotérodine 4 mg comprimé oral à libération prolongée) ACCORD HEALTHCARE INC,ADDED
106452,02561565,PMS-BILASTINE (bilastine 20 mg oral tablet) PHARMASCIENCE INC,PMS-BILASTINE (bilastine 20 mg comprimé oral) PHARMASCIENCE INC,ADDED
103190,02543435,JAMP DOMPERIDONE TABLETS (domperidone (domperidone maleate) 10 mg oral tablet) JAMP PHARMA CORPORATION,JAMP DOMPERIDONE TABLETS (dompéridone (maléate de dompéridone) 10 mg comprimé oral) JAMP PHARMA CORPORATION,ADDED
41477,00373435,DETTOL (chloroxylenol 4.8 % cutaneous solution) RECKITT BENCKISER (CANADA) INC,"DETTOL (chloroxylénol 4,8 % solution pour application cutanée) RECKITT BENCKISER (CANADA) INC",ADDED
66672,02242842,DIGISAN E FOAM HAND SANITIZER (benzalkonium chloride 0.1 % cutaneous liquid) ECOLAB CO,"DIGISAN E FOAM HAND SANITIZER (chlorure de benzalkonium 0,1 % liquide cutané) ECOLAB CO",ADDED
93459,02448866,SOFT CARE DEFEND FOAM (chloroxylenol 1 % cutaneous solution) DIVERSEY INC,SOFT CARE DEFEND FOAM (chloroxylénol 1 % solution pour application cutanée) DIVERSEY INC,ADDED
63628,02240114,FRAXIPARINE FORTE (nadroparin calcium 19000 unit per 1 mL solution for injection syringe) ASPEN PHARMACARE CANADA INC.,FRAXIPARINE FORTE (nadroparine calcique 19000 unité par 1 mL solution injectable seringue) ASPEN PHARMACARE CANADA INC.,"mp_status_effective_time: ""20251008"" -> ""20260521"""
85450,02369575,X3 ON-THE-GO ANTISEPTIC SPRAY (benzalkonium chloride 0.13 % cutaneous spray) NATURAL ESSENTIALS INC,"X3 ON-THE-GO ANTISEPTIC SPRAY (chlorure de benzalkonium 0,13 % vaporisation cutanée) NATURAL ESSENTIALS INC",ADDED
16610,02126249,"MONISTAT 3 DUAL-PAK (miconazole nitrate 2 % cutaneous cream with miconazole nitrate 400 mg pessary) INSIGHT PHARMACEUTICALS, LLC","MONISTAT 3 DUAL-PAK (nitrate de miconazole 2 % crème cutanée avec nitrate de miconazole 400 mg ovule) INSIGHT PHARMACEUTICALS, LLC","mp_formal_name: ""MONISTAT 3 DUAL-PAK (miconazole nitrate 4̲0̲0̲ ̲m̲g̲ ̲p̲e̲s̲s̲a̲r̲y̲ ̲w̲i̲t̲h̲ ̲m̲i̲c̲o̲n̲a̲z̲o̲l̲e̲ ̲n̲i̲t̲r̲a̲t̲e̲ ̲2̲ ̲%̲ ̲c̲u̲t̲a̲n̲e̲o̲u̲s̲ ̲c̲r̲e̲a̲m̲) INSIGHT PHARMACEUTICALS, LLC"" -> ""MONISTAT 3 DUAL-PAK (miconazole nitrate 2̲ ̲%̲ ̲c̲u̲t̲a̲n̲e̲o̲u̲s̲ ̲c̲r̲e̲a̲m̲ ̲w̲i̲t̲h̲ ̲m̲i̲c̲o̲n̲a̲z̲o̲l̲e̲ ̲n̲i̲t̲r̲a̲t̲e̲ ̲4̲0̲0̲ ̲m̲g̲ ̲p̲e̲s̲s̲a̲r̲y̲) INSIGHT PHARMACEUTICALS, LLC""
mp_fr_description: ""MONISTAT 3 DUAL-PAK (nitrate de miconazole 4̲0̲0̲ ̲m̲g̲ ̲o̲v̲u̲l̲e avec nitrate de miconazole 2̲ ̲%̲ ̲c̲r̲è̲m̲e̲ ̲c̲u̲t̲a̲n̲é̲e) INSIGHT PHARMACEUTICALS, LLC"" -> ""MONISTAT 3 DUAL-PAK (nitrate de miconazole 2̲ ̲%̲ ̲c̲r̲è̲m̲e̲ ̲c̲u̲t̲a̲n̲é̲e avec nitrate de miconazole 4̲0̲0̲ ̲m̲g̲ ̲o̲v̲u̲l̲e) INSIGHT PHARMACEUTICALS, LLC"""
67891,02243948,PUREGON (follitropin beta 833 unit per mL solution for injection) ORGANON CANADA INC.,PUREGON (follitropine bêta 833 unité par mL solution injectable) ORGANON CANADA INC.,ADDED
99321,02503778,OCTREOTIDE FOR INJECTABLE SUSPENSION (octreotide (octreotide acetate) 20 mg per vial powder for prolonged-release suspension for injection with diluent solution syringe) TEVA CANADA LIMITED,OCTREOTIDE FOR INJECTABLE SUSPENSION (octréotide (acétate d'octréotide) 20 mg par fiole poudre pour suspension injectable à libération prolongée avec solution diluante seringue) TEVA CANADA LIMITED,DELETED
42889,02187108,SYNPHASIC 21 TABLETS (ethinyl estradiol 35 mcg and norethindrone 0.5 mg oral tablet with ethinyl estradiol 35 mcg and norethindrone 1 mg oral tablet) PFIZER CANADA ULC,"SYNPHASIC 21 TABLETS (éthinylestradiol 35 mcg et noréthindrone 0,5 mg comprimé oral avec éthinylestradiol 35 mcg et noréthindrone 1 mg comprimé oral) PFIZER CANADA ULC","mp_formal_name: ""SYNPHASIC 21 TABLETS (ethinyl estradiol 35 mcg and norethindrone 1̲ mg oral tablet with ethinyl estradiol 35 mcg and norethindrone 0̲.̲5̲ mg oral tablet) PFIZER CANADA ULC"" -> ""SYNPHASIC 21 TABLETS (ethinyl estradiol 35 mcg and norethindrone 0̲.̲5̲ mg oral tablet with ethinyl estradiol 35 mcg and norethindrone 1̲ mg oral tablet) PFIZER CANADA ULC""
mp_fr_description: ""SYNPHASIC 21 TABLETS (éthinylestradiol 35 mcg et noréthindrone 1̲ mg comprimé oral avec éthinylestradiol 35 mcg et noréthindrone 0̲,̲5̲ mg comprimé oral) PFIZER CANADA ULC"" -> ""SYNPHASIC 21 TABLETS (éthinylestradiol 35 mcg et noréthindrone 0̲,̲5̲ mg comprimé oral avec éthinylestradiol 35 mcg et noréthindrone 1̲ mg comprimé oral) PFIZER CANADA ULC"""
101021,02520974,KIRSTY (insulin aspart 100 unit per mL solution for injection 3 mL pen) BIOCON BIOLOGICS CANADA INC,KIRSTY (insuline asparte 100 unité par mL solution injectable 3 mL stylo) BIOCON BIOLOGICS CANADA INC,"mp_formal_name: ""KIRSTY (insulin aspart 100 unit per mL solution for injection 3 mL pen) BIOCON S̲D̲N̲.̲B̲H̲D̲"" -> ""KIRSTY (insulin aspart 100 unit per mL solution for injection 3 mL pen) BIOCON B̲I̲O̲L̲O̲G̲I̲C̲S̲ ̲C̲A̲N̲A̲D̲A̲ ̲I̲N̲C̲""
mp_fr_description: ""KIRSTY (insuline asparte 100 unité par mL solution injectable 3 mL stylo) BIOCON S̲D̲N̲.̲B̲H̲D̲"" -> ""KIRSTY (insuline asparte 100 unité par mL solution injectable 3 mL stylo) BIOCON B̲I̲O̲L̲O̲G̲I̲C̲S̲ ̲C̲A̲N̲A̲D̲A̲ ̲I̲N̲C̲"""
89148,02406802,SOFTSOAP ANTIBACTERIAL (benzalkonium chloride 0.13 % cutaneous solution) COLGATE-PALMOLIVE CANADA INC,"SOFTSOAP ANTIBACTERIAL (chlorure de benzalkonium 0,13 % solution pour application cutanée) COLGATE-PALMOLIVE CANADA INC",ADDED
103109,02542560,HEMGENIX (etranacogene dezaparvovec 1e13 genome copies per mL suspension for injection) CSL BEHRING CANADA INC,HEMGENIX (étranacogène dézaparvovec 1e13 copies génomiques par mL suspension injectable) CSL BEHRING CANADA INC,ADDED
76653,02280868,BENADRYL BUG BITE RELIEF (diphenhydramine hydrochloride 2 % and zinc acetate 0.1 % cutaneous solution) KENVUE CANADA INC.,"BENADRYL BUG BITE RELIEF (chlorhydrate de diphenhydramine 2 % et acétate de zinc 0,1 % solution pour application cutanée) KENVUE CANADA INC.","mp_formal_name: ""BENADRYL BUG BITE RELIEF (diphenhydramine hydrochloride 2 % and zinc acetate 0.1 % cutaneous solution) M̲C̲N̲E̲I̲L̲ ̲C̲O̲N̲S̲U̲M̲E̲R̲ ̲H̲E̲A̲L̲T̲H̲C̲A̲R̲E̲ ̲D̲I̲V̲I̲S̲I̲O̲N̲ ̲O̲F̲ ̲J̲O̲H̲N̲S̲O̲N̲ ̲&̲ ̲J̲O̲H̲N̲S̲O̲N̲ ̲I̲N̲C̲"" -> ""BENADRYL BUG BITE RELIEF (diphenhydramine hydrochloride 2 % and zinc acetate 0.1 % cutaneous solution) K̲E̲N̲V̲U̲E̲ ̲C̲A̲N̲A̲D̲A̲ ̲I̲N̲C̲.̲""
mp_fr_description: ""BENADRYL BUG BITE RELIEF (chlorhydrate de diphenhydramine 2 % et acétate de zinc 0,1 % solution pour application cutanée) M̲C̲N̲E̲I̲L̲ ̲C̲O̲N̲S̲U̲M̲E̲R̲ ̲H̲E̲A̲L̲T̲H̲C̲A̲R̲E̲ ̲D̲I̲V̲I̲S̲I̲O̲N̲ ̲O̲F̲ ̲J̲O̲H̲N̲S̲O̲N̲ ̲&̲ ̲J̲O̲H̲N̲S̲O̲N̲ ̲I̲N̲C̲"" -> ""BENADRYL BUG BITE RELIEF (chlorhydrate de diphenhydramine 2 % et acétate de zinc 0,1 % solution pour application cutanée) K̲E̲N̲V̲U̲E̲ ̲C̲A̲N̲A̲D̲A̲ ̲I̲N̲C̲.̲"""
99583,02506467,NOROMBY (enoxaparin sodium 40 mg per 0.4 mL solution for injection syringe) JUNO PHARMA CANADA INC.,"NOROMBY (énoxaparine sodique 40 mg par 0,4 mL solution injectable seringue) JUNO PHARMA CANADA INC.","mp_formal_name: ""NOROMBY (enoxaparin sodium 40 mg per 0.4 mL solution for injection syringe) JUNO PHARMAC̲E̲U̲T̲I̲C̲A̲L̲S̲ ̲C̲O̲R̲P̲."" -> ""NOROMBY (enoxaparin sodium 40 mg per 0.4 mL solution for injection syringe) JUNO PHARMA ̲C̲A̲N̲A̲D̲A̲ ̲I̲N̲C̲.""
mp_fr_description: ""NOROMBY (énoxaparine sodique 40 mg par 0,4 mL solution injectable seringue) JUNO PHARMAC̲E̲U̲T̲I̲C̲A̲L̲S̲ ̲C̲O̲R̲P̲."" -> ""NOROMBY (énoxaparine sodique 40 mg par 0,4 mL solution injectable seringue) JUNO PHARMA ̲C̲A̲N̲A̲D̲A̲ ̲I̲N̲C̲."""
74506,02259796,RIVA-GABAPENTIN (gabapentin 600 mg oral tablet) LABORATOIRE RIVA INC.,RIVA-GABAPENTIN (gabapentine 600 mg comprimé oral) LABORATOIRE RIVA INC.,"mp_status: ""INACTIVE"" -> ""ACTIVE""
mp_status_effective_time: ""20260122"" -> ""20041203"""
97058,02480034,POTASSIUM CHLORIDE FOR INJECTION CONCENTRATE (potassium chloride 200 meq per 100 mL solution for injection) OMEGA LABORATORIES LIMITED,POTASSIUM CHLORIDE FOR INJECTION CONCENTRATE (chlorure de potassium 200 meq par 100 mL solution injectable) OMEGA LABORATORIES LIMITED,ADDED
60205,02236913,FRAXIPARINE (nadroparin calcium 2850 unit per 0.3 mL solution for injection syringe) ASPEN PHARMACARE CANADA INC.,"FRAXIPARINE (nadroparine calcique 2850 unité par 0,3 mL solution injectable seringue) ASPEN PHARMACARE CANADA INC.","mp_status_effective_time: ""20251008"" -> ""20260521"""
88829,02403498,BICART (sodium bicarbonate 720 g per cartridge powder for concentrate for solution for haemodialysis) VANTIVE ULC,BICART (bicarbonate de sodium 720 g par cartouche poudre pour solution à diluer pour solution pour hémodialyse) VANTIVE ULC,ADDED
101416,02525143,AG-GUANFACINE XR (guanfacine (guanfacine hydrochloride) 3 mg prolonged-release oral tablet) ANGITA PHARMA INC.,AG-GUANFACINE XR (guanfacine (chlorhydrate de guanfacine) 3 mg comprimé oral à libération prolongée) ANGITA PHARMA INC.,ADDED
91926,02434970,OCTAPLEX (coagulation factor ii (human) 1520 unit per vial and coagulation factor IX human 1000 unit per vial and coagulation factor vii (human) 960 unit per vial and coagulation factor x (human) 1200 unit per vial and protein c 1240 unit per vial and protein s 1280 unit per vial NA) OCTAPHARMA PHARMAZEUTIKA PRODUKTIONSGES M B H,OCTAPLEX (facteur II de coagulation humain 1520 unité par fiole et facteur IX de coagulation humain 1000 unité par fiole et facteur VII de coagulation humain 960 unité par fiole et facteur X de coagulation humain 1200 unité par fiole et protéine c 1240 unité par fiole et protéine s 1280 unité par fiole NA) OCTAPHARMA PHARMAZEUTIKA PRODUKTIONSGES M B H,ADDED
11537,00779237,BACTI-STAT 0.3% (triclosan 0.3 % cutaneous liquid) ECOLAB CO,"BACTI-STAT 0.3% (triclosan 0,3 % liquide cutané) ECOLAB CO",ADDED
73418,02249340,ANTIBACTERIAL LOTION SOAP (triclosan 0.4 % NA) CHARLOTTE PRODUCTS LTD.,"ANTIBACTERIAL LOTION SOAP (triclosan 0,4 % NA) CHARLOTTE PRODUCTS LTD.",ADDED
NA,77700991,PACLITAXEL FOR INJECTION (paclitaxel 100 mg per 16.7 mL solution for injection vial) BIOLYSE PHARMA CORPORATION,"PACLITAXEL FOR INJECTION (paclitaxel 100 mg par 16,7 mL solution injectable fiole) BIOLYSE PHARMA CORPORATION",ADDED
96432,02474271,METOPROLOL TARTRATE INJECTION USP (metoprolol tartrate 5 mg per 5 mL solution for injection vial) JUNO PHARMA CANADA INC.,METOPROLOL TARTRATE INJECTION USP (tartrate de métoprolol 5 mg par 5 mL solution injectable fiole) JUNO PHARMA CANADA INC.,"mp_formal_name: ""METOPROLOL TARTRATE INJECTION USP (metoprolol tartrate 5 mg per 5 mL solution for injection vial) JUNO PHARMAC̲E̲U̲T̲I̲C̲A̲L̲S̲ ̲C̲O̲R̲P̲."" -> ""METOPROLOL TARTRATE INJECTION USP (metoprolol tartrate 5 mg per 5 mL solution for injection vial) JUNO PHARMA ̲C̲A̲N̲A̲D̲A̲ ̲I̲N̲C̲.""
mp_fr_description: ""METOPROLOL TARTRATE INJECTION USP (tartrate de métoprolol 5 mg par 5 mL solution injectable fiole) JUNO PHARMAC̲E̲U̲T̲I̲C̲A̲L̲S̲ ̲C̲O̲R̲P̲."" -> ""METOPROLOL TARTRATE INJECTION USP (tartrate de métoprolol 5 mg par 5 mL solution injectable fiole) JUNO PHARMA ̲C̲A̲N̲A̲D̲A̲ ̲I̲N̲C̲."""
99902,02509733,INCRELEX (mecasermin 40 mg per 4 mL solution for injection vial) ESTEVE PHARMACEUTICALS S.A.,INCRELEX (mécasermine 40 mg par 4 mL solution injectable fiole) ESTEVE PHARMACEUTICALS S.A.,"mp_formal_name: ""INCRELEX (mecasermin 40 mg per 4 mL solution for injection vial) I̲P̲S̲E̲N̲ ̲B̲I̲O̲P̲H̲A̲R̲M̲A̲C̲E̲U̲T̲I̲C̲A̲L̲S̲ ̲C̲A̲N̲A̲D̲A̲ ̲I̲N̲C̲"" -> ""INCRELEX (mecasermin 40 mg per 4 mL solution for injection vial) E̲S̲T̲E̲V̲E̲ ̲P̲H̲A̲R̲M̲A̲C̲E̲U̲T̲I̲C̲A̲L̲S̲ ̲S̲.̲A̲.̲""
mp_fr_description: ""INCRELEX (mécasermine 40 mg par 4 mL solution injectable fiole) I̲P̲S̲E̲N̲ ̲B̲I̲O̲P̲H̲A̲R̲M̲A̲C̲E̲U̲T̲I̲C̲A̲L̲S̲ ̲C̲A̲N̲A̲D̲A̲ ̲I̲N̲C̲"" -> ""INCRELEX (mécasermine 40 mg par 4 mL solution injectable fiole) E̲S̲T̲E̲V̲E̲ ̲P̲H̲A̲R̲M̲A̲C̲E̲U̲T̲I̲C̲A̲L̲S̲ ̲S̲.̲A̲.̲"""
106725,02564564,APO-CANAGLIFLOZIN (canagliflozin 300 mg oral tablet) APOTEX INC,APO-CANAGLIFLOZIN (canagliflozine 300 mg comprimé oral) APOTEX INC,ADDED
5970,00578657,EPIPEN JR (epinephrine 0.15 mg per 0.3 mL solution for injection syringe) VIATRIS SPECIALTY LLC,"EPIPEN JR (épinéphrine 0,15 mg par 0,3 mL solution injectable seringue) VIATRIS SPECIALTY LLC","mp_formal_name: ""EPIPEN JR (epinephrine 0.15 mg per 0.3 mL solution for injection syringe) M̲Y̲L̲A̲N̲ SPECIALTY LP̲"" -> ""EPIPEN JR (epinephrine 0.15 mg per 0.3 mL solution for injection syringe) V̲I̲A̲T̲R̲I̲S̲ SPECIALTY LL̲C̲""
mp_fr_description: ""EPIPEN JR (épinéphrine 0,15 mg par 0,3 mL solution injectable seringue) M̲Y̲L̲A̲N̲ SPECIALTY LP̲"" -> ""EPIPEN JR (épinéphrine 0,15 mg par 0,3 mL solution injectable seringue) V̲I̲A̲T̲R̲I̲S̲ SPECIALTY LL̲C̲"""
NA,77701187,LIDOCAINE HYDROCHLORIDE INJECTION (lidocaine hydrochloride 50 mg per 5 mL solution for injection ampoule) JUNO PHARMA CANADA INC.,LIDOCAINE HYDROCHLORIDE INJECTION (chlorhydrate de lidocaïne 50 mg par 5 mL solution injectable ampoule) JUNO PHARMA CANADA INC.,"mp_formal_name: ""LIDOCAINE HYDROCHLORIDE INJECTION (lidocaine hydrochloride 50 mg per 5 mL solution for injection ampoule) JUNO PHARMAC̲E̲U̲T̲I̲C̲A̲L̲S̲ ̲C̲O̲R̲P̲."" -> ""LIDOCAINE HYDROCHLORIDE INJECTION (lidocaine hydrochloride 50 mg per 5 mL solution for injection ampoule) JUNO PHARMA ̲C̲A̲N̲A̲D̲A̲ ̲I̲N̲C̲.""
mp_fr_description: ""LIDOCAINE HYDROCHLORIDE INJECTION (chlorhydrate de lidocaïne 50 mg par 5 mL solution injectable ampoule) JUNO PHARMAC̲E̲U̲T̲I̲C̲A̲L̲S̲ ̲C̲O̲R̲P̲."" -> ""LIDOCAINE HYDROCHLORIDE INJECTION (chlorhydrate de lidocaïne 50 mg par 5 mL solution injectable ampoule) JUNO PHARMA ̲C̲A̲N̲A̲D̲A̲ ̲I̲N̲C̲."""
60248,02236954,BAND-AID BRAND ADHESIVE BANDAGES PLUS ANTIBIOTIC (bacitracin (bacitracin zinc) 500 unit per g and polymyxin B (polymyxin B sulfate) 10000 unit per g dressing) KENVUE CANADA INC.,BAND-AID BRAND ADHESIVE BANDAGES PLUS ANTIBIOTIC (bacitracine (bacitracine de zinc) 500 unité par g et polymyxine B (sulfate de polymyxine B) 10000 unité par g compresse) KENVUE CANADA INC.,"mp_formal_name: ""BAND-AID BRAND ADHESIVE BANDAGES PLUS ANTIBIOTIC (bacitracin (bacitracin zinc) 500 unit per g and polymyxin B (polymyxin B sulfate) 10000 unit per g dressing) J̲O̲H̲N̲S̲O̲N̲ ̲&̲ ̲J̲O̲H̲N̲S̲O̲N̲ ̲I̲N̲C̲"" -> ""BAND-AID BRAND ADHESIVE BANDAGES PLUS ANTIBIOTIC (bacitracin (bacitracin zinc) 500 unit per g and polymyxin B (polymyxin B sulfate) 10000 unit per g dressing) K̲E̲N̲V̲U̲E̲ ̲C̲A̲N̲A̲D̲A̲ ̲I̲N̲C̲.̲""
mp_fr_description: ""BAND-AID BRAND ADHESIVE BANDAGES PLUS ANTIBIOTIC (bacitracine (bacitracine de zinc) 500 unité par g et polymyxine B (sulfate de polymyxine B) 10000 unité par g compresse) J̲O̲H̲N̲S̲O̲N̲ ̲&̲ ̲J̲O̲H̲N̲S̲O̲N̲ ̲I̲N̲C̲"" -> ""BAND-AID BRAND ADHESIVE BANDAGES PLUS ANTIBIOTIC (bacitracine (bacitracine de zinc) 500 unité par g et polymyxine B (sulfate de polymyxine B) 10000 unité par g compresse) K̲E̲N̲V̲U̲E̲ ̲C̲A̲N̲A̲D̲A̲ ̲I̲N̲C̲.̲"""
16611,02126257,"MONISTAT 7 DUAL-PAK (miconazole nitrate 2 % cutaneous cream with miconazole nitrate 100 mg pessary) INSIGHT PHARMACEUTICALS, LLC","MONISTAT 7 DUAL-PAK (nitrate de miconazole 2 % crème cutanée avec nitrate de miconazole 100 mg ovule) INSIGHT PHARMACEUTICALS, LLC","mp_formal_name: ""MONISTAT 7 DUAL-PAK (miconazole nitrate 1̲0̲0̲ ̲m̲g̲ ̲p̲e̲s̲s̲a̲r̲y̲ ̲w̲i̲t̲h̲ ̲m̲i̲c̲o̲n̲a̲z̲o̲l̲e̲ ̲n̲i̲t̲r̲a̲t̲e̲ ̲2̲ ̲%̲ ̲c̲u̲t̲a̲n̲e̲o̲u̲s̲ ̲c̲r̲e̲a̲m̲) INSIGHT PHARMACEUTICALS, LLC"" -> ""MONISTAT 7 DUAL-PAK (miconazole nitrate 2̲ ̲%̲ ̲c̲u̲t̲a̲n̲e̲o̲u̲s̲ ̲c̲r̲e̲a̲m̲ ̲w̲i̲t̲h̲ ̲m̲i̲c̲o̲n̲a̲z̲o̲l̲e̲ ̲n̲i̲t̲r̲a̲t̲e̲ ̲1̲0̲0̲ ̲m̲g̲ ̲p̲e̲s̲s̲a̲r̲y̲) INSIGHT PHARMACEUTICALS, LLC""
mp_fr_description: ""MONISTAT 7 DUAL-PAK (nitrate de miconazole 1̲0̲0̲ ̲m̲g̲ ̲o̲v̲u̲l̲e avec nitrate de miconazole 2̲ ̲%̲ ̲c̲r̲è̲m̲e̲ ̲c̲u̲t̲a̲n̲é̲e) INSIGHT PHARMACEUTICALS, LLC"" -> ""MONISTAT 7 DUAL-PAK (nitrate de miconazole 2̲ ̲%̲ ̲c̲r̲è̲m̲e̲ ̲c̲u̲t̲a̲n̲é̲e avec nitrate de miconazole 1̲0̲0̲ ̲m̲g̲ ̲o̲v̲u̲l̲e) INSIGHT PHARMACEUTICALS, LLC"""
101425,02525240,PRO-GUANFACINE XR (guanfacine (guanfacine hydrochloride) 3 mg prolonged-release oral tablet) PRO DOC LIMITEE,PRO-GUANFACINE XR (guanfacine (chlorhydrate de guanfacine) 3 mg comprimé oral à libération prolongée) PRO DOC LIMITEE,ADDED
76939,02283816,ANTIBACTERIAL CLEAN & SMOOTH (triclosan 0.3 % cutaneous solution) ECOLAB CO,"ANTIBACTERIAL CLEAN & SMOOTH (triclosan 0,3 % solution pour application cutanée) ECOLAB CO",ADDED
106794,02565323,RECARBRIO (cilastatin (cilastatin sodium) 500 mg per vial and imipenem 500 mg per vial and relebactam 250 mg per vial powder for solution for injection) MERCK CANADA INC,RECARBRIO (cilastatine (cilastatine sodique) 500 mg par fiole et imipénem 500 mg par fiole et rélébactam 250 mg par fiole poudre pour solution injectable) MERCK CANADA INC,ADDED
96564,02475286,DONEPEZIL (donepezil hydrochloride 10 mg oral tablet) LABORATOIRE RIVA INC.,DONEPEZIL (chlorhydrate de donépézil 10 mg comprimé oral) LABORATOIRE RIVA INC.,DELETED
102482,02536005,ACH-FESOTERODINE (fesoterodine fumarate 8 mg prolonged-release oral tablet) ACCORD HEALTHCARE INC,ACH-FESOTERODINE (fumarate de fésotérodine 8 mg comprimé oral à libération prolongée) ACCORD HEALTHCARE INC,ADDED
97037,02479729,"ALCOHOL FREE FOAMING HAND SANITIZER (benzalkonium chloride 0.13 % cutaneous solution) VI-JON, LLC","ALCOHOL FREE FOAMING HAND SANITIZER (chlorure de benzalkonium 0,13 % solution pour application cutanée) VI-JON, LLC",ADDED
106801,02565404,AMB-SOTALOL (sotalol hydrochloride 80 mg oral tablet) AMBICARE PHARMACEUTICALS INC.,AMB-SOTALOL (chlorhydrate de sotalol 80 mg comprimé oral) AMBICARE PHARMACEUTICALS INC.,ADDED
84234,02357216,JAMP BICALUTAMIDE (bicalutamide 50 mg oral tablet) JAMP PHARMA CORPORATION,JAMP BICALUTAMIDE (bicalutamide 50 mg comprimé oral) JAMP PHARMA CORPORATION,"Health_Canada_product_name: ""JAMP-BICALUTAMIDE"" -> ""JAMP BICALUTAMIDE""
mp_formal_name: ""JAMP-̲BICALUTAMIDE (bicalutamide 50 mg oral tablet) JAMP PHARMA CORPORATION"" -> ""JAMP ̲BICALUTAMIDE (bicalutamide 50 mg oral tablet) JAMP PHARMA CORPORATION""
mp_fr_description: ""JAMP-̲BICALUTAMIDE (bicalutamide 50 mg comprimé oral) JAMP PHARMA CORPORATION"" -> ""JAMP ̲BICALUTAMIDE (bicalutamide 50 mg comprimé oral) JAMP PHARMA CORPORATION"""
81616,02330423,JAMP-QUETIAPINE (quetiapine (quetiapine fumarate) 100 mg oral tablet) JAMP PHARMA CORPORATION,JAMP-QUETIAPINE (quétiapine (fumarate de quétiapine) 100 mg comprimé oral) JAMP PHARMA CORPORATION,"mp_status_effective_time: ""20250731"" -> ""20260507"""
70601,02246427,KEYSTONE FOAM HAND SANITIZER (benzalkonium chloride 0.1 % cutaneous liquid) ECOLAB CO,"KEYSTONE FOAM HAND SANITIZER (chlorure de benzalkonium 0,1 % liquide cutané) ECOLAB CO",ADDED
102427,02535416,TEVA-BUDESONIDE (budesonide 0.5 mg per 2 mL nebulizer suspension unit dose vial) TEVA CANADA LIMITED,"TEVA-BUDESONIDE (budésonide 0,5 mg par 2 mL suspension pour inhalation par nébuliseur fiole unidose) TEVA CANADA LIMITED",ADDED
65339,02241679,POTASSIUM CHLORIDE INJECTION (potassium chloride 40 meq per 100 mL solution for injection) BAXTER CORPORATION,POTASSIUM CHLORIDE INJECTION (chlorure de potassium 40 meq par 100 mL solution injectable) BAXTER CORPORATION,ADDED
3394,00402206,POTASSIUM CHLORIDE FOR INJECTION CONCENTRATE (potassium chloride 20 meq per 10 mL solution for injection) OMEGA LABORATORIES LIMITED,POTASSIUM CHLORIDE FOR INJECTION CONCENTRATE (chlorure de potassium 20 meq par 10 mL solution injectable) OMEGA LABORATORIES LIMITED,ADDED
78954,02304252,BENADRYL ALLERGY LIQUIGELS (diphenhydramine hydrochloride 25 mg oral capsule) KENVUE CANADA INC.,BENADRYL ALLERGY LIQUIGELS (chlorhydrate de diphenhydramine 25 mg capsule orale) KENVUE CANADA INC.,"mp_formal_name: ""BENADRYL ALLERGY LIQUIGELS (diphenhydramine hydrochloride 25 mg oral capsule) M̲C̲N̲E̲I̲L̲ ̲C̲O̲N̲S̲U̲M̲E̲R̲ ̲H̲E̲A̲L̲T̲H̲C̲A̲R̲E̲ ̲D̲I̲V̲I̲S̲I̲O̲N̲ ̲O̲F̲ ̲J̲O̲H̲N̲S̲O̲N̲ ̲&̲ ̲J̲O̲H̲N̲S̲O̲N̲ ̲I̲N̲C̲"" -> ""BENADRYL ALLERGY LIQUIGELS (diphenhydramine hydrochloride 25 mg oral capsule) K̲E̲N̲V̲U̲E̲ ̲C̲A̲N̲A̲D̲A̲ ̲I̲N̲C̲.̲""
mp_fr_description: ""BENADRYL ALLERGY LIQUIGELS (chlorhydrate de diphenhydramine 25 mg capsule orale) M̲C̲N̲E̲I̲L̲ ̲C̲O̲N̲S̲U̲M̲E̲R̲ ̲H̲E̲A̲L̲T̲H̲C̲A̲R̲E̲ ̲D̲I̲V̲I̲S̲I̲O̲N̲ ̲O̲F̲ ̲J̲O̲H̲N̲S̲O̲N̲ ̲&̲ ̲J̲O̲H̲N̲S̲O̲N̲ ̲I̲N̲C̲"" -> ""BENADRYL ALLERGY LIQUIGELS (chlorhydrate de diphenhydramine 25 mg capsule orale) K̲E̲N̲V̲U̲E̲ ̲C̲A̲N̲A̲D̲A̲ ̲I̲N̲C̲.̲"""
102623,02537524,ANTIBACTERIAL FOAMING HAND SOAP (benzalkonium chloride 0.13 % cutaneous solution) RUBBERMAID COMMERCIAL PRODUCTS LLC,"ANTIBACTERIAL FOAMING HAND SOAP (chlorure de benzalkonium 0,13 % solution pour application cutanée) RUBBERMAID COMMERCIAL PRODUCTS LLC",ADDED
91489,02430436,MEN EXPERT ANTI-DANDRUFF 2 IN 1 (pyrithione zinc 1 % shampoo) L'OREAL CANADA,MEN EXPERT ANTI-DANDRUFF 2 IN 1 (pyrithione zincique 1 % shampoing) L'OREAL CANADA,"mp_formal_name: ""MEN EXPERT ANTI-DANDRUFF 2 IN 1 (pyrithione zinc 1 % shampoo) L' ̲OREAL CANADA"" -> ""MEN EXPERT ANTI-DANDRUFF 2 IN 1 (pyrithione zinc 1 % shampoo) L'OREAL CANADA""
mp_fr_description: ""MEN EXPERT ANTI-DANDRUFF 2 IN 1 (pyrithione zincique 1 % shampoing) L' ̲OREAL CANADA"" -> ""MEN EXPERT ANTI-DANDRUFF 2 IN 1 (pyrithione zincique 1 % shampoing) L'OREAL CANADA"""
103051,02541904,SODIUM BICARBONATE INJECTION USP (sodium bicarbonate 84 mg per mL solution for injection) STERIMAX INC,SODIUM BICARBONATE INJECTION USP (bicarbonate de sodium 84 mg par mL solution injectable) STERIMAX INC,ADDED
106622,02563444,HYRNUO (sevabertinib 10 mg oral tablet) BAYER INC,HYRNUO (sévabertinib 10 mg comprimé oral) BAYER INC,ADDED
97767,02487519,SANDOZ APIXABAN TABLET (apixaban 2.5 mg oral tablet) SANDOZ CANADA INCORPORATED,"SANDOZ APIXABAN TABLET (apixaban 2,5 mg comprimé oral) SANDOZ CANADA INCORPORATED",ADDED
107038,02568020,APO-SEMAGLUTIDE INJECTION (semaglutide 0.68 mg per mL solution for injection 3 mL pen) APOTEX INC,"APO-SEMAGLUTIDE INJECTION (sémaglutide 0,68 mg par mL solution injectable 3 mL stylo) APOTEX INC",ADDED
106653,02563789,JATENZO (testosterone undecanoate 198 mg oral capsule) TOLMAR INTERNATIONAL LTD.,JATENZO (undécanoate de testostérone 198 mg capsule orale) TOLMAR INTERNATIONAL LTD.,ADDED
93393,02448262,JAMP BILASTINE ORAL SOLUTION (bilastine 10 mg per 4 mL oral solution) JAMP PHARMA CORPORATION,JAMP BILASTINE ORAL SOLUTION (bilastine 10 mg par 4 mL solution orale) JAMP PHARMA CORPORATION,ADDED
NA,77700785,DOXORUBICIN HYDROCHLORIDE INJECTION (doxorubicin hydrochloride 10 mg per 5 mL solution for injection vial) TEVA CANADA LIMITED,DOXORUBICIN HYDROCHLORIDE INJECTION (chlorhydrate de doxorubicine 10 mg par 5 mL solution injectable fiole) TEVA CANADA LIMITED,ADDED
66677,02242847,DIGICLEAN E FOAM HAND SOAP (chloroxylenol 1 % cutaneous liquid) ECOLAB CO,DIGICLEAN E FOAM HAND SOAP (chloroxylénol 1 % liquide cutané) ECOLAB CO,ADDED
104208,02553120,JAMTEKI I.V. (ustekinumab 130 mg per 26 mL solution for injection vial) JAMP PHARMA CORPORATION,JAMTEKI I.V. (ustékinumab 130 mg par 26 mL solution injectable fiole) JAMP PHARMA CORPORATION,ADDED
81619,02330466,JAMP-QUETIAPINE (quetiapine (quetiapine fumarate) 300 mg oral tablet) JAMP PHARMA CORPORATION,JAMP-QUETIAPINE (quétiapine (fumarate de quétiapine) 300 mg comprimé oral) JAMP PHARMA CORPORATION,"mp_status_effective_time: ""20240731"" -> ""20260507"""
86317,02377462,ANALGESIC AND MUSCLE RELAXANT (ibuprofen 400 mg and methocarbamol 500 mg oral tablet) PHARMASCIENCE INC,ANALGESIC AND MUSCLE RELAXANT (ibuprofène 400 mg et méthocarbamol 500 mg comprimé oral) PHARMASCIENCE INC,DELETED
95297,02464829,DIAL ANTIBACTERIAL HAND SOAP (benzalkonium chloride 0.13 % cutaneous solution) HENKEL CONSUMER BRANDS CANADA CORPORATION,"DIAL ANTIBACTERIAL HAND SOAP (chlorure de benzalkonium 0,13 % solution pour application cutanée) HENKEL CONSUMER BRANDS CANADA CORPORATION",ADDED
18310,02161060,CALCIUM-45 0.25-4.5 (calcium chloride 7.45 g per bottle powder for concentrate for solution for haemodialysis) VANTIVE ULC,"CALCIUM-45 0.25-4.5 (chlorure de calcium 7,45 g par bouteille poudre pour solution à diluer pour solution pour hémodialyse) VANTIVE ULC",ADDED
95992,02470853,FINIPIL (benzethonium chloride 0.2 % cutaneous cream) EQUIBAL LABS INC,"FINIPIL (chlorure de benzéthonium 0,2 % crème cutanée) EQUIBAL LABS INC",ADDED
102388,02534991,M-SITAGLIPTIN (sitagliptin (sitagliptin phosphate monohydrate) 50 mg oral tablet) MANTRA PHARMA INC,M-SITAGLIPTIN (sitagliptine (phosphate de sitagliptine monohydraté) 50 mg comprimé oral) MANTRA PHARMA INC,ADDED
101423,02525224,PRO-GUANFACINE XR (guanfacine (guanfacine hydrochloride) 1 mg prolonged-release oral tablet) PRO DOC LIMITEE,PRO-GUANFACINE XR (guanfacine (chlorhydrate de guanfacine) 1 mg comprimé oral à libération prolongée) PRO DOC LIMITEE,ADDED
99178,02502208,HAND SANITIZER (benzalkonium chloride 0.15 % cutaneous solution) CONTRACT PACKAGING DISTRIBUTION INC.,"HAND SANITIZER (chlorure de benzalkonium 0,15 % solution pour application cutanée) CONTRACT PACKAGING DISTRIBUTION INC.",ADDED
107016,02567784,OCTREOTIDE DEPOT (octreotide (octreotide acetate) 20 mg per vial powder for prolonged-release suspension for injection) STERIMAX INC,OCTREOTIDE DEPOT (octréotide (acétate d'octréotide) 20 mg par fiole poudre pour suspension injectable à libération prolongée) STERIMAX INC,ADDED
81615,02330415,JAMP-QUETIAPINE (quetiapine (quetiapine fumarate) 25 mg oral tablet) JAMP PHARMA CORPORATION,JAMP-QUETIAPINE (quétiapine (fumarate de quétiapine) 25 mg comprimé oral) JAMP PHARMA CORPORATION,"mp_status_effective_time: ""20240731"" -> ""20260507"""
91996,02435624,JAMP-TOPIRAMATE (topiramate 200 mg oral tablet) JAMP PHARMA CORPORATION,JAMP-TOPIRAMATE (topiramate 200 mg comprimé oral) JAMP PHARMA CORPORATION,"mp_status_effective_time: ""20250731"" -> ""20260507"""
75279,02267365,INO-F-SAN INSTANT HAND SANITIZER (benzethonium chloride 0.2 % cutaneous liquid) GROUPE DISSAN INC.,"INO-F-SAN INSTANT HAND SANITIZER (chlorure de benzéthonium 0,2 % liquide cutané) GROUPE DISSAN INC.",ADDED
31360,02139529,"SODIUM ACETATE INJECTION, USP (sodium acetate 328 mg per mL solution for injection) FRESENIUS KABI CANADA LTD","SODIUM ACETATE INJECTION, USP (acétate de sodium 328 mg par mL solution injectable) FRESENIUS KABI CANADA LTD",ADDED
NA,77700158,PHENYTOIN SODIUM INJECTION USP (phenytoin sodium 250 mg per 5 mL solution for injection vial) JUNO PHARMA CANADA INC.,PHENYTOIN SODIUM INJECTION USP (phénytoïne sodique 250 mg par 5 mL solution injectable fiole) JUNO PHARMA CANADA INC.,"mp_formal_name: ""PHENYTOIN SODIUM INJECTION USP (phenytoin sodium 250 mg per 5 mL solution for injection vial) O̲M̲E̲G̲A̲ ̲L̲A̲B̲O̲R̲A̲T̲O̲R̲I̲E̲S̲ ̲L̲I̲M̲I̲T̲E̲D̲"" -> ""PHENYTOIN SODIUM INJECTION USP (phenytoin sodium 250 mg per 5 mL solution for injection vial) J̲U̲N̲O̲ ̲P̲H̲A̲R̲M̲A̲ ̲C̲A̲N̲A̲D̲A̲ ̲I̲N̲C̲.̲""
mp_fr_description: ""PHENYTOIN SODIUM INJECTION USP (phénytoïne sodique 250 mg par 5 mL solution injectable fiole) O̲M̲E̲G̲A̲ ̲L̲A̲B̲O̲R̲A̲T̲O̲R̲I̲E̲S̲ ̲L̲I̲M̲I̲T̲E̲D̲"" -> ""PHENYTOIN SODIUM INJECTION USP (phénytoïne sodique 250 mg par 5 mL solution injectable fiole) J̲U̲N̲O̲ ̲P̲H̲A̲R̲M̲A̲ ̲C̲A̲N̲A̲D̲A̲ ̲I̲N̲C̲.̲"""
106769,02565056,RIVA-LACOSAMIDE (lacosamide 50 mg oral tablet) LABORATOIRE RIVA INC.,RIVA-LACOSAMIDE (lacosamide 50 mg comprimé oral) LABORATOIRE RIVA INC.,ADDED
87098,02385341,METFORMIN (metformin hydrochloride 500 mg oral tablet) SIVEM PHARMACEUTICALS ULC,METFORMIN (chlorhydrate de metformine 500 mg comprimé oral) SIVEM PHARMACEUTICALS ULC,"Health_Canada_product_name: ""METFORMIN FC"" -> ""METFORMIN""
mp_formal_name: ""METFORMIN ̲F̲C̲ (metformin hydrochloride 500 mg oral tablet) SIVEM PHARMACEUTICALS ULC"" -> ""METFORMIN (metformin hydrochloride 500 mg oral tablet) SIVEM PHARMACEUTICALS ULC""
mp_fr_description: ""METFORMIN ̲F̲C̲ (chlorhydrate de metformine 500 mg comprimé oral) SIVEM PHARMACEUTICALS ULC"" -> ""METFORMIN (chlorhydrate de metformine 500 mg comprimé oral) SIVEM PHARMACEUTICALS ULC"""
100339,02514222,VISTASEAL (fibrinogen human 80 mg per 1 mL and thrombin human 500 unit per 1 mL cutaneous solution) INSTITUTO GRIFOLS S.A.,VISTASEAL (fibrinogène humaine 80 mg par 1 mL et thrombine humaine 500 unité par 1 mL solution pour application cutanée) INSTITUTO GRIFOLS S.A.,ADDED
93677,02450615,FRAXIPARINE (nadroparin calcium 1900 unit per 0.2 mL solution for injection syringe) ASPEN PHARMACARE CANADA INC.,"FRAXIPARINE (nadroparine calcique 1900 unité par 0,2 mL solution injectable seringue) ASPEN PHARMACARE CANADA INC.","mp_status_effective_time: ""20251008"" -> ""20260521"""
11969,01940414,VOLTAREN OPHTHA (diclofenac sodium 0.1 % ophthalmic drops) NOVARTIS PHARMACEUTICALS CANADA INC,"VOLTAREN OPHTHA (diclofénac sodique 0,1 % gouttes ophtalmiques) NOVARTIS PHARMACEUTICALS CANADA INC",DELETED
103443,02545683,FOAMING ANTIBACTERIAL HAND CLEANSER (benzalkonium chloride 0.13 % cutaneous solution) BETCO CORPORATION,"FOAMING ANTIBACTERIAL HAND CLEANSER (chlorure de benzalkonium 0,13 % solution pour application cutanée) BETCO CORPORATION",ADDED
101424,02525232,PRO-GUANFACINE XR (guanfacine (guanfacine hydrochloride) 2 mg prolonged-release oral tablet) PRO DOC LIMITEE,PRO-GUANFACINE XR (guanfacine (chlorhydrate de guanfacine) 2 mg comprimé oral à libération prolongée) PRO DOC LIMITEE,ADDED
106802,02565412,AMB-SOTALOL (sotalol hydrochloride 160 mg oral tablet) AMBICARE PHARMACEUTICALS INC.,AMB-SOTALOL (chlorhydrate de sotalol 160 mg comprimé oral) AMBICARE PHARMACEUTICALS INC.,ADDED
100560,02516225,SODIUM BICARBONATE INJECTION USP (sodium bicarbonate 84 mg per mL solution for injection) JAMP PHARMA CORPORATION,SODIUM BICARBONATE INJECTION USP (bicarbonate de sodium 84 mg par mL solution injectable) JAMP PHARMA CORPORATION,ADDED
97768,02487527,SANDOZ APIXABAN TABLET (apixaban 5 mg oral tablet) SANDOZ CANADA INCORPORATED,SANDOZ APIXABAN TABLET (apixaban 5 mg comprimé oral) SANDOZ CANADA INCORPORATED,ADDED
100244,02513226,SANI HANDS FOAM (benzalkonium chloride 0.1 % cutaneous solution) OSTREM CHEMICAL CO LTD.,"SANI HANDS FOAM (chlorure de benzalkonium 0,1 % solution pour application cutanée) OSTREM CHEMICAL CO LTD.",ADDED
93678,02450623,FRAXIPARINE (nadroparin calcium 3800 unit per 0.4 mL solution for injection syringe) ASPEN PHARMACARE CANADA INC.,"FRAXIPARINE (nadroparine calcique 3800 unité par 0,4 mL solution injectable seringue) ASPEN PHARMACARE CANADA INC.","mp_status_effective_time: ""20251008"" -> ""20260521"""
106151,02558238,YESAFILI (aflibercept 2 mg per 0.05 mL solution for injection syringe) BIOCON BIOLOGICS CANADA INC,"YESAFILI (aflibercept 2 mg par 0,05 mL solution injectable seringue) BIOCON BIOLOGICS CANADA INC","mp_formal_name: ""YESAFILI (aflibercept 2 mg per 0.05 mL solution for injection syringe) BIOS̲I̲M̲I̲L̲A̲R̲ ̲C̲O̲L̲L̲A̲B̲O̲R̲A̲T̲I̲O̲N̲S̲ ̲I̲R̲E̲L̲A̲N̲D̲ ̲L̲I̲M̲I̲T̲E̲D̲"" -> ""YESAFILI (aflibercept 2 mg per 0.05 mL solution for injection syringe) BIOC̲O̲N̲ ̲B̲I̲O̲L̲O̲G̲I̲C̲S̲ ̲C̲A̲N̲A̲D̲A̲ ̲I̲N̲C̲""
mp_fr_description: ""YESAFILI (aflibercept 2 mg par 0,05 mL solution injectable seringue) BIOS̲I̲M̲I̲L̲A̲R̲ ̲C̲O̲L̲L̲A̲B̲O̲R̲A̲T̲I̲O̲N̲S̲ ̲I̲R̲E̲L̲A̲N̲D̲ ̲L̲I̲M̲I̲T̲E̲D̲"" -> ""YESAFILI (aflibercept 2 mg par 0,05 mL solution injectable seringue) BIOC̲O̲N̲ ̲B̲I̲O̲L̲O̲G̲I̲C̲S̲ ̲C̲A̲N̲A̲D̲A̲ ̲I̲N̲C̲"""
99584,02506475,NOROMBY (enoxaparin sodium 60 mg per 0.6 mL solution for injection syringe) JUNO PHARMA CANADA INC.,"NOROMBY (énoxaparine sodique 60 mg par 0,6 mL solution injectable seringue) JUNO PHARMA CANADA INC.","mp_formal_name: ""NOROMBY (enoxaparin sodium 60 mg per 0.6 mL solution for injection syringe) JUNO PHARMAC̲E̲U̲T̲I̲C̲A̲L̲S̲ ̲C̲O̲R̲P̲."" -> ""NOROMBY (enoxaparin sodium 60 mg per 0.6 mL solution for injection syringe) JUNO PHARMA ̲C̲A̲N̲A̲D̲A̲ ̲I̲N̲C̲.""
mp_fr_description: ""NOROMBY (énoxaparine sodique 60 mg par 0,6 mL solution injectable seringue) JUNO PHARMAC̲E̲U̲T̲I̲C̲A̲L̲S̲ ̲C̲O̲R̲P̲."" -> ""NOROMBY (énoxaparine sodique 60 mg par 0,6 mL solution injectable seringue) JUNO PHARMA ̲C̲A̲N̲A̲D̲A̲ ̲I̲N̲C̲."""
10509,00804789,POTASSIUM PHOSPHATES (phosphorus (potassium phosphate dibasic and potassium phosphate monobasic) 30 mmol per 10 mL and potassium (potassium phosphate dibasic and potassium phosphate monobasic) 44 mmol per 10 mL solution for injection vial) SANDOZ CANADA INCORPORATED,POTASSIUM PHOSPHATES (phosphore (phosphate de potassium dibasique et phosphate de potassium monobasique) 30 mmol par 10 mL et potassium (phosphate de potassium dibasique et phosphate de potassium monobasique) 44 mmol par 10 mL solution injectable fiole) SANDOZ CANADA INCORPORATED,ADDED
100600,02516667,TECARTUS (brexucabtagene autoleucel 200000000 cells per bag suspension for injection) GILEAD SCIENCES CANADA INC,TECARTUS (bréxucabtagène autoleucel 200000000 cellules par sac suspension injectable) GILEAD SCIENCES CANADA INC,ADDED
101426,02525259,PRO-GUANFACINE XR (guanfacine (guanfacine hydrochloride) 4 mg prolonged-release oral tablet) PRO DOC LIMITEE,PRO-GUANFACINE XR (guanfacine (chlorhydrate de guanfacine) 4 mg comprimé oral à libération prolongée) PRO DOC LIMITEE,ADDED
97104,02480514,KYMRIAH (tisagenlecleucel 600000000 cells suspension for injection) NOVARTIS PHARMACEUTICALS CANADA INC,KYMRIAH (tisagenlecleucel 600000000 cellules suspension injectable) NOVARTIS PHARMACEUTICALS CANADA INC,ADDED
99175,02502178,ANTI-MICROBE M (benzalkonium chloride 0.15 % cutaneous solution) ATOMS F.D. INC,"ANTI-MICROBE M (chlorure de benzalkonium 0,15 % solution pour application cutanée) ATOMS F.D. INC",ADDED
2215,00335088,ELAVIL (amitriptyline hydrochloride 50 mg oral tablet) AA PHARMA INC,ELAVIL (chlorhydrate d'amitriptyline 50 mg comprimé oral) AA PHARMA INC,DELETED
83852,02353326,CIPROFLOXACIN (ciprofloxacin (ciprofloxacin hydrochloride) 500 mg oral tablet) SANIS HEALTH INC,CIPROFLOXACIN (ciprofloxacine (chlorhydrate de ciprofloxacine) 500 mg comprimé oral) SANIS HEALTH INC,"mp_status: ""INACTIVE"" -> ""ACTIVE""
mp_status_effective_time: ""20240328"" -> ""20100726"""
77627,02290855,X3 CLEAN GERM ATTACK HAND SANITIZER (benzalkonium chloride 0.13 % cutaneous solution) NATURAL ESSENTIALS INC,"X3 CLEAN GERM ATTACK HAND SANITIZER (chlorure de benzalkonium 0,13 % solution pour application cutanée) NATURAL ESSENTIALS INC",ADDED
96104,02471833,"EQUATE AFTER SUN GEL WITH LIDOCAINE (lidocaine (lidocaine hydrochloride) 0.8 % cutaneous gel) FRUIT OF THE EARTH, INC","EQUATE AFTER SUN GEL WITH LIDOCAINE (lidocaïne (chlorhydrate de lidocaïne) 0,8 % gel cutané) FRUIT OF THE EARTH, INC",DELETED
99900,02509717,VINDA ANTISEPTIC WIPES (benzethonium chloride 0.3 % wipe) GRAND OCEAN INTERNATIONAL TRADING LTD,"VINDA ANTISEPTIC WIPES (chlorure de benzéthonium 0,3 % lingette) GRAND OCEAN INTERNATIONAL TRADING LTD",ADDED
94156,02454807,SANDOZ DICLOFENAC OPHTHA (diclofenac sodium 0.1 % ophthalmic drops) SANDOZ CANADA INCORPORATED,"SANDOZ DICLOFENAC OPHTHA (diclofénac sodique 0,1 % gouttes ophtalmiques) SANDOZ CANADA INCORPORATED",DELETED
94295,02456109,ACH-TACROLIMUS (tacrolimus 5 mg oral capsule) ACCORD HEALTHCARE INC,ACH-TACROLIMUS (tacrolimus 5 mg capsule orale) ACCORD HEALTHCARE INC,"mp_formal_name: ""ACH-TACROLIMUS (tacrolimus (̲t̲a̲c̲r̲o̲l̲i̲m̲u̲s̲ ̲m̲o̲n̲o̲h̲y̲d̲r̲a̲t̲e̲)̲ ̲5 mg oral capsule) ACCORD HEALTHCARE INC"" -> ""ACH-TACROLIMUS (tacrolimus 5 mg oral capsule) ACCORD HEALTHCARE INC""
mp_fr_description: ""ACH-TACROLIMUS (tacrolimus (̲m̲o̲n̲o̲h̲y̲d̲r̲a̲t̲e̲ ̲d̲e̲ ̲t̲a̲c̲r̲o̲l̲i̲m̲u̲s̲)̲ ̲5 mg capsule orale) ACCORD HEALTHCARE INC"" -> ""ACH-TACROLIMUS (tacrolimus 5 mg capsule orale) ACCORD HEALTHCARE INC"""
100018,02510901,SOAPOPULAR ANTIBACTERIAL HAND SOAP (benzalkonium chloride 0.15 % cutaneous solution) SOAPOPULAR INC,"SOAPOPULAR ANTIBACTERIAL HAND SOAP (chlorure de benzalkonium 0,15 % solution pour application cutanée) SOAPOPULAR INC",ADDED
20112,02219301,MAGNESIUM-45 0.5-4.5 (magnesium chloride 20.5 g per bottle powder for concentrate for solution for haemodialysis) VANTIVE ULC,"MAGNESIUM-45 0.5-4.5 (chlorure de magnésium 20,5 g par bouteille poudre pour solution à diluer pour solution pour hémodialyse) VANTIVE ULC",ADDED
NA,77701178,BICNU (carmustine 100 mg per 1 mL solution for injection vial) MARCAN PHARMACEUTICALS INC,BICNU (carmustine 100 mg par 1 mL solution injectable fiole) MARCAN PHARMACEUTICALS INC,DELETED
106502,02562111,YESINTEK I.V. (ustekinumab 130 mg per 26 mL solution for injection vial) BIOCON BIOLOGICS CANADA INC,YESINTEK I.V. (ustékinumab 130 mg par 26 mL solution injectable fiole) BIOCON BIOLOGICS CANADA INC,"mp_formal_name: ""YESINTEK I.V. (ustekinumab 130 mg per 26 mL solution for injection vial) BIOS̲I̲M̲I̲L̲A̲R̲ ̲C̲O̲L̲L̲A̲B̲O̲R̲A̲T̲I̲O̲N̲S̲ ̲I̲R̲E̲L̲A̲N̲D̲ ̲L̲I̲M̲I̲T̲E̲D̲"" -> ""YESINTEK I.V. (ustekinumab 130 mg per 26 mL solution for injection vial) BIOC̲O̲N̲ ̲B̲I̲O̲L̲O̲G̲I̲C̲S̲ ̲C̲A̲N̲A̲D̲A̲ ̲I̲N̲C̲""
mp_fr_description: ""YESINTEK I.V. (ustékinumab 130 mg par 26 mL solution injectable fiole) BIOS̲I̲M̲I̲L̲A̲R̲ ̲C̲O̲L̲L̲A̲B̲O̲R̲A̲T̲I̲O̲N̲S̲ ̲I̲R̲E̲L̲A̲N̲D̲ ̲L̲I̲M̲I̲T̲E̲D̲"" -> ""YESINTEK I.V. (ustékinumab 130 mg par 26 mL solution injectable fiole) BIOC̲O̲N̲ ̲B̲I̲O̲L̲O̲G̲I̲C̲S̲ ̲C̲A̲N̲A̲D̲A̲ ̲I̲N̲C̲"""
2527,00037869,POTASSIUM CHLORIDE FOR INJECTION CONCENTRATE USP (potassium chloride 149 mg per mL solution for injection) PFIZER CANADA ULC,POTASSIUM CHLORIDE FOR INJECTION CONCENTRATE USP (chlorure de potassium 149 mg par mL solution injectable) PFIZER CANADA ULC,ADDED
NA,77700784,DOXORUBICIN HYDROCHLORIDE INJECTION (doxorubicin hydrochloride 2 mg per mL solution for injection 100 mL vial) TEVA CANADA LIMITED,DOXORUBICIN HYDROCHLORIDE INJECTION (chlorhydrate de doxorubicine 2 mg par mL solution injectable 100 mL fiole) TEVA CANADA LIMITED,ADDED
65288,02241630,AMBISOME (amphotericin B 50 mg per vial powder for solution for injection) ASTELLAS PHARMA CANADA INC,AMBISOME (amphotéricine B 50 mg par fiole poudre pour solution injectable) ASTELLAS PHARMA CANADA INC,ADDED
61804,02238389,CAELYX (doxorubicin hydrochloride 20 mg per 10 mL suspension for injection vial) BAXTER CORPORATION,CAELYX (chlorhydrate de doxorubicine 20 mg par 10 mL suspension injectable fiole) BAXTER CORPORATION,ADDED
107018,02567806,SEMAGLUTIDE INJECTION (semaglutide 1.34 mg per mL solution for injection 1.5 mL pen) DR REDDY'S LABORATORIES LTD,"SEMAGLUTIDE INJECTION (sémaglutide 1,34 mg par mL solution injectable 1,5 mL stylo) DR REDDY'S LABORATORIES LTD",ADDED
106429,02561328,DAPAGLIFLOZIN (dapagliflozin 5 mg oral tablet) SANIS HEALTH INC,DAPAGLIFLOZIN (dapagliflozine 5 mg comprimé oral) SANIS HEALTH INC,ADDED
97106,02480506,APPLAUD AB ANTISEPTIC LOTIONIZED HAND SOAP (chloroxylenol 0.5 % NA) ZEP MANUFACTURING COMPANY OF CANADA,"APPLAUD AB ANTISEPTIC LOTIONIZED HAND SOAP (chloroxylénol 0,5 % NA) ZEP MANUFACTURING COMPANY OF CANADA",ADDED
71113,02246888,AVAGARD CHG (alcohol anhydrous 61 % and chlorhexidine gluconate 1 % lotion) SOLVENTUM CANADA LIMITED,AVAGARD CHG (alcool anhydre 61 % et gluconate de chlorhexidine 1 % lotion) SOLVENTUM CANADA LIMITED,ADDED
NA,77700771,"DOXORUBICIN INJECTION, BP (doxorubicin hydrochloride 2 mg per mL solution for injection 100 mL vial) ACCORD HEALTHCARE INC","DOXORUBICIN INJECTION, BP (chlorhydrate de doxorubicine 2 mg par mL solution injectable 100 mL fiole) ACCORD HEALTHCARE INC",ADDED
