ccdd_code,ccdd_formal_name,ccdd_type,policy_type,policy_reference,special_groupings_status,special_groupings_status_effective_time,changes
9000166,codeine phosphate 60 mg per 1 mL solution for injection ampoule,NTP,500001,http://www.gazette.gc.ca/rp-pr/p1/2017/2017-06-17/html/reg8-eng.php,Inactive,20250401,"special_groupings_status: ""ACTIVE"" -> INACTIVE
special_groupings_status_effective_time: ""20170919"" -> 20250401"
02244790,SANDOZ MORPHINE SR (morphine sulfate 15 mg prolonged-release oral tablet) SANDOZ CANADA INCORPORATED,MP,500001,http://www.gazette.gc.ca/rp-pr/p1/2017/2017-06-17/html/reg8-eng.php,Inactive,20250401,"special_groupings_status: ""ACTIVE"" -> INACTIVE
special_groupings_status_effective_time: ""20170919"" -> 20250401"
9001322,naloxone hydrochloride 10 mg and oxycodone hydrochloride 20 mg prolonged-release oral tablet,NTP,500001,http://www.gazette.gc.ca/rp-pr/p1/2017/2017-06-17/html/reg8-eng.php,Inactive,20250401,"special_groupings_status: ""ACTIVE"" -> INACTIVE
special_groupings_status_effective_time: ""20170919"" -> 20250401"
02125390,HYDROMORPH CONTIN-CONTROLLED RELEASE CAP - 30MG (hydromorphone hydrochloride 30 mg prolonged-release oral capsule) PURDUE PHARMA,MP,500001,http://www.gazette.gc.ca/rp-pr/p1/2017/2017-06-17/html/reg8-eng.php,Inactive,20250401,"special_groupings_status: ""ACTIVE"" -> INACTIVE
special_groupings_status_effective_time: ""20170919"" -> 20250401"
00176192,FIORINAL-C 1/4 (acetylsalicylic acid 330 mg and butalbital 50 mg and caffeine 40 mg and codeine phosphate 15 mg oral capsule) ARALEZ PHARMACEUTICALS CANADA INC,MP,500001,http://www.gazette.gc.ca/rp-pr/p1/2017/2017-06-17/html/reg8-eng.php,Inactive,20250401,"special_groupings_status: ""ACTIVE"" -> INACTIVE
special_groupings_status_effective_time: ""20170919"" -> 20250401"
9001306,hydromorphone hydrochloride 4 mg prolonged-release oral tablet,NTP,500001,http://www.gazette.gc.ca/rp-pr/p1/2017/2017-06-17/html/reg8-eng.php,Inactive,20250401,"special_groupings_status: ""ACTIVE"" -> INACTIVE
special_groupings_status_effective_time: ""20170919"" -> 20250401"
9006199,codeine phosphate 10 mg per 5 mL oral solution,NTP,500001,http://www.gazette.gc.ca/rp-pr/p1/2017/2017-06-17/html/reg8-eng.php,Inactive,20250401,"special_groupings_status: ""ACTIVE"" -> INACTIVE
special_groupings_status_effective_time: ""20170919"" -> 20250401"
9001345,fentanyl (fentanyl citrate) 200 mcg sublingual tablet,NTP,500001,http://www.gazette.gc.ca/rp-pr/p1/2017/2017-06-17/html/reg8-eng.php,Inactive,20250401,"special_groupings_status: ""ACTIVE"" -> INACTIVE
special_groupings_status_effective_time: ""20170919"" -> 20250401"
9000362,morphine sulfate 100 mg per 4 mL solution for injection ampoule,NTP,500001,http://www.gazette.gc.ca/rp-pr/p1/2017/2017-06-17/html/reg8-eng.php,Inactive,20250401,"special_groupings_status: ""ACTIVE"" -> INACTIVE
special_groupings_status_effective_time: ""20170919"" -> 20250401"
9001183,tramadol hydrochloride 200 mg prolonged-release oral tablet,NTP,500001,http://www.gazette.gc.ca/rp-pr/p1/2017/2017-06-17/html/reg8-eng.php,Inactive,20250401,"special_groupings_status: ""ACTIVE"" -> INACTIVE
special_groupings_status_effective_time: ""20170919"" -> 20250401"
02247699,METADOL (methadone hydrochloride 5 mg oral tablet) ENDO OPERATIONS LTD.,MP,500008,https://www.tppalberta.ca/medication-lists,Active,20240201,"ccdd_formal_name: ""METADOL (methadone hydrochloride 5 mg oral tablet) PALADIN PHARMA INC."" -> METADOL (methadone hydrochloride 5 mg oral tablet) ENDO OPERATIONS LTD."
9001359,oxycodone hydrochloride 40 mg prolonged-release oral tablet,NTP,500001,http://www.gazette.gc.ca/rp-pr/p1/2017/2017-06-17/html/reg8-eng.php,Inactive,20250401,"special_groupings_status: ""ACTIVE"" -> INACTIVE
special_groupings_status_effective_time: ""20170919"" -> 20250401"
8000789,tapentadol,TM,500001,http://www.gazette.gc.ca/rp-pr/p1/2017/2017-06-17/html/reg8-eng.php,Inactive,20250401,"special_groupings_status: ""ACTIVE"" -> INACTIVE
special_groupings_status_effective_time: ""20170919"" -> 20250401"
77700290,HYDROMORPHONE HP 10 (hydromorphone hydrochloride 100 mg per 10 mL solution for injection vial) SANDOZ CANADA INCORPORATED,MP,500001,http://www.gazette.gc.ca/rp-pr/p1/2017/2017-06-17/html/reg8-eng.php,Inactive,20250401,"special_groupings_status: ""ACTIVE"" -> INACTIVE
special_groupings_status_effective_time: ""20170919"" -> 20250401"
02302802,TEVA-MORPHINE SR (morphine sulfate 200 mg prolonged-release oral tablet) TEVA CANADA LIMITED,MP,500001,http://www.gazette.gc.ca/rp-pr/p1/2017/2017-06-17/html/reg8-eng.php,Inactive,20250401,"special_groupings_status: ""ACTIVE"" -> INACTIVE
special_groupings_status_effective_time: ""20170919"" -> 20250401"
9000182,codeine phosphate 30 mg oral tablet,NTP,500001,http://www.gazette.gc.ca/rp-pr/p1/2017/2017-06-17/html/reg8-eng.php,Inactive,20250401,"special_groupings_status: ""ACTIVE"" -> INACTIVE
special_groupings_status_effective_time: ""20170919"" -> 20250401"
02319985,PMS-OXYCODONE (oxycodone hydrochloride 10 mg oral tablet) PHARMASCIENCE INC,MP,500001,http://www.gazette.gc.ca/rp-pr/p1/2017/2017-06-17/html/reg8-eng.php,Inactive,20250401,"special_groupings_status: ""ACTIVE"" -> INACTIVE
special_groupings_status_effective_time: ""20170919"" -> 20250401"
02163918,TYLENOL WITH CODEINE NO. 4 (acetaminophen 300 mg and codeine phosphate 60 mg oral tablet) JANSSEN INC,MP,500001,http://www.gazette.gc.ca/rp-pr/p1/2017/2017-06-17/html/reg8-eng.php,Inactive,20250401,"special_groupings_status: ""ACTIVE"" -> INACTIVE
special_groupings_status_effective_time: ""20170919"" -> 20250401"
8000776,butorphanol,TM,500001,http://www.gazette.gc.ca/rp-pr/p1/2017/2017-06-17/html/reg8-eng.php,Inactive,20250401,"special_groupings_status: ""ACTIVE"" -> INACTIVE
special_groupings_status_effective_time: ""20170919"" -> 20250401"
01966375,METHOXISAL-C 1/2 (acetylsalicylic acid 325 mg and codeine phosphate 32.4 mg and methocarbamol 400 mg oral tablet) TEVA CANADA LIMITED,MP,500001,http://www.gazette.gc.ca/rp-pr/p1/2017/2017-06-17/html/reg8-eng.php,Inactive,20250401,"special_groupings_status: ""ACTIVE"" -> INACTIVE
special_groupings_status_effective_time: ""20170919"" -> 20250401"
9001903,chlordiazepoxide hydrochloride 10 mg oral capsule,NTP,500006,http://laws-lois.justice.gc.ca/eng/acts/C-38.8/FullText.html,Inactive,20250401,"special_groupings_status: ""ACTIVE"" -> INACTIVE
special_groupings_status_effective_time: ""20170919"" -> 20250401"
00786543,DILAUDID (hydromorphone hydrochloride 8 mg oral tablet) PURDUE PHARMA,MP,500001,http://www.gazette.gc.ca/rp-pr/p1/2017/2017-06-17/html/reg8-eng.php,Inactive,20250401,"special_groupings_status: ""ACTIVE"" -> INACTIVE
special_groupings_status_effective_time: ""20170919"" -> 20250401"
77700297,HYDROMORPHONE HP 50 (hydromorphone hydrochloride 250 mg per 5 mL solution for injection vial) SANDOZ CANADA INCORPORATED,MP,500001,http://www.gazette.gc.ca/rp-pr/p1/2017/2017-06-17/html/reg8-eng.php,Inactive,20250401,"special_groupings_status: ""ACTIVE"" -> INACTIVE
special_groupings_status_effective_time: ""20170919"" -> 20250401"
77700447,FENTANYL CITRATE INJECTION USP (fentanyl (fentanyl citrate) 100 mcg per 2 mL solution for injection ampoule) SANDOZ CANADA INCORPORATED,MP,500001,http://www.gazette.gc.ca/rp-pr/p1/2017/2017-06-17/html/reg8-eng.php,Inactive,20250401,"special_groupings_status: ""ACTIVE"" -> INACTIVE
special_groupings_status_effective_time: ""20170919"" -> 20250401"
02244792,SANDOZ MORPHINE SR (morphine sulfate 60 mg prolonged-release oral tablet) SANDOZ CANADA INCORPORATED,MP,500001,http://www.gazette.gc.ca/rp-pr/p1/2017/2017-06-17/html/reg8-eng.php,Inactive,20250401,"special_groupings_status: ""ACTIVE"" -> INACTIVE
special_groupings_status_effective_time: ""20170919"" -> 20250401"
9001184,tramadol hydrochloride 300 mg prolonged-release oral tablet,NTP,500001,http://www.gazette.gc.ca/rp-pr/p1/2017/2017-06-17/html/reg8-eng.php,Inactive,20250401,"special_groupings_status: ""ACTIVE"" -> INACTIVE
special_groupings_status_effective_time: ""20170919"" -> 20250401"
9000432,morphine sulfate 5 mg per 10 mL solution for injection ampoule,NTP,500001,http://www.gazette.gc.ca/rp-pr/p1/2017/2017-06-17/html/reg8-eng.php,Inactive,20250401,"special_groupings_status: ""ACTIVE"" -> INACTIVE
special_groupings_status_effective_time: ""20170919"" -> 20250401"
9000482,morphine sulfate 60 mg prolonged-release oral tablet,NTP,500001,http://www.gazette.gc.ca/rp-pr/p1/2017/2017-06-17/html/reg8-eng.php,Inactive,20250401,"special_groupings_status: ""ACTIVE"" -> INACTIVE
special_groupings_status_effective_time: ""20170919"" -> 20250401"
9000331,morphine sulfate 2 mg per 1 mL solution for injection ampoule,NTP,500001,http://www.gazette.gc.ca/rp-pr/p1/2017/2017-06-17/html/reg8-eng.php,Inactive,20250401,"special_groupings_status: ""ACTIVE"" -> INACTIVE
special_groupings_status_effective_time: ""20170919"" -> 20250401"
02014300,MS CONTIN (morphine sulfate 60 mg prolonged-release oral tablet) PURDUE PHARMA,MP,500001,http://www.gazette.gc.ca/rp-pr/p1/2017/2017-06-17/html/reg8-eng.php,Inactive,20250401,"special_groupings_status: ""ACTIVE"" -> INACTIVE
special_groupings_status_effective_time: ""20170919"" -> 20250401"
02341387,PMS-FENTANYL MTX (fentanyl 25 mcg per hour transdermal patch) PHARMASCIENCE INC,MP,500001,http://www.gazette.gc.ca/rp-pr/p1/2017/2017-06-17/html/reg8-eng.php,Inactive,20250401,"special_groupings_status: ""ACTIVE"" -> INACTIVE
special_groupings_status_effective_time: ""20170919"" -> 20250401"
9001463,morphine sulfate 10 mg oral capsule,NTP,500001,http://www.gazette.gc.ca/rp-pr/p1/2017/2017-06-17/html/reg8-eng.php,Inactive,20250401,"special_groupings_status: ""ACTIVE"" -> INACTIVE
special_groupings_status_effective_time: ""20170919"" -> 20250401"
02394766,APO-OXYCODONE CR (oxycodone hydrochloride 15 mg prolonged-release oral tablet) APOTEX INC,MP,500001,http://www.gazette.gc.ca/rp-pr/p1/2017/2017-06-17/html/reg8-eng.php,Inactive,20250401,"special_groupings_status: ""ACTIVE"" -> INACTIVE
special_groupings_status_effective_time: ""20170919"" -> 20250401"
00789739,SUPEUDOL 5 (oxycodone hydrochloride 5 mg oral tablet) SANDOZ CANADA INCORPORATED,MP,500001,http://www.gazette.gc.ca/rp-pr/p1/2017/2017-06-17/html/reg8-eng.php,Inactive,20250401,"special_groupings_status: ""ACTIVE"" -> INACTIVE
special_groupings_status_effective_time: ""20170919"" -> 20250401"
9001356,oxycodone hydrochloride 15 mg prolonged-release oral tablet,NTP,500001,http://www.gazette.gc.ca/rp-pr/p1/2017/2017-06-17/html/reg8-eng.php,Inactive,20250401,"special_groupings_status: ""ACTIVE"" -> INACTIVE
special_groupings_status_effective_time: ""20170919"" -> 20250401"
02500736,MORPHINE SULFATE INJECTION (morphine sulfate 15 mg per 1 mL solution for injection ampoule) JAMP PHARMA CORPORATION,MP,500001,http://www.gazette.gc.ca/rp-pr/p1/2017/2017-06-17/html/reg8-eng.php,Inactive,20250401,"special_groupings_status: ""ACTIVE"" -> INACTIVE
special_groupings_status_effective_time: ""20170919"" -> 20250401"
02242406,TRIANAL C¼ (acetylsalicylic acid 330 mg and butalbital 50 mg and caffeine 40 mg and codeine phosphate 15 mg oral capsule) LABORATOIRE RIVA INC.,MP,500001,http://www.gazette.gc.ca/rp-pr/p1/2017/2017-06-17/html/reg8-eng.php,Inactive,20250401,"special_groupings_status: ""ACTIVE"" -> INACTIVE
special_groupings_status_effective_time: ""20170919"" -> 20250401"
9000890,oxycodone hydrochloride 20 mg oral tablet,NTP,500001,http://www.gazette.gc.ca/rp-pr/p1/2017/2017-06-17/html/reg8-eng.php,Inactive,20250401,"special_groupings_status: ""ACTIVE"" -> INACTIVE
special_groupings_status_effective_time: ""20170919"" -> 20250401"
02465248,BELBUCA (buprenorphine (buprenorphine hydrochloride) 150 mcg buccal film) PURDUE PHARMA,MP,500001,http://www.gazette.gc.ca/rp-pr/p1/2017/2017-06-17/html/reg8-eng.php,Inactive,20250401,"special_groupings_status: ""ACTIVE"" -> INACTIVE
special_groupings_status_effective_time: ""20170919"" -> 20250401"
02417502,TRAMADOL-ACET (acetaminophen 325 mg and tramadol hydrochloride 37.5 mg oral tablet) PRO DOC LIMITEE,MP,500001,http://www.gazette.gc.ca/rp-pr/p1/2017/2017-06-17/html/reg8-eng.php,Inactive,20250401,"special_groupings_status: ""ACTIVE"" -> INACTIVE
special_groupings_status_effective_time: ""20170919"" -> 20250401"
9001315,buprenorphine 10 mcg per hour transdermal patch,NTP,500001,http://www.gazette.gc.ca/rp-pr/p1/2017/2017-06-17/html/reg8-eng.php,Inactive,20250401,"special_groupings_status: ""ACTIVE"" -> INACTIVE
special_groupings_status_effective_time: ""20170919"" -> 20250401"
9000474,morphine sulfate 100 mg prolonged-release oral capsule,NTP,500001,http://www.gazette.gc.ca/rp-pr/p1/2017/2017-06-17/html/reg8-eng.php,Inactive,20250401,"special_groupings_status: ""ACTIVE"" -> INACTIVE
special_groupings_status_effective_time: ""20170919"" -> 20250401"
00607770,RATIO-MORPHINE (morphine hydrochloride 5 mg per mL syrup) TEVA CANADA LIMITED,MP,500001,http://www.gazette.gc.ca/rp-pr/p1/2017/2017-06-17/html/reg8-eng.php,Inactive,20250401,"special_groupings_status: ""ACTIVE"" -> INACTIVE
special_groupings_status_effective_time: ""20170919"" -> 20250401"
02309890,PMS-OXYCODONE CR (oxycodone hydrochloride 20 mg prolonged-release oral tablet) PHARMASCIENCE INC,MP,500001,http://www.gazette.gc.ca/rp-pr/p1/2017/2017-06-17/html/reg8-eng.php,Inactive,20250401,"special_groupings_status: ""ACTIVE"" -> INACTIVE
special_groupings_status_effective_time: ""20170919"" -> 20250401"
9000070,oxycodone hydrochloride 20 mg suppository,NTP,500001,http://www.gazette.gc.ca/rp-pr/p1/2017/2017-06-17/html/reg8-eng.php,Inactive,20250401,"special_groupings_status: ""ACTIVE"" -> INACTIVE
special_groupings_status_effective_time: ""20170919"" -> 20250401"
9005009,tapentadol (tapentadol hydrochloride) 75 mg oral tablet,NTP,500001,http://www.gazette.gc.ca/rp-pr/p1/2017/2017-06-17/html/reg8-eng.php,Inactive,20250401,"special_groupings_status: ""ACTIVE"" -> INACTIVE
special_groupings_status_effective_time: ""20170919"" -> 20250401"
9006201,alcohol anhydrous 0.25 mL per 5 mL and doxylamine succinate 6 mg per 5 mL and etafedrin hydrochloride 16.65 mg per 5 mL and hydrocodone bitartrate 1.65 mg per 5 mL and sodium citrate 200 mg per 5 mL syrup,NTP,500001,http://www.gazette.gc.ca/rp-pr/p1/2017/2017-06-17/html/reg8-eng.php,Inactive,20250401,"special_groupings_status: ""ACTIVE"" -> INACTIVE
special_groupings_status_effective_time: ""20170919"" -> 20250401"
9000384,hydromorphone hydrochloride 1 mg per mL syrup,NTP,500001,http://www.gazette.gc.ca/rp-pr/p1/2017/2017-06-17/html/reg8-eng.php,Inactive,20250401,"special_groupings_status: ""ACTIVE"" -> INACTIVE
special_groupings_status_effective_time: ""20170919"" -> 20250401"
9000051,pentazocine (pentazocine hydrochloride) 50 mg oral tablet,NTP,500001,http://www.gazette.gc.ca/rp-pr/p1/2017/2017-06-17/html/reg8-eng.php,Inactive,20250401,"special_groupings_status: ""ACTIVE"" -> INACTIVE
special_groupings_status_effective_time: ""20170919"" -> 20250401"
77700451,FENTANYL CITRATE INJECTION USP (fentanyl (fentanyl citrate) 50 mcg per mL solution for injection 50 mL vial) SANDOZ CANADA INCORPORATED,MP,500001,http://www.gazette.gc.ca/rp-pr/p1/2017/2017-06-17/html/reg8-eng.php,Inactive,20250401,"special_groupings_status: ""ACTIVE"" -> INACTIVE
special_groupings_status_effective_time: ""20170919"" -> 20250401"
02330105,RAN-FENTANYL MATRIX PATCH (fentanyl 12 mcg per hour transdermal patch) RANBAXY PHARMACEUTICALS CANADA INC.,MP,500001,http://www.gazette.gc.ca/rp-pr/p1/2017/2017-06-17/html/reg8-eng.php,Inactive,20250401,"special_groupings_status: ""ACTIVE"" -> INACTIVE
special_groupings_status_effective_time: ""20170919"" -> 20250401"
77700351,MORPHINE SULFATE INJ 1MG/ML USP (morphine sulfate 10 mg per 10 mL solution for injection vial) SANDOZ CANADA INCORPORATED,MP,500001,http://www.gazette.gc.ca/rp-pr/p1/2017/2017-06-17/html/reg8-eng.php,Inactive,20250401,"special_groupings_status: ""ACTIVE"" -> INACTIVE
special_groupings_status_effective_time: ""20170919"" -> 20250401"
9000280,morphine sulfate 10 mg per mL syrup,NTP,500001,http://www.gazette.gc.ca/rp-pr/p1/2017/2017-06-17/html/reg8-eng.php,Inactive,20250401,"special_groupings_status: ""ACTIVE"" -> INACTIVE
special_groupings_status_effective_time: ""20170919"" -> 20250401"
9000885,fentanyl (fentanyl citrate) 250 mcg per 5 mL solution for injection vial,NTP,500001,http://www.gazette.gc.ca/rp-pr/p1/2017/2017-06-17/html/reg8-eng.php,Inactive,20250401,"special_groupings_status: ""ACTIVE"" -> INACTIVE
special_groupings_status_effective_time: ""20170919"" -> 20250401"
8000925,brompheniramine and codeine and phenylephrine,TM,500001,http://www.gazette.gc.ca/rp-pr/p1/2017/2017-06-17/html/reg8-eng.php,Inactive,20250401,"special_groupings_status: ""ACTIVE"" -> INACTIVE
special_groupings_status_effective_time: ""20170919"" -> 20250401"
01916580,HYCODAN SYRUP (hydrocodone bitartrate 5 mg per 5 mL syrup) BRISTOL-MYERS SQUIBB CANADA,MP,500001,http://www.gazette.gc.ca/rp-pr/p1/2017/2017-06-17/html/reg8-eng.php,Inactive,20250401,"special_groupings_status: ""ACTIVE"" -> INACTIVE
special_groupings_status_effective_time: ""20170919"" -> 20250401"
02307898,SANDOZ OXYCODONE/ACETAMINOPHEN (acetaminophen 325 mg and oxycodone hydrochloride 5 mg oral tablet) SANDOZ CANADA INCORPORATED,MP,500001,http://www.gazette.gc.ca/rp-pr/p1/2017/2017-06-17/html/reg8-eng.php,Inactive,20250401,"special_groupings_status: ""ACTIVE"" -> INACTIVE
special_groupings_status_effective_time: ""20170919"" -> 20250401"
9001346,fentanyl (fentanyl citrate) 300 mcg sublingual tablet,NTP,500001,http://www.gazette.gc.ca/rp-pr/p1/2017/2017-06-17/html/reg8-eng.php,Inactive,20250401,"special_groupings_status: ""ACTIVE"" -> INACTIVE
special_groupings_status_effective_time: ""20170919"" -> 20250401"
02350815,MORPHINE SR (morphine sulfate 15 mg prolonged-release oral tablet) SANIS HEALTH INC,MP,500001,http://www.gazette.gc.ca/rp-pr/p1/2017/2017-06-17/html/reg8-eng.php,Inactive,20250401,"special_groupings_status: ""ACTIVE"" -> INACTIVE
special_groupings_status_effective_time: ""20170919"" -> 20250401"
02465221,BELBUCA (buprenorphine (buprenorphine hydrochloride) 75 mcg buccal film) PURDUE PHARMA,MP,500001,http://www.gazette.gc.ca/rp-pr/p1/2017/2017-06-17/html/reg8-eng.php,Inactive,20250401,"special_groupings_status: ""ACTIVE"" -> INACTIVE
special_groupings_status_effective_time: ""20170919"" -> 20250401"
00690783,RATIO-MORPHINE (morphine hydrochloride 10 mg per mL syrup) TEVA CANADA LIMITED,MP,500001,http://www.gazette.gc.ca/rp-pr/p1/2017/2017-06-17/html/reg8-eng.php,Inactive,20250401,"special_groupings_status: ""ACTIVE"" -> INACTIVE
special_groupings_status_effective_time: ""20170919"" -> 20250401"
02341379,PMS-FENTANYL MTX (fentanyl 12 mcg per hour transdermal patch) PHARMASCIENCE INC,MP,500001,http://www.gazette.gc.ca/rp-pr/p1/2017/2017-06-17/html/reg8-eng.php,Inactive,20250401,"special_groupings_status: ""ACTIVE"" -> INACTIVE
special_groupings_status_effective_time: ""20170919"" -> 20250401"
02485532,HYDROMORPHONE HYDROCHLORIDE INJECTION USP (hydromorphone hydrochloride 20 mg per 50 mL solution for injection bag) STERINOVA INC.,MP,500001,http://www.gazette.gc.ca/rp-pr/p1/2017/2017-06-17/html/reg8-eng.php,Inactive,20250401,"special_groupings_status: ""ACTIVE"" -> INACTIVE
special_groupings_status_effective_time: ""20170919"" -> 20250401"
02163926,TYLENOL WITH CODEINE NO. 3 - TAB (acetaminophen 300 mg and caffeine 15 mg and codeine phosphate 30 mg oral tablet) JANSSEN INC,MP,500001,http://www.gazette.gc.ca/rp-pr/p1/2017/2017-06-17/html/reg8-eng.php,Inactive,20250401,"special_groupings_status: ""ACTIVE"" -> INACTIVE
special_groupings_status_effective_time: ""20170919"" -> 20250401"
9006213,morphine sulfate 50 mg per 1 mL solution for injection vial,NTP,500001,http://www.gazette.gc.ca/rp-pr/p1/2017/2017-06-17/html/reg8-eng.php,Inactive,20250401,"special_groupings_status: ""ACTIVE"" -> INACTIVE
special_groupings_status_effective_time: ""20170919"" -> 20250401"
77700521,FENTANYL CITRATE INJECTION USP (fentanyl (fentanyl citrate) 1000 mcg per 20 mL solution for injection vial) PFIZER CANADA ULC,MP,500001,http://www.gazette.gc.ca/rp-pr/p1/2017/2017-06-17/html/reg8-eng.php,Inactive,20250401,"special_groupings_status: ""ACTIVE"" -> INACTIVE
special_groupings_status_effective_time: ""20170919"" -> 20250401"
77700341,MORPHINE EXTRA-FORTE (morphine sulfate 50 mg per mL solution for injection 20 mL vial) PFIZER CANADA ULC,MP,500001,http://www.gazette.gc.ca/rp-pr/p1/2017/2017-06-17/html/reg8-eng.php,Inactive,20250401,"special_groupings_status: ""ACTIVE"" -> INACTIVE
special_groupings_status_effective_time: ""20170919"" -> 20250401"
00608165,TEVA-OXYCOCET (acetaminophen 325 mg and oxycodone hydrochloride 5 mg oral tablet) TEVA CANADA LIMITED,MP,500001,http://www.gazette.gc.ca/rp-pr/p1/2017/2017-06-17/html/reg8-eng.php,Inactive,20250401,"special_groupings_status: ""ACTIVE"" -> INACTIVE
special_groupings_status_effective_time: ""20170919"" -> 20250401"
02347180,TEVA-TRAMADOL/ACETAMINOPHEN (acetaminophen 325 mg and tramadol hydrochloride 37.5 mg oral tablet) TEVA CANADA LIMITED,MP,500001,http://www.gazette.gc.ca/rp-pr/p1/2017/2017-06-17/html/reg8-eng.php,Inactive,20250401,"special_groupings_status: ""ACTIVE"" -> INACTIVE
special_groupings_status_effective_time: ""20170919"" -> 20250401"
9006548,meperidine hydrochloride 50 mg per 1 mL solution for injection ampoule,NTP,500001,http://www.gazette.gc.ca/rp-pr/p1/2017/2017-06-17/html/reg8-eng.php,Inactive,20250401,"special_groupings_status: ""ACTIVE"" -> INACTIVE
special_groupings_status_effective_time: ""20170919"" -> 20250401"
02394782,APO-OXYCODONE CR (oxycodone hydrochloride 60 mg prolonged-release oral tablet) APOTEX INC,MP,500001,http://www.gazette.gc.ca/rp-pr/p1/2017/2017-06-17/html/reg8-eng.php,Inactive,20250401,"special_groupings_status: ""ACTIVE"" -> INACTIVE
special_groupings_status_effective_time: ""20170919"" -> 20250401"
02311925,TEVA-FENTANYL (fentanyl 12 mcg per hour transdermal patch) TEVA CANADA LIMITED,MP,500001,http://www.gazette.gc.ca/rp-pr/p1/2017/2017-06-17/html/reg8-eng.php,Inactive,20250401,"special_groupings_status: ""ACTIVE"" -> INACTIVE
special_groupings_status_effective_time: ""20170919"" -> 20250401"
9002411,acetylsalicylic acid 325 mg and codeine phosphate 32.4 mg and methocarbamol 400 mg oral tablet,NTP,500001,http://www.gazette.gc.ca/rp-pr/p1/2017/2017-06-17/html/reg8-eng.php,Inactive,20250401,"special_groupings_status: ""ACTIVE"" -> INACTIVE
special_groupings_status_effective_time: ""20170919"" -> 20250401"
02388324,MAR-TRAMADOL/ACET (acetaminophen 325 mg and tramadol hydrochloride 37.5 mg oral tablet) MARCAN PHARMACEUTICALS INC,MP,500001,http://www.gazette.gc.ca/rp-pr/p1/2017/2017-06-17/html/reg8-eng.php,Inactive,20250401,"special_groupings_status: ""ACTIVE"" -> INACTIVE
special_groupings_status_effective_time: ""20170919"" -> 20250401"
02049473,NOVAHISTINE DH (hydrocodone bitartrate 1.7 mg per 5 mL and phenylephrine hydrochloride 10 mg per 5 mL syrup) SANOFI-AVENTIS CANADA INC,MP,500001,http://www.gazette.gc.ca/rp-pr/p1/2017/2017-06-17/html/reg8-eng.php,Inactive,20250401,"special_groupings_status: ""ACTIVE"" -> INACTIVE
special_groupings_status_effective_time: ""20170919"" -> 20250401"
8000781,hydrocodone and phenylephrine,TM,500001,http://www.gazette.gc.ca/rp-pr/p1/2017/2017-06-17/html/reg8-eng.php,Inactive,20250401,"special_groupings_status: ""ACTIVE"" -> INACTIVE
special_groupings_status_effective_time: ""20170919"" -> 20250401"
00608882,TEVA-EMTEC-30 (acetaminophen 300 mg and codeine phosphate 30 mg oral tablet) TEVA CANADA LIMITED,MP,500001,http://www.gazette.gc.ca/rp-pr/p1/2017/2017-06-17/html/reg8-eng.php,Inactive,20250401,"special_groupings_status: ""ACTIVE"" -> INACTIVE
special_groupings_status_effective_time: ""20170919"" -> 20250401"
02009889,CODEINE 15 (codeine phosphate 15 mg oral tablet) LABORATOIRE RIVA INC.,MP,500001,http://www.gazette.gc.ca/rp-pr/p1/2017/2017-06-17/html/reg8-eng.php,Inactive,20250401,"special_groupings_status: ""ACTIVE"" -> INACTIVE
special_groupings_status_effective_time: ""20170919"" -> 20250401"
02282984,TEVA-FENTANYL (fentanyl 100 mcg per hour transdermal patch) TEVA CANADA LIMITED,MP,500001,http://www.gazette.gc.ca/rp-pr/p1/2017/2017-06-17/html/reg8-eng.php,Inactive,20250401,"special_groupings_status: ""ACTIVE"" -> INACTIVE
special_groupings_status_effective_time: ""20170919"" -> 20250401"
9001358,oxycodone hydrochloride 30 mg prolonged-release oral tablet,NTP,500001,http://www.gazette.gc.ca/rp-pr/p1/2017/2017-06-17/html/reg8-eng.php,Inactive,20250401,"special_groupings_status: ""ACTIVE"" -> INACTIVE
special_groupings_status_effective_time: ""20170919"" -> 20250401"
02302764,TEVA-MORPHINE SR (morphine sulfate 15 mg prolonged-release oral tablet) TEVA CANADA LIMITED,MP,500001,http://www.gazette.gc.ca/rp-pr/p1/2017/2017-06-17/html/reg8-eng.php,Inactive,20250401,"special_groupings_status: ""ACTIVE"" -> INACTIVE
special_groupings_status_effective_time: ""20170919"" -> 20250401"
9012466,buprenorphine (buprenorphine hydrochloride) 450 mcg buccal film,NTP,500001,http://www.gazette.gc.ca/rp-pr/p1/2017/2017-06-17/html/reg8-eng.php,Inactive,20250401,"special_groupings_status: ""ACTIVE"" -> INACTIVE
special_groupings_status_effective_time: ""20170919"" -> 20250401"
77700291,HYDROMORPHONE HP 10 (hydromorphone hydrochloride 10 mg per 1 mL solution for injection vial) SANDOZ CANADA INCORPORATED,MP,500001,http://www.gazette.gc.ca/rp-pr/p1/2017/2017-06-17/html/reg8-eng.php,Inactive,20250401,"special_groupings_status: ""ACTIVE"" -> INACTIVE
special_groupings_status_effective_time: ""20170919"" -> 20250401"
9000323,fentanyl (fentanyl citrate) 500 mcg per 10 mL solution for injection ampoule,NTP,500001,http://www.gazette.gc.ca/rp-pr/p1/2017/2017-06-17/html/reg8-eng.php,Inactive,20250401,"special_groupings_status: ""ACTIVE"" -> INACTIVE
special_groupings_status_effective_time: ""20170919"" -> 20250401"
02469650,NRA-TRAMADOL/ACET (acetaminophen 325 mg and tramadol hydrochloride 37.5 mg oral tablet) NORA PHARMA INC,MP,500001,http://www.gazette.gc.ca/rp-pr/p1/2017/2017-06-17/html/reg8-eng.php,Inactive,20250401,"special_groupings_status: ""ACTIVE"" -> INACTIVE
special_groupings_status_effective_time: ""20170919"" -> 20250401"
9000094,acetaminophen 325 mg and oxycodone hydrochloride 5 mg oral tablet,NTP,500001,http://www.gazette.gc.ca/rp-pr/p1/2017/2017-06-17/html/reg8-eng.php,Inactive,20250401,"special_groupings_status: ""ACTIVE"" -> INACTIVE
special_groupings_status_effective_time: ""20170919"" -> 20250401"
02244078,"DIMETAPP-C (brompheniramine maleate 2 mg per 5 mL and codeine phosphate 10 mg per 5 mL and phenylephrine hydrochloride 5 mg per 5 mL syrup) FOUNDATION CONSUMER BRANDS, LLC",MP,500001,http://www.gazette.gc.ca/rp-pr/p1/2017/2017-06-17/html/reg8-eng.php,Inactive,20250401,"special_groupings_status: ""ACTIVE"" -> INACTIVE
special_groupings_status_effective_time: ""20170919"" -> 20250401"
02394170,ACT OXYCODONE CR (oxycodone hydrochloride 5 mg prolonged-release oral tablet) TEVA CANADA LIMITED,MP,500001,http://www.gazette.gc.ca/rp-pr/p1/2017/2017-06-17/html/reg8-eng.php,Inactive,20250401,"special_groupings_status: ""ACTIVE"" -> INACTIVE
special_groupings_status_effective_time: ""20170919"" -> 20250401"
01916548,ENDOCET (acetaminophen 325 mg and oxycodone hydrochloride 5 mg oral tablet) BRISTOL-MYERS SQUIBB CANADA,MP,500001,http://www.gazette.gc.ca/rp-pr/p1/2017/2017-06-17/html/reg8-eng.php,Inactive,20250401,"special_groupings_status: ""ACTIVE"" -> INACTIVE
special_groupings_status_effective_time: ""20170919"" -> 20250401"
9000107,codeine phosphate 30 mg per 1 mL solution for injection ampoule,NTP,500001,http://www.gazette.gc.ca/rp-pr/p1/2017/2017-06-17/html/reg8-eng.php,Inactive,20250401,"special_groupings_status: ""ACTIVE"" -> INACTIVE
special_groupings_status_effective_time: ""20170919"" -> 20250401"
00649619,MORPHINE SULFATE INJECTION USP (morphine sulfate 150 mg per 30 mL solution for injection vial) ICU MEDICAL CANADA INC,MP,500001,http://www.gazette.gc.ca/rp-pr/p1/2017/2017-06-17/html/reg8-eng.php,Inactive,20250401,"special_groupings_status: ""ACTIVE"" -> INACTIVE
special_groupings_status_effective_time: ""20170919"" -> 20250401"
9000228,morphine hydrochloride 5 mg per mL syrup,NTP,500001,http://www.gazette.gc.ca/rp-pr/p1/2017/2017-06-17/html/reg8-eng.php,Inactive,20250401,"special_groupings_status: ""ACTIVE"" -> INACTIVE
special_groupings_status_effective_time: ""20170919"" -> 20250401"
00632228,STATEX SUPPOSITORIES 5MG (morphine sulfate 5 mg suppository) PALADIN PHARMA INC.,MP,500001,http://www.gazette.gc.ca/rp-pr/p1/2017/2017-06-17/html/reg8-eng.php,Inactive,20250401,"special_groupings_status: ""ACTIVE"" -> INACTIVE
special_groupings_status_effective_time: ""20170919"" -> 20250401"
02334186,DURAGESIC (fentanyl 12 mcg per hour transdermal patch) JANSSEN INC,MP,500001,http://www.gazette.gc.ca/rp-pr/p1/2017/2017-06-17/html/reg8-eng.php,Inactive,20250401,"special_groupings_status: ""ACTIVE"" -> INACTIVE
special_groupings_status_effective_time: ""20170919"" -> 20250401"
77700346,MORPHINE HP 25 - 25MG/ML (morphine sulfate 25 mg per 1 mL solution for injection ampoule) SANDOZ CANADA INCORPORATED,MP,500001,http://www.gazette.gc.ca/rp-pr/p1/2017/2017-06-17/html/reg8-eng.php,Inactive,20250401,"special_groupings_status: ""ACTIVE"" -> INACTIVE
special_groupings_status_effective_time: ""20170919"" -> 20250401"
9000153,oxycodone hydrochloride 10 mg oral tablet,NTP,500001,http://www.gazette.gc.ca/rp-pr/p1/2017/2017-06-17/html/reg8-eng.php,Inactive,20250401,"special_groupings_status: ""ACTIVE"" -> INACTIVE
special_groupings_status_effective_time: ""20170919"" -> 20250401"
9002679,hydrocodone bitartrate 1.7 mg per 5 mL and phenylephrine hydrochloride 10 mg per 5 mL syrup,NTP,500001,http://www.gazette.gc.ca/rp-pr/p1/2017/2017-06-17/html/reg8-eng.php,Inactive,20250401,"special_groupings_status: ""ACTIVE"" -> INACTIVE
special_groupings_status_effective_time: ""20170919"" -> 20250401"
02244080,"DIMETANE EXPECTORANT DC (brompheniramine maleate 2 mg per 5 mL and guaifenesin 100 mg per 5 mL and hydrocodone bitartrate 1.8 mg per 5 mL and phenylephrine hydrochloride 5 mg per 5 mL syrup) FOUNDATION CONSUMER BRANDS, LLC",MP,500001,http://www.gazette.gc.ca/rp-pr/p1/2017/2017-06-17/html/reg8-eng.php,Inactive,20250401,"special_groupings_status: ""ACTIVE"" -> INACTIVE
special_groupings_status_effective_time: ""20170919"" -> 20250401"
02306530,APO-OXYCODONE CR (oxycodone hydrochloride 40 mg prolonged-release oral tablet) APOTEX INC,MP,500001,http://www.gazette.gc.ca/rp-pr/p1/2017/2017-06-17/html/reg8-eng.php,Inactive,20250401,"special_groupings_status: ""ACTIVE"" -> INACTIVE
special_groupings_status_effective_time: ""20170919"" -> 20250401"
02163780,"CODEINE CONTIN 150MG CONTROLLED RELEASE TAB (codeine (codeine monohydrate, codeine sulfate trihydrate) 150 mg prolonged-release oral tablet) PURDUE PHARMA",MP,500001,http://www.gazette.gc.ca/rp-pr/p1/2017/2017-06-17/html/reg8-eng.php,Inactive,20250401,"special_groupings_status: ""ACTIVE"" -> INACTIVE
special_groupings_status_effective_time: ""20170919"" -> 20250401"
9001459,buprenorphine 15 mcg per hour transdermal patch,NTP,500001,http://www.gazette.gc.ca/rp-pr/p1/2017/2017-06-17/html/reg8-eng.php,Inactive,20250401,"special_groupings_status: ""ACTIVE"" -> INACTIVE
special_groupings_status_effective_time: ""20170919"" -> 20250401"
9006227,morphine sulfate 2 mg per 1 mL solution for injection vial,NTP,500001,http://www.gazette.gc.ca/rp-pr/p1/2017/2017-06-17/html/reg8-eng.php,Inactive,20250401,"special_groupings_status: ""ACTIVE"" -> INACTIVE
special_groupings_status_effective_time: ""20170919"" -> 20250401"
9001164,fentanyl 75 mcg per hour transdermal patch,NTP,500001,http://www.gazette.gc.ca/rp-pr/p1/2017/2017-06-17/html/reg8-eng.php,Inactive,20250401,"special_groupings_status: ""ACTIVE"" -> INACTIVE
special_groupings_status_effective_time: ""20170919"" -> 20250401"
02163748,"CODEINE CONTIN 100MG CONTROLLED RELEASE TAB (codeine (codeine monohydrate, codeine sulfate trihydrate) 100 mg prolonged-release oral tablet) PURDUE PHARMA",MP,500001,http://www.gazette.gc.ca/rp-pr/p1/2017/2017-06-17/html/reg8-eng.php,Inactive,20250401,"special_groupings_status: ""ACTIVE"" -> INACTIVE
special_groupings_status_effective_time: ""20170919"" -> 20250401"
02049481,NOVAHISTEX DH (hydrocodone bitartrate 5 mg per 5 mL and phenylephrine hydrochloride 20 mg per 5 mL syrup) SANOFI-AVENTIS CANADA INC,MP,500001,http://www.gazette.gc.ca/rp-pr/p1/2017/2017-06-17/html/reg8-eng.php,Inactive,20250401,"special_groupings_status: ""ACTIVE"" -> INACTIVE
special_groupings_status_effective_time: ""20170919"" -> 20250401"
9000389,morphine sulfate 20 mg oral tablet,NTP,500001,http://www.gazette.gc.ca/rp-pr/p1/2017/2017-06-17/html/reg8-eng.php,Inactive,20250401,"special_groupings_status: ""ACTIVE"" -> INACTIVE
special_groupings_status_effective_time: ""20170919"" -> 20250401"
77700349,MORPHINE HP 50 (morphine sulfate 50 mg per 1 mL solution for injection vial) SANDOZ CANADA INCORPORATED,MP,500001,http://www.gazette.gc.ca/rp-pr/p1/2017/2017-06-17/html/reg8-eng.php,Inactive,20250401,"special_groupings_status: ""ACTIVE"" -> INACTIVE
special_groupings_status_effective_time: ""20170919"" -> 20250401"
9012465,buprenorphine (buprenorphine hydrochloride) 300 mcg buccal film,NTP,500001,http://www.gazette.gc.ca/rp-pr/p1/2017/2017-06-17/html/reg8-eng.php,Inactive,20250401,"special_groupings_status: ""ACTIVE"" -> INACTIVE
special_groupings_status_effective_time: ""20170919"" -> 20250401"
02391554,PRIVA-TRAMADOL/ACET (acetaminophen 325 mg and tramadol hydrochloride 37.5 mg oral tablet) PHARMAPAR INC,MP,500001,http://www.gazette.gc.ca/rp-pr/p1/2017/2017-06-17/html/reg8-eng.php,Inactive,20250401,"special_groupings_status: ""ACTIVE"" -> INACTIVE
special_groupings_status_effective_time: ""20170919"" -> 20250401"
02299194,"RALIVIA (tramadol hydrochloride 100 mg prolonged-release oral tablet) BAUSCH HEALTH, CANADA INC.",MP,500001,http://www.gazette.gc.ca/rp-pr/p1/2017/2017-06-17/html/reg8-eng.php,Inactive,20250401,"special_groupings_status: ""ACTIVE"" -> INACTIVE
special_groupings_status_effective_time: ""20170919"" -> 20250401"
9000618,morphine sulfate 200 mg prolonged-release oral capsule,NTP,500001,http://www.gazette.gc.ca/rp-pr/p1/2017/2017-06-17/html/reg8-eng.php,Inactive,20250401,"special_groupings_status: ""ACTIVE"" -> INACTIVE
special_groupings_status_effective_time: ""20170919"" -> 20250401"
9000617,morphine sulfate 15 mg prolonged-release oral capsule,NTP,500001,http://www.gazette.gc.ca/rp-pr/p1/2017/2017-06-17/html/reg8-eng.php,Inactive,20250401,"special_groupings_status: ""ACTIVE"" -> INACTIVE
special_groupings_status_effective_time: ""20170919"" -> 20250401"
77701085,"FENTANYL CITRATE INJECTION, USP (fentanyl (fentanyl citrate) 50 mcg per mL solution for injection 50 mL vial) FRESENIUS KABI CANADA LTD",MP,500001,http://www.gazette.gc.ca/rp-pr/p1/2017/2017-06-17/html/reg8-eng.php,Inactive,20250401,"special_groupings_status: ""ACTIVE"" -> INACTIVE
special_groupings_status_effective_time: ""20170919"" -> 20250401"
02364182,ABSTRAL (fentanyl (fentanyl citrate) 200 mcg sublingual tablet) PALADIN PHARMA INC.,MP,500001,http://www.gazette.gc.ca/rp-pr/p1/2017/2017-06-17/html/reg8-eng.php,Inactive,20250401,"special_groupings_status: ""ACTIVE"" -> INACTIVE
special_groupings_status_effective_time: ""20170919"" -> 20250401"
00850330,MORPHINE SULFATE INJECTION USP (morphine sulfate 15 mg per 1 mL solution for injection ampoule) PFIZER CANADA ULC,MP,500001,http://www.gazette.gc.ca/rp-pr/p1/2017/2017-06-17/html/reg8-eng.php,Inactive,20250401,"special_groupings_status: ""ACTIVE"" -> INACTIVE
special_groupings_status_effective_time: ""20170919"" -> 20250401"
02327163,SANDOZ FENTANYL PATCH (fentanyl 100 mcg per hour transdermal patch) SANDOZ CANADA INCORPORATED,MP,500001,http://www.gazette.gc.ca/rp-pr/p1/2017/2017-06-17/html/reg8-eng.php,Inactive,20250401,"special_groupings_status: ""ACTIVE"" -> INACTIVE
special_groupings_status_effective_time: ""20170919"" -> 20250401"
9014761,hydromorphone hydrochloride 1 mg per 1 mL solution for injection vial,NTP,500001,http://www.gazette.gc.ca/rp-pr/p1/2017/2017-06-17/html/reg8-eng.php,Inactive,20250401,"special_groupings_status: ""ACTIVE"" -> INACTIVE
special_groupings_status_effective_time: ""20170919"" -> 20250401"
00125083,DILAUDID (hydromorphone hydrochloride 2 mg oral tablet) PURDUE PHARMA,MP,500001,http://www.gazette.gc.ca/rp-pr/p1/2017/2017-06-17/html/reg8-eng.php,Inactive,20250401,"special_groupings_status: ""ACTIVE"" -> INACTIVE
special_groupings_status_effective_time: ""20170919"" -> 20250401"
9001042,methadone hydrochloride 1 mg oral tablet,NTP,500001,http://www.gazette.gc.ca/rp-pr/p1/2017/2017-06-17/html/reg8-eng.php,Inactive,20250401,"special_groupings_status: ""ACTIVE"" -> INACTIVE
special_groupings_status_effective_time: ""20170919"" -> 20250401"
02549808,PMS-MORPHINE SULFATE (morphine sulfate 10 mg oral tablet) PHARMASCIENCE INC,MP,500001,http://www.gazette.gc.ca/rp-pr/p1/2017/2017-06-17/html/reg8-eng.php,Inactive,20250401,"special_groupings_status: ""ACTIVE"" -> INACTIVE
special_groupings_status_effective_time: ""20170919"" -> 20250401"
77700448,FENTANYL CITRATE INJECTION USP (fentanyl (fentanyl citrate) 250 mcg per 5 mL solution for injection vial) SANDOZ CANADA INCORPORATED,MP,500001,http://www.gazette.gc.ca/rp-pr/p1/2017/2017-06-17/html/reg8-eng.php,Inactive,20250401,"special_groupings_status: ""ACTIVE"" -> INACTIVE
special_groupings_status_effective_time: ""20170919"" -> 20250401"
9006278,pentazocine (pentazocine lactate) 30 mg per 1 mL solution for injection ampoule,NTP,500001,http://www.gazette.gc.ca/rp-pr/p1/2017/2017-06-17/html/reg8-eng.php,Inactive,20250401,"special_groupings_status: ""ACTIVE"" -> INACTIVE
special_groupings_status_effective_time: ""20170919"" -> 20250401"
02230769,DALMACOL (alcohol anhydrous 0.25 mL per 5 mL and doxylamine succinate 6 mg per 5 mL and etafedrin hydrochloride 16.65 mg per 5 mL and hydrocodone bitartrate 1.65 mg per 5 mL and sodium citrate 200 mg per 5 mL syrup) LABORATOIRE RIVA INC.,MP,500001,http://www.gazette.gc.ca/rp-pr/p1/2017/2017-06-17/html/reg8-eng.php,Inactive,20250401,"special_groupings_status: ""ACTIVE"" -> INACTIVE
special_groupings_status_effective_time: ""20170919"" -> 20250401"
77700298,HYDROMORPHONE HP 50 (hydromorphone hydrochloride 500 mg per 10 mL solution for injection vial) SANDOZ CANADA INCORPORATED,MP,500001,http://www.gazette.gc.ca/rp-pr/p1/2017/2017-06-17/html/reg8-eng.php,Inactive,20250401,"special_groupings_status: ""ACTIVE"" -> INACTIVE
special_groupings_status_effective_time: ""20170919"" -> 20250401"
9001034,methadone hydrochloride 1 mg per mL oral solution,NTP,500001,http://www.gazette.gc.ca/rp-pr/p1/2017/2017-06-17/html/reg8-eng.php,Inactive,20250401,"special_groupings_status: ""ACTIVE"" -> INACTIVE
special_groupings_status_effective_time: ""20170919"" -> 20250401"
9006225,morphine sulfate 10 mg per 10 mL solution for injection vial,NTP,500001,http://www.gazette.gc.ca/rp-pr/p1/2017/2017-06-17/html/reg8-eng.php,Inactive,20250401,"special_groupings_status: ""ACTIVE"" -> INACTIVE
special_groupings_status_effective_time: ""20170919"" -> 20250401"
02325950,OXYCODONE (oxycodone hydrochloride 5 mg oral tablet) PRO DOC LIMITEE,MP,500001,http://www.gazette.gc.ca/rp-pr/p1/2017/2017-06-17/html/reg8-eng.php,Inactive,20250401,"special_groupings_status: ""ACTIVE"" -> INACTIVE
special_groupings_status_effective_time: ""20170919"" -> 20250401"
00608181,TEVA-TECNAL C 1/2 (acetylsalicylic acid 330 mg and butalbital 50 mg and caffeine 40 mg and codeine phosphate 30 mg oral capsule) TEVA CANADA LIMITED,MP,500001,http://www.gazette.gc.ca/rp-pr/p1/2017/2017-06-17/html/reg8-eng.php,Inactive,20250401,"special_groupings_status: ""ACTIVE"" -> INACTIVE
special_groupings_status_effective_time: ""20170919"" -> 20250401"
02232658,PROCET-30 (acetaminophen 300 mg and codeine phosphate 30 mg oral tablet) PRO DOC LIMITEE,MP,500001,http://www.gazette.gc.ca/rp-pr/p1/2017/2017-06-17/html/reg8-eng.php,Inactive,20250401,"special_groupings_status: ""ACTIVE"" -> INACTIVE
special_groupings_status_effective_time: ""20170919"" -> 20250401"
9005008,tapentadol (tapentadol hydrochloride) 50 mg oral tablet,NTP,500001,http://www.gazette.gc.ca/rp-pr/p1/2017/2017-06-17/html/reg8-eng.php,Inactive,20250401,"special_groupings_status: ""ACTIVE"" -> INACTIVE
special_groupings_status_effective_time: ""20170919"" -> 20250401"
77700344,MORPHINE FORTE (morphine sulfate 25 mg per 1 mL solution for injection ampoule) PFIZER CANADA ULC,MP,500001,http://www.gazette.gc.ca/rp-pr/p1/2017/2017-06-17/html/reg8-eng.php,Inactive,20250401,"special_groupings_status: ""ACTIVE"" -> INACTIVE
special_groupings_status_effective_time: ""20170919"" -> 20250401"
8000926,brompheniramine and codeine and guaifenesin and phenylephrine,TM,500001,http://www.gazette.gc.ca/rp-pr/p1/2017/2017-06-17/html/reg8-eng.php,Inactive,20250401,"special_groupings_status: ""ACTIVE"" -> INACTIVE
special_groupings_status_effective_time: ""20170919"" -> 20250401"
9006230,morphine sulfate 5 mg per mL solution for injection 30 mL vial,NTP,500001,http://www.gazette.gc.ca/rp-pr/p1/2017/2017-06-17/html/reg8-eng.php,Inactive,20250401,"special_groupings_status: ""ACTIVE"" -> INACTIVE
special_groupings_status_effective_time: ""20170919"" -> 20250401"
02327155,SANDOZ FENTANYL PATCH (fentanyl 75 mcg per hour transdermal patch) SANDOZ CANADA INCORPORATED,MP,500001,http://www.gazette.gc.ca/rp-pr/p1/2017/2017-06-17/html/reg8-eng.php,Inactive,20250401,"special_groupings_status: ""ACTIVE"" -> INACTIVE
special_groupings_status_effective_time: ""20170919"" -> 20250401"
77700292,HYDROMORPHONE HP 10 (hydromorphone hydrochloride 10 mg per mL solution for injection 50 mL vial) SANDOZ CANADA INCORPORATED,MP,500001,http://www.gazette.gc.ca/rp-pr/p1/2017/2017-06-17/html/reg8-eng.php,Inactive,20250401,"special_groupings_status: ""ACTIVE"" -> INACTIVE
special_groupings_status_effective_time: ""20170919"" -> 20250401"
77700300,HYDROMORPHONE HP 50 (hydromorphone hydrochloride 50 mg per mL solution for injection 50 mL vial) SANDOZ CANADA INCORPORATED,MP,500001,http://www.gazette.gc.ca/rp-pr/p1/2017/2017-06-17/html/reg8-eng.php,Inactive,20250401,"special_groupings_status: ""ACTIVE"" -> INACTIVE
special_groupings_status_effective_time: ""20170919"" -> 20250401"
8000785,belladonna and opium,TM,500001,http://www.gazette.gc.ca/rp-pr/p1/2017/2017-06-17/html/reg8-eng.php,Inactive,20250401,"special_groupings_status: ""ACTIVE"" -> INACTIVE
special_groupings_status_effective_time: ""20170919"" -> 20250401"
02138018,DEMEROL (meperidine hydrochloride 50 mg oral tablet) SANOFI-AVENTIS CANADA INC,MP,500001,http://www.gazette.gc.ca/rp-pr/p1/2017/2017-06-17/html/reg8-eng.php,Inactive,20250401,"special_groupings_status: ""ACTIVE"" -> INACTIVE
special_groupings_status_effective_time: ""20170919"" -> 20250401"
02125366,HYDROMORPH CONTIN-CONTROLLED RELEASE CAP - 12MG (hydromorphone hydrochloride 12 mg prolonged-release oral capsule) PURDUE PHARMA,MP,500001,http://www.gazette.gc.ca/rp-pr/p1/2017/2017-06-17/html/reg8-eng.php,Inactive,20250401,"special_groupings_status: ""ACTIVE"" -> INACTIVE
special_groupings_status_effective_time: ""20170919"" -> 20250401"
9000031,acetaminophen 300 mg and caffeine 15 mg and codeine phosphate 15 mg oral tablet,NTP,500001,http://www.gazette.gc.ca/rp-pr/p1/2017/2017-06-17/html/reg8-eng.php,Inactive,20250401,"special_groupings_status: ""ACTIVE"" -> INACTIVE
special_groupings_status_effective_time: ""20170919"" -> 20250401"
77701027,"HYDROMORPHONE HYDROCHLORIDE INJECTION, USP (hydromorphone hydrochloride 50 mg per 5 mL solution for injection vial) FRESENIUS KABI CANADA LTD",MP,500001,http://www.gazette.gc.ca/rp-pr/p1/2017/2017-06-17/html/reg8-eng.php,Inactive,20250401,"special_groupings_status: ""ACTIVE"" -> INACTIVE
special_groupings_status_effective_time: ""20170919"" -> 20250401"
9001207,tramadol hydrochloride 100 mg prolonged-release oral tablet,NTP,500001,http://www.gazette.gc.ca/rp-pr/p1/2017/2017-06-17/html/reg8-eng.php,Inactive,20250401,"special_groupings_status: ""ACTIVE"" -> INACTIVE
special_groupings_status_effective_time: ""20170919"" -> 20250401"
02460602,HYDROMORPHONE HYDROCHLORIDE INJECTION (hydromorphone hydrochloride 2 mg per 1 mL solution for injection ampoule) STERIMAX INC,MP,500001,http://www.gazette.gc.ca/rp-pr/p1/2017/2017-06-17/html/reg8-eng.php,Inactive,20250401,"special_groupings_status: ""ACTIVE"" -> INACTIVE
special_groupings_status_effective_time: ""20170919"" -> 20250401"
9001340,hydromorphone hydrochloride 4.5 mg prolonged-release oral capsule,NTP,500001,http://www.gazette.gc.ca/rp-pr/p1/2017/2017-06-17/html/reg8-eng.php,Inactive,20250401,"special_groupings_status: ""ACTIVE"" -> INACTIVE
special_groupings_status_effective_time: ""20170919"" -> 20250401"
02364204,ABSTRAL (fentanyl (fentanyl citrate) 400 mcg sublingual tablet) PALADIN PHARMA INC.,MP,500001,http://www.gazette.gc.ca/rp-pr/p1/2017/2017-06-17/html/reg8-eng.php,Inactive,20250401,"special_groupings_status: ""ACTIVE"" -> INACTIVE
special_groupings_status_effective_time: ""20170919"" -> 20250401"
02341395,PMS-FENTANYL MTX (fentanyl 50 mcg per hour transdermal patch) PHARMASCIENCE INC,MP,500001,http://www.gazette.gc.ca/rp-pr/p1/2017/2017-06-17/html/reg8-eng.php,Inactive,20250401,"special_groupings_status: ""ACTIVE"" -> INACTIVE
special_groupings_status_effective_time: ""20170919"" -> 20250401"
02373025,DURELA (tramadol hydrochloride 200 mg prolonged-release oral capsule) CIPHER PHARMACEUTICALS INC,MP,500001,http://www.gazette.gc.ca/rp-pr/p1/2017/2017-06-17/html/reg8-eng.php,Inactive,20250401,"special_groupings_status: ""ACTIVE"" -> INACTIVE
special_groupings_status_effective_time: ""20170919"" -> 20250401"
02137267,MORPHINE SULPHATE INJECTION 50MG/ML (morphine sulfate 50 mg per mL solution for injection 50 mL vial) HOSPIRA HEALTHCARE ULC,MP,500001,http://www.gazette.gc.ca/rp-pr/p1/2017/2017-06-17/html/reg8-eng.php,Inactive,20250401,"special_groupings_status: ""ACTIVE"" -> INACTIVE
special_groupings_status_effective_time: ""20170919"" -> 20250401"
02327139,SANDOZ FENTANYL PATCH (fentanyl 37 mcg per hour transdermal patch) SANDOZ CANADA INCORPORATED,MP,500001,http://www.gazette.gc.ca/rp-pr/p1/2017/2017-06-17/html/reg8-eng.php,Inactive,20250401,"special_groupings_status: ""ACTIVE"" -> INACTIVE
special_groupings_status_effective_time: ""20170919"" -> 20250401"
8000775,buprenorphine,TM,500001,http://www.gazette.gc.ca/rp-pr/p1/2017/2017-06-17/html/reg8-eng.php,Inactive,20250401,"special_groupings_status: ""ACTIVE"" -> INACTIVE
special_groupings_status_effective_time: ""20170919"" -> 20250401"
9014297,fentanyl (fentanyl citrate) 50 mcg per mL solution for injection 50 mL vial,NTP,500001,http://www.gazette.gc.ca/rp-pr/p1/2017/2017-06-17/html/reg8-eng.php,Inactive,20250401,"special_groupings_status: ""ACTIVE"" -> INACTIVE
special_groupings_status_effective_time: ""20170919"" -> 20250401"
9006271,meperidine hydrochloride 100 mg per mL solution for injection 20 mL vial,NTP,500001,http://www.gazette.gc.ca/rp-pr/p1/2017/2017-06-17/html/reg8-eng.php,Inactive,20250401,"special_groupings_status: ""ACTIVE"" -> INACTIVE
special_groupings_status_effective_time: ""20170919"" -> 20250401"
9014568,fentanyl (fentanyl citrate) 50 mcg per 1 mL solution for injection vial,NTP,500001,http://www.gazette.gc.ca/rp-pr/p1/2017/2017-06-17/html/reg8-eng.php,Inactive,20250401,"special_groupings_status: ""ACTIVE"" -> INACTIVE
special_groupings_status_effective_time: ""20170919"" -> 20250401"
00497290,CODEINE PHOSPHATE INJ 60MG/ML (codeine phosphate 60 mg per 1 mL solution for injection ampoule) HOSPIRA HEALTHCARE ULC,MP,500001,http://www.gazette.gc.ca/rp-pr/p1/2017/2017-06-17/html/reg8-eng.php,Inactive,20250401,"special_groupings_status: ""ACTIVE"" -> INACTIVE
special_groupings_status_effective_time: ""20170919"" -> 20250401"
9014173,hydromorphone hydrochloride 40 mg per 100 mL solution for injection bag,NTP,500001,http://www.gazette.gc.ca/rp-pr/p1/2017/2017-06-17/html/reg8-eng.php,Inactive,20250401,"special_groupings_status: ""ACTIVE"" -> INACTIVE
special_groupings_status_effective_time: ""20170919"" -> 20250401"
8000369,tramadol,TM,500001,http://www.gazette.gc.ca/rp-pr/p1/2017/2017-06-17/html/reg8-eng.php,Inactive,20250401,"special_groupings_status: ""ACTIVE"" -> INACTIVE
special_groupings_status_effective_time: ""20170919"" -> 20250401"
00725749,MEPERIDINE HYDROCHLORIDE INJECTION USP (meperidine hydrochloride 100 mg per 1 mL solution for injection ampoule) SANDOZ CANADA INCORPORATED,MP,500001,http://www.gazette.gc.ca/rp-pr/p1/2017/2017-06-17/html/reg8-eng.php,Inactive,20250401,"special_groupings_status: ""ACTIVE"" -> INACTIVE
special_groupings_status_effective_time: ""20170919"" -> 20250401"
9001428,fentanyl (fentanyl citrate) 800 mcg buccal tablet,NTP,500001,http://www.gazette.gc.ca/rp-pr/p1/2017/2017-06-17/html/reg8-eng.php,Inactive,20250401,"special_groupings_status: ""ACTIVE"" -> INACTIVE
special_groupings_status_effective_time: ""20170919"" -> 20250401"
01934783,ROBAXISAL C 1/4 (acetylsalicylic acid 325 mg and codeine phosphate 16.2 mg and methocarbamol 400 mg oral tablet) GLAXOSMITHKLINE CONSUMER HEALTHCARE ULC,MP,500001,http://www.gazette.gc.ca/rp-pr/p1/2017/2017-06-17/html/reg8-eng.php,Inactive,20250401,"special_groupings_status: ""ACTIVE"" -> INACTIVE
special_groupings_status_effective_time: ""20170919"" -> 20250401"
9000259,morphine hydrochloride 20 mg per mL syrup,NTP,500001,http://www.gazette.gc.ca/rp-pr/p1/2017/2017-06-17/html/reg8-eng.php,Inactive,20250401,"special_groupings_status: ""ACTIVE"" -> INACTIVE
special_groupings_status_effective_time: ""20170919"" -> 20250401"
02241377,METADOL (methadone hydrochloride 10 mg per mL oral solution) ENDO OPERATIONS LTD.,MP,500008,https://www.tppalberta.ca/medication-lists,Active,20240201,"ccdd_formal_name: ""METADOL (methadone hydrochloride 10 mg per mL oral solution) PALADIN PHARMA INC."" -> METADOL (methadone hydrochloride 10 mg per mL oral solution) ENDO OPERATIONS LTD."
9005492,tapentadol (tapentadol hydrochloride) 100 mg prolonged-release oral tablet,NTP,500001,http://www.gazette.gc.ca/rp-pr/p1/2017/2017-06-17/html/reg8-eng.php,Inactive,20250401,"special_groupings_status: ""ACTIVE"" -> INACTIVE
special_groupings_status_effective_time: ""20170919"" -> 20250401"
9000709,"codeine (codeine, codeine sulfate) 50 mg prolonged-release oral tablet",NTP,500001,http://www.gazette.gc.ca/rp-pr/p1/2017/2017-06-17/html/reg8-eng.php,Inactive,20250401,"special_groupings_status: ""ACTIVE"" -> INACTIVE
special_groupings_status_effective_time: ""20170919"" -> 20250401"
02366789,APO-OXYCODONE CR (oxycodone hydrochloride 80 mg prolonged-release oral tablet) APOTEX INC,MP,500001,http://www.gazette.gc.ca/rp-pr/p1/2017/2017-06-17/html/reg8-eng.php,Inactive,20250401,"special_groupings_status: ""ACTIVE"" -> INACTIVE
special_groupings_status_effective_time: ""20170919"" -> 20250401"
9000211,morphine sulfate 20 mg per mL oral drops,NTP,500001,http://www.gazette.gc.ca/rp-pr/p1/2017/2017-06-17/html/reg8-eng.php,Inactive,20250401,"special_groupings_status: ""ACTIVE"" -> INACTIVE
special_groupings_status_effective_time: ""20170919"" -> 20250401"
02224577,"COPHYLAC (normethadone hydrochloride 10 mg per mL and p-hydroxyephedrine hydrochloride 20 mg per mL oral drops) BAUSCH HEALTH, CANADA INC.",MP,500001,http://www.gazette.gc.ca/rp-pr/p1/2017/2017-06-17/html/reg8-eng.php,Inactive,20250401,"special_groupings_status: ""ACTIVE"" -> INACTIVE
special_groupings_status_effective_time: ""20170919"" -> 20250401"
02286424,ZYTRAM XL (tramadol hydrochloride 150 mg prolonged-release oral tablet) PURDUE PHARMA,MP,500001,http://www.gazette.gc.ca/rp-pr/p1/2017/2017-06-17/html/reg8-eng.php,Inactive,20250401,"special_groupings_status: ""ACTIVE"" -> INACTIVE
special_groupings_status_effective_time: ""20170919"" -> 20250401"
77700519,FENTANYL CITRATE INJECTION USP (fentanyl (fentanyl citrate) 1000 mcg per 20 mL solution for injection ampoule) PFIZER CANADA ULC,MP,500001,http://www.gazette.gc.ca/rp-pr/p1/2017/2017-06-17/html/reg8-eng.php,Inactive,20250401,"special_groupings_status: ""ACTIVE"" -> INACTIVE
special_groupings_status_effective_time: ""20170919"" -> 20250401"
00443948,SUPEUDOL 10 (oxycodone hydrochloride 10 mg oral tablet) SANDOZ CANADA INCORPORATED,MP,500001,http://www.gazette.gc.ca/rp-pr/p1/2017/2017-06-17/html/reg8-eng.php,Inactive,20250401,"special_groupings_status: ""ACTIVE"" -> INACTIVE
special_groupings_status_effective_time: ""20170919"" -> 20250401"
01971387,TRIANAL C½ (acetylsalicylic acid 330 mg and butalbital 50 mg and caffeine 40 mg and codeine phosphate 30 mg oral capsule) LABORATOIRE RIVA INC.,MP,500001,http://www.gazette.gc.ca/rp-pr/p1/2017/2017-06-17/html/reg8-eng.php,Inactive,20250401,"special_groupings_status: ""ACTIVE"" -> INACTIVE
special_groupings_status_effective_time: ""20170919"" -> 20250401"
02450429,TARO-TRAMADOL ER (tramadol hydrochloride 100 mg prolonged-release oral tablet) TARO PHARMACEUTICALS INC,MP,500001,http://www.gazette.gc.ca/rp-pr/p1/2017/2017-06-17/html/reg8-eng.php,Inactive,20250401,"special_groupings_status: ""ACTIVE"" -> INACTIVE
special_groupings_status_effective_time: ""20170919"" -> 20250401"
9000084,acetaminophen 325 mg and caffeine citrate 30 mg and codeine phosphate 30 mg oral tablet,NTP,500001,http://www.gazette.gc.ca/rp-pr/p1/2017/2017-06-17/html/reg8-eng.php,Inactive,20250401,"special_groupings_status: ""ACTIVE"" -> INACTIVE
special_groupings_status_effective_time: ""20170919"" -> 20250401"
9014567,fentanyl (fentanyl citrate) 100 mcg per 2 mL solution for injection vial,NTP,500001,http://www.gazette.gc.ca/rp-pr/p1/2017/2017-06-17/html/reg8-eng.php,Inactive,20250401,"special_groupings_status: ""ACTIVE"" -> INACTIVE
special_groupings_status_effective_time: ""20170919"" -> 20250401"
02145901,HYDROMORPHONE HYDROCHLORIDE INJECTION USP (hydromorphone hydrochloride 2 mg per 1 mL solution for injection ampoule) SANDOZ CANADA INCORPORATED,MP,500001,http://www.gazette.gc.ca/rp-pr/p1/2017/2017-06-17/html/reg8-eng.php,Inactive,20250401,"special_groupings_status: ""ACTIVE"" -> INACTIVE
special_groupings_status_effective_time: ""20170919"" -> 20250401"
9006244,hydromorphone hydrochloride 20 mg per 1 mL solution for injection vial,NTP,500001,http://www.gazette.gc.ca/rp-pr/p1/2017/2017-06-17/html/reg8-eng.php,Inactive,20250401,"special_groupings_status: ""ACTIVE"" -> INACTIVE
special_groupings_status_effective_time: ""20170919"" -> 20250401"
02360349,ZYTRAM XL (tramadol hydrochloride 100 mg prolonged-release oral tablet) PURDUE PHARMA,MP,500001,http://www.gazette.gc.ca/rp-pr/p1/2017/2017-06-17/html/reg8-eng.php,Inactive,20250401,"special_groupings_status: ""ACTIVE"" -> INACTIVE
special_groupings_status_effective_time: ""20170919"" -> 20250401"
9001355,oxycodone hydrochloride 10 mg prolonged-release oral tablet,NTP,500001,http://www.gazette.gc.ca/rp-pr/p1/2017/2017-06-17/html/reg8-eng.php,Inactive,20250401,"special_groupings_status: ""ACTIVE"" -> INACTIVE
special_groupings_status_effective_time: ""20170919"" -> 20250401"
02330148,RAN-FENTANYL MATRIX PATCH (fentanyl 75 mcg per hour transdermal patch) RANBAXY PHARMACEUTICALS CANADA INC.,MP,500001,http://www.gazette.gc.ca/rp-pr/p1/2017/2017-06-17/html/reg8-eng.php,Inactive,20250401,"special_groupings_status: ""ACTIVE"" -> INACTIVE
special_groupings_status_effective_time: ""20170919"" -> 20250401"
02476614,APO-HYDROMORPHONE CR (hydromorphone hydrochloride 3 mg prolonged-release oral capsule) APOTEX INC,MP,500001,http://www.gazette.gc.ca/rp-pr/p1/2017/2017-06-17/html/reg8-eng.php,Inactive,20250401,"special_groupings_status: ""ACTIVE"" -> INACTIVE
special_groupings_status_effective_time: ""20170919"" -> 20250401"
8000806,acetylsalicylic acid and caffeine and codeine,TM,500001,http://www.gazette.gc.ca/rp-pr/p1/2017/2017-06-17/html/reg8-eng.php,Inactive,20250401,"special_groupings_status: ""ACTIVE"" -> INACTIVE
special_groupings_status_effective_time: ""20170919"" -> 20250401"
02386852,CO FENTANYL (fentanyl 25 mcg per hour transdermal patch) COBALT PHARMACEUTICALS COMPANY,MP,500001,http://www.gazette.gc.ca/rp-pr/p1/2017/2017-06-17/html/reg8-eng.php,Inactive,20250401,"special_groupings_status: ""ACTIVE"" -> INACTIVE
special_groupings_status_effective_time: ""20170919"" -> 20250401"
02319403,TEVA-HYDROMORPHONE (hydromorphone hydrochloride 1 mg oral tablet) TEVA CANADA LIMITED,MP,500001,http://www.gazette.gc.ca/rp-pr/p1/2017/2017-06-17/html/reg8-eng.php,Inactive,20250401,"special_groupings_status: ""ACTIVE"" -> INACTIVE
special_groupings_status_effective_time: ""20170919"" -> 20250401"
9000321,fentanyl (fentanyl citrate) 100 mcg per 2 mL solution for injection ampoule,NTP,500001,http://www.gazette.gc.ca/rp-pr/p1/2017/2017-06-17/html/reg8-eng.php,Inactive,20250401,"special_groupings_status: ""ACTIVE"" -> INACTIVE
special_groupings_status_effective_time: ""20170919"" -> 20250401"
02169126,TEVA-COTRIDIN (codeine phosphate 10 mg per 5 mL and pseudoephedrine hydrochloride 30 mg per 5 mL and triprolidine hydrochloride 2 mg per 5 mL syrup) TEVA CANADA LIMITED,MP,500001,http://www.gazette.gc.ca/rp-pr/p1/2017/2017-06-17/html/reg8-eng.php,Inactive,20250401,"special_groupings_status: ""ACTIVE"" -> INACTIVE
special_groupings_status_effective_time: ""20170919"" -> 20250401"
02396696,MYLAN-FENTANYL MATRIX PATCH (fentanyl 12 mcg per hour transdermal patch) MYLAN PHARMACEUTICALS ULC,MP,500001,http://www.gazette.gc.ca/rp-pr/p1/2017/2017-06-17/html/reg8-eng.php,Inactive,20250401,"special_groupings_status: ""ACTIVE"" -> INACTIVE
special_groupings_status_effective_time: ""20170919"" -> 20250401"
02014238,MS.IR (morphine sulfate 20 mg oral tablet) PURDUE PHARMA,MP,500001,http://www.gazette.gc.ca/rp-pr/p1/2017/2017-06-17/html/reg8-eng.php,Inactive,20250401,"special_groupings_status: ""ACTIVE"" -> INACTIVE
special_groupings_status_effective_time: ""20170919"" -> 20250401"
02476630,APO-HYDROMORPHONE CR (hydromorphone hydrochloride 6 mg prolonged-release oral capsule) APOTEX INC,MP,500001,http://www.gazette.gc.ca/rp-pr/p1/2017/2017-06-17/html/reg8-eng.php,Inactive,20250401,"special_groupings_status: ""ACTIVE"" -> INACTIVE
special_groupings_status_effective_time: ""20170919"" -> 20250401"
02491699,"HYDROMORPHONE HYDROCHLORIDE INJECTION, USP (hydromorphone hydrochloride 2 mg per 1 mL solution for injection vial) FRESENIUS KABI CANADA LTD",MP,500001,http://www.gazette.gc.ca/rp-pr/p1/2017/2017-06-17/html/reg8-eng.php,Inactive,20250401,"special_groupings_status: ""ACTIVE"" -> INACTIVE
special_groupings_status_effective_time: ""20170919"" -> 20250401"
02378299,NUCYNTA IR (tapentadol (tapentadol hydrochloride) 100 mg oral tablet) ENDO OPERATIONS LTD.,MP,500001,http://www.gazette.gc.ca/rp-pr/p1/2017/2017-06-17/html/reg8-eng.php,Inactive,20250401,"special_groupings_status: ""ACTIVE"" -> INACTIVE
special_groupings_status_effective_time: ""20170919"" -> 20250401"
02014327,MS CONTIN (morphine sulfate 200 mg prolonged-release oral tablet) PURDUE PHARMA,MP,500001,http://www.gazette.gc.ca/rp-pr/p1/2017/2017-06-17/html/reg8-eng.php,Inactive,20250401,"special_groupings_status: ""ACTIVE"" -> INACTIVE
special_groupings_status_effective_time: ""20170919"" -> 20250401"
9005493,tapentadol (tapentadol hydrochloride) 150 mg prolonged-release oral tablet,NTP,500001,http://www.gazette.gc.ca/rp-pr/p1/2017/2017-06-17/html/reg8-eng.php,Inactive,20250401,"special_groupings_status: ""ACTIVE"" -> INACTIVE
special_groupings_status_effective_time: ""20170919"" -> 20250401"
77700340,MORPHINE EXTRA-FORTE (morphine sulfate 50 mg per 1 mL solution for injection ampoule) PFIZER CANADA ULC,MP,500001,http://www.gazette.gc.ca/rp-pr/p1/2017/2017-06-17/html/reg8-eng.php,Inactive,20250401,"special_groupings_status: ""ACTIVE"" -> INACTIVE
special_groupings_status_effective_time: ""20170919"" -> 20250401"
9001361,oxycodone hydrochloride 80 mg prolonged-release oral tablet,NTP,500001,http://www.gazette.gc.ca/rp-pr/p1/2017/2017-06-17/html/reg8-eng.php,Inactive,20250401,"special_groupings_status: ""ACTIVE"" -> INACTIVE
special_groupings_status_effective_time: ""20170919"" -> 20250401"
01949047,MORPHINE-EPD (morphine sulfate 5 mg per 10 mL solution for injection ampoule) PFIZER CANADA ULC,MP,500001,http://www.gazette.gc.ca/rp-pr/p1/2017/2017-06-17/html/reg8-eng.php,Inactive,20250401,"special_groupings_status: ""ACTIVE"" -> INACTIVE
special_groupings_status_effective_time: ""20170919"" -> 20250401"
02386895,CO FENTANYL (fentanyl 100 mcg per hour transdermal patch) COBALT PHARMACEUTICALS COMPANY,MP,500001,http://www.gazette.gc.ca/rp-pr/p1/2017/2017-06-17/html/reg8-eng.php,Inactive,20250401,"special_groupings_status: ""ACTIVE"" -> INACTIVE
special_groupings_status_effective_time: ""20170919"" -> 20250401"
02336790,APO-TRAMADOL/ACET (acetaminophen 325 mg and tramadol hydrochloride 37.5 mg oral tablet) APOTEX INC,MP,500001,http://www.gazette.gc.ca/rp-pr/p1/2017/2017-06-17/html/reg8-eng.php,Inactive,20250401,"special_groupings_status: ""ACTIVE"" -> INACTIVE
special_groupings_status_effective_time: ""20170919"" -> 20250401"
02408007,FENTORA (fentanyl (fentanyl citrate) 100 mcg buccal tablet) TEVA CANADA LIMITED,MP,500001,http://www.gazette.gc.ca/rp-pr/p1/2017/2017-06-17/html/reg8-eng.php,Inactive,20250401,"special_groupings_status: ""ACTIVE"" -> INACTIVE
special_groupings_status_effective_time: ""20170919"" -> 20250401"
02350912,MORPHINE SR (morphine sulfate 60 mg prolonged-release oral tablet) SANIS HEALTH INC,MP,500001,http://www.gazette.gc.ca/rp-pr/p1/2017/2017-06-17/html/reg8-eng.php,Inactive,20250401,"special_groupings_status: ""ACTIVE"" -> INACTIVE
special_groupings_status_effective_time: ""20170919"" -> 20250401"
9000069,oxycodone hydrochloride 10 mg suppository,NTP,500001,http://www.gazette.gc.ca/rp-pr/p1/2017/2017-06-17/html/reg8-eng.php,Inactive,20250401,"special_groupings_status: ""ACTIVE"" -> INACTIVE
special_groupings_status_effective_time: ""20170919"" -> 20250401"
9001161,fentanyl 100 mcg per hour transdermal patch,NTP,500001,http://www.gazette.gc.ca/rp-pr/p1/2017/2017-06-17/html/reg8-eng.php,Inactive,20250401,"special_groupings_status: ""ACTIVE"" -> INACTIVE
special_groupings_status_effective_time: ""20170919"" -> 20250401"
02014203,MS.IR (morphine sulfate 5 mg oral tablet) PURDUE PHARMA,MP,500001,http://www.gazette.gc.ca/rp-pr/p1/2017/2017-06-17/html/reg8-eng.php,Inactive,20250401,"special_groupings_status: ""ACTIVE"" -> INACTIVE
special_groupings_status_effective_time: ""20170919"" -> 20250401"
9001473,hydromorphone hydrochloride 100 mg per 10 mL solution for injection ampoule,NTP,500001,http://www.gazette.gc.ca/rp-pr/p1/2017/2017-06-17/html/reg8-eng.php,Inactive,20250401,"special_groupings_status: ""ACTIVE"" -> INACTIVE
special_groupings_status_effective_time: ""20170919"" -> 20250401"
00497282,CODEINE PHOSPHATE INJ 30MG/ML (codeine phosphate 30 mg per 1 mL solution for injection ampoule) HOSPIRA HEALTHCARE ULC,MP,500001,http://www.gazette.gc.ca/rp-pr/p1/2017/2017-06-17/html/reg8-eng.php,Inactive,20250401,"special_groupings_status: ""ACTIVE"" -> INACTIVE
special_groupings_status_effective_time: ""20170919"" -> 20250401"
9000230,morphine sulfate 10 mg suppository,NTP,500001,http://www.gazette.gc.ca/rp-pr/p1/2017/2017-06-17/html/reg8-eng.php,Inactive,20250401,"special_groupings_status: ""ACTIVE"" -> INACTIVE
special_groupings_status_effective_time: ""20170919"" -> 20250401"
9001163,fentanyl 50 mcg per hour transdermal patch,NTP,500001,http://www.gazette.gc.ca/rp-pr/p1/2017/2017-06-17/html/reg8-eng.php,Inactive,20250401,"special_groupings_status: ""ACTIVE"" -> INACTIVE
special_groupings_status_effective_time: ""20170919"" -> 20250401"
02247701,METADOL (methadone hydrochloride 25 mg oral tablet) ENDO OPERATIONS LTD.,MP,500008,https://www.tppalberta.ca/medication-lists,Active,20240201,"ccdd_formal_name: ""METADOL (methadone hydrochloride 25 mg oral tablet) PALADIN PHARMA INC."" -> METADOL (methadone hydrochloride 25 mg oral tablet) ENDO OPERATIONS LTD."
9001326,fentanyl 37 mcg per hour transdermal patch,NTP,500001,http://www.gazette.gc.ca/rp-pr/p1/2017/2017-06-17/html/reg8-eng.php,Inactive,20250401,"special_groupings_status: ""ACTIVE"" -> INACTIVE
special_groupings_status_effective_time: ""20170919"" -> 20250401"
02320444,M-EDIAT (morphine sulfate 30 mg oral capsule) ETHYPHARM INC,MP,500001,http://www.gazette.gc.ca/rp-pr/p1/2017/2017-06-17/html/reg8-eng.php,Inactive,20250401,"special_groupings_status: ""ACTIVE"" -> INACTIVE
special_groupings_status_effective_time: ""20170919"" -> 20250401"
00614491,DOLORAL SIROP (morphine hydrochloride 1 mg per mL syrup) LABORATOIRE ATLAS INC,MP,500001,http://www.gazette.gc.ca/rp-pr/p1/2017/2017-06-17/html/reg8-eng.php,Inactive,20250401,"special_groupings_status: ""ACTIVE"" -> INACTIVE
special_groupings_status_effective_time: ""20170919"" -> 20250401"
9000740,morphine sulfate 5 mg suppository,NTP,500001,http://www.gazette.gc.ca/rp-pr/p1/2017/2017-06-17/html/reg8-eng.php,Inactive,20250401,"special_groupings_status: ""ACTIVE"" -> INACTIVE
special_groupings_status_effective_time: ""20170919"" -> 20250401"
02019957,M-ESLON (morphine sulfate 60 mg prolonged-release oral capsule) ETHYPHARM INC,MP,500001,http://www.gazette.gc.ca/rp-pr/p1/2017/2017-06-17/html/reg8-eng.php,Inactive,20250401,"special_groupings_status: ""ACTIVE"" -> INACTIVE
special_groupings_status_effective_time: ""20170919"" -> 20250401"
02373017,DURELA (tramadol hydrochloride 100 mg prolonged-release oral capsule) CIPHER PHARMACEUTICALS INC,MP,500001,http://www.gazette.gc.ca/rp-pr/p1/2017/2017-06-17/html/reg8-eng.php,Inactive,20250401,"special_groupings_status: ""ACTIVE"" -> INACTIVE
special_groupings_status_effective_time: ""20170919"" -> 20250401"
8000774,acetylsalicylic acid and oxycodone,TM,500001,http://www.gazette.gc.ca/rp-pr/p1/2017/2017-06-17/html/reg8-eng.php,Inactive,20250401,"special_groupings_status: ""ACTIVE"" -> INACTIVE
special_groupings_status_effective_time: ""20170919"" -> 20250401"
9006211,morphine sulfate 250 mg per 5 mL solution for injection vial,NTP,500001,http://www.gazette.gc.ca/rp-pr/p1/2017/2017-06-17/html/reg8-eng.php,Inactive,20250401,"special_groupings_status: ""ACTIVE"" -> INACTIVE
special_groupings_status_effective_time: ""20170919"" -> 20250401"
02493764,SANDOZ TRAMADOL (tramadol hydrochloride 50 mg oral tablet) SANDOZ CANADA INCORPORATED,MP,500001,http://www.gazette.gc.ca/rp-pr/p1/2017/2017-06-17/html/reg8-eng.php,Inactive,20250401,"special_groupings_status: ""ACTIVE"" -> INACTIVE
special_groupings_status_effective_time: ""20170919"" -> 20250401"
77700302,HYDROMORPHONE HYDROCHLORIDE INJECTION HP 10 (hydromorphone hydrochloride 10 mg per 1 mL solution for injection ampoule) STERIMAX INC,MP,500001,http://www.gazette.gc.ca/rp-pr/p1/2017/2017-06-17/html/reg8-eng.php,Inactive,20250401,"special_groupings_status: ""ACTIVE"" -> INACTIVE
special_groupings_status_effective_time: ""20170919"" -> 20250401"
9006226,morphine sulfate 1 mg per mL solution for injection 50 mL vial,NTP,500001,http://www.gazette.gc.ca/rp-pr/p1/2017/2017-06-17/html/reg8-eng.php,Inactive,20250401,"special_groupings_status: ""ACTIVE"" -> INACTIVE
special_groupings_status_effective_time: ""20170919"" -> 20250401"
9001352,fentanyl (fentanyl citrate) 600 mcg sublingual tablet,NTP,500001,http://www.gazette.gc.ca/rp-pr/p1/2017/2017-06-17/html/reg8-eng.php,Inactive,20250401,"special_groupings_status: ""ACTIVE"" -> INACTIVE
special_groupings_status_effective_time: ""20170919"" -> 20250401"
9001318,tramadol hydrochloride 50 mg oral tablet,NTP,500001,http://www.gazette.gc.ca/rp-pr/p1/2017/2017-06-17/html/reg8-eng.php,Inactive,20250401,"special_groupings_status: ""ACTIVE"" -> INACTIVE
special_groupings_status_effective_time: ""20170919"" -> 20250401"
9009882,hydrocodone bitartrate 5 mg oral tablet,NTP,500001,http://www.gazette.gc.ca/rp-pr/p1/2017/2017-06-17/html/reg8-eng.php,Inactive,20250401,"special_groupings_status: ""ACTIVE"" -> INACTIVE
special_groupings_status_effective_time: ""20170919"" -> 20250401"
02238645,292 TABLETS (acetylsalicylic acid 375 mg and caffeine (caffeine citrate) 15 mg and codeine phosphate 30 mg oral tablet) PENDOPHARM DIVISION OF PHARMASCIENCE INC,MP,500001,http://www.gazette.gc.ca/rp-pr/p1/2017/2017-06-17/html/reg8-eng.php,Inactive,20250401,"special_groupings_status: ""ACTIVE"" -> INACTIVE
special_groupings_status_effective_time: ""20170919"" -> 20250401"
02341174,BUTRANS 5 (buprenorphine 5 mcg per hour transdermal patch) PURDUE PHARMA,MP,500001,http://www.gazette.gc.ca/rp-pr/p1/2017/2017-06-17/html/reg8-eng.php,Inactive,20250401,"special_groupings_status: ""ACTIVE"" -> INACTIVE
special_groupings_status_effective_time: ""20170919"" -> 20250401"
02247698,METADOL (methadone hydrochloride 1 mg oral tablet) ENDO OPERATIONS LTD.,MP,500008,https://www.tppalberta.ca/medication-lists,Active,20240201,"ccdd_formal_name: ""METADOL (methadone hydrochloride 1 mg oral tablet) PALADIN PHARMA INC."" -> METADOL (methadone hydrochloride 1 mg oral tablet) ENDO OPERATIONS LTD."
77700345,MORPHINE HP 25 - 25MG/ML (morphine sulfate 100 mg per 4 mL solution for injection ampoule) SANDOZ CANADA INCORPORATED,MP,500001,http://www.gazette.gc.ca/rp-pr/p1/2017/2017-06-17/html/reg8-eng.php,Inactive,20250401,"special_groupings_status: ""ACTIVE"" -> INACTIVE
special_groupings_status_effective_time: ""20170919"" -> 20250401"
8000780,brompheniramine and guaifenesin and hydrocodone and phenylephrine,TM,500001,http://www.gazette.gc.ca/rp-pr/p1/2017/2017-06-17/html/reg8-eng.php,Inactive,20250401,"special_groupings_status: ""ACTIVE"" -> INACTIVE
special_groupings_status_effective_time: ""20170919"" -> 20250401"
9000477,morphine sulfate 15 mg prolonged-release oral tablet,NTP,500001,http://www.gazette.gc.ca/rp-pr/p1/2017/2017-06-17/html/reg8-eng.php,Inactive,20250401,"special_groupings_status: ""ACTIVE"" -> INACTIVE
special_groupings_status_effective_time: ""20170919"" -> 20250401"
9000582,hydromorphone hydrochloride 250 mg per 5 mL solution for injection vial,NTP,500001,http://www.gazette.gc.ca/rp-pr/p1/2017/2017-06-17/html/reg8-eng.php,Inactive,20250401,"special_groupings_status: ""ACTIVE"" -> INACTIVE
special_groupings_status_effective_time: ""20170919"" -> 20250401"
02533669,APO-METHADONE (methadone hydrochloride 10 mg oral tablet) APOTEX INC,MP,500001,http://www.gazette.gc.ca/rp-pr/p1/2017/2017-06-17/html/reg8-eng.php,Inactive,20250401,"special_groupings_status: ""ACTIVE"" -> INACTIVE
special_groupings_status_effective_time: ""20170919"" -> 20250401"
9002543,codeine phosphate 10 mg per 5 mL and guaifenesin 100 mg per 5 mL and pheniramine maleate 7.5 mg per 5 mL syrup,NTP,500001,http://www.gazette.gc.ca/rp-pr/p1/2017/2017-06-17/html/reg8-eng.php,Inactive,20250401,"special_groupings_status: ""ACTIVE"" -> INACTIVE
special_groupings_status_effective_time: ""20170919"" -> 20250401"
02415577,NUCYNTA EXTENDED-RELEASE (tapentadol (tapentadol hydrochloride) 50 mg prolonged-release oral tablet) ENDO OPERATIONS LTD.,MP,500001,http://www.gazette.gc.ca/rp-pr/p1/2017/2017-06-17/html/reg8-eng.php,Inactive,20250401,"special_groupings_status: ""ACTIVE"" -> INACTIVE
special_groupings_status_effective_time: ""20170919"" -> 20250401"
9001466,morphine sulfate 5 mg oral capsule,NTP,500001,http://www.gazette.gc.ca/rp-pr/p1/2017/2017-06-17/html/reg8-eng.php,Inactive,20250401,"special_groupings_status: ""ACTIVE"" -> INACTIVE
special_groupings_status_effective_time: ""20170919"" -> 20250401"
9000584,hydromorphone hydrochloride 500 mg per 10 mL solution for injection vial,NTP,500001,http://www.gazette.gc.ca/rp-pr/p1/2017/2017-06-17/html/reg8-eng.php,Inactive,20250401,"special_groupings_status: ""ACTIVE"" -> INACTIVE
special_groupings_status_effective_time: ""20170919"" -> 20250401"
9006212,morphine sulfate 500 mg per 10 mL solution for injection vial,NTP,500001,http://www.gazette.gc.ca/rp-pr/p1/2017/2017-06-17/html/reg8-eng.php,Inactive,20250401,"special_groupings_status: ""ACTIVE"" -> INACTIVE
special_groupings_status_effective_time: ""20170919"" -> 20250401"
02320398,M-EDIAT (morphine sulfate 5 mg oral capsule) ETHYPHARM INC,MP,500001,http://www.gazette.gc.ca/rp-pr/p1/2017/2017-06-17/html/reg8-eng.php,Inactive,20250401,"special_groupings_status: ""ACTIVE"" -> INACTIVE
special_groupings_status_effective_time: ""20170919"" -> 20250401"
02125331,HYDROMORPH CONTIN-CONTROLLED RELEASE CAP - 6MG (hydromorphone hydrochloride 6 mg prolonged-release oral capsule) PURDUE PHARMA,MP,500001,http://www.gazette.gc.ca/rp-pr/p1/2017/2017-06-17/html/reg8-eng.php,Inactive,20250401,"special_groupings_status: ""ACTIVE"" -> INACTIVE
special_groupings_status_effective_time: ""20170919"" -> 20250401"
00507407,DALMACOL (alcohol anhydrous 0.25 mL per 5 mL and doxylamine succinate 6 mg per 5 mL and etafedrin hydrochloride 16.65 mg per 5 mL and hydrocodone bitartrate 1.65 mg per 5 mL and sodium citrate 200 mg per 5 mL syrup) LABORATOIRE ATLAS INC,MP,500001,http://www.gazette.gc.ca/rp-pr/p1/2017/2017-06-17/html/reg8-eng.php,Inactive,20250401,"special_groupings_status: ""ACTIVE"" -> INACTIVE
special_groupings_status_effective_time: ""20170919"" -> 20250401"
02388308,JAMP-ACET-TRAMADOL (acetaminophen 325 mg and tramadol hydrochloride 37.5 mg oral tablet) JAMP PHARMA CORPORATION,MP,500001,http://www.gazette.gc.ca/rp-pr/p1/2017/2017-06-17/html/reg8-eng.php,Inactive,20250401,"special_groupings_status: ""ACTIVE"" -> INACTIVE
special_groupings_status_effective_time: ""20170919"" -> 20250401"
02247694,METADOL (methadone hydrochloride 1 mg per mL oral solution) ENDO OPERATIONS LTD.,MP,500008,https://www.tppalberta.ca/medication-lists,Active,20240201,"ccdd_formal_name: ""METADOL (methadone hydrochloride 1 mg per mL oral solution) PALADIN PHARMA INC."" -> METADOL (methadone hydrochloride 1 mg per mL oral solution) ENDO OPERATIONS LTD."
77700450,FENTANYL CITRATE INJECTION USP (fentanyl (fentanyl citrate) 1000 mcg per 20 mL solution for injection vial) SANDOZ CANADA INCORPORATED,MP,500001,http://www.gazette.gc.ca/rp-pr/p1/2017/2017-06-17/html/reg8-eng.php,Inactive,20250401,"special_groupings_status: ""ACTIVE"" -> INACTIVE
special_groupings_status_effective_time: ""20170919"" -> 20250401"
02325969,OXYCODONE (oxycodone hydrochloride 10 mg oral tablet) PRO DOC LIMITEE,MP,500001,http://www.gazette.gc.ca/rp-pr/p1/2017/2017-06-17/html/reg8-eng.php,Inactive,20250401,"special_groupings_status: ""ACTIVE"" -> INACTIVE
special_groupings_status_effective_time: ""20170919"" -> 20250401"
9000260,morphine sulfate 150 mg per 30 mL solution for injection vial,NTP,500001,http://www.gazette.gc.ca/rp-pr/p1/2017/2017-06-17/html/reg8-eng.php,Inactive,20250401,"special_groupings_status: ""ACTIVE"" -> INACTIVE
special_groupings_status_effective_time: ""20170919"" -> 20250401"
00607762,RATIO-MORPHINE (morphine hydrochloride 1 mg per mL syrup) TEVA CANADA LIMITED,MP,500001,http://www.gazette.gc.ca/rp-pr/p1/2017/2017-06-17/html/reg8-eng.php,Inactive,20250401,"special_groupings_status: ""ACTIVE"" -> INACTIVE
special_groupings_status_effective_time: ""20170919"" -> 20250401"
77700489,FENTANYL CITRATE INJECTION USP (fentanyl (fentanyl citrate) 500 mcg per 10 mL solution for injection ampoule) HIKMA CANADA LIMITED,MP,500001,http://www.gazette.gc.ca/rp-pr/p1/2017/2017-06-17/html/reg8-eng.php,Inactive,20250401,"special_groupings_status: ""ACTIVE"" -> INACTIVE
special_groupings_status_effective_time: ""20170919"" -> 20250401"
00614505,DOLORAL SIROP (morphine hydrochloride 5 mg per mL syrup) LABORATOIRE ATLAS INC,MP,500001,http://www.gazette.gc.ca/rp-pr/p1/2017/2017-06-17/html/reg8-eng.php,Inactive,20250401,"special_groupings_status: ""ACTIVE"" -> INACTIVE
special_groupings_status_effective_time: ""20170919"" -> 20250401"
02320436,M-EDIAT (morphine sulfate 20 mg oral capsule) ETHYPHARM INC,MP,500001,http://www.gazette.gc.ca/rp-pr/p1/2017/2017-06-17/html/reg8-eng.php,Inactive,20250401,"special_groupings_status: ""ACTIVE"" -> INACTIVE
special_groupings_status_effective_time: ""20170919"" -> 20250401"
01934791,ROBAXISAL C 1/2 (acetylsalicylic acid 325 mg and codeine phosphate 32.4 mg and methocarbamol 400 mg oral tablet) GLAXOSMITHKLINE CONSUMER HEALTHCARE ULC,MP,500001,http://www.gazette.gc.ca/rp-pr/p1/2017/2017-06-17/html/reg8-eng.php,Inactive,20250401,"special_groupings_status: ""ACTIVE"" -> INACTIVE
special_groupings_status_effective_time: ""20170919"" -> 20250401"
9001344,fentanyl (fentanyl citrate) 100 mcg sublingual tablet,NTP,500001,http://www.gazette.gc.ca/rp-pr/p1/2017/2017-06-17/html/reg8-eng.php,Inactive,20250401,"special_groupings_status: ""ACTIVE"" -> INACTIVE
special_groupings_status_effective_time: ""20170919"" -> 20250401"
02327171,OXYCODONE-ACET (acetaminophen 325 mg and oxycodone hydrochloride 5 mg oral tablet) PRO DOC LIMITEE,MP,500001,http://www.gazette.gc.ca/rp-pr/p1/2017/2017-06-17/html/reg8-eng.php,Inactive,20250401,"special_groupings_status: ""ACTIVE"" -> INACTIVE
special_groupings_status_effective_time: ""20170919"" -> 20250401"
9002653,codeine phosphate 10 mg per 5 mL and guaifenesin 100 mg per 5 mL and pseudoephedrine hydrochloride 30 mg per 5 mL and triprolidine hydrochloride 2 mg per 5 mL syrup,NTP,500001,http://www.gazette.gc.ca/rp-pr/p1/2017/2017-06-17/html/reg8-eng.php,Inactive,20250401,"special_groupings_status: ""ACTIVE"" -> INACTIVE
special_groupings_status_effective_time: ""20170919"" -> 20250401"
9000679,hydromorphone hydrochloride 12 mg prolonged-release oral capsule,NTP,500001,http://www.gazette.gc.ca/rp-pr/p1/2017/2017-06-17/html/reg8-eng.php,Inactive,20250401,"special_groupings_status: ""ACTIVE"" -> INACTIVE
special_groupings_status_effective_time: ""20170919"" -> 20250401"
9000568,"codeine (codeine, codeine sulfate) 200 mg prolonged-release oral tablet",NTP,500001,http://www.gazette.gc.ca/rp-pr/p1/2017/2017-06-17/html/reg8-eng.php,Inactive,20250401,"special_groupings_status: ""ACTIVE"" -> INACTIVE
special_groupings_status_effective_time: ""20170919"" -> 20250401"
8000783,naloxone and oxycodone,TM,500001,http://www.gazette.gc.ca/rp-pr/p1/2017/2017-06-17/html/reg8-eng.php,Inactive,20250401,"special_groupings_status: ""ACTIVE"" -> INACTIVE
special_groupings_status_effective_time: ""20170919"" -> 20250401"
77700299,HYDROMORPHONE HP 50 (hydromorphone hydrochloride 50 mg per 1 mL solution for injection vial) SANDOZ CANADA INCORPORATED,MP,500001,http://www.gazette.gc.ca/rp-pr/p1/2017/2017-06-17/html/reg8-eng.php,Inactive,20250401,"special_groupings_status: ""ACTIVE"" -> INACTIVE
special_groupings_status_effective_time: ""20170919"" -> 20250401"
02359510,HYDROMORPH CONTIN (hydromorphone hydrochloride 9 mg prolonged-release oral capsule) PURDUE PHARMA,MP,500001,http://www.gazette.gc.ca/rp-pr/p1/2017/2017-06-17/html/reg8-eng.php,Inactive,20250401,"special_groupings_status: ""ACTIVE"" -> INACTIVE
special_groupings_status_effective_time: ""20170919"" -> 20250401"
00392480,SUPEUDOL 10 (oxycodone hydrochloride 10 mg suppository) SANDOZ CANADA INCORPORATED,MP,500001,http://www.gazette.gc.ca/rp-pr/p1/2017/2017-06-17/html/reg8-eng.php,Inactive,20250401,"special_groupings_status: ""ACTIVE"" -> INACTIVE
special_groupings_status_effective_time: ""20170919"" -> 20250401"
9012635,hydromorphone hydrochloride 20 mg per mL solution for injection 50 mL vial,NTP,500001,http://www.gazette.gc.ca/rp-pr/p1/2017/2017-06-17/html/reg8-eng.php,Inactive,20250401,"special_groupings_status: ""ACTIVE"" -> INACTIVE
special_groupings_status_effective_time: ""20170919"" -> 20250401"
02244797,HYDROMORPHONE HP FORTE INJECTION (hydromorphone hydrochloride 1000 mg per 10 mL solution for injection vial) SANDOZ CANADA INCORPORATED,MP,500001,http://www.gazette.gc.ca/rp-pr/p1/2017/2017-06-17/html/reg8-eng.php,Inactive,20250401,"special_groupings_status: ""ACTIVE"" -> INACTIVE
special_groupings_status_effective_time: ""20170919"" -> 20250401"
00885444,PMS-HYDROMORPHONE TAB 1MG (hydromorphone hydrochloride 1 mg oral tablet) PHARMASCIENCE INC,MP,500001,http://www.gazette.gc.ca/rp-pr/p1/2017/2017-06-17/html/reg8-eng.php,Inactive,20250401,"special_groupings_status: ""ACTIVE"" -> INACTIVE
special_groupings_status_effective_time: ""20170919"" -> 20250401"
02299208,"RALIVIA (tramadol hydrochloride 200 mg prolonged-release oral tablet) BAUSCH HEALTH, CANADA INC.",MP,500001,http://www.gazette.gc.ca/rp-pr/p1/2017/2017-06-17/html/reg8-eng.php,Inactive,20250401,"special_groupings_status: ""ACTIVE"" -> INACTIVE
special_groupings_status_effective_time: ""20170919"" -> 20250401"
00522724,CHLORDIAZEPOXIDE (chlordiazepoxide hydrochloride 5 mg oral capsule) AA PHARMA INC,MP,500006,http://laws-lois.justice.gc.ca/eng/acts/C-38.8/FullText.html,Inactive,20250401,"special_groupings_status: ""ACTIVE"" -> INACTIVE
special_groupings_status_effective_time: ""20170919"" -> 20250401"
9001323,naloxone hydrochloride 20 mg and oxycodone hydrochloride 40 mg prolonged-release oral tablet,NTP,500001,http://www.gazette.gc.ca/rp-pr/p1/2017/2017-06-17/html/reg8-eng.php,Inactive,20250401,"special_groupings_status: ""ACTIVE"" -> INACTIVE
special_groupings_status_effective_time: ""20170919"" -> 20250401"
9000001,meperidine hydrochloride 50 mg oral tablet,NTP,500001,http://www.gazette.gc.ca/rp-pr/p1/2017/2017-06-17/html/reg8-eng.php,Inactive,20250401,"special_groupings_status: ""ACTIVE"" -> INACTIVE
special_groupings_status_effective_time: ""20170919"" -> 20250401"
02125382,HYDROMORPH CONTIN-CONTROLLED RELEASE CAP - 24MG (hydromorphone hydrochloride 24 mg prolonged-release oral capsule) PURDUE PHARMA,MP,500001,http://www.gazette.gc.ca/rp-pr/p1/2017/2017-06-17/html/reg8-eng.php,Inactive,20250401,"special_groupings_status: ""ACTIVE"" -> INACTIVE
special_groupings_status_effective_time: ""20170919"" -> 20250401"
00593435,TEVA-CODEINE (codeine phosphate 15 mg oral tablet) TEVA CANADA LIMITED,MP,500001,http://www.gazette.gc.ca/rp-pr/p1/2017/2017-06-17/html/reg8-eng.php,Inactive,20250401,"special_groupings_status: ""ACTIVE"" -> INACTIVE
special_groupings_status_effective_time: ""20170919"" -> 20250401"
02408015,FENTORA (fentanyl (fentanyl citrate) 200 mcg buccal tablet) TEVA CANADA LIMITED,MP,500001,http://www.gazette.gc.ca/rp-pr/p1/2017/2017-06-17/html/reg8-eng.php,Inactive,20250401,"special_groupings_status: ""ACTIVE"" -> INACTIVE
special_groupings_status_effective_time: ""20170919"" -> 20250401"
9001162,fentanyl 25 mcg per hour transdermal patch,NTP,500001,http://www.gazette.gc.ca/rp-pr/p1/2017/2017-06-17/html/reg8-eng.php,Inactive,20250401,"special_groupings_status: ""ACTIVE"" -> INACTIVE
special_groupings_status_effective_time: ""20170919"" -> 20250401"
02372533,OXYNEO (oxycodone hydrochloride 15 mg prolonged-release oral tablet) PURDUE PHARMA,MP,500001,http://www.gazette.gc.ca/rp-pr/p1/2017/2017-06-17/html/reg8-eng.php,Inactive,20250401,"special_groupings_status: ""ACTIVE"" -> INACTIVE
special_groupings_status_effective_time: ""20170919"" -> 20250401"
00850314,MORPHINE SULFATE INJECTION USP (morphine sulfate 2 mg per 1 mL solution for injection ampoule) PFIZER CANADA ULC,MP,500001,http://www.gazette.gc.ca/rp-pr/p1/2017/2017-06-17/html/reg8-eng.php,Inactive,20250401,"special_groupings_status: ""ACTIVE"" -> INACTIVE
special_groupings_status_effective_time: ""20170919"" -> 20250401"
02247699,METADOL (methadone hydrochloride 5 mg oral tablet) ENDO OPERATIONS LTD.,MP,500002,http://laws-lois.justice.gc.ca/eng/acts/C-38.8/FullText.html,Active,20170919,"ccdd_formal_name: ""METADOL (methadone hydrochloride 5 mg oral tablet) PALADIN PHARMA INC."" -> METADOL (methadone hydrochloride 5 mg oral tablet) ENDO OPERATIONS LTD."
9000111,morphine sulfate 15 mg per 1 mL solution for injection ampoule,NTP,500001,http://www.gazette.gc.ca/rp-pr/p1/2017/2017-06-17/html/reg8-eng.php,Inactive,20250401,"special_groupings_status: ""ACTIVE"" -> INACTIVE
special_groupings_status_effective_time: ""20170919"" -> 20250401"
9000966,hydromorphone hydrochloride 1000 mg per 10 mL solution for injection vial,NTP,500001,http://www.gazette.gc.ca/rp-pr/p1/2017/2017-06-17/html/reg8-eng.php,Inactive,20250401,"special_groupings_status: ""ACTIVE"" -> INACTIVE
special_groupings_status_effective_time: ""20170919"" -> 20250401"
02476681,APO-HYDROMORPHONE CR (hydromorphone hydrochloride 30 mg prolonged-release oral capsule) APOTEX INC,MP,500001,http://www.gazette.gc.ca/rp-pr/p1/2017/2017-06-17/html/reg8-eng.php,Inactive,20250401,"special_groupings_status: ""ACTIVE"" -> INACTIVE
special_groupings_status_effective_time: ""20170919"" -> 20250401"
9000371,acetaminophen 160 mg per 5 mL and codeine phosphate 8 mg per 5 mL oral solution,NTP,500001,http://www.gazette.gc.ca/rp-pr/p1/2017/2017-06-17/html/reg8-eng.php,Inactive,20250401,"special_groupings_status: ""ACTIVE"" -> INACTIVE
special_groupings_status_effective_time: ""20170919"" -> 20250401"
02019965,M-ESLON (morphine sulfate 100 mg prolonged-release oral capsule) ETHYPHARM INC,MP,500001,http://www.gazette.gc.ca/rp-pr/p1/2017/2017-06-17/html/reg8-eng.php,Inactive,20250401,"special_groupings_status: ""ACTIVE"" -> INACTIVE
special_groupings_status_effective_time: ""20170919"" -> 20250401"
02309904,PMS-OXYCODONE CR (oxycodone hydrochloride 40 mg prolonged-release oral tablet) PHARMASCIENCE INC,MP,500001,http://www.gazette.gc.ca/rp-pr/p1/2017/2017-06-17/html/reg8-eng.php,Inactive,20250401,"special_groupings_status: ""ACTIVE"" -> INACTIVE
special_groupings_status_effective_time: ""20170919"" -> 20250401"
02184443,KADIAN (morphine sulfate 50 mg prolonged-release oral capsule) BGP PHARMA ULC,MP,500001,http://www.gazette.gc.ca/rp-pr/p1/2017/2017-06-17/html/reg8-eng.php,Inactive,20250401,"special_groupings_status: ""ACTIVE"" -> INACTIVE
special_groupings_status_effective_time: ""20170919"" -> 20250401"
02364131,APO-HYDROMORPHONE (hydromorphone hydrochloride 4 mg oral tablet) APOTEX INC,MP,500001,http://www.gazette.gc.ca/rp-pr/p1/2017/2017-06-17/html/reg8-eng.php,Inactive,20250401,"special_groupings_status: ""ACTIVE"" -> INACTIVE
special_groupings_status_effective_time: ""20170919"" -> 20250401"
77700293,HYDROMORPHONE HP 10 (hydromorphone hydrochloride 50 mg per 5 mL solution for injection vial) SANDOZ CANADA INCORPORATED,MP,500001,http://www.gazette.gc.ca/rp-pr/p1/2017/2017-06-17/html/reg8-eng.php,Inactive,20250401,"special_groupings_status: ""ACTIVE"" -> INACTIVE
special_groupings_status_effective_time: ""20170919"" -> 20250401"
9000262,morphine sulfate 30 mg per 30 mL solution for injection vial,NTP,500001,http://www.gazette.gc.ca/rp-pr/p1/2017/2017-06-17/html/reg8-eng.php,Inactive,20250401,"special_groupings_status: ""ACTIVE"" -> INACTIVE
special_groupings_status_effective_time: ""20170919"" -> 20250401"
77700296,HYDROMORPHONE HP 20 (hydromorphone hydrochloride 20 mg per 1 mL solution for injection vial) SANDOZ CANADA INCORPORATED,MP,500001,http://www.gazette.gc.ca/rp-pr/p1/2017/2017-06-17/html/reg8-eng.php,Inactive,20250401,"special_groupings_status: ""ACTIVE"" -> INACTIVE
special_groupings_status_effective_time: ""20170919"" -> 20250401"
02491931,MORPHINE SULFATE INJECTION USP (morphine sulfate 100 mg per 100 mL solution for injection bag) STERINOVA INC.,MP,500001,http://www.gazette.gc.ca/rp-pr/p1/2017/2017-06-17/html/reg8-eng.php,Inactive,20250401,"special_groupings_status: ""ACTIVE"" -> INACTIVE
special_groupings_status_effective_time: ""20170919"" -> 20250401"
02242005,DEMEROL 100 MG/ML (meperidine hydrochloride 100 mg per 1 mL solution for injection ampoule) HOSPIRA HEALTHCARE ULC,MP,500001,http://www.gazette.gc.ca/rp-pr/p1/2017/2017-06-17/html/reg8-eng.php,Inactive,20250401,"special_groupings_status: ""ACTIVE"" -> INACTIVE
special_groupings_status_effective_time: ""20170919"" -> 20250401"
02396726,MYLAN-FENTANYL MATRIX PATCH (fentanyl 50 mcg per hour transdermal patch) MYLAN PHARMACEUTICALS ULC,MP,500001,http://www.gazette.gc.ca/rp-pr/p1/2017/2017-06-17/html/reg8-eng.php,Inactive,20250401,"special_groupings_status: ""ACTIVE"" -> INACTIVE
special_groupings_status_effective_time: ""20170919"" -> 20250401"
02450437,TARO-TRAMADOL ER (tramadol hydrochloride 200 mg prolonged-release oral tablet) TARO PHARMACEUTICALS INC,MP,500001,http://www.gazette.gc.ca/rp-pr/p1/2017/2017-06-17/html/reg8-eng.php,Inactive,20250401,"special_groupings_status: ""ACTIVE"" -> INACTIVE
special_groupings_status_effective_time: ""20170919"" -> 20250401"
02247698,METADOL (methadone hydrochloride 1 mg oral tablet) ENDO OPERATIONS LTD.,MP,500002,http://laws-lois.justice.gc.ca/eng/acts/C-38.8/FullText.html,Active,20170919,"ccdd_formal_name: ""METADOL (methadone hydrochloride 1 mg oral tablet) PALADIN PHARMA INC."" -> METADOL (methadone hydrochloride 1 mg oral tablet) ENDO OPERATIONS LTD."
77700354,MORPHINE SULFATE INJ 2MG/ML USP (morphine sulfate 2 mg per 1 mL solution for injection vial) SANDOZ CANADA INCORPORATED,MP,500001,http://www.gazette.gc.ca/rp-pr/p1/2017/2017-06-17/html/reg8-eng.php,Inactive,20250401,"special_groupings_status: ""ACTIVE"" -> INACTIVE
special_groupings_status_effective_time: ""20170919"" -> 20250401"
77700350,MORPHINE HP 50 (morphine sulfate 50 mg per mL solution for injection 50 mL vial) SANDOZ CANADA INCORPORATED,MP,500001,http://www.gazette.gc.ca/rp-pr/p1/2017/2017-06-17/html/reg8-eng.php,Inactive,20250401,"special_groupings_status: ""ACTIVE"" -> INACTIVE
special_groupings_status_effective_time: ""20170919"" -> 20250401"
00608157,TEVA-OXYCODAN (acetylsalicylic acid 325 mg and oxycodone hydrochloride 5 mg oral tablet) TEVA CANADA LIMITED,MP,500001,http://www.gazette.gc.ca/rp-pr/p1/2017/2017-06-17/html/reg8-eng.php,Inactive,20250401,"special_groupings_status: ""ACTIVE"" -> INACTIVE
special_groupings_status_effective_time: ""20170919"" -> 20250401"
02327147,SANDOZ FENTANYL PATCH (fentanyl 50 mcg per hour transdermal patch) SANDOZ CANADA INCORPORATED,MP,500001,http://www.gazette.gc.ca/rp-pr/p1/2017/2017-06-17/html/reg8-eng.php,Inactive,20250401,"special_groupings_status: ""ACTIVE"" -> INACTIVE
special_groupings_status_effective_time: ""20170919"" -> 20250401"
9000390,morphine sulfate 30 mg oral tablet,NTP,500001,http://www.gazette.gc.ca/rp-pr/p1/2017/2017-06-17/html/reg8-eng.php,Inactive,20250401,"special_groupings_status: ""ACTIVE"" -> INACTIVE
special_groupings_status_effective_time: ""20170919"" -> 20250401"
9000032,acetaminophen 300 mg and caffeine 15 mg and codeine phosphate 30 mg oral tablet,NTP,500001,http://www.gazette.gc.ca/rp-pr/p1/2017/2017-06-17/html/reg8-eng.php,Inactive,20250401,"special_groupings_status: ""ACTIVE"" -> INACTIVE
special_groupings_status_effective_time: ""20170919"" -> 20250401"
02319977,PMS-OXYCODONE (oxycodone hydrochloride 5 mg oral tablet) PHARMASCIENCE INC,MP,500001,http://www.gazette.gc.ca/rp-pr/p1/2017/2017-06-17/html/reg8-eng.php,Inactive,20250401,"special_groupings_status: ""ACTIVE"" -> INACTIVE
special_groupings_status_effective_time: ""20170919"" -> 20250401"
9000567,"codeine (codeine, codeine sulfate) 150 mg prolonged-release oral tablet",NTP,500001,http://www.gazette.gc.ca/rp-pr/p1/2017/2017-06-17/html/reg8-eng.php,Inactive,20250401,"special_groupings_status: ""ACTIVE"" -> INACTIVE
special_groupings_status_effective_time: ""20170919"" -> 20250401"
9000322,fentanyl (fentanyl citrate) 250 mcg per 5 mL solution for injection ampoule,NTP,500001,http://www.gazette.gc.ca/rp-pr/p1/2017/2017-06-17/html/reg8-eng.php,Inactive,20250401,"special_groupings_status: ""ACTIVE"" -> INACTIVE
special_groupings_status_effective_time: ""20170919"" -> 20250401"
77700294,HYDROMORPHONE HP 20 (hydromorphone hydrochloride 20 mg per mL solution for injection 50 mL vial) SANDOZ CANADA INCORPORATED,MP,500001,http://www.gazette.gc.ca/rp-pr/p1/2017/2017-06-17/html/reg8-eng.php,Inactive,20250401,"special_groupings_status: ""ACTIVE"" -> INACTIVE
special_groupings_status_effective_time: ""20170919"" -> 20250401"
02014211,MS.IR (morphine sulfate 10 mg oral tablet) PURDUE PHARMA,MP,500001,http://www.gazette.gc.ca/rp-pr/p1/2017/2017-06-17/html/reg8-eng.php,Inactive,20250401,"special_groupings_status: ""ACTIVE"" -> INACTIVE
special_groupings_status_effective_time: ""20170919"" -> 20250401"
02386887,CO FENTANYL (fentanyl 75 mcg per hour transdermal patch) COBALT PHARMACEUTICALS COMPANY,MP,500001,http://www.gazette.gc.ca/rp-pr/p1/2017/2017-06-17/html/reg8-eng.php,Inactive,20250401,"special_groupings_status: ""ACTIVE"" -> INACTIVE
special_groupings_status_effective_time: ""20170919"" -> 20250401"
02242006,DEMEROL 100 MG/ML (meperidine hydrochloride 100 mg per mL solution for injection 20 mL vial) HOSPIRA HEALTHCARE ULC,MP,500001,http://www.gazette.gc.ca/rp-pr/p1/2017/2017-06-17/html/reg8-eng.php,Inactive,20250401,"special_groupings_status: ""ACTIVE"" -> INACTIVE
special_groupings_status_effective_time: ""20170919"" -> 20250401"
02395673,FENTANYL PATCH (fentanyl 50 mcg per hour transdermal patch) PRO DOC LIMITEE,MP,500001,http://www.gazette.gc.ca/rp-pr/p1/2017/2017-06-17/html/reg8-eng.php,Inactive,20250401,"special_groupings_status: ""ACTIVE"" -> INACTIVE
special_groupings_status_effective_time: ""20170919"" -> 20250401"
02394219,ACT OXYCODONE CR (oxycodone hydrochloride 80 mg prolonged-release oral tablet) TEVA CANADA LIMITED,MP,500001,http://www.gazette.gc.ca/rp-pr/p1/2017/2017-06-17/html/reg8-eng.php,Inactive,20250401,"special_groupings_status: ""ACTIVE"" -> INACTIVE
special_groupings_status_effective_time: ""20170919"" -> 20250401"
02242004,DEMEROL 75 MG/ML (meperidine hydrochloride 75 mg per 1 mL solution for injection ampoule) HOSPIRA HEALTHCARE ULC,MP,500001,http://www.gazette.gc.ca/rp-pr/p1/2017/2017-06-17/html/reg8-eng.php,Inactive,20250401,"special_groupings_status: ""ACTIVE"" -> INACTIVE
special_groupings_status_effective_time: ""20170919"" -> 20250401"
77700487,FENTANYL CITRATE INJECTION SDZ (fentanyl (fentanyl citrate) 500 mcg per 10 mL solution for injection ampoule) SANDOZ CANADA INCORPORATED,MP,500001,http://www.gazette.gc.ca/rp-pr/p1/2017/2017-06-17/html/reg8-eng.php,Inactive,20250401,"special_groupings_status: ""ACTIVE"" -> INACTIVE
special_groupings_status_effective_time: ""20170919"" -> 20250401"
02408058,FENTORA (fentanyl (fentanyl citrate) 800 mcg buccal tablet) TEVA CANADA LIMITED,MP,500001,http://www.gazette.gc.ca/rp-pr/p1/2017/2017-06-17/html/reg8-eng.php,Inactive,20250401,"special_groupings_status: ""ACTIVE"" -> INACTIVE
special_groupings_status_effective_time: ""20170919"" -> 20250401"
02478897,SANDOZ MORPHINE SR (morphine sulfate 200 mg prolonged-release oral tablet) SANDOZ CANADA INCORPORATED,MP,500001,http://www.gazette.gc.ca/rp-pr/p1/2017/2017-06-17/html/reg8-eng.php,Inactive,20250401,"special_groupings_status: ""ACTIVE"" -> INACTIVE
special_groupings_status_effective_time: ""20170919"" -> 20250401"
02394200,ACT OXYCODONE CR (oxycodone hydrochloride 40 mg prolonged-release oral tablet) TEVA CANADA LIMITED,MP,500001,http://www.gazette.gc.ca/rp-pr/p1/2017/2017-06-17/html/reg8-eng.php,Inactive,20250401,"special_groupings_status: ""ACTIVE"" -> INACTIVE
special_groupings_status_effective_time: ""20170919"" -> 20250401"
02366762,APO-OXYCODONE CR (oxycodone hydrochloride 20 mg prolonged-release oral tablet) APOTEX INC,MP,500001,http://www.gazette.gc.ca/rp-pr/p1/2017/2017-06-17/html/reg8-eng.php,Inactive,20250401,"special_groupings_status: ""ACTIVE"" -> INACTIVE
special_groupings_status_effective_time: ""20170919"" -> 20250401"
01964429,MORPHINE SULFATE INJ 5MG/ML USP (morphine sulfate 5 mg per mL solution for injection 30 mL vial) SANDOZ CANADA INCORPORATED,MP,500001,http://www.gazette.gc.ca/rp-pr/p1/2017/2017-06-17/html/reg8-eng.php,Inactive,20250401,"special_groupings_status: ""ACTIVE"" -> INACTIVE
special_groupings_status_effective_time: ""20170919"" -> 20250401"
02242484,MORPHINE SULFATE INJECTION USP (morphine sulfate 2 mg per 1 mL solution for injection vial) SANDOZ CANADA INCORPORATED,MP,500001,http://www.gazette.gc.ca/rp-pr/p1/2017/2017-06-17/html/reg8-eng.php,Inactive,20250401,"special_groupings_status: ""ACTIVE"" -> INACTIVE
special_groupings_status_effective_time: ""20170919"" -> 20250401"
77700352,MORPHINE SULFATE INJ 1MG/ML USP (morphine sulfate 1 mg per mL solution for injection 50 mL vial) SANDOZ CANADA INCORPORATED,MP,500001,http://www.gazette.gc.ca/rp-pr/p1/2017/2017-06-17/html/reg8-eng.php,Inactive,20250401,"special_groupings_status: ""ACTIVE"" -> INACTIVE
special_groupings_status_effective_time: ""20170919"" -> 20250401"
9014412,hydromorphone hydrochloride 2 mg per 1 mL solution for injection vial,NTP,500001,http://www.gazette.gc.ca/rp-pr/p1/2017/2017-06-17/html/reg8-eng.php,Inactive,20250401,"special_groupings_status: ""ACTIVE"" -> INACTIVE
special_groupings_status_effective_time: ""20170919"" -> 20250401"
9000231,morphine sulfate 20 mg suppository,NTP,500001,http://www.gazette.gc.ca/rp-pr/p1/2017/2017-06-17/html/reg8-eng.php,Inactive,20250401,"special_groupings_status: ""ACTIVE"" -> INACTIVE
special_groupings_status_effective_time: ""20170919"" -> 20250401"
02325977,OXYCODONE (oxycodone hydrochloride 20 mg oral tablet) PRO DOC LIMITEE,MP,500001,http://www.gazette.gc.ca/rp-pr/p1/2017/2017-06-17/html/reg8-eng.php,Inactive,20250401,"special_groupings_status: ""ACTIVE"" -> INACTIVE
special_groupings_status_effective_time: ""20170919"" -> 20250401"
77700958,HYDROMORPHONE HYDROCHLORIDE INJECTION HP 50 (hydromorphone hydrochloride 50 mg per 1 mL solution for injection vial) STERIMAX INC,MP,500001,http://www.gazette.gc.ca/rp-pr/p1/2017/2017-06-17/html/reg8-eng.php,Inactive,20250401,"special_groupings_status: ""ACTIVE"" -> INACTIVE
special_groupings_status_effective_time: ""20170919"" -> 20250401"
02247700,METADOL (methadone hydrochloride 10 mg oral tablet) ENDO OPERATIONS LTD.,MP,500008,https://www.tppalberta.ca/medication-lists,Active,20240201,"ccdd_formal_name: ""METADOL (methadone hydrochloride 10 mg oral tablet) PALADIN PHARMA INC."" -> METADOL (methadone hydrochloride 10 mg oral tablet) ENDO OPERATIONS LTD."
00850322,MORPHINE SULFATE INJECTION USP (morphine sulfate 10 mg per 1 mL solution for injection ampoule) PFIZER CANADA ULC,MP,500001,http://www.gazette.gc.ca/rp-pr/p1/2017/2017-06-17/html/reg8-eng.php,Inactive,20250401,"special_groupings_status: ""ACTIVE"" -> INACTIVE
special_groupings_status_effective_time: ""20170919"" -> 20250401"
9000202,hydromorphone hydrochloride 2 mg oral tablet,NTP,500001,http://www.gazette.gc.ca/rp-pr/p1/2017/2017-06-17/html/reg8-eng.php,Inactive,20250401,"special_groupings_status: ""ACTIVE"" -> INACTIVE
special_groupings_status_effective_time: ""20170919"" -> 20250401"
02395665,FENTANYL PATCH (fentanyl 25 mcg per hour transdermal patch) PRO DOC LIMITEE,MP,500001,http://www.gazette.gc.ca/rp-pr/p1/2017/2017-06-17/html/reg8-eng.php,Inactive,20250401,"special_groupings_status: ""ACTIVE"" -> INACTIVE
special_groupings_status_effective_time: ""20170919"" -> 20250401"
8002113,codeine and pseudoephedrine and triprolidine,TM,500001,http://www.gazette.gc.ca/rp-pr/p1/2017/2017-06-17/html/reg8-eng.php,Inactive,20250401,"special_groupings_status: ""ACTIVE"" -> INACTIVE
special_groupings_status_effective_time: ""20170919"" -> 20250401"
02386879,CO FENTANYL (fentanyl 50 mcg per hour transdermal patch) COBALT PHARMACEUTICALS COMPANY,MP,500001,http://www.gazette.gc.ca/rp-pr/p1/2017/2017-06-17/html/reg8-eng.php,Inactive,20250401,"special_groupings_status: ""ACTIVE"" -> INACTIVE
special_groupings_status_effective_time: ""20170919"" -> 20250401"
01966367,METHOXISAL-C 1/4 (acetylsalicylic acid 325 mg and codeine phosphate 16.2 mg and methocarbamol 400 mg oral tablet) TEVA CANADA LIMITED,MP,500001,http://www.gazette.gc.ca/rp-pr/p1/2017/2017-06-17/html/reg8-eng.php,Inactive,20250401,"special_groupings_status: ""ACTIVE"" -> INACTIVE
special_groupings_status_effective_time: ""20170919"" -> 20250401"
9000203,hydromorphone hydrochloride 2 mg per 1 mL solution for injection ampoule,NTP,500001,http://www.gazette.gc.ca/rp-pr/p1/2017/2017-06-17/html/reg8-eng.php,Inactive,20250401,"special_groupings_status: ""ACTIVE"" -> INACTIVE
special_groupings_status_effective_time: ""20170919"" -> 20250401"
02396742,MYLAN-FENTANYL MATRIX PATCH (fentanyl 100 mcg per hour transdermal patch) MYLAN PHARMACEUTICALS ULC,MP,500001,http://www.gazette.gc.ca/rp-pr/p1/2017/2017-06-17/html/reg8-eng.php,Inactive,20250401,"special_groupings_status: ""ACTIVE"" -> INACTIVE
special_groupings_status_effective_time: ""20170919"" -> 20250401"
77701083,"FENTANYL CITRATE INJECTION, USP (fentanyl (fentanyl citrate) 250 mcg per 5 mL solution for injection vial) FRESENIUS KABI CANADA LTD",MP,500001,http://www.gazette.gc.ca/rp-pr/p1/2017/2017-06-17/html/reg8-eng.php,Inactive,20250401,"special_groupings_status: ""ACTIVE"" -> INACTIVE
special_groupings_status_effective_time: ""20170919"" -> 20250401"
02395703,FENTANYL PATCH (fentanyl 100 mcg per hour transdermal patch) PRO DOC LIMITEE,MP,500001,http://www.gazette.gc.ca/rp-pr/p1/2017/2017-06-17/html/reg8-eng.php,Inactive,20250401,"special_groupings_status: ""ACTIVE"" -> INACTIVE
special_groupings_status_effective_time: ""20170919"" -> 20250401"
9001324,naloxone hydrochloride 5 mg and oxycodone hydrochloride 10 mg prolonged-release oral tablet,NTP,500001,http://www.gazette.gc.ca/rp-pr/p1/2017/2017-06-17/html/reg8-eng.php,Inactive,20250401,"special_groupings_status: ""ACTIVE"" -> INACTIVE
special_groupings_status_effective_time: ""20170919"" -> 20250401"
01999648,ACET CODEINE 30 (acetaminophen 300 mg and codeine phosphate 30 mg oral tablet) PHARMASCIENCE INC,MP,500001,http://www.gazette.gc.ca/rp-pr/p1/2017/2017-06-17/html/reg8-eng.php,Inactive,20250401,"special_groupings_status: ""ACTIVE"" -> INACTIVE
special_groupings_status_effective_time: ""20170919"" -> 20250401"
00725765,MEPERIDINE HYDROCHLORIDE INJECTION USP (meperidine hydrochloride 50 mg per 1 mL solution for injection ampoule) SANDOZ CANADA INCORPORATED,MP,500001,http://www.gazette.gc.ca/rp-pr/p1/2017/2017-06-17/html/reg8-eng.php,Inactive,20250401,"special_groupings_status: ""ACTIVE"" -> INACTIVE
special_groupings_status_effective_time: ""20170919"" -> 20250401"
9001474,hydromorphone hydrochloride 10 mg per 1 mL solution for injection ampoule,NTP,500001,http://www.gazette.gc.ca/rp-pr/p1/2017/2017-06-17/html/reg8-eng.php,Inactive,20250401,"special_groupings_status: ""ACTIVE"" -> INACTIVE
special_groupings_status_effective_time: ""20170919"" -> 20250401"
77701086,"FENTANYL CITRATE INJECTION, USP (fentanyl (fentanyl citrate) 1000 mcg per 20 mL solution for injection vial) FRESENIUS KABI CANADA LTD",MP,500001,http://www.gazette.gc.ca/rp-pr/p1/2017/2017-06-17/html/reg8-eng.php,Inactive,20250401,"special_groupings_status: ""ACTIVE"" -> INACTIVE
special_groupings_status_effective_time: ""20170919"" -> 20250401"
77700305,HYDROMORPHONE HYDROCHLORIDE INJECTION USP (hydromorphone hydrochloride 50 mg per 5 mL solution for injection vial) PFIZER CANADA ULC,MP,500001,http://www.gazette.gc.ca/rp-pr/p1/2017/2017-06-17/html/reg8-eng.php,Inactive,20250401,"special_groupings_status: ""ACTIVE"" -> INACTIVE
special_groupings_status_effective_time: ""20170919"" -> 20250401"
00647217,STATEX SYRUP 10MG/ML (morphine sulfate 10 mg per mL syrup) PALADIN PHARMA INC.,MP,500001,http://www.gazette.gc.ca/rp-pr/p1/2017/2017-06-17/html/reg8-eng.php,Inactive,20250401,"special_groupings_status: ""ACTIVE"" -> INACTIVE
special_groupings_status_effective_time: ""20170919"" -> 20250401"
02533677,APO-METHADONE (methadone hydrochloride 25 mg oral tablet) APOTEX INC,MP,500001,http://www.gazette.gc.ca/rp-pr/p1/2017/2017-06-17/html/reg8-eng.php,Inactive,20250401,"special_groupings_status: ""ACTIVE"" -> INACTIVE
special_groupings_status_effective_time: ""20170919"" -> 20250401"
02364123,APO-HYDROMORPHONE (hydromorphone hydrochloride 2 mg oral tablet) APOTEX INC,MP,500001,http://www.gazette.gc.ca/rp-pr/p1/2017/2017-06-17/html/reg8-eng.php,Inactive,20250401,"special_groupings_status: ""ACTIVE"" -> INACTIVE
special_groupings_status_effective_time: ""20170919"" -> 20250401"
02360322,ZYTRAM XL (tramadol hydrochloride 75 mg prolonged-release oral tablet) PURDUE PHARMA,MP,500001,http://www.gazette.gc.ca/rp-pr/p1/2017/2017-06-17/html/reg8-eng.php,Inactive,20250401,"special_groupings_status: ""ACTIVE"" -> INACTIVE
special_groupings_status_effective_time: ""20170919"" -> 20250401"
9000475,morphine sulfate 100 mg prolonged-release oral tablet,NTP,500001,http://www.gazette.gc.ca/rp-pr/p1/2017/2017-06-17/html/reg8-eng.php,Inactive,20250401,"special_groupings_status: ""ACTIVE"" -> INACTIVE
special_groupings_status_effective_time: ""20170919"" -> 20250401"
9006208,meperidine hydrochloride 10 mg per mL solution for injection 30 mL vial,NTP,500001,http://www.gazette.gc.ca/rp-pr/p1/2017/2017-06-17/html/reg8-eng.php,Inactive,20250401,"special_groupings_status: ""ACTIVE"" -> INACTIVE
special_groupings_status_effective_time: ""20170919"" -> 20250401"
00675962,STATEX TABLETS 50MG (morphine sulfate 50 mg oral tablet) PALADIN PHARMA INC.,MP,500001,http://www.gazette.gc.ca/rp-pr/p1/2017/2017-06-17/html/reg8-eng.php,Inactive,20250401,"special_groupings_status: ""ACTIVE"" -> INACTIVE
special_groupings_status_effective_time: ""20170919"" -> 20250401"
77701026,"HYDROMORPHONE HYDROCHLORIDE INJECTION, USP (hydromorphone hydrochloride 10 mg per 1 mL solution for injection vial) FRESENIUS KABI CANADA LTD",MP,500001,http://www.gazette.gc.ca/rp-pr/p1/2017/2017-06-17/html/reg8-eng.php,Inactive,20250401,"special_groupings_status: ""ACTIVE"" -> INACTIVE
special_groupings_status_effective_time: ""20170919"" -> 20250401"
02476657,APO-HYDROMORPHONE CR (hydromorphone hydrochloride 12 mg prolonged-release oral capsule) APOTEX INC,MP,500001,http://www.gazette.gc.ca/rp-pr/p1/2017/2017-06-17/html/reg8-eng.php,Inactive,20250401,"special_groupings_status: ""ACTIVE"" -> INACTIVE
special_groupings_status_effective_time: ""20170919"" -> 20250401"
02275821,DURAGESIC (fentanyl 50 mcg per hour transdermal patch) JANSSEN INC,MP,500001,http://www.gazette.gc.ca/rp-pr/p1/2017/2017-06-17/html/reg8-eng.php,Inactive,20250401,"special_groupings_status: ""ACTIVE"" -> INACTIVE
special_groupings_status_effective_time: ""20170919"" -> 20250401"
02533650,APO-METHADONE (methadone hydrochloride 5 mg oral tablet) APOTEX INC,MP,500001,http://www.gazette.gc.ca/rp-pr/p1/2017/2017-06-17/html/reg8-eng.php,Inactive,20250401,"special_groupings_status: ""ACTIVE"" -> INACTIVE
special_groupings_status_effective_time: ""20170919"" -> 20250401"
00591475,STATEX SYRUP 5MG/ML (morphine sulfate 5 mg per mL syrup) PALADIN PHARMA INC.,MP,500001,http://www.gazette.gc.ca/rp-pr/p1/2017/2017-06-17/html/reg8-eng.php,Inactive,20250401,"special_groupings_status: ""ACTIVE"" -> INACTIVE
special_groupings_status_effective_time: ""20170919"" -> 20250401"
02019930,M-ESLON (morphine sulfate 10 mg prolonged-release oral capsule) ETHYPHARM INC,MP,500001,http://www.gazette.gc.ca/rp-pr/p1/2017/2017-06-17/html/reg8-eng.php,Inactive,20250401,"special_groupings_status: ""ACTIVE"" -> INACTIVE
special_groupings_status_effective_time: ""20170919"" -> 20250401"
9003646,brompheniramine maleate 2 mg per 5 mL and guaifenesin 100 mg per 5 mL and hydrocodone bitartrate 1.8 mg per 5 mL and phenylephrine hydrochloride 5 mg per 5 mL syrup,NTP,500001,http://www.gazette.gc.ca/rp-pr/p1/2017/2017-06-17/html/reg8-eng.php,Inactive,20250401,"special_groupings_status: ""ACTIVE"" -> INACTIVE
special_groupings_status_effective_time: ""20170919"" -> 20250401"
02426153,APO-TRAMADOL (tramadol hydrochloride 50 mg oral tablet) APOTEX INC,MP,500001,http://www.gazette.gc.ca/rp-pr/p1/2017/2017-06-17/html/reg8-eng.php,Inactive,20250401,"special_groupings_status: ""ACTIVE"" -> INACTIVE
special_groupings_status_effective_time: ""20170919"" -> 20250401"
02482746,"MORPHINE SULFATE INJECTION, USP (morphine sulfate 10 mg per 1 mL solution for injection vial) FRESENIUS KABI CANADA LTD",MP,500001,http://www.gazette.gc.ca/rp-pr/p1/2017/2017-06-17/html/reg8-eng.php,Inactive,20250401,"special_groupings_status: ""ACTIVE"" -> INACTIVE
special_groupings_status_effective_time: ""20170919"" -> 20250401"
9001044,methadone hydrochloride 5 mg oral tablet,NTP,500001,http://www.gazette.gc.ca/rp-pr/p1/2017/2017-06-17/html/reg8-eng.php,Inactive,20250401,"special_groupings_status: ""ACTIVE"" -> INACTIVE
special_groupings_status_effective_time: ""20170919"" -> 20250401"
8000071,morphine,TM,500001,http://www.gazette.gc.ca/rp-pr/p1/2017/2017-06-17/html/reg8-eng.php,Inactive,20250401,"special_groupings_status: ""ACTIVE"" -> INACTIVE
special_groupings_status_effective_time: ""20170919"" -> 20250401"
9001379,tramadol hydrochloride 100 mg prolonged-release oral capsule,NTP,500001,http://www.gazette.gc.ca/rp-pr/p1/2017/2017-06-17/html/reg8-eng.php,Inactive,20250401,"special_groupings_status: ""ACTIVE"" -> INACTIVE
special_groupings_status_effective_time: ""20170919"" -> 20250401"
8000065,acetaminophen and codeine,TM,500001,http://www.gazette.gc.ca/rp-pr/p1/2017/2017-06-17/html/reg8-eng.php,Inactive,20250401,"special_groupings_status: ""ACTIVE"" -> INACTIVE
special_groupings_status_effective_time: ""20170919"" -> 20250401"
9001317,buprenorphine 5 mcg per hour transdermal patch,NTP,500001,http://www.gazette.gc.ca/rp-pr/p1/2017/2017-06-17/html/reg8-eng.php,Inactive,20250401,"special_groupings_status: ""ACTIVE"" -> INACTIVE
special_groupings_status_effective_time: ""20170919"" -> 20250401"
9001305,hydromorphone hydrochloride 32 mg prolonged-release oral tablet,NTP,500001,http://www.gazette.gc.ca/rp-pr/p1/2017/2017-06-17/html/reg8-eng.php,Inactive,20250401,"special_groupings_status: ""ACTIVE"" -> INACTIVE
special_groupings_status_effective_time: ""20170919"" -> 20250401"
02286440,ZYTRAM XL (tramadol hydrochloride 300 mg prolonged-release oral tablet) PURDUE PHARMA,MP,500001,http://www.gazette.gc.ca/rp-pr/p1/2017/2017-06-17/html/reg8-eng.php,Inactive,20250401,"special_groupings_status: ""ACTIVE"" -> INACTIVE
special_groupings_status_effective_time: ""20170919"" -> 20250401"
02014254,MS.IR (morphine sulfate 30 mg oral tablet) PURDUE PHARMA,MP,500001,http://www.gazette.gc.ca/rp-pr/p1/2017/2017-06-17/html/reg8-eng.php,Inactive,20250401,"special_groupings_status: ""ACTIVE"" -> INACTIVE
special_groupings_status_effective_time: ""20170919"" -> 20250401"
02450771,BUTRANS 15 (buprenorphine 15 mcg per hour transdermal patch) PURDUE PHARMA,MP,500001,http://www.gazette.gc.ca/rp-pr/p1/2017/2017-06-17/html/reg8-eng.php,Inactive,20250401,"special_groupings_status: ""ACTIVE"" -> INACTIVE
special_groupings_status_effective_time: ""20170919"" -> 20250401"
02245758,PMS-OXYCODONE - ACETAMINOPHEN (acetaminophen 325 mg and oxycodone hydrochloride 5 mg oral tablet) PHARMASCIENCE INC,MP,500001,http://www.gazette.gc.ca/rp-pr/p1/2017/2017-06-17/html/reg8-eng.php,Inactive,20250401,"special_groupings_status: ""ACTIVE"" -> INACTIVE
special_groupings_status_effective_time: ""20170919"" -> 20250401"
02341220,BUTRANS 20 (buprenorphine 20 mcg per hour transdermal patch) PURDUE PHARMA,MP,500001,http://www.gazette.gc.ca/rp-pr/p1/2017/2017-06-17/html/reg8-eng.php,Inactive,20250401,"special_groupings_status: ""ACTIVE"" -> INACTIVE
special_groupings_status_effective_time: ""20170919"" -> 20250401"
9001043,methadone hydrochloride 25 mg oral tablet,NTP,500001,http://www.gazette.gc.ca/rp-pr/p1/2017/2017-06-17/html/reg8-eng.php,Inactive,20250401,"special_groupings_status: ""ACTIVE"" -> INACTIVE
special_groupings_status_effective_time: ""20170919"" -> 20250401"
01916475,PERCOCET (acetaminophen 325 mg and oxycodone hydrochloride 5 mg oral tablet) BRISTOL-MYERS SQUIBB CANADA,MP,500001,http://www.gazette.gc.ca/rp-pr/p1/2017/2017-06-17/html/reg8-eng.php,Inactive,20250401,"special_groupings_status: ""ACTIVE"" -> INACTIVE
special_groupings_status_effective_time: ""20170919"" -> 20250401"
8000349,acetaminophen and tramadol,TM,500001,http://www.gazette.gc.ca/rp-pr/p1/2017/2017-06-17/html/reg8-eng.php,Inactive,20250401,"special_groupings_status: ""ACTIVE"" -> INACTIVE
special_groupings_status_effective_time: ""20170919"" -> 20250401"
02324628,APO-OXYCODONE/ACET (acetaminophen 325 mg and oxycodone hydrochloride 5 mg oral tablet) APOTEX INC,MP,500001,http://www.gazette.gc.ca/rp-pr/p1/2017/2017-06-17/html/reg8-eng.php,Inactive,20250401,"special_groupings_status: ""ACTIVE"" -> INACTIVE
special_groupings_status_effective_time: ""20170919"" -> 20250401"
02015439,MS CONTIN (morphine sulfate 15 mg prolonged-release oral tablet) PURDUE PHARMA,MP,500001,http://www.gazette.gc.ca/rp-pr/p1/2017/2017-06-17/html/reg8-eng.php,Inactive,20250401,"special_groupings_status: ""ACTIVE"" -> INACTIVE
special_groupings_status_effective_time: ""20170919"" -> 20250401"
02247699,METADOL (methadone hydrochloride 5 mg oral tablet) PALADIN PHARMA INC.,MP,500001,http://www.gazette.gc.ca/rp-pr/p1/2017/2017-06-17/html/reg8-eng.php,Inactive,20250401,"special_groupings_status: ""ACTIVE"" -> INACTIVE
special_groupings_status_effective_time: ""20170919"" -> 20250401"
02496151,FENTANYL INJECTION BP (fentanyl (fentanyl citrate) 250 mcg per 5 mL solution for injection vial) STERIMAX INC,MP,500001,http://www.gazette.gc.ca/rp-pr/p1/2017/2017-06-17/html/reg8-eng.php,Inactive,20250401,"special_groupings_status: ""ACTIVE"" -> INACTIVE
special_groupings_status_effective_time: ""20170919"" -> 20250401"
02244791,SANDOZ MORPHINE SR (morphine sulfate 30 mg prolonged-release oral tablet) SANDOZ CANADA INCORPORATED,MP,500001,http://www.gazette.gc.ca/rp-pr/p1/2017/2017-06-17/html/reg8-eng.php,Inactive,20250401,"special_groupings_status: ""ACTIVE"" -> INACTIVE
special_groupings_status_effective_time: ""20170919"" -> 20250401"
02184451,KADIAN (morphine sulfate 100 mg prolonged-release oral capsule) BGP PHARMA ULC,MP,500001,http://www.gazette.gc.ca/rp-pr/p1/2017/2017-06-17/html/reg8-eng.php,Inactive,20250401,"special_groupings_status: ""ACTIVE"" -> INACTIVE
special_groupings_status_effective_time: ""20170919"" -> 20250401"
9000016,hydrocodone 5 mg and phenyltoloxamine 10 mg prolonged-release oral tablet,NTP,500001,http://www.gazette.gc.ca/rp-pr/p1/2017/2017-06-17/html/reg8-eng.php,Inactive,20250401,"special_groupings_status: ""ACTIVE"" -> INACTIVE
special_groupings_status_effective_time: ""20170919"" -> 20250401"
02500701,MORPHINE SULFATE INJECTION (morphine sulfate 2 mg per 1 mL solution for injection ampoule) JAMP PHARMA CORPORATION,MP,500001,http://www.gazette.gc.ca/rp-pr/p1/2017/2017-06-17/html/reg8-eng.php,Inactive,20250401,"special_groupings_status: ""ACTIVE"" -> INACTIVE
special_groupings_status_effective_time: ""20170919"" -> 20250401"
02339625,TARGIN (naloxone hydrochloride 20 mg and oxycodone hydrochloride 40 mg prolonged-release oral tablet) PURDUE PHARMA,MP,500001,http://www.gazette.gc.ca/rp-pr/p1/2017/2017-06-17/html/reg8-eng.php,Inactive,20250401,"special_groupings_status: ""ACTIVE"" -> INACTIVE
special_groupings_status_effective_time: ""20170919"" -> 20250401"
02552736,PMS-METHADONE HYDROCHLORIDE ORAL CONCENTRATE CHERRY FLAVORED (methadone hydrochloride 10 mg per mL oral solution) PHARMASCIENCE INC,MP,500008,https://www.tppalberta.ca/medication-lists,Active,20240201,ADDED
9001316,buprenorphine 20 mcg per hour transdermal patch,NTP,500001,http://www.gazette.gc.ca/rp-pr/p1/2017/2017-06-17/html/reg8-eng.php,Inactive,20250401,"special_groupings_status: ""ACTIVE"" -> INACTIVE
special_groupings_status_effective_time: ""20170919"" -> 20250401"
77700343,MORPHINE FORTE (morphine sulfate 100 mg per 4 mL solution for injection ampoule) PFIZER CANADA ULC,MP,500001,http://www.gazette.gc.ca/rp-pr/p1/2017/2017-06-17/html/reg8-eng.php,Inactive,20250401,"special_groupings_status: ""ACTIVE"" -> INACTIVE
special_groupings_status_effective_time: ""20170919"" -> 20250401"
02408023,FENTORA (fentanyl (fentanyl citrate) 400 mcg buccal tablet) TEVA CANADA LIMITED,MP,500001,http://www.gazette.gc.ca/rp-pr/p1/2017/2017-06-17/html/reg8-eng.php,Inactive,20250401,"special_groupings_status: ""ACTIVE"" -> INACTIVE
special_groupings_status_effective_time: ""20170919"" -> 20250401"
02339609,TARGIN (naloxone hydrochloride 5 mg and oxycodone hydrochloride 10 mg prolonged-release oral tablet) PURDUE PHARMA,MP,500001,http://www.gazette.gc.ca/rp-pr/p1/2017/2017-06-17/html/reg8-eng.php,Inactive,20250401,"special_groupings_status: ""ACTIVE"" -> INACTIVE
special_groupings_status_effective_time: ""20170919"" -> 20250401"
02137240,MORPHINE SULPHATE INJECTION 2MG/ML (morphine sulfate 2 mg per mL solution for injection 50 mL vial) HOSPIRA HEALTHCARE ULC,MP,500001,http://www.gazette.gc.ca/rp-pr/p1/2017/2017-06-17/html/reg8-eng.php,Inactive,20250401,"special_groupings_status: ""ACTIVE"" -> INACTIVE
special_groupings_status_effective_time: ""20170919"" -> 20250401"
9005494,tapentadol (tapentadol hydrochloride) 200 mg prolonged-release oral tablet,NTP,500001,http://www.gazette.gc.ca/rp-pr/p1/2017/2017-06-17/html/reg8-eng.php,Inactive,20250401,"special_groupings_status: ""ACTIVE"" -> INACTIVE
special_groupings_status_effective_time: ""20170919"" -> 20250401"
9006204,hydromorphone hydrochloride 10 mg per mL solution for injection 50 mL vial,NTP,500001,http://www.gazette.gc.ca/rp-pr/p1/2017/2017-06-17/html/reg8-eng.php,Inactive,20250401,"special_groupings_status: ""ACTIVE"" -> INACTIVE
special_groupings_status_effective_time: ""20170919"" -> 20250401"
02373033,DURELA (tramadol hydrochloride 300 mg prolonged-release oral capsule) CIPHER PHARMACEUTICALS INC,MP,500001,http://www.gazette.gc.ca/rp-pr/p1/2017/2017-06-17/html/reg8-eng.php,Inactive,20250401,"special_groupings_status: ""ACTIVE"" -> INACTIVE
special_groupings_status_effective_time: ""20170919"" -> 20250401"
01916963,TUSSIONEX (hydrocodone 5 mg and phenyltoloxamine 10 mg prolonged-release oral tablet) SANOFI-AVENTIS CANADA INC,MP,500001,http://www.gazette.gc.ca/rp-pr/p1/2017/2017-06-17/html/reg8-eng.php,Inactive,20250401,"special_groupings_status: ""ACTIVE"" -> INACTIVE
special_groupings_status_effective_time: ""20170919"" -> 20250401"
02439050,AURO-TRAMADOL/ACETAMINOPHEN (acetaminophen 325 mg and tramadol hydrochloride 37.5 mg oral tablet) AURO PHARMA INC,MP,500001,http://www.gazette.gc.ca/rp-pr/p1/2017/2017-06-17/html/reg8-eng.php,Inactive,20250401,"special_groupings_status: ""ACTIVE"" -> INACTIVE
special_groupings_status_effective_time: ""20170919"" -> 20250401"
02496186,FENTANYL INJECTION BP (fentanyl (fentanyl citrate) 50 mcg per mL solution for injection 50 mL vial) STERIMAX INC,MP,500001,http://www.gazette.gc.ca/rp-pr/p1/2017/2017-06-17/html/reg8-eng.php,Inactive,20250401,"special_groupings_status: ""ACTIVE"" -> INACTIVE
special_groupings_status_effective_time: ""20170919"" -> 20250401"
02242468,RIVACOCET (acetaminophen 325 mg and oxycodone hydrochloride 5 mg oral tablet) LABORATOIRE RIVA INC.,MP,500001,http://www.gazette.gc.ca/rp-pr/p1/2017/2017-06-17/html/reg8-eng.php,Inactive,20250401,"special_groupings_status: ""ACTIVE"" -> INACTIVE
special_groupings_status_effective_time: ""20170919"" -> 20250401"
77700348,MORPHINE HP 50 (morphine sulfate 500 mg per 10 mL solution for injection vial) SANDOZ CANADA INCORPORATED,MP,500001,http://www.gazette.gc.ca/rp-pr/p1/2017/2017-06-17/html/reg8-eng.php,Inactive,20250401,"special_groupings_status: ""ACTIVE"" -> INACTIVE
special_groupings_status_effective_time: ""20170919"" -> 20250401"
77701082,"FENTANYL CITRATE INJECTION, USP (fentanyl (fentanyl citrate) 100 mcg per 2 mL solution for injection vial) FRESENIUS KABI CANADA LTD",MP,500001,http://www.gazette.gc.ca/rp-pr/p1/2017/2017-06-17/html/reg8-eng.php,Inactive,20250401,"special_groupings_status: ""ACTIVE"" -> INACTIVE
special_groupings_status_effective_time: ""20170919"" -> 20250401"
9001304,hydromorphone hydrochloride 16 mg prolonged-release oral tablet,NTP,500001,http://www.gazette.gc.ca/rp-pr/p1/2017/2017-06-17/html/reg8-eng.php,Inactive,20250401,"special_groupings_status: ""ACTIVE"" -> INACTIVE
special_groupings_status_effective_time: ""20170919"" -> 20250401"
9001426,fentanyl (fentanyl citrate) 400 mcg buccal tablet,NTP,500001,http://www.gazette.gc.ca/rp-pr/p1/2017/2017-06-17/html/reg8-eng.php,Inactive,20250401,"special_groupings_status: ""ACTIVE"" -> INACTIVE
special_groupings_status_effective_time: ""20170919"" -> 20250401"
9001652,acetylsalicylic acid 330 mg and butalbital 50 mg and caffeine 40 mg and codeine phosphate 30 mg oral capsule,NTP,500001,http://www.gazette.gc.ca/rp-pr/p1/2017/2017-06-17/html/reg8-eng.php,Inactive,20250401,"special_groupings_status: ""ACTIVE"" -> INACTIVE
special_groupings_status_effective_time: ""20170919"" -> 20250401"
02378272,NUCYNTA IR (tapentadol (tapentadol hydrochloride) 50 mg oral tablet) ENDO OPERATIONS LTD.,MP,500001,http://www.gazette.gc.ca/rp-pr/p1/2017/2017-06-17/html/reg8-eng.php,Inactive,20250401,"special_groupings_status: ""ACTIVE"" -> INACTIVE
special_groupings_status_effective_time: ""20170919"" -> 20250401"
9001307,hydromorphone hydrochloride 8 mg prolonged-release oral tablet,NTP,500001,http://www.gazette.gc.ca/rp-pr/p1/2017/2017-06-17/html/reg8-eng.php,Inactive,20250401,"special_groupings_status: ""ACTIVE"" -> INACTIVE
special_groupings_status_effective_time: ""20170919"" -> 20250401"
02244079,"DIMETANE EXPECTORANT C (brompheniramine maleate 2 mg per 5 mL and codeine phosphate 10 mg per 5 mL and guaifenesin 100 mg per 5 mL and phenylephrine hydrochloride 5 mg per 5 mL syrup) FOUNDATION CONSUMER BRANDS, LLC",MP,500001,http://www.gazette.gc.ca/rp-pr/p1/2017/2017-06-17/html/reg8-eng.php,Inactive,20250401,"special_groupings_status: ""ACTIVE"" -> INACTIVE
special_groupings_status_effective_time: ""20170919"" -> 20250401"
02386844,CO FENTANYL (fentanyl 12 mcg per hour transdermal patch) COBALT PHARMACEUTICALS COMPANY,MP,500001,http://www.gazette.gc.ca/rp-pr/p1/2017/2017-06-17/html/reg8-eng.php,Inactive,20250401,"special_groupings_status: ""ACTIVE"" -> INACTIVE
special_groupings_status_effective_time: ""20170919"" -> 20250401"
9001905,chlordiazepoxide hydrochloride 5 mg oral capsule,NTP,500006,http://laws-lois.justice.gc.ca/eng/acts/C-38.8/FullText.html,Inactive,20250401,"special_groupings_status: ""ACTIVE"" -> INACTIVE
special_groupings_status_effective_time: ""20170919"" -> 20250401"
00125121,DILAUDID (hydromorphone hydrochloride 4 mg oral tablet) PURDUE PHARMA,MP,500001,http://www.gazette.gc.ca/rp-pr/p1/2017/2017-06-17/html/reg8-eng.php,Inactive,20250401,"special_groupings_status: ""ACTIVE"" -> INACTIVE
special_groupings_status_effective_time: ""20170919"" -> 20250401"
01916491,PERCOCET-DEMI (acetaminophen 325 mg and oxycodone hydrochloride 2.5 mg oral tablet) BRISTOL-MYERS SQUIBB CANADA,MP,500001,http://www.gazette.gc.ca/rp-pr/p1/2017/2017-06-17/html/reg8-eng.php,Inactive,20250401,"special_groupings_status: ""ACTIVE"" -> INACTIVE
special_groupings_status_effective_time: ""20170919"" -> 20250401"
02019949,M-ESLON (morphine sulfate 30 mg prolonged-release oral capsule) ETHYPHARM INC,MP,500001,http://www.gazette.gc.ca/rp-pr/p1/2017/2017-06-17/html/reg8-eng.php,Inactive,20250401,"special_groupings_status: ""ACTIVE"" -> INACTIVE
special_groupings_status_effective_time: ""20170919"" -> 20250401"
02327120,SANDOZ FENTANYL PATCH (fentanyl 25 mcg per hour transdermal patch) SANDOZ CANADA INCORPORATED,MP,500001,http://www.gazette.gc.ca/rp-pr/p1/2017/2017-06-17/html/reg8-eng.php,Inactive,20250401,"special_groupings_status: ""ACTIVE"" -> INACTIVE
special_groupings_status_effective_time: ""20170919"" -> 20250401"
02396734,MYLAN-FENTANYL MATRIX PATCH (fentanyl 75 mcg per hour transdermal patch) MYLAN PHARMACEUTICALS ULC,MP,500001,http://www.gazette.gc.ca/rp-pr/p1/2017/2017-06-17/html/reg8-eng.php,Inactive,20250401,"special_groupings_status: ""ACTIVE"" -> INACTIVE
special_groupings_status_effective_time: ""20170919"" -> 20250401"
02125323,HYDROMORPH CONTIN-CONTROLLED RELEASE CAP - 3MG (hydromorphone hydrochloride 3 mg prolonged-release oral capsule) PURDUE PHARMA,MP,500001,http://www.gazette.gc.ca/rp-pr/p1/2017/2017-06-17/html/reg8-eng.php,Inactive,20250401,"special_groupings_status: ""ACTIVE"" -> INACTIVE
special_groupings_status_effective_time: ""20170919"" -> 20250401"
9000195,acetylsalicylic acid 325 mg and oxycodone hydrochloride 5 mg oral tablet,NTP,500001,http://www.gazette.gc.ca/rp-pr/p1/2017/2017-06-17/html/reg8-eng.php,Inactive,20250401,"special_groupings_status: ""ACTIVE"" -> INACTIVE
special_groupings_status_effective_time: ""20170919"" -> 20250401"
9002410,acetylsalicylic acid 325 mg and codeine phosphate 16.2 mg and methocarbamol 400 mg oral tablet,NTP,500001,http://www.gazette.gc.ca/rp-pr/p1/2017/2017-06-17/html/reg8-eng.php,Inactive,20250401,"special_groupings_status: ""ACTIVE"" -> INACTIVE
special_groupings_status_effective_time: ""20170919"" -> 20250401"
01949055,MORPHINE-EPD (morphine sulfate 5 mg per 5 mL solution for injection ampoule) PFIZER CANADA ULC,MP,500001,http://www.gazette.gc.ca/rp-pr/p1/2017/2017-06-17/html/reg8-eng.php,Inactive,20250401,"special_groupings_status: ""ACTIVE"" -> INACTIVE
special_groupings_status_effective_time: ""20170919"" -> 20250401"
77700520,FENTANYL CITRATE INJECTION USP (fentanyl (fentanyl citrate) 500 mcg per 10 mL solution for injection vial) PFIZER CANADA ULC,MP,500001,http://www.gazette.gc.ca/rp-pr/p1/2017/2017-06-17/html/reg8-eng.php,Inactive,20250401,"special_groupings_status: ""ACTIVE"" -> INACTIVE
special_groupings_status_effective_time: ""20170919"" -> 20250401"
9000324,fentanyl (fentanyl citrate) 500 mcg per 10 mL solution for injection vial,NTP,500001,http://www.gazette.gc.ca/rp-pr/p1/2017/2017-06-17/html/reg8-eng.php,Inactive,20250401,"special_groupings_status: ""ACTIVE"" -> INACTIVE
special_groupings_status_effective_time: ""20170919"" -> 20250401"
9001182,tramadol hydrochloride 150 mg prolonged-release oral tablet,NTP,500001,http://www.gazette.gc.ca/rp-pr/p1/2017/2017-06-17/html/reg8-eng.php,Inactive,20250401,"special_groupings_status: ""ACTIVE"" -> INACTIVE
special_groupings_status_effective_time: ""20170919"" -> 20250401"
02330113,RAN-FENTANYL MATRIX PATCH (fentanyl 25 mcg per hour transdermal patch) RANBAXY PHARMACEUTICALS CANADA INC.,MP,500001,http://www.gazette.gc.ca/rp-pr/p1/2017/2017-06-17/html/reg8-eng.php,Inactive,20250401,"special_groupings_status: ""ACTIVE"" -> INACTIVE
special_groupings_status_effective_time: ""20170919"" -> 20250401"
02498286,MORPHINE SULFATE INJECTION EPIDURAL (morphine sulfate 5 mg per 5 mL solution for injection vial) STERIMAX INC,MP,500001,http://www.gazette.gc.ca/rp-pr/p1/2017/2017-06-17/html/reg8-eng.php,Inactive,20250401,"special_groupings_status: ""ACTIVE"" -> INACTIVE
special_groupings_status_effective_time: ""20170919"" -> 20250401"
00594652,STATEX TAB 5MG (morphine sulfate 5 mg oral tablet) PALADIN PHARMA INC.,MP,500001,http://www.gazette.gc.ca/rp-pr/p1/2017/2017-06-17/html/reg8-eng.php,Inactive,20250401,"special_groupings_status: ""ACTIVE"" -> INACTIVE
special_groupings_status_effective_time: ""20170919"" -> 20250401"
9012467,buprenorphine (buprenorphine hydrochloride) 75 mcg buccal film,NTP,500001,http://www.gazette.gc.ca/rp-pr/p1/2017/2017-06-17/html/reg8-eng.php,Inactive,20250401,"special_groupings_status: ""ACTIVE"" -> INACTIVE
special_groupings_status_effective_time: ""20170919"" -> 20250401"
02394189,ACT OXYCODONE CR (oxycodone hydrochloride 10 mg prolonged-release oral tablet) TEVA CANADA LIMITED,MP,500001,http://www.gazette.gc.ca/rp-pr/p1/2017/2017-06-17/html/reg8-eng.php,Inactive,20250401,"special_groupings_status: ""ACTIVE"" -> INACTIVE
special_groupings_status_effective_time: ""20170919"" -> 20250401"
02247701,METADOL (methadone hydrochloride 25 mg oral tablet) ENDO OPERATIONS LTD.,MP,500002,http://laws-lois.justice.gc.ca/eng/acts/C-38.8/FullText.html,Active,20170919,"ccdd_formal_name: ""METADOL (methadone hydrochloride 25 mg oral tablet) PALADIN PHARMA INC."" -> METADOL (methadone hydrochloride 25 mg oral tablet) ENDO OPERATIONS LTD."
02372541,OXYNEO (oxycodone hydrochloride 30 mg prolonged-release oral tablet) PURDUE PHARMA,MP,500001,http://www.gazette.gc.ca/rp-pr/p1/2017/2017-06-17/html/reg8-eng.php,Inactive,20250401,"special_groupings_status: ""ACTIVE"" -> INACTIVE
special_groupings_status_effective_time: ""20170919"" -> 20250401"
9000480,morphine sulfate 30 mg prolonged-release oral tablet,NTP,500001,http://www.gazette.gc.ca/rp-pr/p1/2017/2017-06-17/html/reg8-eng.php,Inactive,20250401,"special_groupings_status: ""ACTIVE"" -> INACTIVE
special_groupings_status_effective_time: ""20170919"" -> 20250401"
02476673,APO-HYDROMORPHONE CR (hydromorphone hydrochloride 24 mg prolonged-release oral capsule) APOTEX INC,MP,500001,http://www.gazette.gc.ca/rp-pr/p1/2017/2017-06-17/html/reg8-eng.php,Inactive,20250401,"special_groupings_status: ""ACTIVE"" -> INACTIVE
special_groupings_status_effective_time: ""20170919"" -> 20250401"
00690791,RATIO-MORPHINE (morphine hydrochloride 20 mg per mL syrup) TEVA CANADA LIMITED,MP,500001,http://www.gazette.gc.ca/rp-pr/p1/2017/2017-06-17/html/reg8-eng.php,Inactive,20250401,"special_groupings_status: ""ACTIVE"" -> INACTIVE
special_groupings_status_effective_time: ""20170919"" -> 20250401"
8000059,acetaminophen and oxycodone,TM,500001,http://www.gazette.gc.ca/rp-pr/p1/2017/2017-06-17/html/reg8-eng.php,Inactive,20250401,"special_groupings_status: ""ACTIVE"" -> INACTIVE
special_groupings_status_effective_time: ""20170919"" -> 20250401"
02533642,APO-METHADONE (methadone hydrochloride 1 mg oral tablet) APOTEX INC,MP,500001,http://www.gazette.gc.ca/rp-pr/p1/2017/2017-06-17/html/reg8-eng.php,Inactive,20250401,"special_groupings_status: ""ACTIVE"" -> INACTIVE
special_groupings_status_effective_time: ""20170919"" -> 20250401"
02014297,MS CONTIN (morphine sulfate 30 mg prolonged-release oral tablet) PURDUE PHARMA,MP,500001,http://www.gazette.gc.ca/rp-pr/p1/2017/2017-06-17/html/reg8-eng.php,Inactive,20250401,"special_groupings_status: ""ACTIVE"" -> INACTIVE
special_groupings_status_effective_time: ""20170919"" -> 20250401"
02009757,CODEINE 30 (codeine phosphate 30 mg oral tablet) LABORATOIRE RIVA INC.,MP,500001,http://www.gazette.gc.ca/rp-pr/p1/2017/2017-06-17/html/reg8-eng.php,Inactive,20250401,"special_groupings_status: ""ACTIVE"" -> INACTIVE
special_groupings_status_effective_time: ""20170919"" -> 20250401"
9006245,hydromorphone hydrochloride 50 mg per mL solution for injection 50 mL vial,NTP,500001,http://www.gazette.gc.ca/rp-pr/p1/2017/2017-06-17/html/reg8-eng.php,Inactive,20250401,"special_groupings_status: ""ACTIVE"" -> INACTIVE
special_groupings_status_effective_time: ""20170919"" -> 20250401"
02137984,TALWIN (pentazocine (pentazocine hydrochloride) 50 mg oral tablet) SANOFI-AVENTIS CANADA INC,MP,500001,http://www.gazette.gc.ca/rp-pr/p1/2017/2017-06-17/html/reg8-eng.php,Inactive,20250401,"special_groupings_status: ""ACTIVE"" -> INACTIVE
special_groupings_status_effective_time: ""20170919"" -> 20250401"
02341409,PMS-FENTANYL MTX (fentanyl 75 mcg per hour transdermal patch) PHARMASCIENCE INC,MP,500001,http://www.gazette.gc.ca/rp-pr/p1/2017/2017-06-17/html/reg8-eng.php,Inactive,20250401,"special_groupings_status: ""ACTIVE"" -> INACTIVE
special_groupings_status_effective_time: ""20170919"" -> 20250401"
9000364,morphine sulfate 25 mg per 1 mL solution for injection ampoule,NTP,500001,http://www.gazette.gc.ca/rp-pr/p1/2017/2017-06-17/html/reg8-eng.php,Inactive,20250401,"special_groupings_status: ""ACTIVE"" -> INACTIVE
special_groupings_status_effective_time: ""20170919"" -> 20250401"
02364158,APO-HYDROMORPHONE (hydromorphone hydrochloride 8 mg oral tablet) APOTEX INC,MP,500001,http://www.gazette.gc.ca/rp-pr/p1/2017/2017-06-17/html/reg8-eng.php,Inactive,20250401,"special_groupings_status: ""ACTIVE"" -> INACTIVE
special_groupings_status_effective_time: ""20170919"" -> 20250401"
77700516,FENTANYL CITRATE INJECTION USP (fentanyl (fentanyl citrate) 100 mcg per 2 mL solution for injection ampoule) PFIZER CANADA ULC,MP,500001,http://www.gazette.gc.ca/rp-pr/p1/2017/2017-06-17/html/reg8-eng.php,Inactive,20250401,"special_groupings_status: ""ACTIVE"" -> INACTIVE
special_groupings_status_effective_time: ""20170919"" -> 20250401"
77701025,"HYDROMORPHONE HYDROCHLORIDE INJECTION, USP (hydromorphone hydrochloride 10 mg per mL solution for injection 50 mL vial) FRESENIUS KABI CANADA LTD",MP,500001,http://www.gazette.gc.ca/rp-pr/p1/2017/2017-06-17/html/reg8-eng.php,Inactive,20250401,"special_groupings_status: ""ACTIVE"" -> INACTIVE
special_groupings_status_effective_time: ""20170919"" -> 20250401"
9000209,morphine hydrochloride 1 mg per mL syrup,NTP,500001,http://www.gazette.gc.ca/rp-pr/p1/2017/2017-06-17/html/reg8-eng.php,Inactive,20250401,"special_groupings_status: ""ACTIVE"" -> INACTIVE
special_groupings_status_effective_time: ""20170919"" -> 20250401"
02478889,SANDOZ MORPHINE SR (morphine sulfate 100 mg prolonged-release oral tablet) SANDOZ CANADA INCORPORATED,MP,500001,http://www.gazette.gc.ca/rp-pr/p1/2017/2017-06-17/html/reg8-eng.php,Inactive,20250401,"special_groupings_status: ""ACTIVE"" -> INACTIVE
special_groupings_status_effective_time: ""20170919"" -> 20250401"
77700449,FENTANYL CITRATE INJECTION USP (fentanyl (fentanyl citrate) 500 mcg per 10 mL solution for injection vial) SANDOZ CANADA INCORPORATED,MP,500001,http://www.gazette.gc.ca/rp-pr/p1/2017/2017-06-17/html/reg8-eng.php,Inactive,20250401,"special_groupings_status: ""ACTIVE"" -> INACTIVE
special_groupings_status_effective_time: ""20170919"" -> 20250401"
9006243,hydromorphone hydrochloride 100 mg per 5 mL solution for injection vial,NTP,500001,http://www.gazette.gc.ca/rp-pr/p1/2017/2017-06-17/html/reg8-eng.php,Inactive,20250401,"special_groupings_status: ""ACTIVE"" -> INACTIVE
special_groupings_status_effective_time: ""20170919"" -> 20250401"
02396718,MYLAN-FENTANYL MATRIX PATCH (fentanyl 25 mcg per hour transdermal patch) MYLAN PHARMACEUTICALS ULC,MP,500001,http://www.gazette.gc.ca/rp-pr/p1/2017/2017-06-17/html/reg8-eng.php,Inactive,20250401,"special_groupings_status: ""ACTIVE"" -> INACTIVE
special_groupings_status_effective_time: ""20170919"" -> 20250401"
02309912,PMS-OXYCODONE CR (oxycodone hydrochloride 80 mg prolonged-release oral tablet) PHARMASCIENCE INC,MP,500001,http://www.gazette.gc.ca/rp-pr/p1/2017/2017-06-17/html/reg8-eng.php,Inactive,20250401,"special_groupings_status: ""ACTIVE"" -> INACTIVE
special_groupings_status_effective_time: ""20170919"" -> 20250401"
02275813,DURAGESIC (fentanyl 25 mcg per hour transdermal patch) JANSSEN INC,MP,500001,http://www.gazette.gc.ca/rp-pr/p1/2017/2017-06-17/html/reg8-eng.php,Inactive,20250401,"special_groupings_status: ""ACTIVE"" -> INACTIVE
special_groupings_status_effective_time: ""20170919"" -> 20250401"
77700518,FENTANYL CITRATE INJECTION USP (fentanyl (fentanyl citrate) 500 mcg per 10 mL solution for injection ampoule) PFIZER CANADA ULC,MP,500001,http://www.gazette.gc.ca/rp-pr/p1/2017/2017-06-17/html/reg8-eng.php,Inactive,20250401,"special_groupings_status: ""ACTIVE"" -> INACTIVE
special_groupings_status_effective_time: ""20170919"" -> 20250401"
02302799,TEVA-MORPHINE SR (morphine sulfate 100 mg prolonged-release oral tablet) TEVA CANADA LIMITED,MP,500001,http://www.gazette.gc.ca/rp-pr/p1/2017/2017-06-17/html/reg8-eng.php,Inactive,20250401,"special_groupings_status: ""ACTIVE"" -> INACTIVE
special_groupings_status_effective_time: ""20170919"" -> 20250401"
02395681,FENTANYL PATCH (fentanyl 75 mcg per hour transdermal patch) PRO DOC LIMITEE,MP,500001,http://www.gazette.gc.ca/rp-pr/p1/2017/2017-06-17/html/reg8-eng.php,Inactive,20250401,"special_groupings_status: ""ACTIVE"" -> INACTIVE
special_groupings_status_effective_time: ""20170919"" -> 20250401"
02359502,HYDROMORPH CONTIN (hydromorphone hydrochloride 4.5 mg prolonged-release oral capsule) PURDUE PHARMA,MP,500001,http://www.gazette.gc.ca/rp-pr/p1/2017/2017-06-17/html/reg8-eng.php,Inactive,20250401,"special_groupings_status: ""ACTIVE"" -> INACTIVE
special_groupings_status_effective_time: ""20170919"" -> 20250401"
9000396,acetaminophen 325 mg and oxycodone hydrochloride 2.5 mg oral tablet,NTP,500001,http://www.gazette.gc.ca/rp-pr/p1/2017/2017-06-17/html/reg8-eng.php,Inactive,20250401,"special_groupings_status: ""ACTIVE"" -> INACTIVE
special_groupings_status_effective_time: ""20170919"" -> 20250401"
9001380,tramadol hydrochloride 200 mg prolonged-release oral capsule,NTP,500001,http://www.gazette.gc.ca/rp-pr/p1/2017/2017-06-17/html/reg8-eng.php,Inactive,20250401,"special_groupings_status: ""ACTIVE"" -> INACTIVE
special_groupings_status_effective_time: ""20170919"" -> 20250401"
02514435,HYDROMORPHONE HYDROCHLORIDE INJECTION USP (hydromorphone hydrochloride 1 mg per 1 mL solution for injection vial) SANDOZ CANADA INCORPORATED,MP,500001,http://www.gazette.gc.ca/rp-pr/p1/2017/2017-06-17/html/reg8-eng.php,Inactive,20250401,"special_groupings_status: ""ACTIVE"" -> INACTIVE
special_groupings_status_effective_time: ""20170919"" -> 20250401"
9000566,"codeine (codeine, codeine sulfate) 100 mg prolonged-release oral tablet",NTP,500001,http://www.gazette.gc.ca/rp-pr/p1/2017/2017-06-17/html/reg8-eng.php,Inactive,20250401,"special_groupings_status: ""ACTIVE"" -> INACTIVE
special_groupings_status_effective_time: ""20170919"" -> 20250401"
9005495,tapentadol (tapentadol hydrochloride) 250 mg prolonged-release oral tablet,NTP,500001,http://www.gazette.gc.ca/rp-pr/p1/2017/2017-06-17/html/reg8-eng.php,Inactive,20250401,"special_groupings_status: ""ACTIVE"" -> INACTIVE
special_groupings_status_effective_time: ""20170919"" -> 20250401"
01916599,HYCODAN TABLETS (hydrocodone bitartrate 5 mg oral tablet) BRISTOL-MYERS SQUIBB CANADA,MP,500001,http://www.gazette.gc.ca/rp-pr/p1/2017/2017-06-17/html/reg8-eng.php,Inactive,20250401,"special_groupings_status: ""ACTIVE"" -> INACTIVE
special_groupings_status_effective_time: ""20170919"" -> 20250401"
9001391,naloxone hydrochloride 2.5 mg and oxycodone hydrochloride 5 mg prolonged-release oral tablet,NTP,500001,http://www.gazette.gc.ca/rp-pr/p1/2017/2017-06-17/html/reg8-eng.php,Inactive,20250401,"special_groupings_status: ""ACTIVE"" -> INACTIVE
special_groupings_status_effective_time: ""20170919"" -> 20250401"
02014319,MS CONTIN (morphine sulfate 100 mg prolonged-release oral tablet) PURDUE PHARMA,MP,500001,http://www.gazette.gc.ca/rp-pr/p1/2017/2017-06-17/html/reg8-eng.php,Inactive,20250401,"special_groupings_status: ""ACTIVE"" -> INACTIVE
special_groupings_status_effective_time: ""20170919"" -> 20250401"
02479672,AURO-TRAMADOL (tramadol hydrochloride 50 mg oral tablet) AURO PHARMA INC,MP,500001,http://www.gazette.gc.ca/rp-pr/p1/2017/2017-06-17/html/reg8-eng.php,Inactive,20250401,"special_groupings_status: ""ACTIVE"" -> INACTIVE
special_groupings_status_effective_time: ""20170919"" -> 20250401"
02247694,METADOL (methadone hydrochloride 1 mg per mL oral solution) ENDO OPERATIONS LTD.,MP,500002,http://laws-lois.justice.gc.ca/eng/acts/C-38.8/FullText.html,Active,20170919,"ccdd_formal_name: ""METADOL (methadone hydrochloride 1 mg per mL oral solution) PALADIN PHARMA INC."" -> METADOL (methadone hydrochloride 1 mg per mL oral solution) ENDO OPERATIONS LTD."
9001575,codeine phosphate 10 mg per 5 mL and pseudoephedrine hydrochloride 30 mg per 5 mL and triprolidine hydrochloride 2 mg per 5 mL syrup,NTP,500001,http://www.gazette.gc.ca/rp-pr/p1/2017/2017-06-17/html/reg8-eng.php,Inactive,20250401,"special_groupings_status: ""ACTIVE"" -> INACTIVE
special_groupings_status_effective_time: ""20170919"" -> 20250401"
02388197,TARO-TRAMADOL/ACET (acetaminophen 325 mg and tramadol hydrochloride 37.5 mg oral tablet) SUN PHARMA CANADA INC,MP,500001,http://www.gazette.gc.ca/rp-pr/p1/2017/2017-06-17/html/reg8-eng.php,Inactive,20250401,"special_groupings_status: ""ACTIVE"" -> INACTIVE
special_groupings_status_effective_time: ""20170919"" -> 20250401"
77700355,MORPHINE SULFATE INJ 2MG/ML USP (morphine sulfate 2 mg per mL solution for injection 50 mL vial) SANDOZ CANADA INCORPORATED,MP,500001,http://www.gazette.gc.ca/rp-pr/p1/2017/2017-06-17/html/reg8-eng.php,Inactive,20250401,"special_groupings_status: ""ACTIVE"" -> INACTIVE
special_groupings_status_effective_time: ""20170919"" -> 20250401"
02465256,BELBUCA (buprenorphine (buprenorphine hydrochloride) 300 mcg buccal film) PURDUE PHARMA,MP,500001,http://www.gazette.gc.ca/rp-pr/p1/2017/2017-06-17/html/reg8-eng.php,Inactive,20250401,"special_groupings_status: ""ACTIVE"" -> INACTIVE
special_groupings_status_effective_time: ""20170919"" -> 20250401"
9001349,fentanyl (fentanyl citrate) 800 mcg sublingual tablet,NTP,500001,http://www.gazette.gc.ca/rp-pr/p1/2017/2017-06-17/html/reg8-eng.php,Inactive,20250401,"special_groupings_status: ""ACTIVE"" -> INACTIVE
special_groupings_status_effective_time: ""20170919"" -> 20250401"
00522988,CHLORDIAZEPOXIDE (chlordiazepoxide hydrochloride 10 mg oral capsule) AA PHARMA INC,MP,500006,http://laws-lois.justice.gc.ca/eng/acts/C-38.8/FullText.html,Inactive,20250401,"special_groupings_status: ""ACTIVE"" -> INACTIVE
special_groupings_status_effective_time: ""20170919"" -> 20250401"
02408031,FENTORA (fentanyl (fentanyl citrate) 600 mcg buccal tablet) TEVA CANADA LIMITED,MP,500001,http://www.gazette.gc.ca/rp-pr/p1/2017/2017-06-17/html/reg8-eng.php,Inactive,20250401,"special_groupings_status: ""ACTIVE"" -> INACTIVE
special_groupings_status_effective_time: ""20170919"" -> 20250401"
00380571,LINCTUS CODEINE BLANC (codeine phosphate 10 mg per 5 mL oral solution) LABORATOIRE ATLAS INC,MP,500001,http://www.gazette.gc.ca/rp-pr/p1/2017/2017-06-17/html/reg8-eng.php,Inactive,20250401,"special_groupings_status: ""ACTIVE"" -> INACTIVE
special_groupings_status_effective_time: ""20170919"" -> 20250401"
9014552,morphine sulfate 5 mg per 10 mL solution for injection vial,NTP,500001,http://www.gazette.gc.ca/rp-pr/p1/2017/2017-06-17/html/reg8-eng.php,Inactive,20250401,"special_groupings_status: ""ACTIVE"" -> INACTIVE
special_groupings_status_effective_time: ""20170919"" -> 20250401"
77700353,MORPHINE SULFATE INJ 1MG/ML USP (morphine sulfate 5 mg per 5 mL solution for injection vial) SANDOZ CANADA INCORPORATED,MP,500001,http://www.gazette.gc.ca/rp-pr/p1/2017/2017-06-17/html/reg8-eng.php,Inactive,20250401,"special_groupings_status: ""ACTIVE"" -> INACTIVE
special_groupings_status_effective_time: ""20170919"" -> 20250401"
00596965,STATEX SUPPOSITORIES 20MG (morphine sulfate 20 mg suppository) PALADIN PHARMA INC.,MP,500001,http://www.gazette.gc.ca/rp-pr/p1/2017/2017-06-17/html/reg8-eng.php,Inactive,20250401,"special_groupings_status: ""ACTIVE"" -> INACTIVE
special_groupings_status_effective_time: ""20170919"" -> 20250401"
02247698,METADOL (methadone hydrochloride 1 mg oral tablet) PALADIN PHARMA INC.,MP,500001,http://www.gazette.gc.ca/rp-pr/p1/2017/2017-06-17/html/reg8-eng.php,Inactive,20250401,"special_groupings_status: ""ACTIVE"" -> INACTIVE
special_groupings_status_effective_time: ""20170919"" -> 20250401"
8000127,fentanyl,TM,500001,http://www.gazette.gc.ca/rp-pr/p1/2017/2017-06-17/html/reg8-eng.php,Inactive,20250401,"special_groupings_status: ""ACTIVE"" -> INACTIVE
special_groupings_status_effective_time: ""20170919"" -> 20250401"
9000695,normethadone hydrochloride 10 mg per mL and p-hydroxyephedrine hydrochloride 20 mg per mL oral drops,NTP,500001,http://www.gazette.gc.ca/rp-pr/p1/2017/2017-06-17/html/reg8-eng.php,Inactive,20250401,"special_groupings_status: ""ACTIVE"" -> INACTIVE
special_groupings_status_effective_time: ""20170919"" -> 20250401"
02450445,TARO-TRAMADOL ER (tramadol hydrochloride 300 mg prolonged-release oral tablet) TARO PHARMACEUTICALS INC,MP,500001,http://www.gazette.gc.ca/rp-pr/p1/2017/2017-06-17/html/reg8-eng.php,Inactive,20250401,"special_groupings_status: ""ACTIVE"" -> INACTIVE
special_groupings_status_effective_time: ""20170919"" -> 20250401"
00789828,TRIATEC-30 (acetaminophen 300 mg and codeine phosphate 30 mg oral tablet) LABORATOIRE RIVA INC.,MP,500001,http://www.gazette.gc.ca/rp-pr/p1/2017/2017-06-17/html/reg8-eng.php,Inactive,20250401,"special_groupings_status: ""ACTIVE"" -> INACTIVE
special_groupings_status_effective_time: ""20170919"" -> 20250401"
02198630,CALMYLIN ACE (codeine phosphate 10 mg per 5 mL and guaifenesin 100 mg per 5 mL and pheniramine maleate 7.5 mg per 5 mL syrup) TEVA CANADA LIMITED,MP,500001,http://www.gazette.gc.ca/rp-pr/p1/2017/2017-06-17/html/reg8-eng.php,Inactive,20250401,"special_groupings_status: ""ACTIVE"" -> INACTIVE
special_groupings_status_effective_time: ""20170919"" -> 20250401"
9001464,morphine sulfate 20 mg oral capsule,NTP,500001,http://www.gazette.gc.ca/rp-pr/p1/2017/2017-06-17/html/reg8-eng.php,Inactive,20250401,"special_groupings_status: ""ACTIVE"" -> INACTIVE
special_groupings_status_effective_time: ""20170919"" -> 20250401"
01916971,TUSSIONEX (hydrocodone 5 mg per 5 mL and phenyltoloxamine 10 mg per 5 mL oral suspension) SANOFI-AVENTIS CANADA INC,MP,500001,http://www.gazette.gc.ca/rp-pr/p1/2017/2017-06-17/html/reg8-eng.php,Inactive,20250401,"special_groupings_status: ""ACTIVE"" -> INACTIVE
special_groupings_status_effective_time: ""20170919"" -> 20250401"
9001651,acetylsalicylic acid 330 mg and butalbital 50 mg and caffeine 40 mg and codeine phosphate 15 mg oral capsule,NTP,500001,http://www.gazette.gc.ca/rp-pr/p1/2017/2017-06-17/html/reg8-eng.php,Inactive,20250401,"special_groupings_status: ""ACTIVE"" -> INACTIVE
special_groupings_status_effective_time: ""20170919"" -> 20250401"
00705799,STATEX DPS 50MG/ML (morphine sulfate 50 mg per mL oral drops) PALADIN PHARMA INC.,MP,500001,http://www.gazette.gc.ca/rp-pr/p1/2017/2017-06-17/html/reg8-eng.php,Inactive,20250401,"special_groupings_status: ""ACTIVE"" -> INACTIVE
special_groupings_status_effective_time: ""20170919"" -> 20250401"
8002112,codeine and guaifenesin and pseudoephedrine and triprolidine,TM,500001,http://www.gazette.gc.ca/rp-pr/p1/2017/2017-06-17/html/reg8-eng.php,Inactive,20250401,"special_groupings_status: ""ACTIVE"" -> INACTIVE
special_groupings_status_effective_time: ""20170919"" -> 20250401"
8000778,hydrocodone and phenyltoloxamine,TM,500001,http://www.gazette.gc.ca/rp-pr/p1/2017/2017-06-17/html/reg8-eng.php,Inactive,20250401,"special_groupings_status: ""ACTIVE"" -> INACTIVE
special_groupings_status_effective_time: ""20170919"" -> 20250401"
77700301,HYDROMORPHONE HYDROCHLORIDE INJECTION HP 10 (hydromorphone hydrochloride 100 mg per 10 mL solution for injection ampoule) STERIMAX INC,MP,500001,http://www.gazette.gc.ca/rp-pr/p1/2017/2017-06-17/html/reg8-eng.php,Inactive,20250401,"special_groupings_status: ""ACTIVE"" -> INACTIVE
special_groupings_status_effective_time: ""20170919"" -> 20250401"
02337282,JURNISTA (hydromorphone hydrochloride 16 mg prolonged-release oral tablet) JANSSEN INC,MP,500001,http://www.gazette.gc.ca/rp-pr/p1/2017/2017-06-17/html/reg8-eng.php,Inactive,20250401,"special_groupings_status: ""ACTIVE"" -> INACTIVE
special_groupings_status_effective_time: ""20170919"" -> 20250401"
02241377,METADOL (methadone hydrochloride 10 mg per mL oral solution) ENDO OPERATIONS LTD.,MP,500002,http://laws-lois.justice.gc.ca/eng/acts/C-38.8/FullText.html,Active,20170919,"ccdd_formal_name: ""METADOL (methadone hydrochloride 10 mg per mL oral solution) PALADIN PHARMA INC."" -> METADOL (methadone hydrochloride 10 mg per mL oral solution) ENDO OPERATIONS LTD."
00608203,TEVA-TECNAL C 1/4 (acetylsalicylic acid 330 mg and butalbital 50 mg and caffeine 40 mg and codeine phosphate 15 mg oral capsule) TEVA CANADA LIMITED,MP,500001,http://www.gazette.gc.ca/rp-pr/p1/2017/2017-06-17/html/reg8-eng.php,Inactive,20250401,"special_groupings_status: ""ACTIVE"" -> INACTIVE
special_groupings_status_effective_time: ""20170919"" -> 20250401"
9000253,hydromorphone hydrochloride 1 mg oral tablet,NTP,500001,http://www.gazette.gc.ca/rp-pr/p1/2017/2017-06-17/html/reg8-eng.php,Inactive,20250401,"special_groupings_status: ""ACTIVE"" -> INACTIVE
special_groupings_status_effective_time: ""20170919"" -> 20250401"
02240132,OXY.IR (oxycodone hydrochloride 20 mg oral tablet) PURDUE PHARMA,MP,500001,http://www.gazette.gc.ca/rp-pr/p1/2017/2017-06-17/html/reg8-eng.php,Inactive,20250401,"special_groupings_status: ""ACTIVE"" -> INACTIVE
special_groupings_status_effective_time: ""20170919"" -> 20250401"
02341417,PMS-FENTANYL MTX (fentanyl 100 mcg per hour transdermal patch) PHARMASCIENCE INC,MP,500001,http://www.gazette.gc.ca/rp-pr/p1/2017/2017-06-17/html/reg8-eng.php,Inactive,20250401,"special_groupings_status: ""ACTIVE"" -> INACTIVE
special_groupings_status_effective_time: ""20170919"" -> 20250401"
9009884,hydrocodone bitartrate 5 mg per 5 mL syrup,NTP,500001,http://www.gazette.gc.ca/rp-pr/p1/2017/2017-06-17/html/reg8-eng.php,Inactive,20250401,"special_groupings_status: ""ACTIVE"" -> INACTIVE
special_groupings_status_effective_time: ""20170919"" -> 20250401"
77700304,HYDROMORPHONE HYDROCHLORIDE INJECTION USP (hydromorphone hydrochloride 10 mg per mL solution for injection 50 mL vial) PFIZER CANADA ULC,MP,500001,http://www.gazette.gc.ca/rp-pr/p1/2017/2017-06-17/html/reg8-eng.php,Inactive,20250401,"special_groupings_status: ""ACTIVE"" -> INACTIVE
special_groupings_status_effective_time: ""20170919"" -> 20250401"
9006219,morphine sulfate 50 mg per mL solution for injection 20 mL vial,NTP,500001,http://www.gazette.gc.ca/rp-pr/p1/2017/2017-06-17/html/reg8-eng.php,Inactive,20250401,"special_groupings_status: ""ACTIVE"" -> INACTIVE
special_groupings_status_effective_time: ""20170919"" -> 20250401"
9000586,hydromorphone hydrochloride 6 mg prolonged-release oral capsule,NTP,500001,http://www.gazette.gc.ca/rp-pr/p1/2017/2017-06-17/html/reg8-eng.php,Inactive,20250401,"special_groupings_status: ""ACTIVE"" -> INACTIVE
special_groupings_status_effective_time: ""20170919"" -> 20250401"
02330156,RAN-FENTANYL MATRIX PATCH (fentanyl 100 mcg per hour transdermal patch) RANBAXY PHARMACEUTICALS CANADA INC.,MP,500001,http://www.gazette.gc.ca/rp-pr/p1/2017/2017-06-17/html/reg8-eng.php,Inactive,20250401,"special_groupings_status: ""ACTIVE"" -> INACTIVE
special_groupings_status_effective_time: ""20170919"" -> 20250401"
00653241,TEVA-LENOLTEC NO. 2 (acetaminophen 300 mg and caffeine 15 mg and codeine phosphate 15 mg oral tablet) TEVA CANADA LIMITED,MP,500001,http://www.gazette.gc.ca/rp-pr/p1/2017/2017-06-17/html/reg8-eng.php,Inactive,20250401,"special_groupings_status: ""ACTIVE"" -> INACTIVE
special_groupings_status_effective_time: ""20170919"" -> 20250401"
02476649,APO-HYDROMORPHONE CR (hydromorphone hydrochloride 9 mg prolonged-release oral capsule) APOTEX INC,MP,500001,http://www.gazette.gc.ca/rp-pr/p1/2017/2017-06-17/html/reg8-eng.php,Inactive,20250401,"special_groupings_status: ""ACTIVE"" -> INACTIVE
special_groupings_status_effective_time: ""20170919"" -> 20250401"
02262983,SUPEUDOL 20 (oxycodone hydrochloride 20 mg oral tablet) SANDOZ CANADA INCORPORATED,MP,500001,http://www.gazette.gc.ca/rp-pr/p1/2017/2017-06-17/html/reg8-eng.php,Inactive,20250401,"special_groupings_status: ""ACTIVE"" -> INACTIVE
special_groupings_status_effective_time: ""20170919"" -> 20250401"
9000585,hydromorphone hydrochloride 50 mg per 1 mL solution for injection vial,NTP,500001,http://www.gazette.gc.ca/rp-pr/p1/2017/2017-06-17/html/reg8-eng.php,Inactive,20250401,"special_groupings_status: ""ACTIVE"" -> INACTIVE
special_groupings_status_effective_time: ""20170919"" -> 20250401"
02394197,ACT OXYCODONE CR (oxycodone hydrochloride 20 mg prolonged-release oral tablet) TEVA CANADA LIMITED,MP,500001,http://www.gazette.gc.ca/rp-pr/p1/2017/2017-06-17/html/reg8-eng.php,Inactive,20250401,"special_groupings_status: ""ACTIVE"" -> INACTIVE
special_groupings_status_effective_time: ""20170919"" -> 20250401"
02415585,NUCYNTA EXTENDED-RELEASE (tapentadol (tapentadol hydrochloride) 100 mg prolonged-release oral tablet) ENDO OPERATIONS LTD.,MP,500001,http://www.gazette.gc.ca/rp-pr/p1/2017/2017-06-17/html/reg8-eng.php,Inactive,20250401,"special_groupings_status: ""ACTIVE"" -> INACTIVE
special_groupings_status_effective_time: ""20170919"" -> 20250401"
9014172,hydromorphone hydrochloride 20 mg per 50 mL solution for injection bag,NTP,500001,http://www.gazette.gc.ca/rp-pr/p1/2017/2017-06-17/html/reg8-eng.php,Inactive,20250401,"special_groupings_status: ""ACTIVE"" -> INACTIVE
special_groupings_status_effective_time: ""20170919"" -> 20250401"
9001185,tramadol hydrochloride 400 mg prolonged-release oral tablet,NTP,500001,http://www.gazette.gc.ca/rp-pr/p1/2017/2017-06-17/html/reg8-eng.php,Inactive,20250401,"special_groupings_status: ""ACTIVE"" -> INACTIVE
special_groupings_status_effective_time: ""20170919"" -> 20250401"
77700957,HYDROMORPHONE HYDROCHLORIDE INJECTION HP 50 (hydromorphone hydrochloride 50 mg per mL solution for injection 50 mL vial) STERIMAX INC,MP,500001,http://www.gazette.gc.ca/rp-pr/p1/2017/2017-06-17/html/reg8-eng.php,Inactive,20250401,"special_groupings_status: ""ACTIVE"" -> INACTIVE
special_groupings_status_effective_time: ""20170919"" -> 20250401"
9001425,fentanyl (fentanyl citrate) 200 mcg buccal tablet,NTP,500001,http://www.gazette.gc.ca/rp-pr/p1/2017/2017-06-17/html/reg8-eng.php,Inactive,20250401,"special_groupings_status: ""ACTIVE"" -> INACTIVE
special_groupings_status_effective_time: ""20170919"" -> 20250401"
00621463,TEVA-LENOLTEC NO. 4 (acetaminophen 300 mg and codeine phosphate 60 mg oral tablet) TEVA CANADA LIMITED,MP,500001,http://www.gazette.gc.ca/rp-pr/p1/2017/2017-06-17/html/reg8-eng.php,Inactive,20250401,"special_groupings_status: ""ACTIVE"" -> INACTIVE
special_groupings_status_effective_time: ""20170919"" -> 20250401"
9001465,morphine sulfate 30 mg oral capsule,NTP,500001,http://www.gazette.gc.ca/rp-pr/p1/2017/2017-06-17/html/reg8-eng.php,Inactive,20250401,"special_groupings_status: ""ACTIVE"" -> INACTIVE
special_groupings_status_effective_time: ""20170919"" -> 20250401"
77700488,FENTANYL CITRATE INJECTION USP (fentanyl (fentanyl citrate) 100 mcg per 2 mL solution for injection ampoule) HIKMA CANADA LIMITED,MP,500001,http://www.gazette.gc.ca/rp-pr/p1/2017/2017-06-17/html/reg8-eng.php,Inactive,20250401,"special_groupings_status: ""ACTIVE"" -> INACTIVE
special_groupings_status_effective_time: ""20170919"" -> 20250401"
9000181,codeine phosphate 15 mg oral tablet,NTP,500001,http://www.gazette.gc.ca/rp-pr/p1/2017/2017-06-17/html/reg8-eng.php,Inactive,20250401,"special_groupings_status: ""ACTIVE"" -> INACTIVE
special_groupings_status_effective_time: ""20170919"" -> 20250401"
02429969,TRAMADOL / ACETAMINOPHEN (acetaminophen 325 mg and tramadol hydrochloride 37.5 mg oral tablet) SIVEM PHARMACEUTICALS ULC,MP,500001,http://www.gazette.gc.ca/rp-pr/p1/2017/2017-06-17/html/reg8-eng.php,Inactive,20250401,"special_groupings_status: ""ACTIVE"" -> INACTIVE
special_groupings_status_effective_time: ""20170919"" -> 20250401"
00816027,PMS-ACETAMINOPHEN WITH CODEINE ELIXIR (acetaminophen 160 mg per 5 mL and codeine phosphate 8 mg per 5 mL oral solution) PHARMASCIENCE INC,MP,500001,http://www.gazette.gc.ca/rp-pr/p1/2017/2017-06-17/html/reg8-eng.php,Inactive,20250401,"special_groupings_status: ""ACTIVE"" -> INACTIVE
special_groupings_status_effective_time: ""20170919"" -> 20250401"
02549794,PMS-MORPHINE SULFATE (morphine sulfate 5 mg oral tablet) PHARMASCIENCE INC,MP,500001,http://www.gazette.gc.ca/rp-pr/p1/2017/2017-06-17/html/reg8-eng.php,Inactive,20250401,"special_groupings_status: ""ACTIVE"" -> INACTIVE
special_groupings_status_effective_time: ""20170919"" -> 20250401"
02500728,MORPHINE SULFATE INJECTION (morphine sulfate 10 mg per 1 mL solution for injection ampoule) JAMP PHARMA CORPORATION,MP,500001,http://www.gazette.gc.ca/rp-pr/p1/2017/2017-06-17/html/reg8-eng.php,Inactive,20250401,"special_groupings_status: ""ACTIVE"" -> INACTIVE
special_groupings_status_effective_time: ""20170919"" -> 20250401"
02240131,OXY.IR (oxycodone hydrochloride 10 mg oral tablet) PURDUE PHARMA,MP,500001,http://www.gazette.gc.ca/rp-pr/p1/2017/2017-06-17/html/reg8-eng.php,Inactive,20250401,"special_groupings_status: ""ACTIVE"" -> INACTIVE
special_groupings_status_effective_time: ""20170919"" -> 20250401"
02247701,METADOL (methadone hydrochloride 25 mg oral tablet) PALADIN PHARMA INC.,MP,500001,http://www.gazette.gc.ca/rp-pr/p1/2017/2017-06-17/html/reg8-eng.php,Inactive,20250401,"special_groupings_status: ""ACTIVE"" -> INACTIVE
special_groupings_status_effective_time: ""20170919"" -> 20250401"
8000023,acetaminophen and caffeine and codeine,TM,500001,http://www.gazette.gc.ca/rp-pr/p1/2017/2017-06-17/html/reg8-eng.php,Inactive,20250401,"special_groupings_status: ""ACTIVE"" -> INACTIVE
special_groupings_status_effective_time: ""20170919"" -> 20250401"
02296403,TRIDURAL (tramadol hydrochloride 200 mg prolonged-release oral tablet) ENDO OPERATIONS LTD.,MP,500001,http://www.gazette.gc.ca/rp-pr/p1/2017/2017-06-17/html/reg8-eng.php,Inactive,20250401,"special_groupings_status: ""ACTIVE"" -> INACTIVE
special_groupings_status_effective_time: ""20170919"" -> 20250401"
02364220,ABSTRAL (fentanyl (fentanyl citrate) 800 mcg sublingual tablet) PALADIN PHARMA INC.,MP,500001,http://www.gazette.gc.ca/rp-pr/p1/2017/2017-06-17/html/reg8-eng.php,Inactive,20250401,"special_groupings_status: ""ACTIVE"" -> INACTIVE
special_groupings_status_effective_time: ""20170919"" -> 20250401"
02184435,KADIAN (morphine sulfate 20 mg prolonged-release oral capsule) BGP PHARMA ULC,MP,500001,http://www.gazette.gc.ca/rp-pr/p1/2017/2017-06-17/html/reg8-eng.php,Inactive,20250401,"special_groupings_status: ""ACTIVE"" -> INACTIVE
special_groupings_status_effective_time: ""20170919"" -> 20250401"
77700342,MORPHINE EXTRA-FORTE (morphine sulfate 50 mg per mL solution for injection 50 mL vial) PFIZER CANADA ULC,MP,500001,http://www.gazette.gc.ca/rp-pr/p1/2017/2017-06-17/html/reg8-eng.php,Inactive,20250401,"special_groupings_status: ""ACTIVE"" -> INACTIVE
special_groupings_status_effective_time: ""20170919"" -> 20250401"
9001392,morphine sulfate 50 mg per 5 mL solution for injection ampoule,NTP,500001,http://www.gazette.gc.ca/rp-pr/p1/2017/2017-06-17/html/reg8-eng.php,Inactive,20250401,"special_groupings_status: ""ACTIVE"" -> INACTIVE
special_groupings_status_effective_time: ""20170919"" -> 20250401"
9000258,morphine hydrochloride 10 mg per mL syrup,NTP,500001,http://www.gazette.gc.ca/rp-pr/p1/2017/2017-06-17/html/reg8-eng.php,Inactive,20250401,"special_groupings_status: ""ACTIVE"" -> INACTIVE
special_groupings_status_effective_time: ""20170919"" -> 20250401"
9006228,morphine sulfate 2 mg per mL solution for injection 50 mL vial,NTP,500001,http://www.gazette.gc.ca/rp-pr/p1/2017/2017-06-17/html/reg8-eng.php,Inactive,20250401,"special_groupings_status: ""ACTIVE"" -> INACTIVE
special_groupings_status_effective_time: ""20170919"" -> 20250401"
9000299,morphine sulfate 10 mg per 1 mL solution for injection ampoule,NTP,500001,http://www.gazette.gc.ca/rp-pr/p1/2017/2017-06-17/html/reg8-eng.php,Inactive,20250401,"special_groupings_status: ""ACTIVE"" -> INACTIVE
special_groupings_status_effective_time: ""20170919"" -> 20250401"
02242003,"DEMEROL 50 MG/ML   (SINGLE USE, PRESERVATIVE FREE) (meperidine hydrochloride 50 mg per 1 mL solution for injection ampoule) HOSPIRA HEALTHCARE ULC",MP,500001,http://www.gazette.gc.ca/rp-pr/p1/2017/2017-06-17/html/reg8-eng.php,Inactive,20250401,"special_groupings_status: ""ACTIVE"" -> INACTIVE
special_groupings_status_effective_time: ""20170919"" -> 20250401"
9000328,hydromorphone hydrochloride 8 mg oral tablet,NTP,500001,http://www.gazette.gc.ca/rp-pr/p1/2017/2017-06-17/html/reg8-eng.php,Inactive,20250401,"special_groupings_status: ""ACTIVE"" -> INACTIVE
special_groupings_status_effective_time: ""20170919"" -> 20250401"
02302780,TEVA-MORPHINE SR (morphine sulfate 60 mg prolonged-release oral tablet) TEVA CANADA LIMITED,MP,500001,http://www.gazette.gc.ca/rp-pr/p1/2017/2017-06-17/html/reg8-eng.php,Inactive,20250401,"special_groupings_status: ""ACTIVE"" -> INACTIVE
special_groupings_status_effective_time: ""20170919"" -> 20250401"
9000319,fentanyl (fentanyl citrate) 1000 mcg per 20 mL solution for injection ampoule,NTP,500001,http://www.gazette.gc.ca/rp-pr/p1/2017/2017-06-17/html/reg8-eng.php,Inactive,20250401,"special_groupings_status: ""ACTIVE"" -> INACTIVE
special_groupings_status_effective_time: ""20170919"" -> 20250401"
00885436,PMS-HYDROMORPHONE TAB 2MG (hydromorphone hydrochloride 2 mg oral tablet) PHARMASCIENCE INC,MP,500001,http://www.gazette.gc.ca/rp-pr/p1/2017/2017-06-17/html/reg8-eng.php,Inactive,20250401,"special_groupings_status: ""ACTIVE"" -> INACTIVE
special_groupings_status_effective_time: ""20170919"" -> 20250401"
02485540,HYDROMORPHONE HYDROCHLORIDE INJECTION USP (hydromorphone hydrochloride 40 mg per 100 mL solution for injection bag) STERINOVA INC.,MP,500001,http://www.gazette.gc.ca/rp-pr/p1/2017/2017-06-17/html/reg8-eng.php,Inactive,20250401,"special_groupings_status: ""ACTIVE"" -> INACTIVE
special_groupings_status_effective_time: ""20170919"" -> 20250401"
9001357,oxycodone hydrochloride 20 mg prolonged-release oral tablet,NTP,500001,http://www.gazette.gc.ca/rp-pr/p1/2017/2017-06-17/html/reg8-eng.php,Inactive,20250401,"special_groupings_status: ""ACTIVE"" -> INACTIVE
special_groupings_status_effective_time: ""20170919"" -> 20250401"
02163799,"CODEINE CONTIN 200MG CONTROLLED RELEASE TAB (codeine (codeine monohydrate, codeine sulfate trihydrate) 200 mg prolonged-release oral tablet) PURDUE PHARMA",MP,500001,http://www.gazette.gc.ca/rp-pr/p1/2017/2017-06-17/html/reg8-eng.php,Inactive,20250401,"special_groupings_status: ""ACTIVE"" -> INACTIVE
special_groupings_status_effective_time: ""20170919"" -> 20250401"
8000106,hydromorphone,TM,500001,http://www.gazette.gc.ca/rp-pr/p1/2017/2017-06-17/html/reg8-eng.php,Inactive,20250401,"special_groupings_status: ""ACTIVE"" -> INACTIVE
special_groupings_status_effective_time: ""20170919"" -> 20250401"
9014366,morphine sulfate 100 mg per 100 mL solution for injection bag,NTP,500001,http://www.gazette.gc.ca/rp-pr/p1/2017/2017-06-17/html/reg8-eng.php,Inactive,20250401,"special_groupings_status: ""ACTIVE"" -> INACTIVE
special_groupings_status_effective_time: ""20170919"" -> 20250401"
02324253,PDP-HYDROCODONE (hydrocodone bitartrate 5 mg per 5 mL syrup) PENDOPHARM DIVISION OF PHARMASCIENCE INC,MP,500001,http://www.gazette.gc.ca/rp-pr/p1/2017/2017-06-17/html/reg8-eng.php,Inactive,20250401,"special_groupings_status: ""ACTIVE"" -> INACTIVE
special_groupings_status_effective_time: ""20170919"" -> 20250401"
9000233,morphine sulfate 5 mg oral tablet,NTP,500001,http://www.gazette.gc.ca/rp-pr/p1/2017/2017-06-17/html/reg8-eng.php,Inactive,20250401,"special_groupings_status: ""ACTIVE"" -> INACTIVE
special_groupings_status_effective_time: ""20170919"" -> 20250401"
02319411,TEVA-HYDROMORPHONE (hydromorphone hydrochloride 2 mg oral tablet) TEVA CANADA LIMITED,MP,500001,http://www.gazette.gc.ca/rp-pr/p1/2017/2017-06-17/html/reg8-eng.php,Inactive,20250401,"special_groupings_status: ""ACTIVE"" -> INACTIVE
special_groupings_status_effective_time: ""20170919"" -> 20250401"
02275848,DURAGESIC (fentanyl 75 mcg per hour transdermal patch) JANSSEN INC,MP,500001,http://www.gazette.gc.ca/rp-pr/p1/2017/2017-06-17/html/reg8-eng.php,Inactive,20250401,"special_groupings_status: ""ACTIVE"" -> INACTIVE
special_groupings_status_effective_time: ""20170919"" -> 20250401"
9000264,morphine sulfate 50 mg per mL oral drops,NTP,500001,http://www.gazette.gc.ca/rp-pr/p1/2017/2017-06-17/html/reg8-eng.php,Inactive,20250401,"special_groupings_status: ""ACTIVE"" -> INACTIVE
special_groupings_status_effective_time: ""20170919"" -> 20250401"
02247700,METADOL (methadone hydrochloride 10 mg oral tablet) PALADIN PHARMA INC.,MP,500001,http://www.gazette.gc.ca/rp-pr/p1/2017/2017-06-17/html/reg8-eng.php,Inactive,20250401,"special_groupings_status: ""ACTIVE"" -> INACTIVE
special_groupings_status_effective_time: ""20170919"" -> 20250401"
9014225,morphine sulfate 10 mg per 1 mL solution for injection vial,NTP,500001,http://www.gazette.gc.ca/rp-pr/p1/2017/2017-06-17/html/reg8-eng.php,Inactive,20250401,"special_groupings_status: ""ACTIVE"" -> INACTIVE
special_groupings_status_effective_time: ""20170919"" -> 20250401"
9000948,hydromorphone hydrochloride 18 mg prolonged-release oral capsule,NTP,500001,http://www.gazette.gc.ca/rp-pr/p1/2017/2017-06-17/html/reg8-eng.php,Inactive,20250401,"special_groupings_status: ""ACTIVE"" -> INACTIVE
special_groupings_status_effective_time: ""20170919"" -> 20250401"
02364190,ABSTRAL (fentanyl (fentanyl citrate) 300 mcg sublingual tablet) PALADIN PHARMA INC.,MP,500001,http://www.gazette.gc.ca/rp-pr/p1/2017/2017-06-17/html/reg8-eng.php,Inactive,20250401,"special_groupings_status: ""ACTIVE"" -> INACTIVE
special_groupings_status_effective_time: ""20170919"" -> 20250401"
9000232,morphine sulfate 25 mg oral tablet,NTP,500001,http://www.gazette.gc.ca/rp-pr/p1/2017/2017-06-17/html/reg8-eng.php,Inactive,20250401,"special_groupings_status: ""ACTIVE"" -> INACTIVE
special_groupings_status_effective_time: ""20170919"" -> 20250401"
77700358,MORPHINE SULPHATE INJECTION 1MG/ML (morphine sulfate 1 mg per mL solution for injection 50 mL vial) HOSPIRA HEALTHCARE ULC,MP,500001,http://www.gazette.gc.ca/rp-pr/p1/2017/2017-06-17/html/reg8-eng.php,Inactive,20250401,"special_groupings_status: ""ACTIVE"" -> INACTIVE
special_groupings_status_effective_time: ""20170919"" -> 20250401"
02275856,DURAGESIC (fentanyl 100 mcg per hour transdermal patch) JANSSEN INC,MP,500001,http://www.gazette.gc.ca/rp-pr/p1/2017/2017-06-17/html/reg8-eng.php,Inactive,20250401,"special_groupings_status: ""ACTIVE"" -> INACTIVE
special_groupings_status_effective_time: ""20170919"" -> 20250401"
02243978,PMS-CODEINE (codeine phosphate 15 mg oral tablet) PHARMASCIENCE INC,MP,500001,http://www.gazette.gc.ca/rp-pr/p1/2017/2017-06-17/html/reg8-eng.php,Inactive,20250401,"special_groupings_status: ""ACTIVE"" -> INACTIVE
special_groupings_status_effective_time: ""20170919"" -> 20250401"
00293504,ATASOL 15 (acetaminophen 325 mg and caffeine citrate 30 mg and codeine phosphate 15 mg oral tablet) CHURCH & DWIGHT CANADA CORP,MP,500001,http://www.gazette.gc.ca/rp-pr/p1/2017/2017-06-17/html/reg8-eng.php,Inactive,20250401,"special_groupings_status: ""ACTIVE"" -> INACTIVE
special_groupings_status_effective_time: ""20170919"" -> 20250401"
02364174,ABSTRAL (fentanyl (fentanyl citrate) 100 mcg sublingual tablet) PALADIN PHARMA INC.,MP,500001,http://www.gazette.gc.ca/rp-pr/p1/2017/2017-06-17/html/reg8-eng.php,Inactive,20250401,"special_groupings_status: ""ACTIVE"" -> INACTIVE
special_groupings_status_effective_time: ""20170919"" -> 20250401"
02482681,"MORPHINE SULFATE INJECTION, USP (morphine sulfate 2 mg per 1 mL solution for injection vial) FRESENIUS KABI CANADA LTD",MP,500001,http://www.gazette.gc.ca/rp-pr/p1/2017/2017-06-17/html/reg8-eng.php,Inactive,20250401,"special_groupings_status: ""ACTIVE"" -> INACTIVE
special_groupings_status_effective_time: ""20170919"" -> 20250401"
00621935,STATEX DROPS 20MG/ML (morphine sulfate 20 mg per mL oral drops) PALADIN PHARMA INC.,MP,500001,http://www.gazette.gc.ca/rp-pr/p1/2017/2017-06-17/html/reg8-eng.php,Inactive,20250401,"special_groupings_status: ""ACTIVE"" -> INACTIVE
special_groupings_status_effective_time: ""20170919"" -> 20250401"
9001393,oxycodone hydrochloride 5 mg prolonged-release oral tablet,NTP,500001,http://www.gazette.gc.ca/rp-pr/p1/2017/2017-06-17/html/reg8-eng.php,Inactive,20250401,"special_groupings_status: ""ACTIVE"" -> INACTIVE
special_groupings_status_effective_time: ""20170919"" -> 20250401"
02474980,MORPHINE SULFATE INJECTION BP (morphine sulfate 10 mg per 1 mL solution for injection ampoule) STERIMAX INC,MP,500001,http://www.gazette.gc.ca/rp-pr/p1/2017/2017-06-17/html/reg8-eng.php,Inactive,20250401,"special_groupings_status: ""ACTIVE"" -> INACTIVE
special_groupings_status_effective_time: ""20170919"" -> 20250401"
02243979,PMS-CODEINE (codeine phosphate 30 mg oral tablet) PHARMASCIENCE INC,MP,500001,http://www.gazette.gc.ca/rp-pr/p1/2017/2017-06-17/html/reg8-eng.php,Inactive,20250401,"special_groupings_status: ""ACTIVE"" -> INACTIVE
special_groupings_status_effective_time: ""20170919"" -> 20250401"
9001427,fentanyl (fentanyl citrate) 600 mcg buccal tablet,NTP,500001,http://www.gazette.gc.ca/rp-pr/p1/2017/2017-06-17/html/reg8-eng.php,Inactive,20250401,"special_groupings_status: ""ACTIVE"" -> INACTIVE
special_groupings_status_effective_time: ""20170919"" -> 20250401"
9000204,hydromorphone hydrochloride 4 mg oral tablet,NTP,500001,http://www.gazette.gc.ca/rp-pr/p1/2017/2017-06-17/html/reg8-eng.php,Inactive,20250401,"special_groupings_status: ""ACTIVE"" -> INACTIVE
special_groupings_status_effective_time: ""20170919"" -> 20250401"
8000784,normethadone and p-hydroxyephedrine,TM,500001,http://www.gazette.gc.ca/rp-pr/p1/2017/2017-06-17/html/reg8-eng.php,Inactive,20250401,"special_groupings_status: ""ACTIVE"" -> INACTIVE
special_groupings_status_effective_time: ""20170919"" -> 20250401"
02361361,OXYCODONE/ACET (acetaminophen 325 mg and oxycodone hydrochloride 5 mg oral tablet) SANIS HEALTH INC,MP,500001,http://www.gazette.gc.ca/rp-pr/p1/2017/2017-06-17/html/reg8-eng.php,Inactive,20250401,"special_groupings_status: ""ACTIVE"" -> INACTIVE
special_groupings_status_effective_time: ""20170919"" -> 20250401"
02314649,APO-FENTANYL MATRIX (fentanyl 50 mcg per hour transdermal patch) APOTEX INC,MP,500001,http://www.gazette.gc.ca/rp-pr/p1/2017/2017-06-17/html/reg8-eng.php,Inactive,20250401,"special_groupings_status: ""ACTIVE"" -> INACTIVE
special_groupings_status_effective_time: ""20170919"" -> 20250401"
8000805,acetylsalicylic acid and butalbital and caffeine and codeine,TM,500001,http://www.gazette.gc.ca/rp-pr/p1/2017/2017-06-17/html/reg8-eng.php,Inactive,20250401,"special_groupings_status: ""ACTIVE"" -> INACTIVE
special_groupings_status_effective_time: ""20170919"" -> 20250401"
9000579,hydromorphone hydrochloride 100 mg per 10 mL solution for injection vial,NTP,500001,http://www.gazette.gc.ca/rp-pr/p1/2017/2017-06-17/html/reg8-eng.php,Inactive,20250401,"special_groupings_status: ""ACTIVE"" -> INACTIVE
special_groupings_status_effective_time: ""20170919"" -> 20250401"
02349469,ULTRAM (tramadol hydrochloride 50 mg oral tablet) JANSSEN INC,MP,500001,http://www.gazette.gc.ca/rp-pr/p1/2017/2017-06-17/html/reg8-eng.php,Inactive,20250401,"special_groupings_status: ""ACTIVE"" -> INACTIVE
special_groupings_status_effective_time: ""20170919"" -> 20250401"
9000481,morphine sulfate 60 mg prolonged-release oral capsule,NTP,500001,http://www.gazette.gc.ca/rp-pr/p1/2017/2017-06-17/html/reg8-eng.php,Inactive,20250401,"special_groupings_status: ""ACTIVE"" -> INACTIVE
special_groupings_status_effective_time: ""20170919"" -> 20250401"
02282968,TEVA-FENTANYL (fentanyl 50 mcg per hour transdermal patch) TEVA CANADA LIMITED,MP,500001,http://www.gazette.gc.ca/rp-pr/p1/2017/2017-06-17/html/reg8-eng.php,Inactive,20250401,"special_groupings_status: ""ACTIVE"" -> INACTIVE
special_groupings_status_effective_time: ""20170919"" -> 20250401"
9000194,acetaminophen 300 mg and codeine phosphate 30 mg oral tablet,NTP,500001,http://www.gazette.gc.ca/rp-pr/p1/2017/2017-06-17/html/reg8-eng.php,Inactive,20250401,"special_groupings_status: ""ACTIVE"" -> INACTIVE
special_groupings_status_effective_time: ""20170919"" -> 20250401"
9005496,tapentadol (tapentadol hydrochloride) 50 mg prolonged-release oral tablet,NTP,500001,http://www.gazette.gc.ca/rp-pr/p1/2017/2017-06-17/html/reg8-eng.php,Inactive,20250401,"special_groupings_status: ""ACTIVE"" -> INACTIVE
special_groupings_status_effective_time: ""20170919"" -> 20250401"
02366754,APO-OXYCODONE CR (oxycodone hydrochloride 10 mg prolonged-release oral tablet) APOTEX INC,MP,500001,http://www.gazette.gc.ca/rp-pr/p1/2017/2017-06-17/html/reg8-eng.php,Inactive,20250401,"special_groupings_status: ""ACTIVE"" -> INACTIVE
special_groupings_status_effective_time: ""20170919"" -> 20250401"
02177749,M-ESLON (morphine sulfate 15 mg prolonged-release oral capsule) ETHYPHARM INC,MP,500001,http://www.gazette.gc.ca/rp-pr/p1/2017/2017-06-17/html/reg8-eng.php,Inactive,20250401,"special_groupings_status: ""ACTIVE"" -> INACTIVE
special_groupings_status_effective_time: ""20170919"" -> 20250401"
01916394,PMS HYDROMORPHONE SUPPOSITOIRE 3MG (hydromorphone hydrochloride 3 mg suppository) PHARMASCIENCE INC,MP,500001,http://www.gazette.gc.ca/rp-pr/p1/2017/2017-06-17/html/reg8-eng.php,Inactive,20250401,"special_groupings_status: ""ACTIVE"" -> INACTIVE
special_groupings_status_effective_time: ""20170919"" -> 20250401"
9012775,acetylsalicylic acid 375 mg and caffeine (caffeine citrate) 15 mg and codeine phosphate 30 mg oral tablet,NTP,500001,http://www.gazette.gc.ca/rp-pr/p1/2017/2017-06-17/html/reg8-eng.php,Inactive,20250401,"special_groupings_status: ""ACTIVE"" -> INACTIVE
special_groupings_status_effective_time: ""20170919"" -> 20250401"
02286459,ZYTRAM XL (tramadol hydrochloride 400 mg prolonged-release oral tablet) PURDUE PHARMA,MP,500001,http://www.gazette.gc.ca/rp-pr/p1/2017/2017-06-17/html/reg8-eng.php,Inactive,20250401,"special_groupings_status: ""ACTIVE"" -> INACTIVE
special_groupings_status_effective_time: ""20170919"" -> 20250401"
8000779,alcohol anhydrous and doxylamine and etafedrin and hydrocodone and sodium citrate,TM,500001,http://www.gazette.gc.ca/rp-pr/p1/2017/2017-06-17/html/reg8-eng.php,Inactive,20250401,"special_groupings_status: ""ACTIVE"" -> INACTIVE
special_groupings_status_effective_time: ""20170919"" -> 20250401"
02350890,MORPHINE SR (morphine sulfate 30 mg prolonged-release oral tablet) SANIS HEALTH INC,MP,500001,http://www.gazette.gc.ca/rp-pr/p1/2017/2017-06-17/html/reg8-eng.php,Inactive,20250401,"special_groupings_status: ""ACTIVE"" -> INACTIVE
special_groupings_status_effective_time: ""20170919"" -> 20250401"
9000781,hydromorphone hydrochloride 30 mg prolonged-release oral capsule,NTP,500001,http://www.gazette.gc.ca/rp-pr/p1/2017/2017-06-17/html/reg8-eng.php,Inactive,20250401,"special_groupings_status: ""ACTIVE"" -> INACTIVE
special_groupings_status_effective_time: ""20170919"" -> 20250401"
02480859,MAR-TRAMADOL (tramadol hydrochloride 50 mg oral tablet) MARCAN PHARMACEUTICALS INC,MP,500001,http://www.gazette.gc.ca/rp-pr/p1/2017/2017-06-17/html/reg8-eng.php,Inactive,20250401,"special_groupings_status: ""ACTIVE"" -> INACTIVE
special_groupings_status_effective_time: ""20170919"" -> 20250401"
02507005,JAMP TRAMADOL (tramadol hydrochloride 50 mg oral tablet) JAMP PHARMA CORPORATION,MP,500001,http://www.gazette.gc.ca/rp-pr/p1/2017/2017-06-17/html/reg8-eng.php,Inactive,20250401,"special_groupings_status: ""ACTIVE"" -> INACTIVE
special_groupings_status_effective_time: ""20170919"" -> 20250401"
02241976,TALWIN (pentazocine (pentazocine lactate) 30 mg per 1 mL solution for injection ampoule) PFIZER CANADA ULC,MP,500001,http://www.gazette.gc.ca/rp-pr/p1/2017/2017-06-17/html/reg8-eng.php,Inactive,20250401,"special_groupings_status: ""ACTIVE"" -> INACTIVE
special_groupings_status_effective_time: ""20170919"" -> 20250401"
9000210,morphine sulfate 1 mg per mL syrup,NTP,500001,http://www.gazette.gc.ca/rp-pr/p1/2017/2017-06-17/html/reg8-eng.php,Inactive,20250401,"special_groupings_status: ""ACTIVE"" -> INACTIVE
special_groupings_status_effective_time: ""20170919"" -> 20250401"
00594636,STATEX TABLET 25MG (morphine sulfate 25 mg oral tablet) PALADIN PHARMA INC.,MP,500001,http://www.gazette.gc.ca/rp-pr/p1/2017/2017-06-17/html/reg8-eng.php,Inactive,20250401,"special_groupings_status: ""ACTIVE"" -> INACTIVE
special_groupings_status_effective_time: ""20170919"" -> 20250401"
9001121,acetaminophen 325 mg and tramadol hydrochloride 37.5 mg oral tablet,NTP,500001,http://www.gazette.gc.ca/rp-pr/p1/2017/2017-06-17/html/reg8-eng.php,Inactive,20250401,"special_groupings_status: ""ACTIVE"" -> INACTIVE
special_groupings_status_effective_time: ""20170919"" -> 20250401"
9001424,fentanyl (fentanyl citrate) 100 mcg buccal tablet,NTP,500001,http://www.gazette.gc.ca/rp-pr/p1/2017/2017-06-17/html/reg8-eng.php,Inactive,20250401,"special_groupings_status: ""ACTIVE"" -> INACTIVE
special_groupings_status_effective_time: ""20170919"" -> 20250401"
02337266,JURNISTA (hydromorphone hydrochloride 4 mg prolonged-release oral tablet) JANSSEN INC,MP,500001,http://www.gazette.gc.ca/rp-pr/p1/2017/2017-06-17/html/reg8-eng.php,Inactive,20250401,"special_groupings_status: ""ACTIVE"" -> INACTIVE
special_groupings_status_effective_time: ""20170919"" -> 20250401"
00593451,TEVA-CODEINE (codeine phosphate 30 mg oral tablet) TEVA CANADA LIMITED,MP,500001,http://www.gazette.gc.ca/rp-pr/p1/2017/2017-06-17/html/reg8-eng.php,Inactive,20250401,"special_groupings_status: ""ACTIVE"" -> INACTIVE
special_groupings_status_effective_time: ""20170919"" -> 20250401"
9001347,fentanyl (fentanyl citrate) 400 mcg sublingual tablet,NTP,500001,http://www.gazette.gc.ca/rp-pr/p1/2017/2017-06-17/html/reg8-eng.php,Inactive,20250401,"special_groupings_status: ""ACTIVE"" -> INACTIVE
special_groupings_status_effective_time: ""20170919"" -> 20250401"
9000433,morphine sulfate 5 mg per 5 mL solution for injection ampoule,NTP,500001,http://www.gazette.gc.ca/rp-pr/p1/2017/2017-06-17/html/reg8-eng.php,Inactive,20250401,"special_groupings_status: ""ACTIVE"" -> INACTIVE
special_groupings_status_effective_time: ""20170919"" -> 20250401"
02314665,APO-FENTANYL MATRIX (fentanyl 100 mcg per hour transdermal patch) APOTEX INC,MP,500001,http://www.gazette.gc.ca/rp-pr/p1/2017/2017-06-17/html/reg8-eng.php,Inactive,20250401,"special_groupings_status: ""ACTIVE"" -> INACTIVE
special_groupings_status_effective_time: ""20170919"" -> 20250401"
02247700,METADOL (methadone hydrochloride 10 mg oral tablet) ENDO OPERATIONS LTD.,MP,500002,http://laws-lois.justice.gc.ca/eng/acts/C-38.8/FullText.html,Active,20170919,"ccdd_formal_name: ""METADOL (methadone hydrochloride 10 mg oral tablet) PALADIN PHARMA INC."" -> METADOL (methadone hydrochloride 10 mg oral tablet) ENDO OPERATIONS LTD."
00640409,MEPERIDINE HYDROCHLORIDE INJECTION USP (meperidine hydrochloride 10 mg per mL solution for injection 30 mL vial) ICU MEDICAL CANADA INC,MP,500001,http://www.gazette.gc.ca/rp-pr/p1/2017/2017-06-17/html/reg8-eng.php,Inactive,20250401,"special_groupings_status: ""ACTIVE"" -> INACTIVE
special_groupings_status_effective_time: ""20170919"" -> 20250401"
9003653,brompheniramine maleate 2 mg per 5 mL and codeine phosphate 10 mg per 5 mL and guaifenesin 100 mg per 5 mL and phenylephrine hydrochloride 5 mg per 5 mL syrup,NTP,500001,http://www.gazette.gc.ca/rp-pr/p1/2017/2017-06-17/html/reg8-eng.php,Inactive,20250401,"special_groupings_status: ""ACTIVE"" -> INACTIVE
special_groupings_status_effective_time: ""20170919"" -> 20250401"
9000479,morphine sulfate 30 mg prolonged-release oral capsule,NTP,500001,http://www.gazette.gc.ca/rp-pr/p1/2017/2017-06-17/html/reg8-eng.php,Inactive,20250401,"special_groupings_status: ""ACTIVE"" -> INACTIVE
special_groupings_status_effective_time: ""20170919"" -> 20250401"
00392472,SUPEUDOL 20 (oxycodone hydrochloride 20 mg suppository) SANDOZ CANADA INCORPORATED,MP,500001,http://www.gazette.gc.ca/rp-pr/p1/2017/2017-06-17/html/reg8-eng.php,Inactive,20250401,"special_groupings_status: ""ACTIVE"" -> INACTIVE
special_groupings_status_effective_time: ""20170919"" -> 20250401"
02378280,NUCYNTA IR (tapentadol (tapentadol hydrochloride) 75 mg oral tablet) ENDO OPERATIONS LTD.,MP,500001,http://www.gazette.gc.ca/rp-pr/p1/2017/2017-06-17/html/reg8-eng.php,Inactive,20250401,"special_groupings_status: ""ACTIVE"" -> INACTIVE
special_groupings_status_effective_time: ""20170919"" -> 20250401"
02529645,HYDROMORPHONE HYDROCHLORIDE INJECTION USP (hydromorphone hydrochloride 2 mg per 1 mL solution for injection ampoule) JAMP PHARMA CORPORATION,MP,500001,http://www.gazette.gc.ca/rp-pr/p1/2017/2017-06-17/html/reg8-eng.php,Inactive,20250401,"special_groupings_status: ""ACTIVE"" -> INACTIVE
special_groupings_status_effective_time: ""20170919"" -> 20250401"
01916386,PMS HYDROMORPHONE SIROP 1MG/ML (hydromorphone hydrochloride 1 mg per mL syrup) PHARMASCIENCE INC,MP,500001,http://www.gazette.gc.ca/rp-pr/p1/2017/2017-06-17/html/reg8-eng.php,Inactive,20250401,"special_groupings_status: ""ACTIVE"" -> INACTIVE
special_groupings_status_effective_time: ""20170919"" -> 20250401"
00176206,FIORINAL-C 1/2 (acetylsalicylic acid 330 mg and butalbital 50 mg and caffeine 40 mg and codeine phosphate 30 mg oral capsule) ARALEZ PHARMACEUTICALS CANADA INC,MP,500001,http://www.gazette.gc.ca/rp-pr/p1/2017/2017-06-17/html/reg8-eng.php,Inactive,20250401,"special_groupings_status: ""ACTIVE"" -> INACTIVE
special_groupings_status_effective_time: ""20170919"" -> 20250401"
77700517,FENTANYL CITRATE INJECTION USP (fentanyl (fentanyl citrate) 250 mcg per 5 mL solution for injection ampoule) PFIZER CANADA ULC,MP,500001,http://www.gazette.gc.ca/rp-pr/p1/2017/2017-06-17/html/reg8-eng.php,Inactive,20250401,"special_groupings_status: ""ACTIVE"" -> INACTIVE
special_groupings_status_effective_time: ""20170919"" -> 20250401"
02302772,TEVA-MORPHINE SR (morphine sulfate 30 mg prolonged-release oral tablet) TEVA CANADA LIMITED,MP,500001,http://www.gazette.gc.ca/rp-pr/p1/2017/2017-06-17/html/reg8-eng.php,Inactive,20250401,"special_groupings_status: ""ACTIVE"" -> INACTIVE
special_groupings_status_effective_time: ""20170919"" -> 20250401"
00725757,MEPERIDINE HYDROCHLORIDE INJECTION USP (meperidine hydrochloride 75 mg per 1 mL solution for injection ampoule) SANDOZ CANADA INCORPORATED,MP,500001,http://www.gazette.gc.ca/rp-pr/p1/2017/2017-06-17/html/reg8-eng.php,Inactive,20250401,"special_groupings_status: ""ACTIVE"" -> INACTIVE
special_groupings_status_effective_time: ""20170919"" -> 20250401"
02476665,APO-HYDROMORPHONE CR (hydromorphone hydrochloride 18 mg prolonged-release oral capsule) APOTEX INC,MP,500001,http://www.gazette.gc.ca/rp-pr/p1/2017/2017-06-17/html/reg8-eng.php,Inactive,20250401,"special_groupings_status: ""ACTIVE"" -> INACTIVE
special_groupings_status_effective_time: ""20170919"" -> 20250401"
02337290,JURNISTA (hydromorphone hydrochloride 32 mg prolonged-release oral tablet) JANSSEN INC,MP,500001,http://www.gazette.gc.ca/rp-pr/p1/2017/2017-06-17/html/reg8-eng.php,Inactive,20250401,"special_groupings_status: ""ACTIVE"" -> INACTIVE
special_groupings_status_effective_time: ""20170919"" -> 20250401"
02372797,OXYNEO (oxycodone hydrochloride 20 mg prolonged-release oral tablet) PURDUE PHARMA,MP,500001,http://www.gazette.gc.ca/rp-pr/p1/2017/2017-06-17/html/reg8-eng.php,Inactive,20250401,"special_groupings_status: ""ACTIVE"" -> INACTIVE
special_groupings_status_effective_time: ""20170919"" -> 20250401"
9000103,acetaminophen 300 mg and codeine phosphate 60 mg oral tablet,NTP,500001,http://www.gazette.gc.ca/rp-pr/p1/2017/2017-06-17/html/reg8-eng.php,Inactive,20250401,"special_groupings_status: ""ACTIVE"" -> INACTIVE
special_groupings_status_effective_time: ""20170919"" -> 20250401"
02383209,ACT TRAMADOL/ACET (acetaminophen 325 mg and tramadol hydrochloride 37.5 mg oral tablet) ACTAVIS PHARMA COMPANY,MP,500001,http://www.gazette.gc.ca/rp-pr/p1/2017/2017-06-17/html/reg8-eng.php,Inactive,20250401,"special_groupings_status: ""ACTIVE"" -> INACTIVE
special_groupings_status_effective_time: ""20170919"" -> 20250401"
9012464,buprenorphine (buprenorphine hydrochloride) 150 mcg buccal film,NTP,500001,http://www.gazette.gc.ca/rp-pr/p1/2017/2017-06-17/html/reg8-eng.php,Inactive,20250401,"special_groupings_status: ""ACTIVE"" -> INACTIVE
special_groupings_status_effective_time: ""20170919"" -> 20250401"
02339617,TARGIN (naloxone hydrochloride 10 mg and oxycodone hydrochloride 20 mg prolonged-release oral tablet) PURDUE PHARMA,MP,500001,http://www.gazette.gc.ca/rp-pr/p1/2017/2017-06-17/html/reg8-eng.php,Inactive,20250401,"special_groupings_status: ""ACTIVE"" -> INACTIVE
special_groupings_status_effective_time: ""20170919"" -> 20250401"
02387425,TARGIN (naloxone hydrochloride 2.5 mg and oxycodone hydrochloride 5 mg prolonged-release oral tablet) PURDUE PHARMA,MP,500001,http://www.gazette.gc.ca/rp-pr/p1/2017/2017-06-17/html/reg8-eng.php,Inactive,20250401,"special_groupings_status: ""ACTIVE"" -> INACTIVE
special_groupings_status_effective_time: ""20170919"" -> 20250401"
77700359,MORPHINE SULPHATE INJECTION 1MG/ML (morphine sulfate 5 mg per 5 mL solution for injection vial) HOSPIRA HEALTHCARE ULC,MP,500001,http://www.gazette.gc.ca/rp-pr/p1/2017/2017-06-17/html/reg8-eng.php,Inactive,20250401,"special_groupings_status: ""ACTIVE"" -> INACTIVE
special_groupings_status_effective_time: ""20170919"" -> 20250401"
9000365,morphine sulfate 50 mg per 1 mL solution for injection ampoule,NTP,500001,http://www.gazette.gc.ca/rp-pr/p1/2017/2017-06-17/html/reg8-eng.php,Inactive,20250401,"special_groupings_status: ""ACTIVE"" -> INACTIVE
special_groupings_status_effective_time: ""20170919"" -> 20250401"
02282976,TEVA-FENTANYL (fentanyl 75 mcg per hour transdermal patch) TEVA CANADA LIMITED,MP,500001,http://www.gazette.gc.ca/rp-pr/p1/2017/2017-06-17/html/reg8-eng.php,Inactive,20250401,"special_groupings_status: ""ACTIVE"" -> INACTIVE
special_groupings_status_effective_time: ""20170919"" -> 20250401"
02247694,METADOL (methadone hydrochloride 1 mg per mL oral solution) PALADIN PHARMA INC.,MP,500001,http://www.gazette.gc.ca/rp-pr/p1/2017/2017-06-17/html/reg8-eng.php,Inactive,20250401,"special_groupings_status: ""ACTIVE"" -> INACTIVE
special_groupings_status_effective_time: ""20170919"" -> 20250401"
02364212,ABSTRAL (fentanyl (fentanyl citrate) 600 mcg sublingual tablet) PALADIN PHARMA INC.,MP,500001,http://www.gazette.gc.ca/rp-pr/p1/2017/2017-06-17/html/reg8-eng.php,Inactive,20250401,"special_groupings_status: ""ACTIVE"" -> INACTIVE
special_groupings_status_effective_time: ""20170919"" -> 20250401"
9000478,morphine sulfate 200 mg prolonged-release oral tablet,NTP,500001,http://www.gazette.gc.ca/rp-pr/p1/2017/2017-06-17/html/reg8-eng.php,Inactive,20250401,"special_groupings_status: ""ACTIVE"" -> INACTIVE
special_groupings_status_effective_time: ""20170919"" -> 20250401"
9000739,morphine sulfate 30 mg suppository,NTP,500001,http://www.gazette.gc.ca/rp-pr/p1/2017/2017-06-17/html/reg8-eng.php,Inactive,20250401,"special_groupings_status: ""ACTIVE"" -> INACTIVE
special_groupings_status_effective_time: ""20170919"" -> 20250401"
9000320,fentanyl (fentanyl citrate) 1000 mcg per 20 mL solution for injection vial,NTP,500001,http://www.gazette.gc.ca/rp-pr/p1/2017/2017-06-17/html/reg8-eng.php,Inactive,20250401,"special_groupings_status: ""ACTIVE"" -> INACTIVE
special_groupings_status_effective_time: ""20170919"" -> 20250401"
00705438,DILAUDID (hydromorphone hydrochloride 1 mg oral tablet) PURDUE PHARMA,MP,500001,http://www.gazette.gc.ca/rp-pr/p1/2017/2017-06-17/html/reg8-eng.php,Inactive,20250401,"special_groupings_status: ""ACTIVE"" -> INACTIVE
special_groupings_status_effective_time: ""20170919"" -> 20250401"
02053403,TEVA-COTRIDIN EXPECTORANT (codeine phosphate 10 mg per 5 mL and guaifenesin 100 mg per 5 mL and pseudoephedrine hydrochloride 30 mg per 5 mL and triprolidine hydrochloride 2 mg per 5 mL syrup) TEVA CANADA LIMITED,MP,500001,http://www.gazette.gc.ca/rp-pr/p1/2017/2017-06-17/html/reg8-eng.php,Inactive,20250401,"special_groupings_status: ""ACTIVE"" -> INACTIVE
special_groupings_status_effective_time: ""20170919"" -> 20250401"
02330121,RAN-FENTANYL MATRIX PATCH (fentanyl 50 mcg per hour transdermal patch) RANBAXY PHARMACEUTICALS CANADA INC.,MP,500001,http://www.gazette.gc.ca/rp-pr/p1/2017/2017-06-17/html/reg8-eng.php,Inactive,20250401,"special_groupings_status: ""ACTIVE"" -> INACTIVE
special_groupings_status_effective_time: ""20170919"" -> 20250401"
77700486,FENTANYL CITRATE INJECTION SDZ (fentanyl (fentanyl citrate) 100 mcg per 2 mL solution for injection ampoule) SANDOZ CANADA INCORPORATED,MP,500001,http://www.gazette.gc.ca/rp-pr/p1/2017/2017-06-17/html/reg8-eng.php,Inactive,20250401,"special_groupings_status: ""ACTIVE"" -> INACTIVE
special_groupings_status_effective_time: ""20170919"" -> 20250401"
77700295,HYDROMORPHONE HP 20 (hydromorphone hydrochloride 100 mg per 5 mL solution for injection vial) SANDOZ CANADA INCORPORATED,MP,500001,http://www.gazette.gc.ca/rp-pr/p1/2017/2017-06-17/html/reg8-eng.php,Inactive,20250401,"special_groupings_status: ""ACTIVE"" -> INACTIVE
special_groupings_status_effective_time: ""20170919"" -> 20250401"
9002680,hydrocodone bitartrate 5 mg per 5 mL and phenylephrine hydrochloride 20 mg per 5 mL syrup,NTP,500001,http://www.gazette.gc.ca/rp-pr/p1/2017/2017-06-17/html/reg8-eng.php,Inactive,20250401,"special_groupings_status: ""ACTIVE"" -> INACTIVE
special_groupings_status_effective_time: ""20170919"" -> 20250401"
8000786,pentazocine,TM,500001,http://www.gazette.gc.ca/rp-pr/p1/2017/2017-06-17/html/reg8-eng.php,Inactive,20250401,"special_groupings_status: ""ACTIVE"" -> INACTIVE
special_groupings_status_effective_time: ""20170919"" -> 20250401"
9001336,tramadol hydrochloride 75 mg prolonged-release oral tablet,NTP,500001,http://www.gazette.gc.ca/rp-pr/p1/2017/2017-06-17/html/reg8-eng.php,Inactive,20250401,"special_groupings_status: ""ACTIVE"" -> INACTIVE
special_groupings_status_effective_time: ""20170919"" -> 20250401"
02021048,MORPHINE LP EPIDURAL (morphine sulfate 5 mg per 5 mL solution for injection ampoule) SANDOZ CANADA INCORPORATED,MP,500001,http://www.gazette.gc.ca/rp-pr/p1/2017/2017-06-17/html/reg8-eng.php,Inactive,20250401,"special_groupings_status: ""ACTIVE"" -> INACTIVE
special_groupings_status_effective_time: ""20170919"" -> 20250401"
77700357,MORPHINE SULFATE INJECTION SDZ (morphine sulfate 50 mg per 5 mL solution for injection ampoule) SANDOZ CANADA INCORPORATED,MP,500001,http://www.gazette.gc.ca/rp-pr/p1/2017/2017-06-17/html/reg8-eng.php,Inactive,20250401,"special_groupings_status: ""ACTIVE"" -> INACTIVE
special_groupings_status_effective_time: ""20170919"" -> 20250401"
02401657,PMS-TRAMADOL-ACET (acetaminophen 325 mg and tramadol hydrochloride 37.5 mg oral tablet) PHARMASCIENCE INC,MP,500001,http://www.gazette.gc.ca/rp-pr/p1/2017/2017-06-17/html/reg8-eng.php,Inactive,20250401,"special_groupings_status: ""ACTIVE"" -> INACTIVE
special_groupings_status_effective_time: ""20170919"" -> 20250401"
9000476,morphine sulfate 10 mg prolonged-release oral capsule,NTP,500001,http://www.gazette.gc.ca/rp-pr/p1/2017/2017-06-17/html/reg8-eng.php,Inactive,20250401,"special_groupings_status: ""ACTIVE"" -> INACTIVE
special_groupings_status_effective_time: ""20170919"" -> 20250401"
02230302,"CODEINE CONTIN 50MG CONTROLLED RELEASE TAB (codeine (codeine monohydrate, codeine sulfate trihydrate) 50 mg prolonged-release oral tablet) PURDUE PHARMA",MP,500001,http://www.gazette.gc.ca/rp-pr/p1/2017/2017-06-17/html/reg8-eng.php,Inactive,20250401,"special_groupings_status: ""ACTIVE"" -> INACTIVE
special_groupings_status_effective_time: ""20170919"" -> 20250401"
02465264,BELBUCA (buprenorphine (buprenorphine hydrochloride) 450 mcg buccal film) PURDUE PHARMA,MP,500001,http://www.gazette.gc.ca/rp-pr/p1/2017/2017-06-17/html/reg8-eng.php,Inactive,20250401,"special_groupings_status: ""ACTIVE"" -> INACTIVE
special_groupings_status_effective_time: ""20170919"" -> 20250401"
00594644,STATEX TAB 10MG (morphine sulfate 10 mg oral tablet) PALADIN PHARMA INC.,MP,500001,http://www.gazette.gc.ca/rp-pr/p1/2017/2017-06-17/html/reg8-eng.php,Inactive,20250401,"special_groupings_status: ""ACTIVE"" -> INACTIVE
special_groupings_status_effective_time: ""20170919"" -> 20250401"
9006626,meperidine hydrochloride 75 mg per 1 mL solution for injection ampoule,NTP,500001,http://www.gazette.gc.ca/rp-pr/p1/2017/2017-06-17/html/reg8-eng.php,Inactive,20250401,"special_groupings_status: ""ACTIVE"" -> INACTIVE
special_groupings_status_effective_time: ""20170919"" -> 20250401"
9001249,fentanyl 12 mcg per hour transdermal patch,NTP,500001,http://www.gazette.gc.ca/rp-pr/p1/2017/2017-06-17/html/reg8-eng.php,Inactive,20250401,"special_groupings_status: ""ACTIVE"" -> INACTIVE
special_groupings_status_effective_time: ""20170919"" -> 20250401"
9000083,acetaminophen 325 mg and caffeine citrate 30 mg and codeine phosphate 15 mg oral tablet,NTP,500001,http://www.gazette.gc.ca/rp-pr/p1/2017/2017-06-17/html/reg8-eng.php,Inactive,20250401,"special_groupings_status: ""ACTIVE"" -> INACTIVE
special_groupings_status_effective_time: ""20170919"" -> 20250401"
00639389,STATEX SUPPOSITORIES 30MG (morphine sulfate 30 mg suppository) PALADIN PHARMA INC.,MP,500001,http://www.gazette.gc.ca/rp-pr/p1/2017/2017-06-17/html/reg8-eng.php,Inactive,20250401,"special_groupings_status: ""ACTIVE"" -> INACTIVE
special_groupings_status_effective_time: ""20170919"" -> 20250401"
02372584,OXYNEO (oxycodone hydrochloride 80 mg prolonged-release oral tablet) PURDUE PHARMA,MP,500001,http://www.gazette.gc.ca/rp-pr/p1/2017/2017-06-17/html/reg8-eng.php,Inactive,20250401,"special_groupings_status: ""ACTIVE"" -> INACTIVE
special_groupings_status_effective_time: ""20170919"" -> 20250401"
77700347,MORPHINE HP 50 (morphine sulfate 250 mg per 5 mL solution for injection vial) SANDOZ CANADA INCORPORATED,MP,500001,http://www.gazette.gc.ca/rp-pr/p1/2017/2017-06-17/html/reg8-eng.php,Inactive,20250401,"special_groupings_status: ""ACTIVE"" -> INACTIVE
special_groupings_status_effective_time: ""20170919"" -> 20250401"
9006207,codeine phosphate 25 mg per 5 mL syrup,NTP,500001,http://www.gazette.gc.ca/rp-pr/p1/2017/2017-06-17/html/reg8-eng.php,Inactive,20250401,"special_groupings_status: ""ACTIVE"" -> INACTIVE
special_groupings_status_effective_time: ""20170919"" -> 20250401"
01901869,SANDOZ OPIUM & BELLADONNA (belladonna 15 mg and opium 65 mg suppository) SANDOZ CANADA INCORPORATED,MP,500001,http://www.gazette.gc.ca/rp-pr/p1/2017/2017-06-17/html/reg8-eng.php,Inactive,20250401,"special_groupings_status: ""ACTIVE"" -> INACTIVE
special_groupings_status_effective_time: ""20170919"" -> 20250401"
9003645,brompheniramine maleate 2 mg per 5 mL and codeine phosphate 10 mg per 5 mL and phenylephrine hydrochloride 5 mg per 5 mL syrup,NTP,500001,http://www.gazette.gc.ca/rp-pr/p1/2017/2017-06-17/html/reg8-eng.php,Inactive,20250401,"special_groupings_status: ""ACTIVE"" -> INACTIVE
special_groupings_status_effective_time: ""20170919"" -> 20250401"
77700303,HYDROMORPHONE HYDROCHLORIDE INJECTION USP (hydromorphone hydrochloride 10 mg per 1 mL solution for injection vial) PFIZER CANADA ULC,MP,500001,http://www.gazette.gc.ca/rp-pr/p1/2017/2017-06-17/html/reg8-eng.php,Inactive,20250401,"special_groupings_status: ""ACTIVE"" -> INACTIVE
special_groupings_status_effective_time: ""20170919"" -> 20250401"
8001900,codeine and guaifenesin and pheniramine,TM,500001,http://www.gazette.gc.ca/rp-pr/p1/2017/2017-06-17/html/reg8-eng.php,Inactive,20250401,"special_groupings_status: ""ACTIVE"" -> INACTIVE
special_groupings_status_effective_time: ""20170919"" -> 20250401"
9000913,butorphanol tartrate 10 mg per mL nasal spray,NTP,500001,http://www.gazette.gc.ca/rp-pr/p1/2017/2017-06-17/html/reg8-eng.php,Inactive,20250401,"special_groupings_status: ""ACTIVE"" -> INACTIVE
special_groupings_status_effective_time: ""20170919"" -> 20250401"
02286432,ZYTRAM XL (tramadol hydrochloride 200 mg prolonged-release oral tablet) PURDUE PHARMA,MP,500001,http://www.gazette.gc.ca/rp-pr/p1/2017/2017-06-17/html/reg8-eng.php,Inactive,20250401,"special_groupings_status: ""ACTIVE"" -> INACTIVE
special_groupings_status_effective_time: ""20170919"" -> 20250401"
9005007,tapentadol (tapentadol hydrochloride) 100 mg oral tablet,NTP,500001,http://www.gazette.gc.ca/rp-pr/p1/2017/2017-06-17/html/reg8-eng.php,Inactive,20250401,"special_groupings_status: ""ACTIVE"" -> INACTIVE
special_groupings_status_effective_time: ""20170919"" -> 20250401"
00591467,STATEX SYRUP 1MG/ML (morphine sulfate 1 mg per mL syrup) PALADIN PHARMA INC.,MP,500001,http://www.gazette.gc.ca/rp-pr/p1/2017/2017-06-17/html/reg8-eng.php,Inactive,20250401,"special_groupings_status: ""ACTIVE"" -> INACTIVE
special_groupings_status_effective_time: ""20170919"" -> 20250401"
9001341,hydromorphone hydrochloride 9 mg prolonged-release oral capsule,NTP,500001,http://www.gazette.gc.ca/rp-pr/p1/2017/2017-06-17/html/reg8-eng.php,Inactive,20250401,"special_groupings_status: ""ACTIVE"" -> INACTIVE
special_groupings_status_effective_time: ""20170919"" -> 20250401"
02163934,TYLENOL WITH CODEINE NO. 2 - TAB (acetaminophen 300 mg and caffeine 15 mg and codeine phosphate 15 mg oral tablet) JANSSEN INC,MP,500001,http://www.gazette.gc.ca/rp-pr/p1/2017/2017-06-17/html/reg8-eng.php,Inactive,20250401,"special_groupings_status: ""ACTIVE"" -> INACTIVE
special_groupings_status_effective_time: ""20170919"" -> 20250401"
9000229,morphine sulfate 10 mg oral tablet,NTP,500001,http://www.gazette.gc.ca/rp-pr/p1/2017/2017-06-17/html/reg8-eng.php,Inactive,20250401,"special_groupings_status: ""ACTIVE"" -> INACTIVE
special_groupings_status_effective_time: ""20170919"" -> 20250401"
02552728,"PMS-METHADONE HYDROCHLORIDE ORAL CONCENTRATE DYE-FREE, SUGAR-FREE, UNFLAVORED (methadone hydrochloride 10 mg per mL oral solution) PHARMASCIENCE INC",MP,500008,https://www.tppalberta.ca/medication-lists,Active,20240201,ADDED
9001041,methadone hydrochloride 10 mg oral tablet,NTP,500001,http://www.gazette.gc.ca/rp-pr/p1/2017/2017-06-17/html/reg8-eng.php,Inactive,20250401,"special_groupings_status: ""ACTIVE"" -> INACTIVE
special_groupings_status_effective_time: ""20170919"" -> 20250401"
77701109,FENTANYL CITRATE INJECTION (fentanyl (fentanyl citrate) 500 mcg per 10 mL solution for injection ampoule) JAMP PHARMA CORPORATION,MP,500001,http://www.gazette.gc.ca/rp-pr/p1/2017/2017-06-17/html/reg8-eng.php,Inactive,20250401,"special_groupings_status: ""ACTIVE"" -> INACTIVE
special_groupings_status_effective_time: ""20170919"" -> 20250401"
02243562,HYDROMORPH CONTIN-CONTROLLED RELEASE CAP - 18MG (hydromorphone hydrochloride 18 mg prolonged-release oral capsule) PURDUE PHARMA,MP,500001,http://www.gazette.gc.ca/rp-pr/p1/2017/2017-06-17/html/reg8-eng.php,Inactive,20250401,"special_groupings_status: ""ACTIVE"" -> INACTIVE
special_groupings_status_effective_time: ""20170919"" -> 20250401"
02319446,TEVA-HYDROMORPHONE (hydromorphone hydrochloride 8 mg oral tablet) TEVA CANADA LIMITED,MP,500001,http://www.gazette.gc.ca/rp-pr/p1/2017/2017-06-17/html/reg8-eng.php,Inactive,20250401,"special_groupings_status: ""ACTIVE"" -> INACTIVE
special_groupings_status_effective_time: ""20170919"" -> 20250401"
00636908,MORPHINE SULFATE INJECTION USP (morphine sulfate 30 mg per 30 mL solution for injection vial) ICU MEDICAL CANADA INC,MP,500001,http://www.gazette.gc.ca/rp-pr/p1/2017/2017-06-17/html/reg8-eng.php,Inactive,20250401,"special_groupings_status: ""ACTIVE"" -> INACTIVE
special_groupings_status_effective_time: ""20170919"" -> 20250401"
00885428,PMS-HYDROMORPHONE TAB 8MG (hydromorphone hydrochloride 8 mg oral tablet) PHARMASCIENCE INC,MP,500001,http://www.gazette.gc.ca/rp-pr/p1/2017/2017-06-17/html/reg8-eng.php,Inactive,20250401,"special_groupings_status: ""ACTIVE"" -> INACTIVE
special_groupings_status_effective_time: ""20170919"" -> 20250401"
02309882,PMS-OXYCODONE CR (oxycodone hydrochloride 10 mg prolonged-release oral tablet) PHARMASCIENCE INC,MP,500001,http://www.gazette.gc.ca/rp-pr/p1/2017/2017-06-17/html/reg8-eng.php,Inactive,20250401,"special_groupings_status: ""ACTIVE"" -> INACTIVE
special_groupings_status_effective_time: ""20170919"" -> 20250401"
02337274,JURNISTA (hydromorphone hydrochloride 8 mg prolonged-release oral tablet) JANSSEN INC,MP,500001,http://www.gazette.gc.ca/rp-pr/p1/2017/2017-06-17/html/reg8-eng.php,Inactive,20250401,"special_groupings_status: ""ACTIVE"" -> INACTIVE
special_groupings_status_effective_time: ""20170919"" -> 20250401"
77700356,MORPHINE SULFATE INJECTION SDZ (morphine sulfate 10 mg per 1 mL solution for injection ampoule) SANDOZ CANADA INCORPORATED,MP,500001,http://www.gazette.gc.ca/rp-pr/p1/2017/2017-06-17/html/reg8-eng.php,Inactive,20250401,"special_groupings_status: ""ACTIVE"" -> INACTIVE
special_groupings_status_effective_time: ""20170919"" -> 20250401"
9000206,hydromorphone hydrochloride 50 mg per 5 mL solution for injection vial,NTP,500001,http://www.gazette.gc.ca/rp-pr/p1/2017/2017-06-17/html/reg8-eng.php,Inactive,20250401,"special_groupings_status: ""ACTIVE"" -> INACTIVE
special_groupings_status_effective_time: ""20170919"" -> 20250401"
00392561,MORPHINE SULFATE INJ 15MG/ML USP (morphine sulfate 15 mg per 1 mL solution for injection ampoule) SANDOZ CANADA INCORPORATED,MP,500001,http://www.gazette.gc.ca/rp-pr/p1/2017/2017-06-17/html/reg8-eng.php,Inactive,20250401,"special_groupings_status: ""ACTIVE"" -> INACTIVE
special_groupings_status_effective_time: ""20170919"" -> 20250401"
00885401,PMS-HYDROMORPHONE TAB 4MG (hydromorphone hydrochloride 4 mg oral tablet) PHARMASCIENCE INC,MP,500001,http://www.gazette.gc.ca/rp-pr/p1/2017/2017-06-17/html/reg8-eng.php,Inactive,20250401,"special_groupings_status: ""ACTIVE"" -> INACTIVE
special_groupings_status_effective_time: ""20170919"" -> 20250401"
9000664,morphine sulfate 50 mg prolonged-release oral capsule,NTP,500001,http://www.gazette.gc.ca/rp-pr/p1/2017/2017-06-17/html/reg8-eng.php,Inactive,20250401,"special_groupings_status: ""ACTIVE"" -> INACTIVE
special_groupings_status_effective_time: ""20170919"" -> 20250401"
00632201,STATEX-SUPPOSITORIES 10MG (morphine sulfate 10 mg suppository) PALADIN PHARMA INC.,MP,500001,http://www.gazette.gc.ca/rp-pr/p1/2017/2017-06-17/html/reg8-eng.php,Inactive,20250401,"special_groupings_status: ""ACTIVE"" -> INACTIVE
special_groupings_status_effective_time: ""20170919"" -> 20250401"
9001395,methadone hydrochloride 10 mg per mL oral solution,NTP,500001,http://www.gazette.gc.ca/rp-pr/p1/2017/2017-06-17/html/reg8-eng.php,Inactive,20250401,"special_groupings_status: ""ACTIVE"" -> INACTIVE
special_groupings_status_effective_time: ""20170919"" -> 20250401"
02320428,M-EDIAT (morphine sulfate 10 mg oral capsule) ETHYPHARM INC,MP,500001,http://www.gazette.gc.ca/rp-pr/p1/2017/2017-06-17/html/reg8-eng.php,Inactive,20250401,"special_groupings_status: ""ACTIVE"" -> INACTIVE
special_groupings_status_effective_time: ""20170919"" -> 20250401"
02264846,TRAMACET (acetaminophen 325 mg and tramadol hydrochloride 37.5 mg oral tablet) JANSSEN INC,MP,500001,http://www.gazette.gc.ca/rp-pr/p1/2017/2017-06-17/html/reg8-eng.php,Inactive,20250401,"special_groupings_status: ""ACTIVE"" -> INACTIVE
special_groupings_status_effective_time: ""20170919"" -> 20250401"
8000861,acetylsalicylic acid and codeine and methocarbamol,TM,500001,http://www.gazette.gc.ca/rp-pr/p1/2017/2017-06-17/html/reg8-eng.php,Inactive,20250401,"special_groupings_status: ""ACTIVE"" -> INACTIVE
special_groupings_status_effective_time: ""20170919"" -> 20250401"
02394774,APO-OXYCODONE CR (oxycodone hydrochloride 30 mg prolonged-release oral tablet) APOTEX INC,MP,500001,http://www.gazette.gc.ca/rp-pr/p1/2017/2017-06-17/html/reg8-eng.php,Inactive,20250401,"special_groupings_status: ""ACTIVE"" -> INACTIVE
special_groupings_status_effective_time: ""20170919"" -> 20250401"
77701110,FENTANYL CITRATE INJECTION (fentanyl (fentanyl citrate) 100 mcg per 2 mL solution for injection ampoule) JAMP PHARMA CORPORATION,MP,500001,http://www.gazette.gc.ca/rp-pr/p1/2017/2017-06-17/html/reg8-eng.php,Inactive,20250401,"special_groupings_status: ""ACTIVE"" -> INACTIVE
special_groupings_status_effective_time: ""20170919"" -> 20250401"
02296411,TRIDURAL (tramadol hydrochloride 300 mg prolonged-release oral tablet) ENDO OPERATIONS LTD.,MP,500001,http://www.gazette.gc.ca/rp-pr/p1/2017/2017-06-17/html/reg8-eng.php,Inactive,20250401,"special_groupings_status: ""ACTIVE"" -> INACTIVE
special_groupings_status_effective_time: ""20170919"" -> 20250401"
02296381,TRIDURAL (tramadol hydrochloride 100 mg prolonged-release oral tablet) ENDO OPERATIONS LTD.,MP,500001,http://www.gazette.gc.ca/rp-pr/p1/2017/2017-06-17/html/reg8-eng.php,Inactive,20250401,"special_groupings_status: ""ACTIVE"" -> INACTIVE
special_groupings_status_effective_time: ""20170919"" -> 20250401"
01999656,ACET CODEINE 60 (acetaminophen 300 mg and codeine phosphate 60 mg oral tablet) PHARMASCIENCE INC,MP,500001,http://www.gazette.gc.ca/rp-pr/p1/2017/2017-06-17/html/reg8-eng.php,Inactive,20250401,"special_groupings_status: ""ACTIVE"" -> INACTIVE
special_groupings_status_effective_time: ""20170919"" -> 20250401"
00544884,CODEINE PHOSPHATE INJECTION USP (codeine phosphate 30 mg per 1 mL solution for injection ampoule) SANDOZ CANADA INCORPORATED,MP,500001,http://www.gazette.gc.ca/rp-pr/p1/2017/2017-06-17/html/reg8-eng.php,Inactive,20250401,"special_groupings_status: ""ACTIVE"" -> INACTIVE
special_groupings_status_effective_time: ""20170919"" -> 20250401"
9000201,hydromorphone hydrochloride 10 mg per 1 mL solution for injection vial,NTP,500001,http://www.gazette.gc.ca/rp-pr/p1/2017/2017-06-17/html/reg8-eng.php,Inactive,20250401,"special_groupings_status: ""ACTIVE"" -> INACTIVE
special_groupings_status_effective_time: ""20170919"" -> 20250401"
02314657,APO-FENTANYL MATRIX (fentanyl 75 mcg per hour transdermal patch) APOTEX INC,MP,500001,http://www.gazette.gc.ca/rp-pr/p1/2017/2017-06-17/html/reg8-eng.php,Inactive,20250401,"special_groupings_status: ""ACTIVE"" -> INACTIVE
special_groupings_status_effective_time: ""20170919"" -> 20250401"
8000777,hydrocodone,TM,500001,http://www.gazette.gc.ca/rp-pr/p1/2017/2017-06-17/html/reg8-eng.php,Inactive,20250401,"special_groupings_status: ""ACTIVE"" -> INACTIVE
special_groupings_status_effective_time: ""20170919"" -> 20250401"
9006229,morphine sulfate 5 mg per 5 mL solution for injection vial,NTP,500001,http://www.gazette.gc.ca/rp-pr/p1/2017/2017-06-17/html/reg8-eng.php,Inactive,20250401,"special_groupings_status: ""ACTIVE"" -> INACTIVE
special_groupings_status_effective_time: ""20170919"" -> 20250401"
9000212,morphine sulfate 5 mg per mL syrup,NTP,500001,http://www.gazette.gc.ca/rp-pr/p1/2017/2017-06-17/html/reg8-eng.php,Inactive,20250401,"special_groupings_status: ""ACTIVE"" -> INACTIVE
special_groupings_status_effective_time: ""20170919"" -> 20250401"
02319993,PMS-OXYCODONE (oxycodone hydrochloride 20 mg oral tablet) PHARMASCIENCE INC,MP,500001,http://www.gazette.gc.ca/rp-pr/p1/2017/2017-06-17/html/reg8-eng.php,Inactive,20250401,"special_groupings_status: ""ACTIVE"" -> INACTIVE
special_groupings_status_effective_time: ""20170919"" -> 20250401"
02327112,SANDOZ FENTANYL PATCH (fentanyl 12 mcg per hour transdermal patch) SANDOZ CANADA INCORPORATED,MP,500001,http://www.gazette.gc.ca/rp-pr/p1/2017/2017-06-17/html/reg8-eng.php,Inactive,20250401,"special_groupings_status: ""ACTIVE"" -> INACTIVE
special_groupings_status_effective_time: ""20170919"" -> 20250401"
02242163,KADIAN (morphine sulfate 10 mg prolonged-release oral capsule) BGP PHARMA ULC,MP,500001,http://www.gazette.gc.ca/rp-pr/p1/2017/2017-06-17/html/reg8-eng.php,Inactive,20250401,"special_groupings_status: ""ACTIVE"" -> INACTIVE
special_groupings_status_effective_time: ""20170919"" -> 20250401"
9000583,hydromorphone hydrochloride 3 mg prolonged-release oral capsule,NTP,500001,http://www.gazette.gc.ca/rp-pr/p1/2017/2017-06-17/html/reg8-eng.php,Inactive,20250401,"special_groupings_status: ""ACTIVE"" -> INACTIVE
special_groupings_status_effective_time: ""20170919"" -> 20250401"
00653276,TEVA-LENOLTEC NO. 3 (acetaminophen 300 mg and caffeine 15 mg and codeine phosphate 30 mg oral tablet) TEVA CANADA LIMITED,MP,500001,http://www.gazette.gc.ca/rp-pr/p1/2017/2017-06-17/html/reg8-eng.php,Inactive,20250401,"special_groupings_status: ""ACTIVE"" -> INACTIVE
special_groupings_status_effective_time: ""20170919"" -> 20250401"
9000367,oxycodone hydrochloride 5 mg oral tablet,NTP,500001,http://www.gazette.gc.ca/rp-pr/p1/2017/2017-06-17/html/reg8-eng.php,Inactive,20250401,"special_groupings_status: ""ACTIVE"" -> INACTIVE
special_groupings_status_effective_time: ""20170919"" -> 20250401"
8000045,oxycodone,TM,500001,http://www.gazette.gc.ca/rp-pr/p1/2017/2017-06-17/html/reg8-eng.php,Inactive,20250401,"special_groupings_status: ""ACTIVE"" -> INACTIVE
special_groupings_status_effective_time: ""20170919"" -> 20250401"
02319438,TEVA-HYDROMORPHONE (hydromorphone hydrochloride 4 mg oral tablet) TEVA CANADA LIMITED,MP,500001,http://www.gazette.gc.ca/rp-pr/p1/2017/2017-06-17/html/reg8-eng.php,Inactive,20250401,"special_groupings_status: ""ACTIVE"" -> INACTIVE
special_groupings_status_effective_time: ""20170919"" -> 20250401"
9000680,hydromorphone hydrochloride 24 mg prolonged-release oral capsule,NTP,500001,http://www.gazette.gc.ca/rp-pr/p1/2017/2017-06-17/html/reg8-eng.php,Inactive,20250401,"special_groupings_status: ""ACTIVE"" -> INACTIVE
special_groupings_status_effective_time: ""20170919"" -> 20250401"
8000069,codeine,TM,500001,http://www.gazette.gc.ca/rp-pr/p1/2017/2017-06-17/html/reg8-eng.php,Inactive,20250401,"special_groupings_status: ""ACTIVE"" -> INACTIVE
special_groupings_status_effective_time: ""20170919"" -> 20250401"
02372576,OXYNEO (oxycodone hydrochloride 60 mg prolonged-release oral tablet) PURDUE PHARMA,MP,500001,http://www.gazette.gc.ca/rp-pr/p1/2017/2017-06-17/html/reg8-eng.php,Inactive,20250401,"special_groupings_status: ""ACTIVE"" -> INACTIVE
special_groupings_status_effective_time: ""20170919"" -> 20250401"
02242504,BUTORPHANOL NASAL SPRAY (butorphanol tartrate 10 mg per mL nasal spray) AA PHARMA INC,MP,500001,http://www.gazette.gc.ca/rp-pr/p1/2017/2017-06-17/html/reg8-eng.php,Inactive,20250401,"special_groupings_status: ""ACTIVE"" -> INACTIVE
special_groupings_status_effective_time: ""20170919"" -> 20250401"
9006214,morphine sulfate 50 mg per mL solution for injection 50 mL vial,NTP,500001,http://www.gazette.gc.ca/rp-pr/p1/2017/2017-06-17/html/reg8-eng.php,Inactive,20250401,"special_groupings_status: ""ACTIVE"" -> INACTIVE
special_groupings_status_effective_time: ""20170919"" -> 20250401"
02177757,M-ESLON (morphine sulfate 200 mg prolonged-release oral capsule) ETHYPHARM INC,MP,500001,http://www.gazette.gc.ca/rp-pr/p1/2017/2017-06-17/html/reg8-eng.php,Inactive,20250401,"special_groupings_status: ""ACTIVE"" -> INACTIVE
special_groupings_status_effective_time: ""20170919"" -> 20250401"
8000285,methadone,TM,500001,http://www.gazette.gc.ca/rp-pr/p1/2017/2017-06-17/html/reg8-eng.php,Inactive,20250401,"special_groupings_status: ""ACTIVE"" -> INACTIVE
special_groupings_status_effective_time: ""20170919"" -> 20250401"
02231934,OXY.IR (oxycodone hydrochloride 5 mg oral tablet) PURDUE PHARMA,MP,500001,http://www.gazette.gc.ca/rp-pr/p1/2017/2017-06-17/html/reg8-eng.php,Inactive,20250401,"special_groupings_status: ""ACTIVE"" -> INACTIVE
special_groupings_status_effective_time: ""20170919"" -> 20250401"
02282941,TEVA-FENTANYL (fentanyl 25 mcg per hour transdermal patch) TEVA CANADA LIMITED,MP,500001,http://www.gazette.gc.ca/rp-pr/p1/2017/2017-06-17/html/reg8-eng.php,Inactive,20250401,"special_groupings_status: ""ACTIVE"" -> INACTIVE
special_groupings_status_effective_time: ""20170919"" -> 20250401"
9000017,hydrocodone 5 mg per 5 mL and phenyltoloxamine 10 mg per 5 mL oral suspension,NTP,500001,http://www.gazette.gc.ca/rp-pr/p1/2017/2017-06-17/html/reg8-eng.php,Inactive,20250401,"special_groupings_status: ""ACTIVE"" -> INACTIVE
special_groupings_status_effective_time: ""20170919"" -> 20250401"
9000385,hydromorphone hydrochloride 3 mg suppository,NTP,500001,http://www.gazette.gc.ca/rp-pr/p1/2017/2017-06-17/html/reg8-eng.php,Inactive,20250401,"special_groupings_status: ""ACTIVE"" -> INACTIVE
special_groupings_status_effective_time: ""20170919"" -> 20250401"
9001381,tramadol hydrochloride 300 mg prolonged-release oral capsule,NTP,500001,http://www.gazette.gc.ca/rp-pr/p1/2017/2017-06-17/html/reg8-eng.php,Inactive,20250401,"special_groupings_status: ""ACTIVE"" -> INACTIVE
special_groupings_status_effective_time: ""20170919"" -> 20250401"
02366746,APO-OXYCODONE CR (oxycodone hydrochloride 5 mg prolonged-release oral tablet) APOTEX INC,MP,500001,http://www.gazette.gc.ca/rp-pr/p1/2017/2017-06-17/html/reg8-eng.php,Inactive,20250401,"special_groupings_status: ""ACTIVE"" -> INACTIVE
special_groupings_status_effective_time: ""20170919"" -> 20250401"
02498278,MORPHINE SULFATE INJECTION EPIDURAL (morphine sulfate 5 mg per 10 mL solution for injection vial) STERIMAX INC,MP,500001,http://www.gazette.gc.ca/rp-pr/p1/2017/2017-06-17/html/reg8-eng.php,Inactive,20250401,"special_groupings_status: ""ACTIVE"" -> INACTIVE
special_groupings_status_effective_time: ""20170919"" -> 20250401"
02496143,FENTANYL INJECTION BP (fentanyl (fentanyl citrate) 100 mcg per 2 mL solution for injection ampoule) STERIMAX INC,MP,500001,http://www.gazette.gc.ca/rp-pr/p1/2017/2017-06-17/html/reg8-eng.php,Inactive,20250401,"special_groupings_status: ""ACTIVE"" -> INACTIVE
special_groupings_status_effective_time: ""20170919"" -> 20250401"
9001360,oxycodone hydrochloride 60 mg prolonged-release oral tablet,NTP,500001,http://www.gazette.gc.ca/rp-pr/p1/2017/2017-06-17/html/reg8-eng.php,Inactive,20250401,"special_groupings_status: ""ACTIVE"" -> INACTIVE
special_groupings_status_effective_time: ""20170919"" -> 20250401"
02372525,OXYNEO (oxycodone hydrochloride 10 mg prolonged-release oral tablet) PURDUE PHARMA,MP,500001,http://www.gazette.gc.ca/rp-pr/p1/2017/2017-06-17/html/reg8-eng.php,Inactive,20250401,"special_groupings_status: ""ACTIVE"" -> INACTIVE
special_groupings_status_effective_time: ""20170919"" -> 20250401"
02364115,APO-HYDROMORPHONE (hydromorphone hydrochloride 1 mg oral tablet) APOTEX INC,MP,500001,http://www.gazette.gc.ca/rp-pr/p1/2017/2017-06-17/html/reg8-eng.php,Inactive,20250401,"special_groupings_status: ""ACTIVE"" -> INACTIVE
special_groupings_status_effective_time: ""20170919"" -> 20250401"
00392588,MORPHINE SULFATE INJ 10MG/ML USP (morphine sulfate 10 mg per 1 mL solution for injection ampoule) SANDOZ CANADA INCORPORATED,MP,500001,http://www.gazette.gc.ca/rp-pr/p1/2017/2017-06-17/html/reg8-eng.php,Inactive,20250401,"special_groupings_status: ""ACTIVE"" -> INACTIVE
special_groupings_status_effective_time: ""20170919"" -> 20250401"
02389800,MINT-TRAMADOL/ACET (acetaminophen 325 mg and tramadol hydrochloride 37.5 mg oral tablet) MINT PHARMACEUTICALS INC,MP,500001,http://www.gazette.gc.ca/rp-pr/p1/2017/2017-06-17/html/reg8-eng.php,Inactive,20250401,"special_groupings_status: ""ACTIVE"" -> INACTIVE
special_groupings_status_effective_time: ""20170919"" -> 20250401"
02476622,APO-HYDROMORPHONE CR (hydromorphone hydrochloride 4.5 mg prolonged-release oral capsule) APOTEX INC,MP,500001,http://www.gazette.gc.ca/rp-pr/p1/2017/2017-06-17/html/reg8-eng.php,Inactive,20250401,"special_groupings_status: ""ACTIVE"" -> INACTIVE
special_groupings_status_effective_time: ""20170919"" -> 20250401"
02395657,FENTANYL PATCH (fentanyl 12 mcg per hour transdermal patch) PRO DOC LIMITEE,MP,500001,http://www.gazette.gc.ca/rp-pr/p1/2017/2017-06-17/html/reg8-eng.php,Inactive,20250401,"special_groupings_status: ""ACTIVE"" -> INACTIVE
special_groupings_status_effective_time: ""20170919"" -> 20250401"
01934740,ROBITUSSIN AC (codeine phosphate 10 mg per 5 mL and guaifenesin 100 mg per 5 mL and pheniramine maleate 7.5 mg per 5 mL syrup) GLAXOSMITHKLINE CONSUMER HEALTHCARE ULC,MP,500001,http://www.gazette.gc.ca/rp-pr/p1/2017/2017-06-17/html/reg8-eng.php,Inactive,20250401,"special_groupings_status: ""ACTIVE"" -> INACTIVE
special_groupings_status_effective_time: ""20170919"" -> 20250401"
02299216,"RALIVIA (tramadol hydrochloride 300 mg prolonged-release oral tablet) BAUSCH HEALTH, CANADA INC.",MP,500001,http://www.gazette.gc.ca/rp-pr/p1/2017/2017-06-17/html/reg8-eng.php,Inactive,20250401,"special_groupings_status: ""ACTIVE"" -> INACTIVE
special_groupings_status_effective_time: ""20170919"" -> 20250401"
02244508,PMS-BUTORPHANOL (butorphanol tartrate 10 mg per mL nasal spray) PHARMASCIENCE INC,MP,500001,http://www.gazette.gc.ca/rp-pr/p1/2017/2017-06-17/html/reg8-eng.php,Inactive,20250401,"special_groupings_status: ""ACTIVE"" -> INACTIVE
special_groupings_status_effective_time: ""20170919"" -> 20250401"
02496178,FENTANYL INJECTION BP (fentanyl (fentanyl citrate) 1000 mcg per 20 mL solution for injection vial) STERIMAX INC,MP,500001,http://www.gazette.gc.ca/rp-pr/p1/2017/2017-06-17/html/reg8-eng.php,Inactive,20250401,"special_groupings_status: ""ACTIVE"" -> INACTIVE
special_groupings_status_effective_time: ""20170919"" -> 20250401"
02372568,OXYNEO (oxycodone hydrochloride 40 mg prolonged-release oral tablet) PURDUE PHARMA,MP,500001,http://www.gazette.gc.ca/rp-pr/p1/2017/2017-06-17/html/reg8-eng.php,Inactive,20250401,"special_groupings_status: ""ACTIVE"" -> INACTIVE
special_groupings_status_effective_time: ""20170919"" -> 20250401"
9000375,belladonna 15 mg and opium 65 mg suppository,NTP,500001,http://www.gazette.gc.ca/rp-pr/p1/2017/2017-06-17/html/reg8-eng.php,Inactive,20250401,"special_groupings_status: ""ACTIVE"" -> INACTIVE
special_groupings_status_effective_time: ""20170919"" -> 20250401"
8000782,meperidine,TM,500001,http://www.gazette.gc.ca/rp-pr/p1/2017/2017-06-17/html/reg8-eng.php,Inactive,20250401,"special_groupings_status: ""ACTIVE"" -> INACTIVE
special_groupings_status_effective_time: ""20170919"" -> 20250401"
02426803,TRAMADOL/ACET (acetaminophen 325 mg and tramadol hydrochloride 37.5 mg oral tablet) SANIS HEALTH INC,MP,500001,http://www.gazette.gc.ca/rp-pr/p1/2017/2017-06-17/html/reg8-eng.php,Inactive,20250401,"special_groupings_status: ""ACTIVE"" -> INACTIVE
special_groupings_status_effective_time: ""20170919"" -> 20250401"
02415593,NUCYNTA EXTENDED-RELEASE (tapentadol (tapentadol hydrochloride) 150 mg prolonged-release oral tablet) ENDO OPERATIONS LTD.,MP,500001,http://www.gazette.gc.ca/rp-pr/p1/2017/2017-06-17/html/reg8-eng.php,Inactive,20250401,"special_groupings_status: ""ACTIVE"" -> INACTIVE
special_groupings_status_effective_time: ""20170919"" -> 20250401"
02021056,MORPHINE LP EPIDURAL (morphine sulfate 5 mg per 10 mL solution for injection ampoule) SANDOZ CANADA INCORPORATED,MP,500001,http://www.gazette.gc.ca/rp-pr/p1/2017/2017-06-17/html/reg8-eng.php,Inactive,20250401,"special_groupings_status: ""ACTIVE"" -> INACTIVE
special_groupings_status_effective_time: ""20170919"" -> 20250401"
77701084,"FENTANYL CITRATE INJECTION, USP (fentanyl (fentanyl citrate) 50 mcg per 1 mL solution for injection vial) FRESENIUS KABI CANADA LTD",MP,500001,http://www.gazette.gc.ca/rp-pr/p1/2017/2017-06-17/html/reg8-eng.php,Inactive,20250401,"special_groupings_status: ""ACTIVE"" -> INACTIVE
special_groupings_status_effective_time: ""20170919"" -> 20250401"
02415615,NUCYNTA EXTENDED-RELEASE (tapentadol (tapentadol hydrochloride) 250 mg prolonged-release oral tablet) ENDO OPERATIONS LTD.,MP,500001,http://www.gazette.gc.ca/rp-pr/p1/2017/2017-06-17/html/reg8-eng.php,Inactive,20250401,"special_groupings_status: ""ACTIVE"" -> INACTIVE
special_groupings_status_effective_time: ""20170919"" -> 20250401"
02314630,APO-FENTANYL MATRIX (fentanyl 25 mcg per hour transdermal patch) APOTEX INC,MP,500001,http://www.gazette.gc.ca/rp-pr/p1/2017/2017-06-17/html/reg8-eng.php,Inactive,20250401,"special_groupings_status: ""ACTIVE"" -> INACTIVE
special_groupings_status_effective_time: ""20170919"" -> 20250401"
02341212,BUTRANS 10 (buprenorphine 10 mcg per hour transdermal patch) PURDUE PHARMA,MP,500001,http://www.gazette.gc.ca/rp-pr/p1/2017/2017-06-17/html/reg8-eng.php,Inactive,20250401,"special_groupings_status: ""ACTIVE"" -> INACTIVE
special_groupings_status_effective_time: ""20170919"" -> 20250401"
02241377,METADOL (methadone hydrochloride 10 mg per mL oral solution) PALADIN PHARMA INC.,MP,500001,http://www.gazette.gc.ca/rp-pr/p1/2017/2017-06-17/html/reg8-eng.php,Inactive,20250401,"special_groupings_status: ""ACTIVE"" -> INACTIVE
special_groupings_status_effective_time: ""20170919"" -> 20250401"
9000665,morphine sulfate 20 mg prolonged-release oral capsule,NTP,500001,http://www.gazette.gc.ca/rp-pr/p1/2017/2017-06-17/html/reg8-eng.php,Inactive,20250401,"special_groupings_status: ""ACTIVE"" -> INACTIVE
special_groupings_status_effective_time: ""20170919"" -> 20250401"
00050024,CODEINE PHOSPHATE SYRUP (codeine phosphate 25 mg per 5 mL syrup) LABORATOIRE ATLAS INC,MP,500001,http://www.gazette.gc.ca/rp-pr/p1/2017/2017-06-17/html/reg8-eng.php,Inactive,20250401,"special_groupings_status: ""ACTIVE"" -> INACTIVE
special_groupings_status_effective_time: ""20170919"" -> 20250401"
00293512,ATASOL 30 (acetaminophen 325 mg and caffeine citrate 30 mg and codeine phosphate 30 mg oral tablet) CHURCH & DWIGHT CANADA CORP,MP,500001,http://www.gazette.gc.ca/rp-pr/p1/2017/2017-06-17/html/reg8-eng.php,Inactive,20250401,"special_groupings_status: ""ACTIVE"" -> INACTIVE
special_groupings_status_effective_time: ""20170919"" -> 20250401"
02468468,HYDROMORPHONE HYDROCHLORIDE INJECTION HP FORTE (hydromorphone hydrochloride 1000 mg per 10 mL solution for injection vial) STERIMAX INC,MP,500001,http://www.gazette.gc.ca/rp-pr/p1/2017/2017-06-17/html/reg8-eng.php,Inactive,20250401,"special_groupings_status: ""ACTIVE"" -> INACTIVE
special_groupings_status_effective_time: ""20170919"" -> 20250401"
9006625,meperidine hydrochloride 100 mg per 1 mL solution for injection ampoule,NTP,500001,http://www.gazette.gc.ca/rp-pr/p1/2017/2017-06-17/html/reg8-eng.php,Inactive,20250401,"special_groupings_status: ""ACTIVE"" -> INACTIVE
special_groupings_status_effective_time: ""20170919"" -> 20250401"
9000263,morphine sulfate 50 mg oral tablet,NTP,500001,http://www.gazette.gc.ca/rp-pr/p1/2017/2017-06-17/html/reg8-eng.php,Inactive,20250401,"special_groupings_status: ""ACTIVE"" -> INACTIVE
special_groupings_status_effective_time: ""20170919"" -> 20250401"
02415607,NUCYNTA EXTENDED-RELEASE (tapentadol (tapentadol hydrochloride) 200 mg prolonged-release oral tablet) ENDO OPERATIONS LTD.,MP,500001,http://www.gazette.gc.ca/rp-pr/p1/2017/2017-06-17/html/reg8-eng.php,Inactive,20250401,"special_groupings_status: ""ACTIVE"" -> INACTIVE
special_groupings_status_effective_time: ""20170919"" -> 20250401"
